time,root_position,neck,shoulder_l,shoulder_r,elbow_l,elbow_r,hip_l,hip_r,knee_l,knee_r
0,"(0, 0, 0)","(0, 0.990202, 0.139641)","(-0.99736, -0.070715, 0.016495)","(0.997355, -0.070714, 0.016828)","(-0.997727, -0.064344, 0.020019)","(0.997735, -0.064343, 0.019616)","(0.022694, -0.999177, 0.033621)","(-0.022692, -0.999177, 0.033623)","(-0.001631, -0.994963, -0.100233)","(0.001628, -0.994963, -0.100233)"
0.078198,"(0.244146, -0.201449, 0.011742)","(0.357041, 0.901602, 0.244206)","(-0.972868, -0.07767, -0.217936)","(0.981557, 0.116454, 0.151603)","(-0.977376, -0.20342, 0.057932)","(-0.58097, 0.283764, 0.762858)","(-0.530345, -0.838895, 0.122437)","(0.612753, -0.609512, 0.50302)","(-0.650788, -0.605797, -0.457696)","(-0.204611, -0.868963, -0.450598)"
0.091679,"(0.30292, -0.199296, 0.011259)","(0.314354, 0.915902, 0.24961)","(-0.954437, -0.265308, -0.136608)","(0.966489, -0.035133, 0.254295)","(-0.91036, -0.353648, 0.21489)","(-0.473922, 0.479429, 0.738611)","(-0.401949, -0.859601, 0.315474)","(0.525977, -0.662688, 0.533097)","(-0.49297, -0.580282, -0.648269)","(-0.279969, -0.827453, -0.486764)"
0.105533,"(0.31193, -0.198401, 0.011019)","(0.297035, 0.921427, 0.250486)","(-0.936042, -0.340607, -0.088392)","(0.950016, -0.093255, 0.297948)","(-0.869255, -0.397512, 0.293905)","(-0.41907, 0.545893, 0.725522)","(-0.361122, -0.861635, 0.356619)","(0.503017, -0.674955, 0.539823)","(-0.440427, -0.578522, -0.68654)","(-0.285443, -0.819169, -0.497478)"
0.144974,"(0.329332, -0.195311, 0.010321)","(0.246003, 0.936813, 0.248726)","(-0.846794, -0.519472, 0.114407)","(0.866227, -0.245241, 0.435325)","(-0.712048, -0.424288, 0.559435)","(-0.237617, 0.688466, 0.685239)","(-0.251462, -0.866054, 0.432107)","(0.439392, -0.704995, 0.556702)","(-0.313445, -0.58033, -0.751644)","(-0.2814, -0.801016, -0.528382)"
0.179937,"(0.342167, -0.190653, 0.00912)","(0.187924, 0.952695, 0.238867)","(-0.694706, -0.597527, 0.40043)","(0.714511, -0.370593, 0.59341)","(-0.510862, -0.251108, 0.822171)","(-0.023556, 0.749004, 0.662147)","(-0.128048, -0.86983, 0.476444)","(0.360693, -0.734913, 0.574285)","(-0.202209, -0.592798, -0.779553)","(-0.25044, -0.786475, -0.564569)"
0.212167,"(0.35205, -0.184458, 0.007786)","(0.137619, 0.964993, 0.223271)","(-0.55185, -0.542149, 0.633669)","(0.548844, -0.425851, 0.719321)","(-0.364942, 0.031088, 0.930511)","(0.125936, 0.725361, 0.676751)","(-0.019295, -0.870358, 0.492042)","(0.271998, -0.761702, 0.588071)","(-0.122106, -0.616682, -0.777685)","(-0.197001, -0.777658, -0.597025)"
0.245317,"(0.361039, -0.176629, 0.006002)","(0.100748, 0.973074, 0.20731)","(-0.457241, -0.44276, 0.771294)","(0.417797, -0.426833, 0.802035)","(-0.285098, 0.273834, 0.91855)","(0.193682, 0.682419, 0.704834)","(0.055034, -0.869695, 0.490513)","(0.178512, -0.784257, 0.594201)","(-0.067493, -0.646097, -0.760266)","(-0.131037, -0.775851, -0.617158)"
0.277804,"(0.371537, -0.165484, 0.003458)","(0.073718, 0.97844, 0.192928)","(-0.395711, -0.340263, 0.853015)","(0.317436, -0.393759, 0.862664)","(-0.233201, 0.466901, 0.853007)","(0.204681, 0.655095, 0.727294)","(0.091364, -0.873235, 0.478658)","(0.076654, -0.80535, 0.587823)","(-0.035735, -0.678228, -0.733982)","(-0.056678, -0.782839, -0.619638)"
0.311868,"(0.379104, -0.151347, 0.000265)","(0.054872, 0.981876, 0.181409)","(-0.343579, -0.232371, 0.909922)","(0.245555, -0.336547, 0.909087)","(-0.18055, 0.635857, 0.750391)","(0.195865, 0.653209, 0.731406)","(0.090177, -0.88307, 0.460495)","(-0.003476, -0.82444, 0.565939)","(-0.039356, -0.709389, -0.703717)","(0.004666, -0.798134, -0.602462)"
0.343081,"(0.382705, -0.135086, -0.003639)","(0.041924, 0.984089, 0.172657)","(-0.293432, -0.122043, 0.948158)","(0.196144, -0.262664, 0.944741)","(-0.124123, 0.776111, 0.61826)","(0.179634, 0.671868, 0.718558)","(0.082513, -0.895701, 0.436935)","(-0.051114, -0.843137, 0.535264)","(-0.044211, -0.741371, -0.669638)","(0.043392, -0.818404, -0.573003)"
0.375431,"(0.383421, -0.111202, -0.009245)","(0.030637, 0.9859, 0.164508)","(-0.231181, 0.00913, 0.972868)","(0.155267, -0.155657, 0.975532)","(-0.054174, 0.90151, 0.429354)","(0.151889, 0.713959, 0.683515)","(0.073918, -0.914891, 0.396876)","(-0.075276, -0.869614, 0.487961)","(-0.040852, -0.785649, -0.617322)","(0.065347, -0.849248, -0.523934)"
0.412946,"(0.381697, -0.0873, -0.01524)","(0.023339, 0.987004, 0.158995)","(-0.17952, 0.10607, 0.978019)","(0.12866, -0.058559, 0.989958)","(0.003666, 0.963584, 0.267381)","(0.117754, 0.758593, 0.640836)","(0.067811, -0.934202, 0.35024)","(-0.073022, -0.895941, 0.438131)","(-0.032064, -0.829134, -0.55813)","(0.066663, -0.880859, -0.468662)"
0.445265,"(0.378815, -0.062953, -0.022458)","(0.016973, 0.987925, 0.154)","(-0.138346, 0.175651, 0.974683)","(0.101909, 0.031767, 0.994286)","(0.056773, 0.989123, 0.135692)","(0.068694, 0.801157, 0.594499)","(0.06178, -0.953743, 0.294208)","(-0.056361, -0.922703, 0.381369)","(-0.019878, -0.873823, -0.485839)","(0.056131, -0.913824, -0.402213)"
0.4761,"(0.375949, -0.039851, -0.029705)","(0.009392, 0.988978, 0.147761)","(-0.121245, 0.212564, 0.969596)","(0.065661, 0.111322, 0.991613)","(0.109515, 0.99248, 0.054682)","(-0.006933, 0.834152, 0.551491)","(0.055294, -0.972556, 0.226004)","(-0.035628, -0.948831, 0.313769)","(-0.007565, -0.916793, -0.399291)","(0.041382, -0.945018, -0.324389)"
0.509278,"(0.374845, -0.024719, -0.034098)","(-0.000782, 0.990128, 0.140162)","(-0.137117, 0.213597, 0.967252)","(0.030924, 0.151853, 0.987919)","(0.144768, 0.988372, 0.046509)","(-0.080342, 0.842592, 0.532526)","(0.049246, -0.983809, 0.172322)","(-0.026853, -0.965814, 0.257841)","(-0.000863, -0.943562, -0.331194)","(0.034727, -0.963932, -0.263874)"
0.542117,"(0.382868, -0.035168, -0.031113)","(0.023973, 0.988536, 0.14907)","(-0.199374, 0.174881, 0.964192)","(-0.023903, 0.19193, 0.981117)","(0.175016, 0.977247, 0.119824)","(-0.190655, 0.836322, 0.51402)","(0.053078, -0.978476, 0.199416)","(-0.025183, -0.954935, 0.295745)","(-0.025923, -0.926277, -0.375951)","(0.012299, -0.950763, -0.309675)"
0.576232,"(0.399077, -0.052882, -0.025541)","(0.060535, 0.986102, 0.154718)","(-0.311493, 0.096635, 0.945322)","(-0.093714, 0.219791, 0.971035)","(0.176052, 0.940795, 0.289673)","(-0.329596, 0.809119, 0.48651)","(0.061647, -0.968724, 0.24036)","(-0.024424, -0.935005, 0.353793)","(-0.076754, -0.89248, -0.444508)","(-0.029606, -0.925143, -0.378464)"
0.61189,"(0.421524, -0.077449, -0.018051)","(0.105739, 0.982671, 0.15224)","(-0.500011, -0.028798, 0.86554)","(-0.184473, 0.222357, 0.957354)","(0.086455, 0.82325, 0.561057)","(-0.511459, 0.731916, 0.450232)","(0.077921, -0.957555, 0.277518)","(-0.017899, -0.909988, 0.414249)","(-0.152362, -0.843085, -0.515747)","(-0.093037, -0.887287, -0.451737)"
0.642856,"(0.440952, -0.103928, -0.010935)","(0.146598, 0.978711, 0.143647)","(-0.712763, -0.148337, 0.68554)","(-0.263267, 0.187737, 0.94628)","(-0.137737, 0.60733, 0.782419)","(-0.679607, 0.597969, 0.424933)","(0.099894, -0.945859, 0.308823)","(-0.001282, -0.882181, 0.470909)","(-0.226988, -0.785672, -0.575496)","(-0.159106, -0.841518, -0.516268)"
0.677137,"(0.450239, -0.127249, -0.005306)","(0.176205, 0.974866, 0.136342)","(-0.871575, -0.204546, 0.445554)","(-0.304076, 0.127621, 0.944061)","(-0.408207, 0.38276, 0.828771)","(-0.791076, 0.436382, 0.428685)","(0.125094, -0.931656, 0.341127)","(0.025824, -0.850997, 0.524535)","(-0.278947, -0.730681, -0.623133)","(-0.210307, -0.795635, -0.568098)"
0.71163,"(0.446447, -0.145188, -0.001187)","(0.193305, 0.971606, 0.136434)","(-0.951454, -0.19612, 0.237217)","(-0.301077, 0.062349, 0.951559)","(-0.601966, 0.244021, 0.760323)","(-0.837579, 0.286179, 0.465363)","(0.1491, -0.914074, 0.377145)","(0.061128, -0.820812, 0.567918)","(-0.294271, -0.688469, -0.662884)","(-0.236435, -0.75978, -0.605667)"
0.744545,"(0.426065, -0.160815, 0.002325)","(0.200822, 0.96845, 0.147568)","(-0.985894, -0.149136, 0.07597)","(-0.252802, -0.008235, 0.967483)","(-0.71163, 0.187744, 0.677005)","(-0.830525, 0.140694, 0.538919)","(0.171287, -0.889282, 0.424075)","(0.10883, -0.791263, 0.601714)","(-0.262108, -0.658332, -0.705619)","(-0.232646, -0.734289, -0.637727)"
0.778293,"(0.388144, -0.172627, 0.005085)","(0.195152, 0.965328, 0.173372)","(-0.995725, -0.092125, -0.006652)","(-0.156074, -0.073551, 0.985003)","(-0.724118, 0.203943, 0.658832)","(-0.767926, 0.021446, 0.64018)","(0.174917, -0.86206, 0.475666)","(0.16045, -0.76872, 0.619132)","(-0.175742, -0.641331, -0.746866)","(-0.191742, -0.722041, -0.66475)"
0.812998,"(0.324125, -0.182115, 0.007211)","(0.164666, 0.960356, 0.224948)","(-0.999029, -0.011405, -0.042552)","(0.043913, -0.146158, 0.988286)","(-0.63713, 0.274461, 0.720234)","(-0.596535, -0.118058, 0.793856)","(0.094959, -0.828924, 0.551243)","(0.21258, -0.743528, 0.634016)","(-0.070513, -0.604033, -0.793834)","(-0.11788, -0.711995, -0.69222)"
0.848073,"(0.237029, -0.188961, 0.008931)","(0.094612, 0.951479, 0.292808)","(-0.995621, 0.085579, -0.03762)","(0.349543, -0.201442, 0.915009)","(-0.431576, 0.354877, 0.82934)","(-0.26316, -0.25935, 0.929239)","(-0.081434, -0.780034, 0.620416)","(0.252348, -0.729177, 0.636099)","(0.030394, -0.572649, -0.819237)","(-0.0041, -0.706594, -0.707608)"
0.877265,"(0.145098, -0.193497, 0.009847)","(-0.007013, 0.939209, 0.343275)","(-0.984566, 0.174931, -0.005347)","(0.6496, -0.206316, 0.731747)","(-0.154925, 0.390172, 0.907615)","(0.1468, -0.342325, 0.928043)","(-0.272217, -0.71503, 0.643917)","(0.27907, -0.741077, 0.610676)","(0.089324, -0.589774, -0.802613)","(0.1443, -0.700671, -0.69874)"
0.910619,"(0.021883, -0.197536, 0.010809)","(-0.158738, 0.920825, 0.356207)","(-0.959538, 0.275222, 0.059499)","(0.914508, -0.147711, 0.37664)","(0.235856, 0.349422, 0.906795)","(0.618747, -0.346823, 0.704887)","(-0.465769, -0.633008, 0.618353)","(0.320511, -0.787501, 0.526417)","(0.091805, -0.663867, -0.742195)","(0.364581, -0.673302, -0.64323)"
0.944964,"(-0.08394, -0.199906, 0.011398)","(-0.271758, 0.907487, 0.320335)","(-0.932304, 0.338369, 0.127734)","(0.99547, -0.078765, 0.053247)","(0.524786, 0.262247, 0.809831)","(0.858961, -0.300759, 0.414404)","(-0.560783, -0.614721, 0.554653)","(0.381688, -0.829896, 0.406923)","(0.065894, -0.73876, -0.67074)","(0.531007, -0.64275, -0.552181)"
0.97643,"(-0.153117, -0.20095, 0.011675)","(-0.325329, 0.901964, 0.28394)","(-0.915131, 0.361519, 0.178434)","(0.989889, -0.05005, -0.13272)","(0.667623, 0.208635, 0.714669)","(0.931836, -0.2774, 0.233948)","(-0.58622, -0.634961, 0.503161)","(0.437176, -0.84421, 0.310141)","(0.064722, -0.784224, -0.617093)","(0.612589, -0.630962, -0.476048)"
1.01228,"(-0.223927, -0.201557, 0.01181)","(-0.358473, 0.900134, 0.247499)","(-0.904027, 0.354635, 0.238683)","(0.958114, -0.061202, -0.27977)","(0.762546, 0.20045, 0.615096)","(0.953272, -0.284646, 0.101234)","(-0.579518, -0.663276, 0.473523)","(0.492492, -0.842565, 0.218029)","(0.12354, -0.805237, -0.57994)","(0.663022, -0.631278, -0.402356)"
1.043756,"(-0.273971, -0.201299, 0.011728)","(-0.361609, 0.903714, 0.229214)","(-0.906209, 0.295529, 0.302404)","(0.92862, -0.133857, -0.346044)","(0.776874, 0.289345, 0.559238)","(0.935732, -0.340421, 0.092298)","(-0.551341, -0.686481, 0.474096)","(0.490688, -0.845671, 0.209921)","(0.21389, -0.79018, -0.574341)","(0.667425, -0.624911, -0.405007)"
1.075826,"(-0.305367, -0.200358, 0.011488)","(-0.346936, 0.910743, 0.224013)","(-0.906519, 0.193763, 0.375073)","(0.90119, -0.255943, -0.349785)","(0.720256, 0.442365, 0.534365)","(0.894431, -0.408766, 0.181397)","(-0.519146, -0.709902, 0.475948)","(0.436021, -0.858933, 0.268552)","(0.266869, -0.772647, -0.576019)","(0.638263, -0.60878, -0.471177)"
1.109324,"(-0.329831, -0.198291, 0.010939)","(-0.310845, 0.923122, 0.22632)","(-0.875607, 0.018847, 0.482657)","(0.851472, -0.458076, -0.255268)","(0.534913, 0.651844, 0.537558)","(0.801629, -0.439049, 0.405743)","(-0.473823, -0.738537, 0.47964)","(0.330788, -0.868327, 0.369579)","(0.296977, -0.753508, -0.586541)","(0.554621, -0.601361, -0.575118)"
1.145167,"(-0.343835, -0.194736, 0.010575)","(-0.253354, 0.939439, 0.230796)","(-0.769747, -0.195217, 0.607767)","(0.749779, -0.661688, -0.000278)","(0.215816, 0.769924, 0.600533)","(0.656842, -0.2794, 0.700353)","(-0.416458, -0.768286, 0.486106)","(0.197506, -0.861085, 0.468533)","(0.291117, -0.736915, -0.610088)","(0.410934, -0.621608, -0.666886)"
1.175925,"(-0.34942, -0.190057, 0.009068)","(-0.192446, 0.954291, 0.228679)","(-0.615082, -0.354985, 0.704031)","(0.614832, -0.723366, 0.314203)","(-0.051983, 0.70433, 0.707967)","(0.540325, 0.044221, 0.840293)","(-0.353741, -0.792786, 0.496344)","(0.07807, -0.845147, 0.528802)","(0.24947, -0.727414, -0.639245)","(0.254684, -0.658858, -0.707843)"
1.209208,"(-0.353311, -0.184649, 0.007832)","(-0.14417, 0.964726, 0.220269)","(-0.479714, -0.436604, 0.761086)","(0.501789, -0.670482, 0.546499)","(-0.177735, 0.574661, 0.798859)","(0.489058, 0.322018, 0.810633)","(-0.287774, -0.813716, 0.505027)","(-0.008954, -0.834715, 0.550609)","(0.19029, -0.721959, -0.665255)","(0.134567, -0.691674, -0.709562)"
1.244763,"(-0.360904, -0.175995, 0.005848)","(-0.099416, 0.973539, 0.205762)","(-0.355198, -0.470334, 0.807849)","(0.398684, -0.555844, 0.729444)","(-0.221961, 0.441769, 0.869237)","(0.472369, 0.548193, 0.690183)","(-0.191387, -0.838503, 0.51018)","(-0.083002, -0.829219, 0.552727)","(0.099675, -0.719998, -0.686781)","(0.033237, -0.72526, -0.687673)"
1.275622,"(-0.373299, -0.164648, 0.003266)","(-0.072299, 0.978709, 0.1921)","(-0.287176, -0.452733, 0.844134)","(0.335424, -0.450354, 0.827449)","(-0.215666, 0.394253, 0.893338)","(0.469854, 0.664642, 0.580937)","(-0.088133, -0.860398, 0.501944)","(-0.114086, -0.83138, 0.543867)","(0.009623, -0.7267, -0.686888)","(-0.006111, -0.752012, -0.659121)"
1.313416,"(-0.383741, -0.151943, 0.000408)","(-0.055351, 0.98177, 0.181834)","(-0.267638, -0.407066, 0.873308)","(0.283206, -0.347581, 0.893858)","(-0.217241, 0.410947, 0.885397)","(0.456377, 0.737037, 0.498494)","(-0.012966, -0.876937, 0.480431)","(-0.110189, -0.839827, 0.531554)","(-0.052359, -0.741245, -0.66919)","(0.000652, -0.774636, -0.632407)"
1.348902,"(-0.392786, -0.13592, -0.003476)","(-0.042415, 0.984005, 0.173016)","(-0.283337, -0.332055, 0.8997)","(0.22719, -0.226959, 0.947034)","(-0.231365, 0.475904, 0.84852)","(0.427127, 0.797412, 0.426259)","(0.038166, -0.892612, 0.449207)","(-0.098062, -0.853398, 0.511953)","(-0.088453, -0.764077, -0.639033)","(0.011329, -0.800206, -0.599619)"
1.37784,"(-0.402104, -0.110957, -0.009308)","(-0.030594, 0.985915, 0.164428)","(-0.339286, -0.205383, 0.917989)","(0.156735, -0.068324, 0.985275)","(-0.250034, 0.605942, 0.755194)","(0.367141, 0.859443, 0.355761)","(0.069368, -0.913942, 0.399873)","(-0.080364, -0.877405, 0.472972)","(-0.097745, -0.80298, -0.587936)","(0.017494, -0.83787, -0.54559)"
1.410479,"(-0.408419, -0.087803, -0.0151)","(-0.023584, 0.986982, 0.159091)","(-0.393072, -0.091509, 0.914943)","(0.104435, 0.044142, 0.993552)","(-0.242598, 0.722282, 0.647654)","(0.302656, 0.898807, 0.317089)","(0.074365, -0.932999, 0.352113)","(-0.065923, -0.900807, 0.429186)","(-0.086083, -0.840403, -0.535083)","(0.018607, -0.872375, -0.488483)"
1.442264,"(-0.414642, -0.063218, -0.022376)","(-0.017115, 0.987914, 0.154058)","(-0.438091, 0.025997, 0.898555)","(0.060617, 0.13209, 0.989383)","(-0.196185, 0.828602, 0.524338)","(0.226622, 0.928317, 0.294736)","(0.067314, -0.953003, 0.295388)","(-0.050298, -0.926063, 0.374001)","(-0.062248, -0.881092, -0.46883)","(0.017993, -0.909234, -0.415896)"
1.475655,"(-0.421063, -0.04232, -0.028927)","(-0.010409, 0.988841, 0.148614)","(-0.456582, 0.126227, 0.880681)","(0.041052, 0.178463, 0.98309)","(-0.112955, 0.899044, 0.423037)","(0.154281, 0.942916, 0.295138)","(0.058131, -0.970226, 0.235123)","(-0.035532, -0.948113, 0.315943)","(-0.035828, -0.916068, -0.399419)","(0.01875, -0.940099, -0.340386)"
1.508525,"(-0.428841, -0.02518, -0.033972)","(0.000631, 0.990105, 0.14033)","(-0.445069, 0.199219, 0.873055)","(0.053465, 0.185809, 0.98113)","(-0.012385, 0.930491, 0.366105)","(0.099612, 0.942735, 0.318322)","(0.056775, -0.983488, 0.17184)","(-0.020141, -0.965685, 0.258934)","(-0.014154, -0.943667, -0.330595)","(0.022515, -0.963659, -0.266186)"
1.542289,"(-0.431164, -0.034054, -0.031429)","(-0.021845, 0.98869, 0.148377)","(-0.396671, 0.264213, 0.879115)","(0.106875, 0.150003, 0.982892)","(0.119947, 0.933432, 0.338109)","(0.062386, 0.921126, 0.384234)","(0.050973, -0.9751, 0.21583)","(-0.031144, -0.954702, 0.295931)","(-0.00228, -0.925628, -0.378428)","(0.040871, -0.948208, -0.31501)"
1.575689,"(-0.439194, -0.052973, -0.025501)","(-0.060748, 0.98608, 0.154775)","(-0.30162, 0.322291, 0.897304)","(0.22105, 0.062485, 0.973259)","(0.307172, 0.898732, 0.312933)","(0.053501, 0.853855, 0.517755)","(0.041767, -0.955748, 0.291207)","(-0.055786, -0.934175, 0.352427)","(0.027138, -0.887299, -0.460396)","(0.088625, -0.913833, -0.396302)"
1.609748,"(-0.451517, -0.076595, -0.018298)","(-0.104283, 0.982783, 0.152519)","(-0.16325, 0.348787, 0.922875)","(0.41142, -0.06829, 0.908884)","(0.533369, 0.796672, 0.284308)","(0.115796, 0.710467, 0.694138)","(0.024892, -0.932416, 0.360529)","(-0.089973, -0.913018, 0.397872)","(0.075178, -0.840573, -0.536456)","(0.158149, -0.868652, -0.469502)"
1.648038,"(-0.461489, -0.101877, -0.011474)","(-0.143673, 0.979016, 0.144521)","(-0.015312, 0.324835, 0.945647)","(0.641226, -0.189836, 0.7435)","(0.737969, 0.624424, 0.255923)","(0.276545, 0.506303, 0.816811)","(-0.000588, -0.908438, 0.41802)","(-0.130082, -0.892414, 0.43206)","(0.125835, -0.790811, -0.598986)","(0.227762, -0.818513, -0.52741)"
1.679681,"(-0.46366, -0.125486, -0.005736)","(-0.174157, 0.97516, 0.136865)","(0.100899, 0.25478, 0.961721)","(0.835304, -0.240941, 0.494181)","(0.876422, 0.416301, 0.242028)","(0.484134, 0.317463, 0.815372)","(-0.035145, -0.886222, 0.461926)","(-0.169746, -0.8711, 0.460837)","(0.165611, -0.744639, -0.646596)","(0.274686, -0.772576, -0.572429)"
1.711359,"(-0.453266, -0.145424, -0.001127)","(-0.193548, 0.971582, 0.136266)","(0.155648, 0.16247, 0.97436)","(0.944745, -0.212265, 0.2498)","(0.939434, 0.217658, 0.264744)","(0.645637, 0.212259, 0.733553)","(-0.07919, -0.866125, 0.493515)","(-0.203252, -0.845882, 0.493125)","(0.183314, -0.70734, -0.682691)","(0.279965, -0.739027, -0.612747)"
1.744661,"(-0.427924, -0.160919, 0.002392)","(-0.200914, 0.968424, 0.147609)","(0.142704, 0.076327, 0.986818)","(0.985224, -0.149678, 0.083245)","(0.940495, 0.060117, 0.334448)","(0.719768, 0.186321, 0.668744)","(-0.130602, -0.847704, 0.514141)","(-0.222861, -0.815789, 0.533686)","(0.17161, -0.682355, -0.710593)","(0.230264, -0.721457, -0.653053)"
1.780328,"(-0.385752, -0.172923, 0.005265)","(-0.194458, 0.96522, 0.174748)","(0.064041, 0.007044, 0.997923)","(0.996014, -0.089019, -0.005582)","(0.887599, -0.057836, 0.456971)","(0.717004, 0.203707, 0.66664)","(-0.18625, -0.829737, 0.526163)","(-0.211333, -0.784028, 0.583643)","(0.125341, -0.667101, -0.734347)","(0.118233, -0.710728, -0.69346)"
1.813197,"(-0.32265, -0.182194, 0.007327)","(-0.160075, 0.960463, 0.227787)","(-0.120251, -0.056495, 0.991135)","(0.998543, -0.032274, -0.043239)","(0.726938, -0.159583, 0.667903)","(0.629106, 0.247142, 0.736985)","(-0.225482, -0.812576, 0.537474)","(-0.087755, -0.749128, 0.656587)","(0.036489, -0.649788, -0.759239)","(-0.023511, -0.677099, -0.735517)"
1.843212,"(-0.240111, -0.189099, 0.008888)","(-0.079127, 0.951667, 0.296765)","(-0.415854, -0.10815, 0.902978)","(0.999012, 0.018817, -0.040264)","(0.372091, -0.247749, 0.894521)","(0.441265, 0.294024, 0.847841)","(-0.23711, -0.812356, 0.532782)","(0.160111, -0.690347, 0.705539)","(-0.103998, -0.626346, -0.772577)","(-0.169164, -0.657212, -0.734477)"
1.875924,"(-0.159948, -0.193418, 0.009744)","(0.028421, 0.940127, 0.339637)","(-0.689337, -0.128816, 0.712896)","(0.998429, 0.054339, -0.01364)","(-0.072147, -0.294605, 0.952892)","(0.212452, 0.321023, 0.922935)","(-0.240007, -0.835096, 0.494987)","(0.385987, -0.608549, 0.693312)","(-0.259325, -0.601017, -0.755995)","(-0.233297, -0.695752, -0.679339)"
1.911063,"(-0.054264, -0.197222, 0.010679)","(0.174387, 0.923576, 0.341463)","(-0.920969, -0.121868, 0.370088)","(0.995389, 0.08906, 0.035624)","(-0.59168, -0.294097, 0.750615)","(-0.103465, 0.325348, 0.939917)","(-0.277338, -0.875254, 0.396251)","(0.578864, -0.511592, 0.634973)","(-0.452991, -0.567664, -0.687428)","(-0.201865, -0.784479, -0.586381)"
1.944815,"(0.047424, -0.199639, 0.011337)","(0.282136, 0.910503, 0.302296)","(-0.994003, -0.095871, 0.052602)","(0.989887, 0.112988, 0.085779)","(-0.874004, -0.25104, 0.416048)","(-0.363946, 0.304288, 0.880314)","(-0.367898, -0.8904, 0.268028)","(0.661895, -0.496426, 0.561655)","(-0.589837, -0.557492, -0.584204)","(-0.131768, -0.850578, -0.509073)"
1.978914,"(0.140912, -0.201042, 0.011704)","(0.341742, 0.902851, 0.260906)","(-0.985544, -0.071864, -0.153426)","(0.983931, 0.127465, 0.125029)","(-0.966394, -0.207886, 0.151215)","(-0.53011, 0.27741, 0.801266)","(-0.481275, -0.86537, 0.139673)","(0.671947, -0.545677, 0.500724)","(-0.661194, -0.582898, -0.472285)","(-0.104441, -0.886056, -0.451661)"
2.013515,"(0.209638, -0.201539, 0.011801)","(0.359359, 0.900513, 0.244823)","(-0.974181, -0.063302, -0.216712)","(0.981255, 0.131033, 0.141312)","(-0.980163, -0.189945, 0.056572)","(-0.584433, 0.265778, 0.766681)","(-0.541029, -0.836607, 0.085887)","(0.642041, -0.588332, 0.491578)","(-0.671238, -0.609646, -0.42163)","(-0.153582, -0.884563, -0.44041)"
2.047811,"(0.256871, -0.201291, 0.011725)","(0.354102, 0.902614, 0.244744)","(-0.972687, -0.089769, -0.214058)","(0.981663, 0.105655, 0.158666)","(-0.974393, -0.214807, 0.066456)","(-0.575222, 0.298178, 0.761715)","(-0.519626, -0.841792, 0.1462)","(0.599501, -0.61822, 0.508334)","(-0.636903, -0.60213, -0.48145)","(-0.224214, -0.861418, -0.455726)"
2.076239,"(0.28812, -0.200288, 0.011481)","(0.333732, 0.909529, 0.247751)","(-0.966739, -0.179927, -0.181775)","(0.977943, 0.031626, 0.206466)","(-0.946872, -0.292334, 0.134068)","(-0.526899, 0.396185, 0.751941)","(-0.45239, -0.854942, 0.253805)","(0.555469, -0.645784, 0.52385)","(-0.557525, -0.585708, -0.588312)","(-0.26569, -0.839655, -0.473696)"
2.109838,"(0.312583, -0.198322, 0.011001)","(0.295601, 0.921876, 0.250527)","(-0.934268, -0.346554, -0.083928)","(0.948382, -0.097952, 0.301624)","(-0.86556, -0.400407, 0.300799)","(-0.414314, 0.550988, 0.724401)","(-0.357869, -0.861774, 0.359549)","(0.501162, -0.675912, 0.540351)","(-0.436308, -0.578471, -0.689208)","(-0.285701, -0.818542, -0.498361)"
2.142779,"(0.329781, -0.195198, 0.010309)","(0.244313, 0.9373, 0.248557)","(-0.84292, -0.523996, 0.122123)","(0.862603, -0.24974, 0.439939)","(-0.706213, -0.42245, 0.568155)","(-0.231193, 0.691759, 0.684119)","(-0.247929, -0.866187, 0.433879)","(0.437266, -0.705918, 0.557205)","(-0.309756, -0.580526, -0.753021)","(-0.280897, -0.800497, -0.529435)"
2.176214,"(0.341902, -0.190781, 0.009126)","(0.18923, 0.952357, 0.239184)","(-0.698539, -0.597401, 0.393898)","(0.718474, -0.368452, 0.589948)","(-0.515225, -0.257085, 0.817588)","(-0.028101, 0.748765, 0.662239)","(-0.130831, -0.86976, 0.475817)","(0.362659, -0.734217, 0.573937)","(-0.204445, -0.592383, -0.779285)","(-0.251429, -0.786779, -0.563705)"
2.2094,"(0.351741, -0.184695, 0.00784)","(0.139133, 0.964643, 0.223843)","(-0.55607, -0.545299, 0.627244)","(0.554142, -0.425078, 0.715707)","(-0.36875, 0.021478, 0.929281)","(0.122291, 0.726772, 0.675905)","(-0.022535, -0.870387, 0.491852)","(0.275128, -0.760858, 0.587707)","(-0.124389, -0.615747, -0.778064)","(-0.199093, -0.777844, -0.596088)"
2.242477,"(0.361346, -0.176329, 0.005931)","(0.099691, 0.973293, 0.206789)","(-0.454743, -0.439209, 0.774793)","(0.413844, -0.426165, 0.804436)","(-0.283046, 0.281125, 0.916981)","(0.194492, 0.681127, 0.70586)","(0.056978, -0.869709, 0.490264)","(0.175293, -0.784961, 0.594229)","(-0.066055, -0.647112, -0.759528)","(-0.128684, -0.775922, -0.617564)"
2.275891,"(0.371184, -0.165935, 0.003561)","(0.074495, 0.978292, 0.193378)","(-0.397487, -0.343817, 0.850761)","(0.320317, -0.395327, 0.860879)","(-0.234895, 0.460796, 0.855857)","(0.204705, 0.655609, 0.726824)","(0.090803, -0.872998, 0.479197)","(0.080061, -0.804649, 0.588329)","(-0.036312, -0.677107, -0.734988)","(-0.059198, -0.782434, -0.619913)"
2.311355,"(0.378843, -0.15205, 0.000427)","(0.055598, 0.981748, 0.181879)","(-0.345909, -0.237445, 0.907726)","(0.248349, -0.339617, 0.907184)","(-0.183054, 0.628612, 0.75587)","(0.19651, 0.652788, 0.731609)","(0.090603, -0.882526, 0.461453)","(-0.00047, -0.823586, 0.567191)","(-0.038861, -0.707969, -0.705174)","(0.002307, -0.79731, -0.603565)"
2.342151,"(0.382935, -0.13304, -0.004064)","(0.04066, 0.984294, 0.171788)","(-0.287754, -0.109411, 0.951434)","(0.191475, -0.253334, 0.94824)","(-0.117564, 0.790134, 0.601554)","(0.177367, 0.675021, 0.716162)","(0.081604, -0.897369, 0.43367)","(-0.054892, -0.845464, 0.531204)","(-0.044399, -0.745209, -0.665351)","(0.046582, -0.820979, -0.569055)"
2.376116,"(0.383482, -0.113192, -0.008749)","(0.031393, 0.985785, 0.165052)","(-0.235965, -0.000474, 0.971762)","(0.157914, -0.164168, 0.973711)","(-0.05952, 0.893928, 0.444241)","(0.154407, 0.710277, 0.686779)","(0.074526, -0.91329, 0.400433)","(-0.07453, -0.867419, 0.491964)","(-0.041435, -0.781947, -0.621967)","(0.064473, -0.846587, -0.528332)"
2.409549,"(0.381768, -0.088011, -0.015039)","(0.023529, 0.986975, 0.159143)","(-0.180929, 0.103578, 0.978027)","(0.129388, -0.061322, 0.989696)","(0.002036, 0.962353, 0.271797)","(0.118913, 0.75729, 0.642162)","(0.067982, -0.933635, 0.351717)","(-0.07333, -0.895164, 0.439664)","(-0.032376, -0.827824, -0.560053)","(0.066819, -0.879894, -0.470449)"
2.442137,"(0.378807, -0.062899, -0.022475)","(0.01696, 0.987927, 0.153989)","(-0.138272, 0.175773, 0.974672)","(0.101843, 0.03196, 0.994287)","(0.05689, 0.989151, 0.135442)","(0.06856, 0.801246, 0.594394)","(0.061766, -0.953787, 0.294068)","(-0.056315, -0.922763, 0.38123)","(-0.019848, -0.873922, -0.485661)","(0.056099, -0.913897, -0.402051)"
2.475852,"(0.376168, -0.041979, -0.029036)","(0.010261, 0.98886, 0.148498)","(-0.12118, 0.210692, 0.970013)","(0.069864, 0.10432, 0.992087)","(0.104357, 0.992762, 0.059449)","(0.001978, 0.831723, 0.555188)","(0.055991, -0.970813, 0.23321)","(-0.037445, -0.946372, 0.320902)","(-0.00863, -0.91279, -0.408339)","(0.042762, -0.94216, -0.332424)"
2.50882,"(0.374835, -0.024775, -0.034082)","(-0.000769, 0.990123, 0.140197)","(-0.136867, 0.213688, 0.967267)","(0.031213, 0.151589, 0.987951)","(0.144528, 0.988415, 0.04635)","(-0.079734, 0.842576, 0.532642)","(0.049271, -0.983771, 0.172534)","(-0.026889, -0.965756, 0.258055)","(-0.000848, -0.943472, -0.331452)","(0.034792, -0.963869, -0.264096)"
2.542481,"(0.382215, -0.034183, -0.0314)","(0.02208, 0.988686, 0.148365)","(-0.194917, 0.177964, 0.96454)","(-0.020639, 0.190118, 0.981544)","(0.173894, 0.978194, 0.113569)","(-0.184194, 0.837126, 0.515066)","(0.052658, -0.979032, 0.196781)","(-0.025222, -0.956017, 0.292224)","(-0.023815, -0.928005, -0.371807)","(0.013999, -0.952088, -0.305505)"
2.575443,"(0.399367, -0.05318, -0.025447)","(0.061139, 0.986059, 0.154755)","(-0.313597, 0.095121, 0.94478)","(-0.09489, 0.220067, 0.970859)","(0.175651, 0.939849, 0.292968)","(-0.331931, 0.80845, 0.486035)","(0.061809, -0.968577, 0.240911)","(-0.024388, -0.934685, 0.354639)","(-0.077682, -0.891901, -0.445509)","(-0.030382, -0.924701, -0.379479)"
2.608905,"(0.420649, -0.076423, -0.01835)","(0.103993, 0.982823, 0.152462)","(-0.491855, -0.023549, 0.870359)","(-0.180995, 0.222944, 0.957881)","(0.092465, 0.829865, 0.550249)","(-0.504329, 0.736026, 0.451573)","(0.077159, -0.957988, 0.276234)","(-0.018316, -0.911009, 0.411979)","(-0.149255, -0.845216, -0.513159)","(-0.090391, -0.888947, -0.449002)"
2.642515,"(0.439673, -0.10182, -0.011476)","(0.14363, 0.979047, 0.14435)","(-0.6967, -0.140467, 0.703476)","(-0.258063, 0.191635, 0.946932)","(-0.115896, 0.626897, 0.770434)","(-0.66768, 0.610406, 0.426154)","(0.097942, -0.946873, 0.306333)","(-0.003041, -0.88456, 0.466416)","(-0.221503, -0.790455, -0.571067)","(-0.154055, -0.845416, -0.511409)"
2.675657,"(0.449929, -0.125332, -0.005762)","(0.174035, 0.975191, 0.136798)","(-0.860474, -0.202682, 0.467444)","(-0.302082, 0.133422, 0.943899)","(-0.38536, 0.400154, 0.831489)","(-0.783654, 0.451035, 0.427146)","(0.12275, -0.933091, 0.338045)","(0.02295, -0.853858, 0.52)","(-0.275616, -0.735308, -0.619159)","(-0.206621, -0.799539, -0.563955)"
2.709517,"(0.446586, -0.144973, -0.001236)","(0.193135, 0.971646, 0.136397)","(-0.950732, -0.196548, 0.239746)","(-0.301352, 0.063255, 0.951413)","(-0.599894, 0.245292, 0.761551)","(-0.837284, 0.288136, 0.464686)","(0.148792, -0.914341, 0.376619)","(0.060593, -0.821206, 0.567405)","(-0.294324, -0.688941, -0.66237)","(-0.236257, -0.76018, -0.605234)"
2.743155,"(0.426795, -0.160474, 0.002244)","(0.200788, 0.968525, 0.147115)","(-0.98544, -0.150532, 0.079045)","(-0.254631, -0.006459, 0.967017)","(-0.710133, 0.188155, 0.678461)","(-0.831414, 0.144077, 0.53665)","(0.170917, -0.889952, 0.422816)","(0.10756, -0.79193, 0.601064)","(-0.263566, -0.658889, -0.704556)","(-0.233185, -0.734742, -0.637008)"
2.778587,"(0.386293, -0.173017, 0.005176)","(0.194549, 0.965198, 0.174769)","(-0.99594, -0.0896, -0.008661)","(-0.150864, -0.076103, 0.985621)","(-0.722826, 0.205692, 0.659707)","(-0.764034, 0.016916, 0.644955)","(0.173979, -0.861001, 0.477921)","(0.162413, -0.767884, 0.619658)","(-0.171961, -0.640481, -0.748474)","(-0.189578, -0.721676, -0.665766)"
2.812477,"(0.32317, -0.182213, 0.007237)","(0.164051, 0.96028, 0.225719)","(-0.999034, -0.010281, -0.042735)","(0.047133, -0.147089, 0.988)","(-0.635339, 0.275509, 0.721415)","(-0.593447, -0.119932, 0.795888)","(0.093348, -0.828461, 0.552213)","(0.213163, -0.743254, 0.634141)","(-0.069204, -0.603514, -0.794344)","(-0.116715, -0.711904, -0.69251)"
2.84691,"(0.239246, -0.188818, 0.008921)","(0.096742, 0.951725, 0.291307)","(-0.995798, 0.08326, -0.03813)","(0.341853, -0.200537, 0.918108)","(-0.437632, 0.353354, 0.826812)","(-0.272545, -0.256358, 0.927362)","(-0.076659, -0.781477, 0.619207)","(0.25158, -0.729242, 0.636329)","(0.028288, -0.572865, -0.819162)","(-0.00734, -0.70666, -0.707515)"
2.880236,"(0.132743, -0.193976, 0.010045)","(-0.021703, 0.93738, 0.347633)","(-0.982556, 0.185969, 0.000254)","(0.683878, -0.202946, 0.700803)","(-0.115597, 0.390474, 0.913328)","(0.200051, -0.347606, 0.916051)","(-0.29557, -0.705879, 0.643718)","(0.282586, -0.744518, 0.604846)","(0.093552, -0.59525, -0.798076)","(0.165661, -0.698983, -0.695687)"
2.913603,"(0.023122, -0.197502, 0.010795)","(-0.157274, 0.921014, 0.356367)","(-0.959834, 0.274346, 0.05876)","(0.912776, -0.148592, 0.380475)","(0.232107, 0.350242, 0.907445)","(0.614928, -0.347286, 0.707995)","(-0.464233, -0.633602, 0.6189)","(0.319966, -0.786967, 0.527546)","(0.092033, -0.663003, -0.742939)","(0.362441, -0.673668, -0.644056)"
2.942673,"(-0.065292, -0.199523, 0.011306)","(-0.253915, 0.909675, 0.328663)","(-0.937199, 0.329315, 0.114933)","(0.989973, -0.09054, 0.108428)","(0.479316, 0.278612, 0.832245)","(0.8281, -0.310163, 0.466958)","(-0.548836, -0.61392, 0.567346)","(0.368758, -0.823764, 0.430617)","(0.069739, -0.72596, -0.684192)","(0.504829, -0.647685, -0.570659)"
2.976024,"(-0.155332, -0.20098, 0.011679)","(-0.326742, 0.901842, 0.282702)","(-0.91464, 0.361904, 0.180165)","(0.989171, -0.049635, -0.138122)","(0.67148, 0.207348, 0.711422)","(0.933236, -0.277029, 0.22875)","(-0.586515, -0.635917, 0.501608)","(0.439069, -0.844394, 0.306949)","(0.065246, -0.78548, -0.615439)","(0.614736, -0.630777, -0.473519)"
3.00928,"(-0.2212, -0.201551, 0.01181)","(-0.357735, 0.900078, 0.248767)","(-0.904206, 0.356001, 0.235954)","(0.959559, -0.059365, -0.275177)","(0.760089, 0.19882, 0.618656)","(0.953358, -0.283181, 0.104481)","(-0.580401, -0.662152, 0.474014)","(0.490992, -0.842751, 0.220677)","(0.11977, -0.805184, -0.580805)","(0.661882, -0.631189, -0.404367)"
3.042119,"(-0.269366, -0.201386, 0.011742)","(-0.362425, 0.903071, 0.230459)","(-0.905683, 0.304748, 0.294732)","(0.931561, -0.122714, -0.342251)","(0.778963, 0.274913, 0.563596)","(0.939035, -0.332559, 0.08728)","(-0.555061, -0.683846, 0.473563)","(0.494208, -0.84449, 0.206386)","(0.204734, -0.792643, -0.574283)","(0.668782, -0.626424, -0.400405)"
3.076463,"(-0.305638, -0.200345, 0.011485)","(-0.34671, 0.910833, 0.223999)","(-0.906447, 0.192487, 0.375902)","(0.900869, -0.257455, -0.349501)","(0.719248, 0.444167, 0.534226)","(0.893858, -0.409397, 0.182791)","(-0.518785, -0.710151, 0.47597)","(0.435269, -0.85907, 0.269332)","(0.267278, -0.772469, -0.576068)","(0.637782, -0.608631, -0.47202)"
3.110684,"(-0.329744, -0.198303, 0.010941)","(-0.311056, 0.923057, 0.226298)","(-0.875882, 0.019762, 0.482121)","(0.85179, -0.457072, -0.256005)","(0.536096, 0.650976, 0.53743)","(0.802177, -0.439213, 0.404479)","(-0.474053, -0.738404, 0.479617)","(0.331338, -0.868321, 0.3691)","(0.296914, -0.753592, -0.586465)","(0.555136, -0.601339, -0.574644)"
3.146014,"(-0.343435, -0.194958, 0.010901)","(-0.257021, 0.938476, 0.230659)","(-0.778, -0.183345, 0.600916)","(0.757322, -0.652783, -0.018391)","(0.235229, 0.768529, 0.595004)","(0.66533, -0.294995, 0.685794)","(-0.419879, -0.766996, 0.4852)","(0.205303, -0.86225, 0.463008)","(0.292748, -0.737402, -0.608717)","(0.420608, -0.619397, -0.6629)"
3.180256,"(-0.349291, -0.190198, 0.009088)","(-0.19397, 0.953945, 0.228833)","(-0.619288, -0.351731, 0.701974)","(0.618508, -0.723557, 0.306454)","(-0.046621, 0.707611, 0.705063)","(0.542519, 0.035426, 0.839296)","(-0.355528, -0.792141, 0.496097)","(0.080879, -0.845522, 0.527779)","(0.250892, -0.727637, -0.638434)","(0.258545, -0.65786, -0.707372)"
3.209466,"(-0.353547, -0.184322, 0.007757)","(-0.141843, 0.965201, 0.219699)","(-0.47307, -0.439401, 0.763631)","(0.4963, -0.665974, 0.556925)","(-0.181744, 0.567699, 0.802924)","(0.487494, 0.334828, 0.806374)","(-0.283953, -0.814815, 0.505418)","(-0.012992, -0.834296, 0.551164)","(0.186685, -0.721755, -0.666497)","(0.128924, -0.693285, -0.709038)"
3.245037,"(-0.360823, -0.176077, 0.005867)","(-0.099717, 0.973482, 0.205888)","(-0.356024, -0.470304, 0.807503)","(0.399369, -0.556835, 0.728313)","(-0.221968, 0.442565, 0.86883)","(0.472412, 0.546807, 0.691252)","(-0.192231, -0.838307, 0.510185)","(-0.082543, -0.829233, 0.552774)","(0.100455, -0.719983, -0.686683)","(0.033834, -0.725013, -0.687904)"
3.275903,"(-0.371679, -0.16622, 0.003628)","(-0.074955, 0.978198, 0.193677)","(-0.292591, -0.456921, 0.840008)","(0.34224, -0.463156, 0.817532)","(-0.21636, 0.395842, 0.892467)","(0.470624, 0.653396, 0.592947)","(-0.100379, -0.857905, 0.503907)","(-0.112389, -0.830703, 0.545253)","(0.019958, -0.725323, -0.688119)","(-0.004138, -0.74886, -0.662715)"
3.309371,"(-0.383651, -0.152071, 0.000438)","(-0.055482, 0.981747, 0.181921)","(-0.267659, -0.407606, 0.87305)","(0.283689, -0.348583, 0.893314)","(-0.217176, 0.410576, 0.885586)","(0.456559, 0.736449, 0.499196)","(-0.013558, -0.876795, 0.480674)","(-0.110296, -0.839726, 0.531691)","(-0.051895, -0.741079, -0.669409)","(0.000511, -0.774426, -0.632665)"
3.344635,"(-0.393401, -0.134576, -0.003763)","(-0.041543, 0.984145, 0.172435)","(-0.285714, -0.325434, 0.901366)","(0.222973, -0.217459, 0.95026)","(-0.232702, 0.482368, 0.844494)","(0.424237, 0.80156, 0.421337)","(0.040992, -0.893842, 0.446505)","(-0.097028, -0.854655, 0.510049)","(-0.090081, -0.766101, -0.636376)","(0.011973, -0.802272, -0.596839)"
3.379019,"(-0.402021, -0.111228, -0.009244)","(-0.030702, 0.985899, 0.164499)","(-0.338642, -0.206728, 0.917925)","(0.157413, -0.069832, 0.985061)","(-0.249951, 0.60454, 0.756344)","(0.367856, 0.858895, 0.356344)","(0.06922, -0.913714, 0.400419)","(-0.080544, -0.877132, 0.473447)","(-0.097811, -0.80254, -0.588526)","(0.017469, -0.837457, -0.546224)"
3.409192,"(-0.40925, -0.084519, -0.016034)","(-0.022646, 0.987114, 0.158409)","(-0.40007, -0.075638, 0.913358)","(0.097827, 0.057863, 0.99352)","(-0.239062, 0.737657, 0.631437)","(0.292863, 0.903498, 0.312925)","(0.07406, -0.935664, 0.345035)","(-0.063896, -0.90414, 0.422432)","(-0.083552, -0.845846, -0.526843)","(0.018593, -0.87735, -0.479491)"
3.442613,"(-0.414603, -0.063365, -0.022331)","(-0.017153, 0.987908, 0.15409)","(-0.437877, 0.025296, 0.898679)","(0.060831, 0.131662, 0.989426)","(-0.196603, 0.828032, 0.525082)","(0.227099, 0.928178, 0.294808)","(0.067377, -0.952883, 0.295761)","(-0.050395, -0.92591, 0.374367)","(-0.062417, -0.88085, -0.469263)","(0.017996, -0.909017, -0.416371)"
3.476141,"(-0.421219, -0.041896, -0.029062)","(-0.010247, 0.988863, 0.148473)","(-0.45665, 0.128278, 0.88035)","(0.040959, 0.179046, 0.982988)","(-0.110709, 0.900215, 0.421137)","(0.152755, 0.94307, 0.295441)","(0.057969, -0.970576, 0.233716)","(-0.035203, -0.948564, 0.314621)","(-0.035249, -0.916781, -0.397832)","(0.018804, -0.940714, -0.338679)"
3.511157,"(-0.429285, -0.024582, -0.03414)","(0.000804, 0.990155, 0.139974)","(-0.443151, 0.203525, 0.873038)","(0.055724, 0.184919, 0.981173)","(-0.004806, 0.931531, 0.36363)","(0.096591, 0.942124, 0.321051)","(0.056786, -0.983852, 0.169737)","(-0.019596, -0.966187, 0.257097)","(-0.013021, -0.944468, -0.328346)","(0.0231, -0.964315, -0.263749)"
3.545561,"(-0.431419, -0.035914, -0.030889)","(-0.025431, 0.988419, 0.149607)","(-0.389624, 0.270121, 0.88047)","(0.114883, 0.143876, 0.982905)","(0.135299, 0.932034, 0.336165)","(0.059861, 0.9172, 0.393905)","(0.050024, -0.973279, 0.224112)","(-0.033433, -0.952486, 0.302742)","(-0.000668, -0.921905, -0.387415)","(0.044072, -0.944971, -0.324172)"
3.579868,"(-0.440465, -0.055358, -0.024759)","(-0.065495, 0.985741, 0.154999)","(-0.288159, 0.327237, 0.899934)","(0.238264, 0.049388, 0.969944)","(0.331116, 0.891171, 0.310122)","(0.055787, 0.842001, 0.536583)","(0.040386, -0.953342, 0.299179)","(-0.059087, -0.931881, 0.357919)","(0.031762, -0.882567, -0.469114)","(0.095576, -0.909394, -0.404807)"
3.61385,"(-0.452853, -0.079408, -0.017485)","(-0.109042, 0.982366, 0.151878)","(-0.146673, 0.348749, 0.925668)","(0.435994, -0.083635, 0.896055)","(0.558246, 0.780623, 0.28105)","(0.12883, 0.689724, 0.712519)","(0.02243, -0.929711, 0.367607)","(-0.094262, -0.910686, 0.402202)","(0.081044, -0.835008, -0.544237)","(0.166341, -0.863116, -0.476824)"
3.647536,"(-0.462336, -0.105217, -0.010614)","(-0.14836, 0.978486, 0.143372)","(0.00287, 0.318229, 0.948009)","(0.670702, -0.20171, 0.713773)","(0.760907, 0.597712, 0.25251)","(0.303481, 0.478194, 0.824154)","(-0.004684, -0.905311, 0.424724)","(-0.135597, -0.889639, 0.436069)","(0.132054, -0.784193, -0.606303)","(0.235858, -0.811827, -0.534142)"
3.675987,"(-0.463658, -0.125499, -0.005733)","(-0.174172, 0.975158, 0.136862)","(0.100954, 0.25473, 0.961728)","(0.835396, -0.240945, 0.494024)","(0.876482, 0.416176, 0.242026)","(0.484253, 0.317373, 0.815337)","(-0.035168, -0.88621, 0.461948)","(-0.169768, -0.871087, 0.460854)","(0.165628, -0.744614, -0.64662)","(0.274703, -0.772551, -0.572453)"
3.711567,"(-0.453205, -0.145485, -0.001113)","(-0.193595, 0.97157, 0.136282)","(0.155724, 0.162144, 0.974402)","(0.944985, -0.21207, 0.249056)","(0.939536, 0.217028, 0.264897)","(0.646054, 0.212055, 0.733244)","(-0.079357, -0.866059, 0.493603)","(-0.203348, -0.845787, 0.493249)","(0.183326, -0.707233, -0.682798)","(0.279893, -0.738941, -0.612884)"
3.746157,"(-0.426873, -0.161341, 0.002489)","(-0.200932, 0.96833, 0.148201)","(0.141234, 0.073821, 0.98722)","(0.985855, -0.14763, 0.079338)","(0.939674, 0.055843, 0.337482)","(0.7208, 0.186358, 0.667621)","(-0.132281, -0.847141, 0.51464)","(-0.223038, -0.814798, 0.535125)","(0.17072, -0.681758, -0.711379)","(0.227781, -0.721084, -0.654335)"
3.780067,"(-0.382905, -0.173477, 0.00542)","(-0.193425, 0.965037, 0.176891)","(0.057037, 0.003462, 0.998366)","(0.996276, -0.08578, -0.008717)","(0.882413, -0.063528, 0.466166)","(0.714576, 0.205577, 0.66867)","(-0.18895, -0.828777, 0.526714)","(-0.208261, -0.782383, 0.586945)","(0.121695, -0.666323, -0.735666)","(0.111163, -0.709604, -0.695777)"
3.809412,"(-0.330667, -0.181313, 0.007124)","(-0.165896, 0.961093, 0.220858)","(-0.093952, -0.049384, 0.994351)","(0.998419, -0.038271, -0.041177)","(0.752763, -0.148557, 0.64131)","(0.643473, 0.241774, 0.726284)","(-0.222402, -0.813954, 0.536671)","(-0.107724, -0.753475, 0.648592)","(0.048825, -0.651885, -0.756744)","(-0.007019, -0.681263, -0.732005)"
3.843127,"(-0.252627, -0.188259, 0.008685)","(-0.093485, 0.953168, 0.287631)","(-0.370743, -0.101858, 0.923133)","(0.999013, 0.012164, -0.042729)","(0.434232, -0.236474, 0.869208)","(0.473427, 0.288157, 0.832365)","(-0.236483, -0.81063, 0.535681)","(0.121588, -0.701081, 0.702639)","(-0.081186, -0.629985, -0.772352)","(-0.15126, -0.656433, -0.739065)"
3.875705,"(-0.157687, -0.19352, 0.00978)","(0.031598, 0.939757, 0.34038)","(-0.695988, -0.128894, 0.70639)","(0.998394, 0.055201, -0.012708)","(-0.084708, -0.295202, 0.951672)","(0.205683, 0.321483, 0.924307)","(-0.240292, -0.835937, 0.493425)","(0.391549, -0.606104, 0.692335)","(-0.263705, -0.600249, -0.755091)","(-0.233968, -0.697444, -0.677371)"
3.910711,"(-0.059989, -0.197046, 0.010628)","(0.166985, 0.924497, 0.342668)","(-0.912648, -0.123422, 0.389668)","(0.995629, 0.087454, 0.032774)","(-0.568399, -0.296006, 0.767661)","(-0.08695, 0.325936, 0.941385)","(-0.273948, -0.873402, 0.402644)","(0.571347, -0.515271, 0.638795)","(-0.443537, -0.569165, -0.692334)","(-0.205661, -0.779829, -0.591244)"
3.945742,"(0.051015, -0.199714, 0.01135)","(0.285209, 0.9101, 0.300623)","(-0.994587, -0.094745, 0.042655)","(0.98966, 0.113679, 0.087469)","(-0.880137, -0.249106, 0.404111)","(-0.371829, 0.303274, 0.877365)","(-0.371872, -0.890185, 0.263213)","(0.663387, -0.49729, 0.559125)","(-0.59358, -0.55775, -0.580153)","(-0.129641, -0.85236, -0.506632)"
3.979239,"(0.14238, -0.201064, 0.011705)","(0.342395, 0.902764, 0.260349)","(-0.985192, -0.071555, -0.155809)","(0.983846, 0.127621, 0.125543)","(-0.96703, -0.207287, 0.147937)","(-0.532044, 0.277025, 0.800117)","(-0.483015, -0.864702, 0.137793)","(0.671669, -0.546666, 0.500017)","(-0.661856, -0.583523, -0.470582)","(-0.104594, -0.886387, -0.450976)"
4.009498,"(0.202008, -0.201519, 0.01179)","(0.358138, 0.900644, 0.246124)","(-0.97516, -0.063881, -0.212091)","(0.981492, 0.130851, 0.139829)","(-0.979426, -0.191354, 0.064101)","(-0.580168, 0.26671, 0.769592)","(-0.535574, -0.839641, 0.090357)","(0.646346, -0.583559, 0.491627)","(-0.671023, -0.606859, -0.425971)","(-0.146129, -0.885645, -0.440771)"
4.04317,"(0.251532, -0.201376, 0.011735)","(0.355594, 0.902098, 0.244482)","(-0.972758, -0.083586, -0.216232)","(0.981647, 0.11106, 0.155032)","(-0.97594, -0.209082, 0.06185)","(-0.578092, 0.290875, 0.762365)","(-0.525005, -0.840318, 0.135038)","(0.605301, -0.614422, 0.50606)","(-0.643492, -0.603988, -0.47023)","(-0.216137, -0.864656, -0.453492)"
4.075893,"(0.287825, -0.200302, 0.011484)","(0.334031, 0.909429, 0.247714)","(-0.966877, -0.178596, -0.182355)","(0.978058, 0.032695, 0.205751)","(-0.947355, -0.291279, 0.132946)","(-0.527679, 0.394814, 0.752114)","(-0.453259, -0.854834, 0.252616)","(0.555979, -0.64548, 0.523682)","(-0.558617, -0.585837, -0.587148)","(-0.265357, -0.839886, -0.473474)"
4.109043,"(0.312367, -0.198349, 0.011007)","(0.29608, 0.921726, 0.250514)","(-0.934862, -0.34458, -0.085424)","(0.948931, -0.09639, 0.300398)","(-0.866795, -0.399457, 0.298497)","(-0.415901, 0.549298, 0.724775)","(-0.35895, -0.861728, 0.358581)","(0.50178, -0.675594, 0.540176)","(-0.437675, -0.578485, -0.688328)","(-0.285618, -0.81875, -0.498067)"
4.143037,"(0.329711, -0.195215, 0.010311)","(0.244576, 0.937224, 0.248584)","(-0.843525, -0.523301, 0.12092)","(0.86317, -0.249043, 0.439221)","(-0.707121, -0.42275, 0.566801)","(-0.232194, 0.691253, 0.684292)","(-0.248478, -0.866166, 0.433607)","(0.437598, -0.705774, 0.557128)","(-0.310328, -0.580494, -0.752811)","(-0.280978, -0.800577, -0.529271)"
4.177104,"(0.342066, -0.190702, 0.009122)","(0.188421, 0.952566, 0.238989)","(-0.696167, -0.597488, 0.397945)","(0.716023, -0.36978, 0.592092)","(-0.512521, -0.253393, 0.820435)","(-0.025284, 0.748919, 0.662179)","(-0.129108, -0.869804, 0.476206)","(0.361443, -0.734648, 0.574153)","(-0.20306, -0.592638, -0.779453)","(-0.250819, -0.786591, -0.564239)"
4.21123,"(0.351946, -0.184538, 0.007805)","(0.138128, 0.964876, 0.223464)","(-0.553272, -0.543217, 0.631511)","(0.55063, -0.425597, 0.718105)","(-0.36622, 0.027848, 0.930112)","(0.124713, 0.72584, 0.676463)","(-0.020385, -0.870368, 0.49198)","(0.273057, -0.761417, 0.587949)","(-0.122875, -0.616364, -0.777816)","(-0.19771, -0.777719, -0.59671)"
4.246061,"(0.361733, -0.175947, 0.005841)","(0.098378, 0.973565, 0.206138)","(-0.45163, -0.43477, 0.779106)","(0.408933, -0.425274, 0.807413)","(-0.280506, 0.290187, 0.914936)","(0.195461, 0.679537, 0.707124)","(0.059348, -0.869735, 0.489938)","(0.171247, -0.785845, 0.594241)","(-0.064285, -0.64839, -0.75859)","(-0.125727, -0.776024, -0.618044)"
4.279539,"(0.371976, -0.164906, 0.003325)","(0.072743, 0.978625, 0.192357)","(-0.393419, -0.335707, 0.855875)","(0.313791, -0.391706, 0.864928)","(-0.23102, 0.474685, 0.849296)","(0.20462, 0.654487, 0.727859)","(0.092022, -0.873546, 0.477963)","(0.072386, -0.806237, 0.587148)","(-0.035069, -0.679652, -0.732696)","(-0.053511, -0.783367, -0.619252)"
4.30958,"(0.379319, -0.150746, 0.000124)","(0.054269, 0.981982, 0.181012)","(-0.341592, -0.228059, 0.911759)","(0.243215, -0.333904, 0.910689)","(-0.178417, 0.641968, 0.745684)","(0.19531, 0.653602, 0.731203)","(0.089831, -0.883533, 0.459673)","(-0.005972, -0.825164, 0.564861)","(-0.039744, -0.710598, -0.702475)","(0.006629, -0.798838, -0.60151)"
4.343032,"(0.382767, -0.134563, -0.003751)","(0.041595, 0.984143, 0.172432)","(-0.291967, -0.11878, 0.949024)","(0.194927, -0.260277, 0.945653)","(-0.122426, 0.77977, 0.613979)","(0.17906, 0.672661, 0.717958)","(0.082276, -0.896125, 0.436109)","(-0.052116, -0.843731, 0.534231)","(-0.044269, -0.74236, -0.668538)","(0.044237, -0.819066, -0.571992)"
4.378367,"(0.383466, -0.112628, -0.008894)","(0.031177, 0.985818, 0.164896)","(-0.234597, 0.002277, 0.97209)","(0.157159, -0.161746, 0.974238)","(-0.057992, 0.896125, 0.439996)","(0.153702, 0.711322, 0.685855)","(0.074352, -0.91374, 0.399438)","(-0.074755, -0.868037, 0.490839)","(-0.041272, -0.783, -0.620651)","(0.064732, -0.847344, -0.527085)"
4.413438,"(0.381579, -0.086138, -0.015571)","(0.023027, 0.98705, 0.158753)","(-0.177242, 0.110098, 0.97799)","(0.127458, -0.05406, 0.99037)","(0.006324, 0.965529, 0.260219)","(0.115823, 0.760713, 0.638671)","(0.067531, -0.935131, 0.347806)","(-0.0725, -0.897212, 0.435608)","(-0.031549, -0.831278, -0.554961)","(0.066391, -0.88244, -0.465716)"
4.446458,"(0.378573, -0.061062, -0.023031)","(0.016463, 0.987999, 0.153583)","(-0.135864, 0.179855, 0.974265)","(0.09957, 0.038483, 0.994286)","(0.060847, 0.99002, 0.127118)","(0.063952, 0.80422, 0.590881)","(0.06129, -0.955273, 0.289305)","(-0.054757, -0.924806, 0.376478)","(-0.018865, -0.877299, -0.479573)","(0.055037, -0.91638, -0.396507)"
4.477653,"(0.375969, -0.040061, -0.029639)","(0.009479, 0.988966, 0.147837)","(-0.121216, 0.212394, 0.969637)","(0.066088, 0.110637, 0.991661)","(0.109003, 0.992512, 0.055121)","(-0.00603, 0.833922, 0.551849)","(0.055365, -0.972384, 0.226725)","(-0.035801, -0.948587, 0.314485)","(-0.007667, -0.916397, -0.400196)","(0.041515, -0.944736, -0.325194)"
4.509654,"(0.374837, -0.024765, -0.034085)","(-0.000771, 0.990124, 0.14019)","(-0.136912, 0.213672, 0.967264)","(0.031162, 0.151636, 0.987945)","(0.144571, 0.988407, 0.046379)","(-0.079844, 0.842579, 0.532621)","(0.049266, -0.983777, 0.172496)","(-0.026882, -0.965767, 0.258016)","(-0.00085, -0.943488, -0.331406)","(0.03478, -0.96388, -0.264055)"
4.54599,"(0.382968, -0.035315, -0.03107)","(0.024259, 0.988514, 0.149171)","(-0.200061, 0.174408, 0.964136)","(-0.0244, 0.1922, 0.981052)","(0.175181, 0.977098, 0.120792)","(-0.191638, 0.836196, 0.51386)","(0.053141, -0.978393, 0.199808)","(-0.025177, -0.954772, 0.296272)","(-0.026245, -0.926017, -0.376569)","(0.012038, -0.950563, -0.3103)"
4.576518,"(0.402359, -0.056303, -0.024475)","(0.06733, 0.985611, 0.155043)","(-0.336038, 0.079142, 0.938517)","(-0.107061, 0.222442, 0.96905)","(0.170545, 0.929226, 0.327801)","(-0.356204, 0.80096, 0.48123)","(0.063561, -0.967053, 0.246512)","(-0.023926, -0.931367, 0.363295)","(-0.08734, -0.885812, -0.455751)","(-0.038469, -0.920061, -0.389883)"
4.609153,"(0.42037, -0.076099, -0.018446)","(0.103435, 0.982871, 0.152533)","(-0.489275, -0.021887, 0.871855)","(-0.179884, 0.223116, 0.958051)","(0.094329, 0.831927, 0.546809)","(-0.502062, 0.737308, 0.452007)","(0.076918, -0.958125, 0.275825)","(-0.018444, -0.911332, 0.411259)","(-0.148269, -0.845889, -0.512336)","(-0.089553, -0.889471, -0.448132)"
4.642487,"(0.439531, -0.101593, -0.011534)","(0.143308, 0.979083, 0.14443)","(-0.694951, -0.139604, 0.705375)","(-0.257487, 0.192043, 0.947006)","(-0.113571, 0.628983, 0.769079)","(-0.666377, 0.611725, 0.426302)","(0.097735, -0.94698, 0.306067)","(-0.003225, -0.884813, 0.465936)","(-0.220907, -0.790966, -0.57059)","(-0.153509, -0.845831, -0.510886)"
4.675756,"(0.450179, -0.126806, -0.005412)","(0.175711, 0.974942, 0.136436)","(-0.869062, -0.204157, 0.450611)","(-0.303653, 0.128967, 0.944014)","(-0.402969, 0.386736, 0.829489)","(-0.789402, 0.439779, 0.428297)","(0.124548, -0.931993, 0.340406)","(0.025147, -0.851661, 0.523489)","(-0.278202, -0.731751, -0.622209)","(-0.209469, -0.79654, -0.56714)"
4.709264,"(0.44645, -0.145182, -0.001188)","(0.193304, 0.971607, 0.136434)","(-0.951435, -0.196131, 0.237284)","(-0.301085, 0.062373, 0.951555)","(-0.601911, 0.244054, 0.760356)","(-0.837572, 0.28623, 0.465345)","(0.149092, -0.914081, 0.377131)","(0.061114, -0.820822, 0.567905)","(-0.294272, -0.688482, -0.662869)","(-0.23643, -0.759791, -0.605656)"
4.744241,"(0.426747, -0.160496, 0.002249)","(0.200791, 0.96852, 0.147144)","(-0.98547, -0.150441, 0.078842)","(-0.254512, -0.006576, 0.967047)","(-0.710232, 0.188126, 0.678365)","(-0.831356, 0.143855, 0.536798)","(0.170942, -0.889908, 0.422899)","(0.107644, -0.791886, 0.601107)","(-0.263471, -0.658853, -0.704625)","(-0.23315, -0.734712, -0.637055)"
4.779478,"(0.38625, -0.173026, 0.005178)","(0.194535, 0.965195, 0.174802)","(-0.995945, -0.089541, -0.008707)","(-0.150741, -0.076162, 0.985635)","(-0.722794, 0.205733, 0.659729)","(-0.763941, 0.01681, 0.645067)","(0.173955, -0.860977, 0.477974)","(0.162458, -0.767864, 0.619671)","(-0.171874, -0.640462, -0.748511)","(-0.189526, -0.721668, -0.665789)"
4.809035,"(0.330276, -0.181459, 0.007045)","(0.168494, 0.960849, 0.219954)","(-0.998975, -0.018676, -0.041232)","(0.023309, -0.140119, 0.98986)","(-0.648419, 0.267641, 0.712685)","(-0.616069, -0.105883, 0.780543)","(0.105173, -0.831921, 0.544835)","(0.208695, -0.74538, 0.633131)","(-0.079151, -0.60748, -0.790381)","(-0.125319, -0.712631, -0.690255)"
4.842757,"(0.247091, -0.188295, 0.008887)","(0.104112, 0.95261, 0.285824)","(-0.996388, 0.074993, -0.039827)","(0.314483, -0.19726, 0.928541)","(-0.458822, 0.347694, 0.817674)","(-0.305524, -0.245599, 0.919965)","(-0.059652, -0.786556, 0.614631)","(0.248781, -0.72965, 0.636961)","(0.020559, -0.57392, -0.818654)","(-0.018592, -0.706919, -0.70705)"
4.879029,"(0.13614, -0.193832, 0.010032)","(-0.017647, 0.937878, 0.346515)","(-0.983122, 0.182948, -0.001312)","(0.674628, -0.2039, 0.709438)","(-0.126448, 0.390501, 0.911877)","(0.185524, -0.346233, 0.919622)","(-0.289215, -0.708464, 0.643765)","(0.281605, -0.743592, 0.60644)","(0.092482, -0.593644, -0.799396)","(0.159771, -0.699443, -0.696601)"
4.908731,"(0.036338, -0.197125, 0.010657)","(-0.141374, 0.923062, 0.357729)","(-0.962958, 0.264791, 0.05097)","(0.892974, -0.157857, 0.421519)","(0.19164, 0.358585, 0.913614)","(0.572516, -0.351864, 0.740552)","(-0.447314, -0.640399, 0.624339)","(0.314393, -0.781256, 0.539255)","(0.094448, -0.653849, -0.750707)","(0.339305, -0.677541, -0.652542)"
4.942655,"(-0.0636, -0.199489, 0.0113)","(-0.252235, 0.909873, 0.329407)","(-0.937647, 0.328435, 0.11379)","(0.989304, -0.091603, 0.113521)","(0.475048, 0.280117, 0.834185)","(0.825064, -0.310981, 0.471763)","(-0.547662, -0.613911, 0.568489)","(0.367626, -0.823159, 0.432737)","(0.070155, -0.724777, -0.685402)","(0.502363, -0.648151, -0.572304)"
4.975699,"(-0.153773, -0.200959, 0.011676)","(-0.325749, 0.901928, 0.283573)","(-0.914985, 0.361636, 0.178946)","(0.989679, -0.049924, -0.134324)","(0.66877, 0.208249, 0.713708)","(0.932255, -0.277289, 0.232404)","(-0.58631, -0.635244, 0.502698)","(0.437737, -0.844266, 0.309195)","(0.064871, -0.784599, -0.616601)","(0.613228, -0.630905, -0.475299)"
5.013471,"(-0.220342, -0.20155, 0.01181)","(-0.357497, 0.900062, 0.249168)","(-0.904268, 0.356401, 0.235111)","(0.960011, -0.058816, -0.273716)","(0.759295, 0.198358, 0.619778)","(0.953372, -0.282741, 0.105546)","(-0.58067, -0.661802, 0.474174)","(0.490497, -0.842812, 0.221543)","(0.118598, -0.805156, -0.581084)","(0.661508, -0.631155, -0.405032)"
5.046703,"(-0.274348, -0.20129, 0.011727)","(-0.361532, 0.90377, 0.229115)","(-0.906251, 0.294727, 0.303061)","(0.928378, -0.134823, -0.34632)","(0.776663, 0.290599, 0.558881)","(0.935442, -0.341084, 0.092787)","(-0.551029, -0.686706, 0.474133)","(0.490356, -0.845779, 0.21026)","(0.214615, -0.789982, -0.574342)","(0.667291, -0.624775, -0.405437)"
5.080567,"(-0.309286, -0.200147, 0.011446)","(-0.343423, 0.912111, 0.223861)","(-0.90519, 0.17442, 0.387567)","(0.896398, -0.278801, -0.344588)","(0.704367, 0.469299, 0.532566)","(0.885592, -0.417617, 0.203282)","(-0.513714, -0.713619, 0.476283)","(0.424539, -0.860927, 0.280306)","(0.272673, -0.770015, -0.576825)","(0.630726, -0.60669, -0.48385)"
5.109112,"(-0.329825, -0.198292, 0.010939)","(-0.310858, 0.923118, 0.226319)","(-0.875624, 0.018904, 0.482624)","(0.851492, -0.458014, -0.255314)","(0.534987, 0.651789, 0.53755)","(0.801663, -0.439059, 0.405664)","(-0.473837, -0.738529, 0.479639)","(0.330822, -0.868326, 0.369549)","(0.296973, -0.753514, -0.586536)","(0.554653, -0.60136, -0.575088)"
5.142292,"(-0.34295, -0.195173, 0.010991)","(-0.260331, 0.937601, 0.230505)","(-0.785323, -0.172425, 0.59459)","(0.764058, -0.644217, -0.034637)","(0.252961, 0.766615, 0.59018)","(0.673149, -0.308535, 0.672069)","(-0.423064, -0.765561, 0.484699)","(0.212367, -0.863048, 0.45831)","(0.29397, -0.738082, -0.607302)","(0.4291, -0.617661, -0.659066)"
5.176766,"(-0.348799, -0.190743, 0.00914)","(-0.199988, 0.952569, 0.229383)","(-0.635777, -0.338559, 0.693661)","(0.632906, -0.72353, 0.275562)","(-0.024763, 0.719876, 0.693661)","(0.551657, 0.000706, 0.834071)","(-0.362389, -0.7896, 0.495183)","(0.092033, -0.847002, 0.523563)","(0.256274, -0.728537, -0.635261)","(0.273828, -0.653988, -0.705208)"
5.212023,"(-0.353593, -0.18426, 0.007743)","(-0.1414, 0.965291, 0.21959)","(-0.471808, -0.43992, 0.764113)","(0.495254, -0.665104, 0.558891)","(-0.182485, 0.566377, 0.80369)","(0.487211, 0.337243, 0.805539)","(-0.283217, -0.815026, 0.505491)","(-0.013755, -0.834217, 0.551265)","(0.185991, -0.721717, -0.666732)","(0.127856, -0.693592, -0.708931)"
5.246965,"(-0.36136, -0.175534, 0.005741)","(-0.097752, 0.973855, 0.205064)","(-0.350645, -0.470427, 0.809782)","(0.394881, -0.550333, 0.735665)","(-0.221886, 0.437454, 0.871436)","(0.472155, 0.555785, 0.684232)","(-0.186675, -0.839597, 0.510126)","(-0.085496, -0.829146, 0.552456)","(0.095331, -0.720089, -0.687302)","(0.02998, -0.726625, -0.68638)"
5.28046,"(-0.373575, -0.164369, 0.003201)","(-0.071845, 0.978796, 0.191827)","(-0.286292, -0.451938, 0.844861)","(0.334198, -0.448068, 0.829184)","(-0.215564, 0.394072, 0.893443)","(0.469698, 0.666579, 0.57884)","(-0.086057, -0.860826, 0.50157)","(-0.114332, -0.831508, 0.54362)","(0.007875, -0.726955, -0.68664)","(-0.006397, -0.752561, -0.658491)"
5.309788,"(-0.383798, -0.151862, 0.00039)","(-0.05527, 0.981785, 0.181779)","(-0.267626, -0.406726, 0.87347)","(0.282905, -0.346952, 0.894197)","(-0.217282, 0.411184, 0.885278)","(0.456263, 0.737405, 0.498054)","(-0.012597, -0.877026, 0.480278)","(-0.110122, -0.839891, 0.531466)","(-0.052648, -0.741349, -0.669051)","(0.000739, -0.774767, -0.632247)"
5.342232,"(-0.393251, -0.134905, -0.003694)","(-0.041753, 0.984111, 0.172575)","(-0.285124, -0.327059, 0.900964)","(0.223998, -0.219774, 0.949486)","(-0.23238, 0.480777, 0.84549)","(0.424947, 0.800556, 0.422529)","(0.040313, -0.893541, 0.447168)","(-0.09728, -0.854346, 0.510519)","(-0.089696, -0.765606, -0.637026)","(0.011818, -0.801768, -0.597518)"
5.376055,"(-0.401579, -0.112667, -0.008891)","(-0.031278, 0.985817, 0.164885)","(-0.335188, -0.213902, 0.917548)","(0.161055, -0.077938, 0.983863)","(-0.249425, 0.597058, 0.762437)","(0.371649, 0.855944, 0.359496)","(0.068392, -0.912514, 0.403287)","(-0.0815, -0.8757, 0.475928)","(-0.098132, -0.800197, -0.591655)","(0.017334, -0.835261, -0.54958)"
5.409582,"(-0.408456, -0.087659, -0.01514)","(-0.023545, 0.986988, 0.159061)","(-0.393387, -0.09081, 0.914877)","(0.10414, 0.044755, 0.993555)","(-0.24246, 0.722965, 0.646943)","(0.302231, 0.899016, 0.316902)","(0.074356, -0.933115, 0.351808)","(-0.065834, -0.900953, 0.428894)","(-0.085976, -0.840639, -0.534728)","(0.018607, -0.872593, -0.488094)"
5.443397,"(-0.414571, -0.063485, -0.022295)","(-0.017184, 0.987903, 0.154117)","(-0.437702, 0.024722, 0.89878)","(0.061006, 0.131312, 0.989462)","(-0.196944, 0.827564, 0.525691)","(0.227489, 0.928064, 0.294867)","(0.067428, -0.952784, 0.296067)","(-0.050474, -0.925785, 0.374665)","(-0.062555, -0.880651, -0.469619)","(0.017998, -0.908839, -0.416759)"
5.476026,"(-0.421013, -0.042456, -0.028884)","(-0.010461, 0.988833, 0.148659)","(-0.456557, 0.125566, 0.880789)","(0.041087, 0.178271, 0.983123)","(-0.113674, 0.898664, 0.423653)","(0.154774, 0.942865, 0.295043)","(0.058184, -0.970113, 0.235576)","(-0.035638, -0.947968, 0.316366)","(-0.036015, -0.915839, -0.399928)","(0.018733, -0.939901, -0.340932)"
5.510444,"(-0.428893, -0.025104, -0.033994)","(0.000664, 0.990111, 0.140285)","(-0.444861, 0.199706, 0.87305)","(0.05371, 0.185717, 0.981134)","(-0.011535, 0.930614, 0.36582)","(0.099266, 0.942671, 0.31862)","(0.056778, -0.983535, 0.171565)","(-0.020071, -0.965751, 0.258695)","(-0.014022, -0.943771, -0.330302)","(0.022577, -0.963745, -0.26587)"
5.542726,"(-0.431179, -0.034198, -0.031387)","(-0.022121, 0.988668, 0.148478)","(-0.396149, 0.264666, 0.879214)","(0.10746, 0.149551, 0.982897)","(0.121097, 0.933337, 0.337962)","(0.062186, 0.920841, 0.384948)","(0.050899, -0.974961, 0.216471)","(-0.03132, -0.954531, 0.296462)","(-0.002167, -0.925344, -0.379123)","(0.041106, -0.947961, -0.315722)"
5.577838,"(-0.43947, -0.053488, -0.025339)","(-0.061782, 0.986007, 0.154833)","(-0.298724, 0.323424, 0.897865)","(0.224713, 0.059677, 0.972596)","(0.312361, 0.897162, 0.312301)","(0.053925, 0.851352, 0.521816)","(0.041477, -0.955227, 0.292952)","(-0.056496, -0.933676, 0.353634)","(0.028133, -0.886275, -0.462304)","(0.090127, -0.912875, -0.398166)"
5.612145,"(-0.452329, -0.078285, -0.017807)","(-0.107154, 0.982534, 0.152136)","(-0.153272, 0.348867, 0.924554)","(0.426145, -0.077522, 0.901327)","(0.548379, 0.787136, 0.282307)","(0.123491, 0.698097, 0.705274)","(0.023427, -0.930789, 0.364805)","(-0.092545, -0.911615, 0.400492)","(0.078709, -0.837229, -0.541158)","(0.163086, -0.865328, -0.473931)"
5.646057,"(-0.462025, -0.103902, -0.010952)","(-0.146529, 0.978697, 0.143811)","(-0.004187, 0.320946, 0.947088)","(0.659193, -0.197169, 0.725665)","(0.752021, 0.608328, 0.253775)","(0.292793, 0.489252, 0.821526)","(-0.00304, -0.906542, 0.422106)","(-0.133422, -0.890739, 0.434491)","(0.129626, -0.786803, -0.603439)","(0.232726, -0.814459, -0.531502)"
5.679932,"(-0.463187, -0.127967, -0.005143)","(-0.176956, 0.974735, 0.136302)","(0.110814, 0.245254, 0.963105)","(0.852296, -0.241076, 0.464192)","(0.88732, 0.39259, 0.241943)","(0.506414, 0.300839, 0.80811)","(-0.039694, -0.883837, 0.466108)","(-0.173994, -0.868481, 0.464185)","(0.168907, -0.739846, -0.651229)","(0.277693, -0.767991, -0.577127)"
5.708579,"(-0.453657, -0.14503, -0.001217)","(-0.193243, 0.971656, 0.13617)","(0.155137, 0.164578, 0.974088)","(0.94318, -0.213508, 0.25461)","(0.938754, 0.221731, 0.263773)","(0.642925, 0.213594, 0.735544)","(-0.078115, -0.86655, 0.49294)","(-0.202632, -0.846497, 0.492325)","(0.183223, -0.708032, -0.681998)","(0.280408, -0.73959, -0.611865)"
5.742859,"(-0.429053, -0.160454, 0.002287)","(-0.20088, 0.968527, 0.14698)","(0.144244, 0.079095, 0.986376)","(0.984505, -0.151917, 0.087589)","(0.941336, 0.064835, 0.331185)","(0.718562, 0.186335, 0.670036)","(-0.128769, -0.848321, 0.513586)","(-0.222621, -0.816872, 0.532129)","(0.172544, -0.683016, -0.709731)","(0.232914, -0.721869, -0.651657)"
5.77649,"(-0.3901, -0.172027, 0.005026)","(-0.195872, 0.965506, 0.17156)","(0.074303, 0.012614, 0.997156)","(0.995564, -0.094091, -0.000461)","(0.895073, -0.048841, 0.443237)","(0.72034, 0.200947, 0.663876)","(-0.181824, -0.831263, 0.525302)","(-0.215264, -0.786636, 0.578676)","(0.130815, -0.668298, -0.732301)","(0.129399, -0.712247, -0.689899)"
5.8091,"(-0.329545, -0.18144, 0.007156)","(-0.165112, 0.961004, 0.221831)","(-0.097585, -0.050381, 0.993951)","(0.998438, -0.03742, -0.041497)","(0.749249, -0.15012, 0.645051)","(0.641506, 0.242532, 0.72777)","(-0.222864, -0.813747, 0.536793)","(-0.104977, -0.752873, 0.649741)","(0.047118, -0.651586, -0.75711)","(-0.009367, -0.68066, -0.73254)"
5.842553,"(-0.252084, -0.188297, 0.008695)","(-0.092878, 0.953102, 0.288045)","(-0.372709, -0.102128, 0.922311)","(0.999013, 0.012459, -0.042632)","(0.431584, -0.23697, 0.870391)","(0.472053, 0.288422, 0.833054)","(-0.236512, -0.810692, 0.535575)","(0.123284, -0.700627, 0.702797)","(-0.082163, -0.629826, -0.772379)","(-0.152086, -0.656432, -0.738896)"
5.877892,"(-0.156076, -0.193592, 0.009805)","(0.033859, 0.939493, 0.340891)","(-0.700674, -0.128948, 0.701733)","(0.998369, 0.055811, -0.01204)","(-0.093621, -0.295612, 0.95071)","(0.200857, 0.321799, 0.925258)","(-0.24051, -0.83654, 0.492296)","(0.395469, -0.604367, 0.691625)","(-0.266819, -0.599702, -0.754431)","(-0.23441, -0.69866, -0.675963)"
5.912278,"(-0.049924, -0.197354, 0.010723)","(0.179894, 0.92288, 0.340485)","(-0.926913, -0.120621, 0.355363)","(0.995202, 0.090258, 0.037778)","(-0.608749, -0.292537, 0.73746)","(-0.115852, 0.324843, 0.938646)","(-0.280037, -0.876598, 0.391351)","(0.584357, -0.508998, 0.632019)","(-0.460016, -0.56658, -0.683647)","(-0.198982, -0.787935, -0.582722)"
5.946823,"(0.05173, -0.199729, 0.011353)","(0.285813, 0.91002, 0.300291)","(-0.994692, -0.094515, 0.040691)","(0.989614, 0.113816, 0.087802)","(-0.881331, -0.248715, 0.401743)","(-0.373385, 0.30307, 0.876774)","(-0.372666, -0.890136, 0.262256)","(0.663675, -0.497469, 0.558623)","(-0.594315, -0.557806, -0.579346)","(-0.129228, -0.85271, -0.506148)"
5.980716,"(0.14293, -0.201072, 0.011706)","(0.342639, 0.902732, 0.260142)","(-0.98506, -0.071438, -0.156696)","(0.983814, 0.127677, 0.125734)","(-0.967265, -0.20706, 0.146715)","(-0.532763, 0.276882, 0.799687)","(-0.483663, -0.864451, 0.137097)","(0.671562, -0.547034, 0.499758)","(-0.6621, -0.583754, -0.469952)","(-0.104659, -0.886507, -0.450723)"
6.01105,"(0.202726, -0.20152, 0.011791)","(0.358245, 0.900634, 0.246008)","(-0.975075, -0.06384, -0.212493)","(0.98147, 0.130868, 0.139963)","(-0.979491, -0.19124, 0.063434)","(-0.580547, 0.266627, 0.769335)","(-0.536075, -0.839363, 0.089968)","(0.645933, -0.584003, 0.491641)","(-0.671029, -0.607116, -0.425593)","(-0.146859, -0.885533, -0.440754)"
6.045494,"(0.254723, -0.201329, 0.01173)","(0.354759, 0.902386, 0.244631)","(-0.972716, -0.087031, -0.215056)","(0.981664, 0.108027, 0.157054)","(-0.975084, -0.212291, 0.064371)","(-0.576485, 0.294957, 0.762014)","(-0.521989, -0.841143, 0.141443)","(0.601885, -0.616662, 0.507408)","(-0.639726, -0.60295, -0.476658)","(-0.220995, -0.862735, -0.454807)"
6.079553,"(0.290317, -0.200176, 0.011456)","(0.3314, 0.910305, 0.248032)","(-0.965642, -0.190182, -0.177105)","(0.97698, 0.023412, 0.212044)","(-0.943054, -0.300353, 0.14296)","(-0.52085, 0.406696, 0.750543)","(-0.445802, -0.855726, 0.262666)","(0.551575, -0.648088, 0.525116)","(-0.549205, -0.584785, -0.596993)","(-0.268118, -0.837927, -0.475385)"
6.11276,"(0.314537, -0.198073, 0.010948)","(0.291165, 0.923262, 0.25062)","(-0.928586, -0.364535, -0.069585)","(0.943067, -0.112316, 0.313064)","(-0.853889, -0.408502, 0.32249)","(-0.399489, 0.566309, 0.720904)","(-0.347921, -0.862203, 0.368181)","(0.495439, -0.678834, 0.541964)","(-0.423826, -0.578379, -0.697029)","(-0.286341, -0.816648, -0.501095)"
6.146713,"(0.331526, -0.194733, 0.01029)","(0.237707, 0.939187, 0.247839)","(-0.827464, -0.540378, 0.152626)","(0.847971, -0.266944, 0.457914)","(-0.683368, -0.413356, 0.601784)","(-0.205986, 0.703657, 0.680027)","(-0.234141, -0.866735, 0.440396)","(0.42881, -0.709564, 0.559143)","(-0.295609, -0.581409, -0.75801)","(-0.278737, -0.798467, -0.533626)"
6.180468,"(0.343409, -0.190039, 0.009061)","(0.181822, 0.954261, 0.237334)","(-0.67675, -0.597182, 0.430562)","(0.695752, -0.380233, 0.609387)","(-0.490863, -0.222306, 0.842398)","(-0.002543, 0.749415, 0.662095)","(-0.115042, -0.870099, 0.479264)","(0.351292, -0.738158, 0.575948)","(-0.191825, -0.594915, -0.780564)","(-0.245587, -0.785093, -0.568609)"
6.209604,"(0.351897, -0.184576, 0.007813)","(0.138369, 0.96482, 0.223555)","(-0.553941, -0.543717, 0.630493)","(0.55147, -0.425474, 0.717532)","(-0.366824, 0.026323, 0.929918)","(0.124135, 0.726064, 0.676329)","(-0.020899, -0.870373, 0.49195)","(0.273555, -0.761282, 0.587892)","(-0.123238, -0.616216, -0.777876)","(-0.198042, -0.777749, -0.596561)"
6.24474,"(0.361301, -0.176374, 0.005942)","(0.099844, 0.973262, 0.206865)","(-0.455109, -0.439728, 0.774284)","(0.41442, -0.426265, 0.804086)","(-0.283344, 0.280061, 0.917214)","(0.194376, 0.681314, 0.705712)","(0.056696, -0.869707, 0.490302)","(0.175764, -0.784858, 0.594226)","(-0.066264, -0.646963, -0.759637)","(-0.129029, -0.775912, -0.617505)"
6.279244,"(0.371667, -0.165316, 0.003419)","(0.073432, 0.978494, 0.192761)","(-0.395045, -0.338933, 0.853853)","(0.316367, -0.393164, 0.863327)","(-0.232565, 0.469177, 0.851931)","(0.204666, 0.654913, 0.727462)","(0.091563, -0.873325, 0.478456)","(0.075396, -0.80561, 0.587629)","(-0.035533, -0.678646, -0.733606)","(-0.055746, -0.782992, -0.61953)"
6.312634,"(0.379319, -0.150745, 0.000124)","(0.054267, 0.981983, 0.181012)","(-0.34159, -0.228054, 0.911761)","(0.243213, -0.333901, 0.910691)","(-0.178415, 0.641975, 0.745678)","(0.195309, 0.653603, 0.731203)","(0.089831, -0.883534, 0.459672)","(-0.005974, -0.825166, 0.564859)","(-0.039745, -0.710598, -0.702475)","(0.006631, -0.798839, -0.601508)"
6.346378,"(0.382989, -0.132517, -0.004168)","(0.040348, 0.984345, 0.171572)","(-0.286324, -0.106245, 0.952224)","(0.19032, -0.250953, 0.949105)","(-0.115923, 0.793591, 0.597307)","(0.176777, 0.675845, 0.715531)","(0.08138, -0.897798, 0.432822)","(-0.055798, -0.84606, 0.53016)","(-0.044429, -0.746177, -0.664263)","(0.047348, -0.821629, -0.568054)"
6.380004,"(0.38337, -0.109738, -0.009578)","(0.030088, 0.985982, 0.164118)","(-0.227751, 0.015989, 0.973588)","(0.153351, -0.149482, 0.9768)","(-0.050336, 0.906772, 0.418606)","(0.149989, 0.716652, 0.681111)","(0.073481, -0.91609, 0.394183)","(-0.07574, -0.871249, 0.484962)","(-0.040413, -0.788341, -0.613909)","(0.065914, -0.851182, -0.520715)"
6.414126,"(0.381358, -0.083962, -0.016194)","(0.022433, 0.987136, 0.158298)","(-0.173067, 0.117478, 0.977879)","(0.125153, -0.045699, 0.991084)","(0.011273, 0.968947, 0.247013)","(0.112071, 0.764642, 0.634636)","(0.066998, -0.936875, 0.343187)","(-0.071458, -0.899599, 0.430831)","(-0.030566, -0.835308, -0.548932)","(0.065825, -0.885415, -0.460118)"
6.445525,"(0.378707, -0.062115, -0.022712)","(0.016749, 0.987957, 0.153817)","(-0.137227, 0.177532, 0.9745)","(0.100884, 0.034749, 0.994291)","(0.058575, 0.989536, 0.131861)","(0.066617, 0.802523, 0.59289)","(0.061565, -0.95442, 0.292047)","(-0.055649, -0.923634, 0.379214)","(-0.019428, -0.875361, -0.483079)","(0.055647, -0.914955, -0.3997)"
6.479152,"(0.375983, -0.0402, -0.029596)","(0.009537, 0.988958, 0.147886)","(-0.1212, 0.212279, 0.969664)","(0.066369, 0.110183, 0.991693)","(0.108664, 0.992533, 0.055416)","(-0.005436, 0.83377, 0.552086)","(0.055412, -0.97227, 0.227202)","(-0.035917, -0.948426, 0.314958)","(-0.007736, -0.916135, -0.400794)","(0.041604, -0.944548, -0.325726)"
6.51371,"(0.374971, -0.024267, -0.034225)","(-0.000782, 0.990168, 0.139879)","(-0.139662, 0.212625, 0.967101)","(0.028079, 0.15442, 0.987606)","(0.14707, 0.987948, 0.048256)","(-0.086319, 0.842724, 0.53138)","(0.049048, -0.98412, 0.170593)","(-0.026536, -0.966271, 0.256155)","(-0.001121, -0.944285, -0.329126)","(0.034049, -0.964429, -0.26214)"
6.542977,"(0.384048, -0.036831, -0.030623)","(0.027231, 0.98829, 0.150138)","(-0.20759, 0.169302, 0.963454)","(-0.029697, 0.19499, 0.980356)","(0.176825, 0.975429, 0.131418)","(-0.202166, 0.834791, 0.512106)","(0.053804, -0.977526, 0.203832)","(-0.025116, -0.953071, 0.301705)","(-0.029704, -0.923303, -0.382923)","(0.009236, -0.948475, -0.316719)"
6.578944,"(0.400856, -0.054722, -0.024964)","(0.06422, 0.985838, 0.154919)","(-0.324585, 0.087254, 0.941824)","(-0.100933, 0.221358, 0.969955)","(0.173338, 0.934767, 0.310104)","(-0.343962, 0.80486, 0.483622)","(0.06266, -0.967821, 0.243713)","(-0.024181, -0.93304, 0.358959)","(-0.082465, -0.888898, -0.450621)","(-0.034384, -0.922414, -0.384669)"
6.613234,"(0.423449, -0.07975, -0.01739)","(0.109613, 0.982323, 0.151744)","(-0.518349, -0.040581, 0.854206)","(-0.192123, 0.220782, 0.956214)","(0.072297, 0.807804, 0.585001)","(-0.527288, 0.722363, 0.447392)","(0.079649, -0.956584, 0.280363)","(-0.016898, -0.907684, 0.419315)","(-0.159266, -0.838281, -0.521459)","(-0.098956, -0.883528, -0.457805)"
6.644411,"(0.439724, -0.101901, -0.011455)","(0.143747, 0.979034, 0.144321)","(-0.697331, -0.140778, 0.702789)","(-0.258272, 0.191489, 0.946904)","(-0.116736, 0.626144, 0.770919)","(-0.66815, 0.609929, 0.426101)","(0.098017, -0.946834, 0.306428)","(-0.002975, -0.884469, 0.46659)","(-0.221717, -0.79027, -0.571239)","(-0.154252, -0.845266, -0.511598)"
6.679215,"(0.450215, -0.127061, -0.005351)","(0.175995, 0.974898, 0.136381)","(-0.870515, -0.204384, 0.447695)","(-0.303899, 0.128191, 0.94404)","(-0.405993, 0.38444, 0.829081)","(-0.79037, 0.43782, 0.428518)","(0.124862, -0.9318, 0.34082)","(0.025536, -0.851279, 0.524092)","(-0.278632, -0.731135, -0.62274)","(-0.209952, -0.796018, -0.567693)"
6.709708,"(0.444482, -0.147798, -0.000576)","(0.195275, 0.971122, 0.137073)","(-0.959656, -0.190354, 0.206946)","(-0.297124, 0.051362, 0.953457)","(-0.626095, 0.229832, 0.745105)","(-0.840477, 0.2624, 0.474073)","(0.152843, -0.910705, 0.383738)","(0.067883, -0.816032, 0.574007)","(-0.292933, -0.682812, -0.669297)","(-0.238157, -0.754996, -0.610952)"
6.747591,"(0.425448, -0.161097, 0.002392)","(0.200845, 0.968386, 0.147952)","(-0.986262, -0.147965, 0.073438)","(-0.251253, -0.009714, 0.967873)","(-0.712835, 0.187443, 0.675819)","(-0.829759, 0.137885, 0.540822)","(0.171582, -0.888723, 0.425126)","(0.109891, -0.790712, 0.602245)","(-0.260868, -0.657874, -0.706505)","(-0.232178, -0.733918, -0.638324)"
6.776012,"(0.390438, -0.172126, 0.004964)","(0.195862, 0.965491, 0.171655)","(-0.995444, -0.095262, -0.004055)","(-0.162444, -0.070364, 0.984206)","(-0.725586, 0.201842, 0.657865)","(-0.772634, 0.027105, 0.634273)","(0.175889, -0.863394, 0.472879)","(0.157953, -0.769763, 0.618479)","(-0.180577, -0.642342, -0.744842)","(-0.194436, -0.722509, -0.663458)"
6.811872,"(0.323843, -0.182143, 0.007219)","(0.164485, 0.960334, 0.225176)","(-0.999031, -0.011074, -0.042606)","(0.044862, -0.146432, 0.988203)","(-0.636603, 0.27477, 0.720582)","(-0.595626, -0.11861, 0.794457)","(0.094484, -0.828787, 0.551529)","(0.212752, -0.743447, 0.634053)","(-0.070125, -0.603881, -0.793984)","(-0.117537, -0.711968, -0.692305)"
6.842425,"(0.239598, -0.188795, 0.00892)","(0.097078, 0.951765, 0.291066)","(-0.995826, 0.082892, -0.038209)","(0.340629, -0.200392, 0.918594)","(-0.438592, 0.353109, 0.826409)","(-0.274034, -0.255881, 0.927055)","(-0.075899, -0.781706, 0.619012)","(0.251457, -0.729254, 0.636363)","(0.02795, -0.572903, -0.819146)","(-0.007852, -0.706672, -0.707498)"
6.87512,"(0.148554, -0.193371, 0.009757)","(-0.00293, 0.939726, 0.341916)","(-0.985106, 0.171813, -0.006872)","(0.639678, -0.207194, 0.740191)","(-0.165879, 0.389888, 0.905799)","(0.131679, -0.340683, 0.930911)","(-0.265547, -0.717536, 0.643915)","(0.278105, -0.740135, 0.612256)","(0.087986, -0.588385, -0.803779)","(0.138368, -0.701122, -0.699487)"
6.90935,"(0.041111, -0.196987, 0.01061)","(-0.135523, 0.923809, 0.358066)","(-0.964066, 0.261252, 0.048202)","(0.885237, -0.161102, 0.436351)","(0.176834, 0.361402, 0.915488)","(0.556495, -0.353312, 0.751987)","(-0.440972, -0.643042, 0.626131)","(0.312483, -0.779194, 0.543333)","(0.095285, -0.650579, -0.753437)","(0.330825, -0.678914, -0.655462)"
6.942301,"(-0.068666, -0.199592, 0.011319)","(-0.257235, 0.90928, 0.32717)","(-0.936307, 0.331041, 0.117219)","(0.99122, -0.088418, 0.098311)","(0.487755, 0.275619, 0.82833)","(0.834034, -0.308516, 0.457389)","(-0.551131, -0.613972, 0.565061)","(0.371034, -0.824947, 0.426375)","(0.068937, -0.728307, -0.681775)","(0.509702, -0.646764, -0.567363)"
6.975826,"(-0.154389, -0.200967, 0.011677)","(-0.326141, 0.901895, 0.283228)","(-0.914848, 0.361744, 0.179427)","(0.98948, -0.049808, -0.135827)","(0.669844, 0.20789, 0.712805)","(0.932645, -0.277185, 0.230958)","(-0.586393, -0.63551, 0.502266)","(0.438263, -0.844318, 0.308307)","(0.065016, -0.784948, -0.616141)","(0.613826, -0.630854, -0.474596)"
7.009767,"(-0.220001, -0.201549, 0.01181)","(-0.3574, 0.900056, 0.249329)","(-0.904294, 0.356557, 0.234777)","(0.96019, -0.058602, -0.273134)","(0.758976, 0.198181, 0.620225)","(0.953375, -0.28257, 0.105976)","(-0.580776, -0.661663, 0.474238)","(0.490296, -0.842837, 0.221891)","(0.118134, -0.805143, -0.581197)","(0.661357, -0.631141, -0.4053)"
7.04603,"(-0.272041, -0.201338, 0.011734)","(-0.361981, 0.903436, 0.229726)","(-0.905992, 0.299524, 0.299107)","(0.929859, -0.129041, -0.344545)","(0.77786, 0.283095, 0.561063)","(0.93717, -0.33707, 0.089984)","(-0.552922, -0.685351, 0.47389)","(0.492282, -0.845145, 0.208301)","(0.210112, -0.791205, -0.574324)","(0.668055, -0.62558, -0.402931)"
7.080046,"(-0.307952, -0.200225, 0.01146)","(-0.344678, 0.911628, 0.223901)","(-0.905717, 0.181225, 0.38319)","(0.898065, -0.270782, -0.346637)","(0.710104, 0.45992, 0.533129)","(0.888738, -0.414683, 0.195402)","(-0.515616, -0.712327, 0.476163)","(0.428595, -0.860246, 0.276193)","(0.270728, -0.770922, -0.576529)","(0.633436, -0.607383, -0.479422)"
7.108737,"(-0.331618, -0.198035, 0.010902)","(-0.306324, 0.924521, 0.226774)","(-0.869495, -0.000453, 0.493942)","(0.844649, -0.478991, -0.239029)","(0.509534, 0.669491, 0.540515)","(0.78995, -0.434564, 0.432588)","(-0.468924, -0.741343, 0.480125)","(0.319156, -0.868404, 0.379493)","(0.298135, -0.751754, -0.588202)","(0.54361, -0.601989, -0.584891)"
7.142544,"(-0.34287, -0.195205, 0.010986)","(-0.260805, 0.937475, 0.230482)","(-0.786359, -0.170848, 0.593675)","(0.765016, -0.642951, -0.036952)","(0.255511, 0.766289, 0.589504)","(0.674279, -0.310429, 0.670061)","(-0.423529, -0.765333, 0.484653)","(0.21338, -0.863142, 0.457663)","(0.294124, -0.738201, -0.607083)","(0.430293, -0.617436, -0.658499)"
7.176764,"(-0.348771, -0.190774, 0.009142)","(-0.200335, 0.95249, 0.229411)","(-0.636726, -0.337779, 0.69317)","(0.633733, -0.72349, 0.273762)","(-0.023463, 0.720552, 0.693004)","(0.552208, -0.001302, 0.833705)","(-0.362778, -0.789453, 0.495133)","(0.092683, -0.847087, 0.52331)","(0.256575, -0.728591, -0.635078)","(0.274714, -0.653767, -0.705069)"
7.210895,"(-0.353313, -0.184646, 0.007831)","(-0.144149, 0.96473, 0.220264)","(-0.479653, -0.436631, 0.761109)","(0.501739, -0.670441, 0.546596)","(-0.177772, 0.574597, 0.798897)","(0.489043, 0.322138, 0.810595)","(-0.287739, -0.813726, 0.505031)","(-0.008992, -0.834711, 0.550615)","(0.190257, -0.721957, -0.665267)","(0.134515, -0.691688, -0.709558)"
7.247205,"(-0.361176, -0.175719, 0.005784)","(-0.098413, 0.97373, 0.205343)","(-0.352454, -0.470405, 0.809009)","(0.396399, -0.552534, 0.733194)","(-0.221922, 0.439153, 0.870572)","(0.472234, 0.552777, 0.68661)","(-0.188562, -0.83916, 0.510152)","(-0.084511, -0.829173, 0.552566)","(0.097067, -0.72005, -0.6871)","(0.031267, -0.72608, -0.686899)"
7.281088,"(-0.373431, -0.164515, 0.003235)","(-0.072082, 0.97875, 0.19197)","(-0.286753, -0.452355, 0.844481)","(0.334842, -0.449266, 0.828276)","(-0.215618, 0.394164, 0.893389)","(0.469781, 0.665567, 0.579937)","(-0.08714, -0.860602, 0.501768)","(-0.114206, -0.831441, 0.54375)","(0.008787, -0.72682, -0.686772)","(-0.006249, -0.752273, -0.658822)"
7.309674,"(-0.383819, -0.151831, 0.000382)","(-0.055237, 0.981791, 0.181758)","(-0.267622, -0.406595, 0.873533)","(0.282787, -0.346708, 0.894329)","(-0.217299, 0.411276, 0.885231)","(0.456219, 0.737547, 0.497884)","(-0.012453, -0.877061, 0.480218)","(-0.110095, -0.839915, 0.531433)","(-0.05276, -0.741389, -0.668998)","(0.000773, -0.774818, -0.632184)"
7.344774,"(-0.393922, -0.133416, -0.004)","(-0.040824, 0.98426, 0.171945)","(-0.287823, -0.319699, 0.902746)","(0.219395, -0.209369, 0.952906)","(-0.233808, 0.488017, 0.840936)","(0.421724, 0.805038, 0.417209)","(0.043319, -0.894901, 0.444157)","(-0.096145, -0.855754, 0.508372)","(-0.09137, -0.767843, -0.634089)","(0.012497, -0.804033, -0.594454)"
7.377216,"(-0.40235, -0.110148, -0.009491)","(-0.030276, 0.98596, 0.164214)","(-0.341192, -0.201389, 0.918167)","(0.15473, -0.063864, 0.98589)","(-0.250253, 0.6101, 0.751766)","(0.365007, 0.861062, 0.354038)","(0.069799, -0.914626, 0.398231)","(-0.079832, -0.878222, 0.471543)","(-0.097541, -0.80429, -0.586178)","(0.017566, -0.839091, -0.543707)"
7.409679,"(-0.408303, -0.088265, -0.014969)","(-0.023712, 0.986964, 0.159188)","(-0.392056, -0.093759, 0.915151)","(0.105386, 0.042166, 0.993537)","(-0.243036, 0.720077, 0.649941)","(0.304024, 0.898132, 0.317693)","(0.074393, -0.932625, 0.353096)","(-0.066206, -0.90034, 0.430122)","(-0.086425, -0.83964, -0.536223)","(0.018606, -0.871678, -0.489726)"
7.442695,"(-0.414769, -0.062742, -0.02252)","(-0.01699, 0.987932, 0.153955)","(-0.438777, 0.028263, 0.898152)","(0.059932, 0.133466, 0.98924)","(-0.194818, 0.83044, 0.521935)","(0.225075, 0.928766, 0.294509)","(0.067113, -0.953391, 0.294179)","(-0.049983, -0.926559, 0.372815)","(-0.061702, -0.881879, -0.467421)","(0.017985, -0.909939, -0.414351)"
7.475778,"(-0.421155, -0.042069, -0.029007)","(-0.010314, 0.988854, 0.148532)","(-0.456624, 0.127441, 0.880485)","(0.040994, 0.178811, 0.983029)","(-0.111631, 0.899738, 0.421912)","(0.153378, 0.943008, 0.295315)","(0.058035, -0.970432, 0.234292)","(-0.035338, -0.94838, 0.315161)","(-0.035486, -0.91649, -0.398481)","(0.018782, -0.940463, -0.339376)"
7.509097,"(-0.428935, -0.025043, -0.034011)","(0.000686, 0.990116, 0.140249)","(-0.44469, 0.200103, 0.873046)","(0.053911, 0.185641, 0.981138)","(-0.010844, 0.930713, 0.365589)","(0.098986, 0.942617, 0.318864)","(0.05678, -0.983574, 0.171345)","(-0.020015, -0.965803, 0.258503)","(-0.013915, -0.943855, -0.330067)","(0.022629, -0.963814, -0.265615)"
7.542755,"(-0.431204, -0.034417, -0.031324)","(-0.022541, 0.988636, 0.14863)","(-0.395344, 0.265361, 0.879367)","(0.108364, 0.148855, 0.982904)","(0.122864, 0.933188, 0.337734)","(0.06188, 0.920401, 0.386047)","(0.050786, -0.97475, 0.217448)","(-0.031589, -0.95427, 0.297273)","(-0.00199, -0.924909, -0.380184)","(0.041467, -0.947582, -0.31681)"
7.577447,"(-0.439538, -0.053614, -0.0253)","(-0.062036, 0.985989, 0.154846)","(-0.298011, 0.323698, 0.898003)","(0.225618, 0.058984, 0.972429)","(0.313635, 0.89677, 0.312148)","(0.054033, 0.850732, 0.522816)","(0.041405, -0.955099, 0.293379)","(-0.056671, -0.933554, 0.353929)","(0.028378, -0.886024, -0.462771)","(0.090497, -0.91264, -0.398622)"
7.612085,"(-0.452468, -0.078581, -0.017721)","(-0.107653, 0.98249, 0.152069)","(-0.151531, 0.34885, 0.924847)","(0.428735, -0.079134, 0.899958)","(0.550988, 0.785434, 0.28197)","(0.124882, 0.695903, 0.707195)","(0.023166, -0.930505, 0.365546)","(-0.092997, -0.91137, 0.400944)","(0.079326, -0.836644, -0.541973)","(0.163946, -0.864746, -0.474696)"
7.642222,"(-0.462192, -0.104591, -0.010775)","(-0.147491, 0.978587, 0.143578)","(-0.000468, 0.319541, 0.947572)","(0.665244, -0.199572, 0.719459)","(0.756704, 0.602777, 0.253097)","(0.298385, 0.483452, 0.822946)","(-0.003897, -0.905896, 0.423481)","(-0.134561, -0.890164, 0.435317)","(0.130903, -0.785436, -0.604942)","(0.234378, -0.81308, -0.532887)"
7.677403,"(-0.463647, -0.125574, -0.005715)","(-0.174258, 0.975145, 0.136843)","(0.101265, 0.254445, 0.961771)","(0.835925, -0.240963, 0.493119)","(0.876824, 0.415462, 0.242016)","(0.484934, 0.316857, 0.815132)","(-0.035302, -0.886138, 0.462076)","(-0.169896, -0.871009, 0.460953)","(0.165732, -0.744469, -0.646761)","(0.274802, -0.772412, -0.572594)"
7.712306,"(-0.452734, -0.145946, -0.001007)","(-0.193944, 0.971483, 0.136405)","(0.156277, 0.159691, 0.974719)","(0.946772, -0.210587, 0.243468)","(0.94029, 0.212282, 0.266065)","(0.649173, 0.21055, 0.730919)","(-0.080626, -0.865562, 0.494269)","(-0.204066, -0.84506, 0.494198)","(0.183409, -0.706431, -0.683606)","(0.279329, -0.73829, -0.613924)"
7.746183,"(-0.42678, -0.161378, 0.002498)","(-0.200933, 0.968322, 0.148254)","(0.141103, 0.073603, 0.987255)","(0.985909, -0.147452, 0.078999)","(0.9396, 0.055473, 0.337748)","(0.720887, 0.186364, 0.667525)","(-0.132428, -0.847091, 0.514683)","(-0.223052, -0.814711, 0.535252)","(0.17064, -0.681707, -0.711448)","(0.227562, -0.721051, -0.654447)"
7.776051,"(-0.383549, -0.173354, 0.005385)","(-0.193666, 0.965078, 0.176401)","(0.058641, 0.004269, 0.99827)","(0.996219, -0.086508, -0.008021)","(0.883607, -0.062253, 0.464073)","(0.715141, 0.20515, 0.668197)","(-0.188353, -0.828991, 0.52659)","(-0.208991, -0.782751, 0.586194)","(0.122524, -0.666498, -0.73537)","(0.112745, -0.709867, -0.695254)"
7.809643,"(-0.329885, -0.181401, 0.007147)","(-0.165351, 0.961031, 0.221536)","(-0.09648, -0.050079, 0.994074)","(0.998432, -0.037677, -0.041401)","(0.75032, -0.149645, 0.643915)","(0.642105, 0.242301, 0.727318)","(-0.222725, -0.81381, 0.536756)","(-0.105813, -0.753056, 0.649392)","(0.047637, -0.651678, -0.756998)","(-0.008655, -0.680843, -0.732379)"
7.845776,"(-0.245517, -0.188744, 0.008809)","(-0.08542, 0.952309, 0.292935)","(-0.396439, -0.105411, 0.91199)","(0.999016, 0.015978, -0.041384)","(0.399199, -0.242911, 0.884101)","(0.455269, 0.291552, 0.841265)","(-0.236846, -0.811535, 0.534148)","(0.143643, -0.695046, 0.70447)","(-0.094073, -0.627905, -0.772584)","(-0.161732, -0.65667, -0.736633)"
7.875893,"(-0.160433, -0.193396, 0.009736)","(0.027738, 0.940207, 0.339472)","(-0.687898, -0.128799, 0.714288)","(0.998437, 0.054152, -0.01384)","(-0.069443, -0.294473, 0.953133)","(0.213904, 0.320923, 0.922634)","(-0.239949, -0.834916, 0.495317)","(0.384785, -0.609075, 0.693519)","(-0.258384, -0.601182, -0.756186)","(-0.233145, -0.695392, -0.67976)"
7.909801,"(-0.059547, -0.19706, 0.010631)","(0.167559, 0.924426, 0.342579)","(-0.913309, -0.123306, 0.388153)","(0.995611, 0.087579, 0.032994)","(-0.570223, -0.295866, 0.766361)","(-0.088231, 0.325893, 0.941281)","(-0.274203, -0.873547, 0.402154)","(0.571937, -0.514977, 0.638503)","(-0.444273, -0.569046, -0.69196)","(-0.20537, -0.780191, -0.590868)"
7.942837,"(0.040906, -0.199503, 0.011318)","(0.276424, 0.91123, 0.305368)","(-0.992672, -0.097778, 0.071003)","(0.990296, 0.111707, 0.082675)","(-0.862272, -0.254418, 0.437904)","(-0.349341, 0.306094, 0.885589)","(-0.360765, -0.89064, 0.276784)","(0.658991, -0.495027, 0.566286)","(-0.582822, -0.557139, -0.591536)","(-0.135822, -0.847242, -0.51355)"
7.977854,"(0.136217, -0.200974, 0.0117)","(0.339609, 0.903125, 0.262738)","(-0.986658, -0.072805, -0.145621)","(0.98421, 0.126946, 0.123352)","(-0.964257, -0.209748, 0.161911)","(-0.523759, 0.27866, 0.805001)","(-0.475621, -0.867482, 0.145811)","(0.67277, -0.542466, 0.503102)","(-0.658963, -0.580905, -0.477825)","(-0.104126, -0.884923, -0.453948)"
8.012444,"(0.207524, -0.201532, 0.011798)","(0.359, 0.900553, 0.2452)","(-0.974472, -0.063496, -0.215343)","(0.981324, 0.130981, 0.140884)","(-0.979949, -0.190385, 0.058769)","(-0.583191, 0.266048, 0.767533)","(-0.539488, -0.837465, 0.087204)","(0.643211, -0.587001, 0.49164)","(-0.671141, -0.608869, -0.422905)","(-0.151594, -0.884835, -0.440553)"
8.042949,"(0.258903, -0.201249, 0.01172)","(0.353392, 0.90286, 0.244862)","(-0.972657, -0.092736, -0.21293)","(0.981649, 0.103113, 0.160416)","(-0.973633, -0.217506, 0.068777)","(-0.573862, 0.301648, 0.761375)","(-0.517095, -0.842487, 0.151088)","(0.597169, -0.619738, 0.509229)","(-0.633974, -0.601252, -0.486388)","(-0.227213, -0.860155, -0.456627)"
8.07661,"(0.287879, -0.2003, 0.011483)","(0.333977, 0.909447, 0.24772)","(-0.966852, -0.178837, -0.18225)","(0.978037, 0.032503, 0.20588)","(-0.947268, -0.29147, 0.133148)","(-0.527539, 0.395061, 0.752083)","(-0.453102, -0.854853, 0.252833)","(0.555887, -0.645534, 0.523713)","(-0.55842, -0.585812, -0.587361)","(-0.265419, -0.839842, -0.473516)"
8.112085,"(0.314366, -0.198096, 0.010952)","(0.291562, 0.923138, 0.250613)","(-0.929105, -0.362956, -0.0709)","(0.943558, -0.111044, 0.312039)","(-0.854945, -0.407835, 0.320529)","(-0.400819, 0.564968, 0.721218)","(-0.348802, -0.862164, 0.367437)","(0.495949, -0.678575, 0.541821)","(-0.424924, -0.578384, -0.696356)","(-0.286293, -0.816814, -0.500851)"
8.145542,"(0.331288, -0.194799, 0.01029)","(0.238608, 0.938931, 0.247943)","(-0.829601, -0.538267, 0.148428)","(0.850013, -0.264631, 0.455464)","(-0.686489, -0.414781, 0.597235)","(-0.209436, 0.702124, 0.680558)","(-0.236023, -0.866656, 0.439545)","(0.429982, -0.709061, 0.558881)","(-0.297516, -0.581278, -0.757364)","(-0.27905, -0.798746, -0.533045)"
8.179443,"(0.343282, -0.190103, 0.009069)","(0.182441, 0.954103, 0.237494)","(-0.67858, -0.597287, 0.427525)","(0.69768, -0.379278, 0.607775)","(-0.49287, -0.225302, 0.840428)","(-0.004666, 0.749426, 0.662072)","(-0.116368, -0.870076, 0.478984)","(0.352267, -0.737828, 0.575776)","(-0.192879, -0.594684, -0.780479)","(-0.2461, -0.785231, -0.568196)"
8.214132,"(0.353062, -0.183675, 0.007606)","(0.132831, 0.96609, 0.221418)","(-0.538465, -0.531858, 0.653592)","(0.532022, -0.427955, 0.730621)","(-0.353172, 0.061584, 0.933529)","(0.137188, 0.720661, 0.679579)","(-0.009164, -0.870244, 0.492537)","(0.261797, -0.764409, 0.589187)","(-0.114871, -0.619781, -0.776322)","(-0.190139, -0.777105, -0.599962)"
8.24355,"(0.362914, -0.174771, 0.005564)","(0.094572, 0.974347, 0.204218)","(-0.442411, -0.421699, 0.791482)","(0.394617, -0.422277, 0.816064)","(-0.273171, 0.316612, 0.908369)","(0.198085, 0.675043, 0.710689)","(0.065927, -0.869857, 0.48888)","(0.15915, -0.788472, 0.594124)","(-0.059239, -0.652226, -0.755706)","(-0.116895, -0.776415, -0.619286)"
8.27874,"(0.372107, -0.164729, 0.003284)","(0.072447, 0.978681, 0.192184)","(-0.392714, -0.334311, 0.856745)","(0.312686, -0.391069, 0.865617)","(-0.230348, 0.477058, 0.848148)","(0.204595, 0.654311, 0.728023)","(0.092212, -0.873643, 0.47775)","(0.071103, -0.806506, 0.586935)","(-0.034881, -0.680085, -0.732303)","(-0.052557, -0.78353, -0.619128)"
8.309527,"(0.379314, -0.150759, 0.000127)","(0.054282, 0.98198, 0.181021)","(-0.341635, -0.228153, 0.911719)","(0.243266, -0.333963, 0.910654)","(-0.178463, 0.641836, 0.745787)","(0.195322, 0.653593, 0.731208)","(0.089839, -0.883523, 0.459691)","(-0.005919, -0.825149, 0.564885)","(-0.039736, -0.710571, -0.702503)","(0.006586, -0.798822, -0.601532)"
8.344443,"(0.38278, -0.134452, -0.003774)","(0.041525, 0.984154, 0.172384)","(-0.291659, -0.118092, 0.949205)","(0.194671, -0.259774, 0.945844)","(-0.122069, 0.780537, 0.613075)","(0.178938, 0.672831, 0.71783)","(0.082226, -0.896215, 0.435933)","(-0.052324, -0.843857, 0.534012)","(-0.04428, -0.742568, -0.668306)","(0.044413, -0.819205, -0.571778)"
8.37901,"(0.383436, -0.111686, -0.009128)","(0.03082, 0.985872, 0.164639)","(-0.232334, 0.006818, 0.972612)","(0.155906, -0.15772, 0.975099)","(-0.055463, 0.899709, 0.432953)","(0.152511, 0.713063, 0.684311)","(0.074065, -0.914498, 0.397754)","(-0.075107, -0.869076, 0.488943)","(-0.040995, -0.784751, -0.618454)","(0.065145, -0.848603, -0.525004)"
8.409628,"(0.381707, -0.087403, -0.015211)","(0.023367, 0.986999, 0.159017)","(-0.179724, 0.105709, 0.978021)","(0.128766, -0.058959, 0.989921)","(0.00343, 0.963407, 0.268021)","(0.117924, 0.758404, 0.641028)","(0.067836, -0.93412, 0.350454)","(-0.073068, -0.895828, 0.438353)","(-0.03211, -0.828944, -0.558409)","(0.066686, -0.880719, -0.468921)"
8.442992,"(0.378771, -0.062613, -0.022561)","(0.016883, 0.987938, 0.153927)","(-0.137888, 0.176417, 0.97461)","(0.101495, 0.032978, 0.994289)","(0.057504, 0.989294, 0.134132)","(0.067857, 0.801712, 0.593846)","(0.061693, -0.954017, 0.293334)","(-0.056073, -0.92308, 0.380498)","(-0.019695, -0.874446, -0.484723)","(0.055935, -0.914282, -0.401198)"
8.477805,"(0.376181, -0.042092, -0.029)","(0.010305, 0.988854, 0.148535)","(-0.12119, 0.210584, 0.970035)","(0.070079, 0.103947, 0.992111)","(0.104087, 0.992774, 0.05972)","(0.002435, 0.831588, 0.555388)","(0.056027, -0.970721, 0.233584)","(-0.037544, -0.946243, 0.321271)","(-0.008688, -0.912579, -0.408809)","(0.042836, -0.942009, -0.332841)"
8.512582,"(0.374962, -0.024289, -0.034219)","(-0.000788, 0.990166, 0.139893)","(-0.139501, 0.21269, 0.967111)","(0.028254, 0.154262, 0.987626)","(0.146931, 0.987975, 0.048139)","(-0.085951, 0.842717, 0.531451)","(0.049058, -0.984104, 0.170682)","(-0.026554, -0.966249, 0.256238)","(-0.001099, -0.944249, -0.329229)","(0.034093, -0.964405, -0.262224)"
8.546135,"(0.383564, -0.036168, -0.030819)","(0.025921, 0.988387, 0.149734)","(-0.20419, 0.171592, 0.963775)","(-0.027335, 0.193766, 0.980667)","(0.176117, 0.976192, 0.126615)","(-0.197463, 0.835431, 0.512897)","(0.053512, -0.977906, 0.202078)","(-0.025143, -0.95382, 0.299326)","(-0.028159, -0.924497, -0.380149)","(0.010491, -0.949394, -0.313911)"
8.579673,"(0.401885, -0.055802, -0.024629)","(0.066348, 0.985683, 0.155008)","(-0.332381, 0.08172, 0.939598)","(-0.105123, 0.222124, 0.969335)","(0.171478, 0.931021, 0.322173)","(-0.352329, 0.802222, 0.481979)","(0.063272, -0.967296, 0.245631)","(-0.024012, -0.931897, 0.361928)","(-0.085797, -0.886792, -0.454135)","(-0.037176, -0.920808, -0.38824)"
8.613464,"(0.423802, -0.080181, -0.017268)","(0.110328, 0.982257, 0.151653)","(-0.52178, -0.042781, 0.852007)","(-0.193526, 0.220446, 0.956008)","(0.06955, 0.804826, 0.589422)","(-0.530216, 0.720527, 0.446891)","(0.079975, -0.956402, 0.280891)","(-0.0167, -0.90725, 0.42026)","(-0.160545, -0.83738, -0.522513)","(-0.100058, -0.88282, -0.458931)"
8.644206,"(0.440276, -0.102799, -0.011224)","(0.145016, 0.978892, 0.144015)","(-0.704211, -0.14416, 0.695201)","(-0.260523, 0.189851, 0.946618)","(-0.126, 0.617843, 0.77614)","(-0.673267, 0.604664, 0.425551)","(0.098843, -0.946406, 0.307484)","(-0.002236, -0.883461, 0.4685)","(-0.224066, -0.788238, -0.573128)","(-0.15641, -0.843612, -0.513669)"
8.679482,"(0.450215, -0.127063, -0.005351)","(0.175998, 0.974898, 0.136381)","(-0.870522, -0.204386, 0.447681)","(-0.3039, 0.128187, 0.944041)","(-0.406006, 0.384429, 0.82908)","(-0.790375, 0.437811, 0.42852)","(0.124864, -0.931799, 0.340823)","(0.025538, -0.851277, 0.524095)","(-0.278635, -0.731131, -0.622743)","(-0.209954, -0.796016, -0.567695)"
8.71393,"(0.445191, -0.146932, -0.000781)","(0.194645, 0.971285, 0.136818)","(-0.957053, -0.192381, 0.216886)","(-0.298568, 0.054995, 0.952803)","(-0.618314, 0.23428, 0.750201)","(-0.839661, 0.270283, 0.471081)","(0.151599, -0.911849, 0.381509)","(0.065591, -0.817614, 0.572018)","(-0.293527, -0.684673, -0.667132)","(-0.23768, -0.756569, -0.60919)"
8.742767,"(0.427101, -0.160329, 0.00221)","(0.200772, 0.968558, 0.146925)","(-0.985243, -0.151122, 0.080364)","(-0.2554, -0.005704, 0.966819)","(-0.70948, 0.188346, 0.679091)","(-0.831781, 0.145518, 0.535692)","(0.170754, -0.890236, 0.422283)","(0.107022, -0.792215, 0.600784)","(-0.264175, -0.659127, -0.704105)","(-0.233406, -0.734936, -0.636703)"
8.778803,"(0.388022, -0.172653, 0.005091)","(0.195114, 0.965319, 0.173464)","(-0.99574, -0.091958, -0.006786)","(-0.155732, -0.07372, 0.985045)","(-0.724036, 0.204056, 0.658888)","(-0.767672, 0.021147, 0.640494)","(0.174859, -0.861989, 0.475814)","(0.160581, -0.768665, 0.619167)","(-0.17549, -0.641278, -0.746971)","(-0.191598, -0.722018, -0.664816)"
8.81294,"(0.324405, -0.182086, 0.007204)","(0.164843, 0.960378, 0.224722)","(-0.999028, -0.011736, -0.042498)","(0.042969, -0.145885, 0.988368)","(-0.637655, 0.274152, 0.719887)","(-0.59744, -0.117507, 0.793258)","(0.09543, -0.82906, 0.550956)","(0.212408, -0.743609, 0.633979)","(-0.070899, -0.604188, -0.793682)","(-0.118222, -0.712022, -0.692133)"
8.847055,"(0.238395, -0.188873, 0.008925)","(0.095928, 0.951631, 0.291885)","(-0.995731, 0.084151, -0.037936)","(0.344805, -0.200884, 0.916927)","(-0.435313, 0.353943, 0.827784)","(-0.268949, -0.257508, 0.928093)","(-0.078493, -0.780924, 0.619675)","(0.251876, -0.729214, 0.636243)","(0.0291, -0.572778, -0.819194)","(-0.0061, -0.706635, -0.707552)"
8.876053,"(0.147505, -0.19341, 0.009783)","(-0.004168, 0.939569, 0.342335)","(-0.984943, 0.172761, -0.006411)","(0.642705, -0.206932, 0.737638)","(-0.162557, 0.389983, 0.90636)","(0.136279, -0.341191, 0.930063)","(-0.267579, -0.716775, 0.643922)","(0.278397, -0.740416, 0.611783)","(0.088399, -0.588802, -0.803429)","(0.140165, -0.700987, -0.699265)"
8.909023,"(0.037255, -0.197098, 0.010648)","(-0.140254, 0.923205, 0.3578)","(-0.963171, 0.264116, 0.050436)","(0.891513, -0.158486, 0.424367)","(0.188805, 0.359133, 0.913989)","(0.569468, -0.352152, 0.742762)","(-0.446106, -0.6409, 0.62469)","(0.314022, -0.780861, 0.540044)","(0.094611, -0.65322, -0.751234)","(0.337682, -0.677805, -0.653109)"
8.942763,"(-0.06785, -0.199576, 0.011316)","(-0.256436, 0.909375, 0.327532)","(-0.936523, 0.330626, 0.116664)","(0.990929, -0.088931, 0.100752)","(0.485722, 0.276343, 0.829282)","(0.832614, -0.308916, 0.459701)","(-0.550581, -0.613956, 0.565614)","(0.370481, -0.824664, 0.427402)","(0.069127, -0.727741, -0.68236)","(0.50853, -0.646985, -0.568162)"
8.977371,"(-0.153751, -0.200959, 0.011676)","(-0.325734, 0.90193, 0.283585)","(-0.91499, 0.361633, 0.178928)","(0.989686, -0.049928, -0.134269)","(0.668732, 0.208262, 0.71374)","(0.932241, -0.277293, 0.232456)","(-0.586307, -0.635235, 0.502714)","(0.437718, -0.844264, 0.309226)","(0.064866, -0.784586, -0.616617)","(0.613207, -0.630908, -0.475323)"
9.012437,"(-0.223548, -0.201556, 0.01181)","(-0.358372, 0.900126, 0.247674)","(-0.90405, 0.354833, 0.238299)","(0.958316, -0.060939, -0.279137)","(0.762211, 0.20021, 0.61559)","(0.953288, -0.284436, 0.101672)","(-0.579642, -0.66312, 0.473589)","(0.492292, -0.84259, 0.218385)","(0.123013, -0.805234, -0.580057)","(0.662868, -0.63127, -0.402623)"
9.046655,"(-0.273428, -0.20131, 0.01173)","(-0.361719, 0.903634, 0.229356)","(-0.906149, 0.296672, 0.301464)","(0.92897, -0.13248, -0.345636)","(0.777168, 0.287557, 0.559751)","(0.936145, -0.339471, 0.091615)","(-0.551789, -0.686159, 0.474041)","(0.491153, -0.845518, 0.209446)","(0.212837, -0.790466, -0.574338)","(0.667611, -0.625103, -0.404402)"
9.080041,"(-0.309163, -0.200155, 0.011447)","(-0.343541, 0.912066, 0.223865)","(-0.905242, 0.175057, 0.387158)","(0.896553, -0.278052, -0.34479)","(0.704911, 0.468425, 0.532614)","(0.885888, -0.417351, 0.202536)","(-0.513892, -0.713499, 0.476271)","(0.424919, -0.860864, 0.279923)","(0.272495, -0.770099, -0.576797)","(0.630983, -0.606753, -0.483437)"
9.109776,"(-0.330146, -0.198248, 0.010932)","(-0.310073, 0.923362, 0.2264)","(-0.874592, 0.015512, 0.484612)","(0.85031, -0.461724, -0.252557)","(0.530587, 0.654982, 0.53803)","(0.799628, -0.438412, 0.410352)","(-0.472983, -0.739022, 0.479723)","(0.32878, -0.868348, 0.371316)","(0.297202, -0.753202, -0.58682)","(0.552742, -0.60145, -0.576831)"
9.143629,"(-0.343129, -0.195101, 0.011002)","(-0.259265, 0.937883, 0.230557)","(-0.78298, -0.175961, 0.596641)","(0.761898, -0.647028, -0.029419)","(0.247232, 0.767299, 0.591716)","(0.670616, -0.304233, 0.676547)","(-0.422017, -0.766074, 0.484802)","(0.210093, -0.862839, 0.45975)","(0.293617, -0.737816, -0.607797)","(0.426415, -0.618172, -0.660328)"
9.177317,"(-0.348807, -0.190734, 0.00914)","(-0.199887, 0.952593, 0.229374)","(-0.635504, -0.338782, 0.693802)","(0.632667, -0.723541, 0.276081)","(-0.025135, 0.719681, 0.69385)","(0.551498, 0.001284, 0.834175)","(-0.362278, -0.789641, 0.495199)","(0.091846, -0.846977, 0.523636)","(0.256187, -0.728522, -0.635315)","(0.273573, -0.65405, -0.70525)"
9.21302,"(-0.353699, -0.184118, 0.00771)","(-0.140414, 0.965491, 0.219342)","(-0.468987, -0.441064, 0.765189)","(0.492912, -0.663144, 0.563275)","(-0.184124, 0.563417, 0.805395)","(0.486592, 0.342625, 0.80364)","(-0.281559, -0.815498, 0.505655)","(-0.015457, -0.834042, 0.551485)","(0.18443, -0.721633, -0.667257)","(0.125473, -0.694279, -0.708684)"
9.247576,"(-0.361644, -0.175251, 0.005675)","(-0.096763, 0.974042, 0.204644)","(-0.347937, -0.470422, 0.810952)","(0.392593, -0.547016, 0.739354)","(-0.22182, 0.43495, 0.872705)","(0.47205, 0.56026, 0.680645)","(-0.183818, -0.840257, 0.510077)","(-0.086951, -0.829108, 0.552286)","(0.092711, -0.720153, -0.687593)","(0.028073, -0.727445, -0.685592)"
9.280886,"(-0.373597, -0.164346, 0.003196)","(-0.071806, 0.978803, 0.191805)","(-0.286219, -0.45187, 0.844922)","(0.334095, -0.447876, 0.82933)","(-0.215556, 0.394058, 0.893451)","(0.469685, 0.666742, 0.578664)","(-0.085884, -0.860861, 0.501539)","(-0.114352, -0.831519, 0.543599)","(0.00773, -0.726976, -0.68662)","(-0.00642, -0.752607, -0.658439)"
9.309627,"(-0.383555, -0.152208, 0.000469)","(-0.055622, 0.981722, 0.182014)","(-0.267686, -0.408177, 0.872775)","(0.284202, -0.349649, 0.892734)","(-0.217108, 0.410183, 0.885785)","(0.456752, 0.735822, 0.499945)","(-0.014191, -0.876643, 0.480933)","(-0.110411, -0.839617, 0.531838)","(-0.051398, -0.740903, -0.669643)","(0.00036, -0.774202, -0.632939)"
9.345292,"(-0.393855, -0.133565, -0.00397)","(-0.040913, 0.984246, 0.172007)","(-0.287549, -0.320438, 0.902572)","(0.219851, -0.210404, 0.952573)","(-0.233669, 0.487287, 0.841398)","(0.422048, 0.804596, 0.417733)","(0.043025, -0.894765, 0.444459)","(-0.096257, -0.855612, 0.508589)","(-0.09121, -0.767619, -0.634383)","(0.012431, -0.803808, -0.59476)"
9.375843,"(-0.401452, -0.113076, -0.008786)","(-0.031443, 0.985793, 0.164997)","(-0.334197, -0.215953, 0.917429)","(0.162103, -0.080272, 0.983503)","(-0.249251, 0.594917, 0.764165)","(0.372725, 0.855092, 0.360409)","(0.068145, -0.912177, 0.404092)","(-0.081774, -0.875298, 0.47662)","(-0.098214, -0.799529, -0.592543)","(0.017293, -0.834634, -0.550533)"
9.409224,"(-0.408417, -0.087814, -0.015096)","(-0.023588, 0.986982, 0.159094)","(-0.393047, -0.091565, 0.914948)","(0.104459, 0.044094, 0.993551)","(-0.24261, 0.722227, 0.647711)","(0.302691, 0.89879, 0.317104)","(0.074366, -0.932989, 0.352138)","(-0.065929, -0.900796, 0.429209)","(-0.086092, -0.840384, -0.535111)","(0.018607, -0.872359, -0.488512)"
9.444783,"(-0.414894, -0.062276, -0.022661)","(-0.016865, 0.98795, 0.153853)","(-0.439439, 0.030486, 0.897755)","(0.059269, 0.134805, 0.989098)","(-0.193459, 0.832232, 0.51958)","(0.223555, 0.929202, 0.294292)","(0.066915, -0.953772, 0.292986)","(-0.049674, -0.927044, 0.371647)","(-0.061165, -0.88265, -0.466034)","(0.017978, -0.910631, -0.41283)"
9.475853,"(-0.421957, -0.03996, -0.02967)","(-0.00946, 0.988972, 0.147803)","(-0.456736, 0.137627, 0.878892)","(0.040781, 0.181507, 0.982544)","(-0.10016, 0.905373, 0.412635)","(0.145791, 0.943683, 0.296997)","(0.057291, -0.972176, 0.227138)","(-0.033674, -0.950631, 0.308491)","(-0.032605, -0.920049, -0.390445)","(0.019084, -0.943524, -0.330754)"
9.508658,"(-0.428867, -0.025142, -0.033983)","(0.000648, 0.990108, 0.140307)","(-0.444967, 0.19946, 0.873052)","(0.053585, 0.185764, 0.981132)","(-0.011965, 0.930552, 0.365964)","(0.099441, 0.942703, 0.318469)","(0.056777, -0.983511, 0.171704)","(-0.020106, -0.965718, 0.258813)","(-0.014089, -0.943719, -0.33045)","(0.022545, -0.963702, -0.266026)"
9.542403,"(-0.431184, -0.034244, -0.031374)","(-0.022209, 0.988662, 0.14851)","(-0.39598, 0.264813, 0.879246)","(0.10765, 0.149405, 0.982899)","(0.121468, 0.933306, 0.337914)","(0.06212, 0.920749, 0.385178)","(0.050875, -0.974917, 0.216678)","(-0.031377, -0.954476, 0.296634)","(-0.00213, -0.925252, -0.379349)","(0.041181, -0.947881, -0.315953)"
9.578094,"(-0.43956, -0.053654, -0.025287)","(-0.062117, 0.985983, 0.154851)","(-0.297787, 0.323783, 0.898047)","(0.225902, 0.058768, 0.972376)","(0.314035, 0.896647, 0.312099)","(0.054068, 0.850537, 0.523129)","(0.041382, -0.955059, 0.293512)","(-0.056726, -0.933516, 0.354021)","(0.028455, -0.885946, -0.462916)","(0.090613, -0.912566, -0.398765)"
9.612723,"(-0.452588, -0.078838, -0.017647)","(-0.108086, 0.982451, 0.152009)","(-0.15002, 0.348827, 0.925102)","(0.430988, -0.080534, 0.898757)","(0.553249, 0.783946, 0.281681)","(0.126098, 0.693989, 0.708857)","(0.022939, -0.930258, 0.366189)","(-0.09339, -0.911157, 0.401337)","(0.07986, -0.836135, -0.542679)","(0.164691, -0.864239, -0.47536)"
9.642479,"(-0.462316, -0.105127, -0.010637)","(-0.148235, 0.9785, 0.143402)","(0.002392, 0.31842, 0.947947)","(0.669919, -0.201405, 0.714594)","(0.760305, 0.598442, 0.252593)","(0.302747, 0.47895, 0.823985)","(-0.004571, -0.905395, 0.424546)","(-0.135448, -0.889715, 0.43596)","(0.131889, -0.784372, -0.606107)","(0.235646, -0.812008, -0.533961)"
9.677616,"(-0.463576, -0.126014, -0.00561)","(-0.174761, 0.975071, 0.136732)","(0.10308, 0.252765, 0.962021)","(0.839013, -0.241051, 0.487802)","(0.878816, 0.411261, 0.241963)","(0.488928, 0.313842, 0.813912)","(-0.036094, -0.885716, 0.462822)","(-0.17065, -0.870553, 0.461536)","(0.166335, -0.74362, -0.647581)","(0.275373, -0.771596, -0.573419)"
9.712757,"(-0.452066, -0.146575, -0.000862)","(-0.194411, 0.971363, 0.136592)","(0.156965, 0.156356, 0.975149)","(0.949148, -0.208514, 0.23588)","(0.94126, 0.205816, 0.267713)","(0.653357, 0.208576, 0.72775)","(-0.082383, -0.864879, 0.495175)","(-0.205037, -0.844052, 0.495516)","(0.183487, -0.705336, -0.684714)","(0.278486, -0.737411, -0.615362)"
9.746095,"(-0.426072, -0.161656, 0.002562)","(-0.200936, 0.968259, 0.148658)","(0.140092, 0.071956, 0.987521)","(0.986313, -0.146094, 0.076443)","(0.939026, 0.052664, 0.339789)","(0.721533, 0.186416, 0.666813)","(-0.133543, -0.846718, 0.51501)","(-0.223143, -0.814052, 0.536215)","(0.170028, -0.681316, -0.711968)","(0.225881, -0.720803, -0.655302)"
9.779125,"(-0.382365, -0.173589, 0.005427)","(-0.19322, 0.965003, 0.177299)","(0.05569, 0.002791, 0.998444)","(0.996323, -0.085176, -0.009292)","(0.881409, -0.064585, 0.467918)","(0.714099, 0.205936, 0.669069)","(-0.189448, -0.828567, 0.526865)","(-0.207644, -0.782043, 0.587616)","(0.121002, -0.666184, -0.735906)","(0.109853, -0.709392, -0.696201)"
9.810014,"(-0.321672, -0.182299, 0.007347)","(-0.159331, 0.960387, 0.228627)","(-0.123513, -0.057363, 0.990684)","(0.998557, -0.031553, -0.043458)","(0.723672, -0.160907, 0.671124)","(0.627305, 0.24779, 0.738302)","(-0.225824, -0.812424, 0.53756)","(-0.085268, -0.748589, 0.657528)","(0.034961, -0.649539, -0.759524)","(-0.025475, -0.676616, -0.735896)"
9.842594,"(-0.25312, -0.188225, 0.008675)","(-0.094034, 0.953228, 0.287253)","(-0.368956, -0.101612, 0.923876)","(0.999012, 0.011896, -0.042817)","(0.436633, -0.236024, 0.868127)","(0.474674, 0.287917, 0.831738)","(-0.236457, -0.810575, 0.535776)","(0.120045, -0.701493, 0.702493)","(-0.0803, -0.630132, -0.772325)","(-0.150507, -0.656436, -0.739215)"
9.8765,"(-0.145773, -0.194035, 0.00997)","(0.04824, 0.937832, 0.343722)","(-0.729549, -0.129283, 0.671599)","(0.998189, 0.059664, -0.007727)","(-0.149738, -0.298014, 0.942744)","(0.17004, 0.323588, 0.930794)","(-0.242223, -0.840449, 0.484741)","(0.419647, -0.593407, 0.686851)","(-0.286591, -0.596233, -0.749915)","(-0.236517, -0.706631, -0.666883)"
9.910175,"(-0.061123, -0.197011, 0.010618)","(0.1655, 0.92468, 0.342895)","(-0.910934, -0.123716, 0.393565)","(0.995676, 0.087133, 0.032209)","(-0.563685, -0.296364, 0.770991)","(-0.083655, 0.326042, 0.941647)","(-0.2733, -0.873024, 0.403901)","(0.56982, -0.516034, 0.639543)","(-0.441639, -0.56947, -0.693296)","(-0.206409, -0.778896, -0.592213)"
9.945145,"(0.041042, -0.199505, 0.011318)","(0.276543, 0.911216, 0.305304)","(-0.992704, -0.097741, 0.070615)","(0.990288, 0.111735, 0.08274)","(-0.862524, -0.254349, 0.437446)","(-0.34965, 0.306057, 0.88548)","(-0.360912, -0.890637, 0.276603)","(0.659054, -0.495054, 0.566189)","(-0.582971, -0.557144, -0.591384)","(-0.135736, -0.847312, -0.513457)"
9.980041,"(0.142305, -0.201062, 0.011705)","(0.342362, 0.902769, 0.260377)","(-0.98521, -0.071572, -0.155688)","(0.98385, 0.127612, 0.125517)","(-0.966998, -0.207317, 0.148103)","(-0.531946, 0.277046, 0.800175)","(-0.482927, -0.864736, 0.137889)","(0.671683, -0.546616, 0.500053)","(-0.661823, -0.58349, -0.470669)","(-0.104585, -0.88637, -0.45101)"
10.01323,"(0.209501, -0.201539, 0.0118)","(0.359335, 0.900515, 0.244848)","(-0.9742, -0.063316, -0.216622)","(0.98126, 0.13103, 0.141284)","(-0.980149, -0.189976, 0.056717)","(-0.584351, 0.265795, 0.766738)","(-0.540928, -0.836663, 0.085977)","(0.642117, -0.588244, 0.491585)","(-0.671231, -0.609593, -0.421717)","(-0.153457, -0.884579, -0.440422)"
