time,root_position,neck,shoulder_l,shoulder_r,elbow_l,elbow_r,hip_l,hip_r,knee_l,knee_r,is_pattern
0,"(-0.00039043, -0.00101833, 3.26343e-06)","(0.0168423, 0.99507, 0.0977391)","(0.187209, -0.981854, -0.0302424)","(-0.287043, -0.954896, 0.0760318)","(-0.190552, -0.913364, -0.3598)","(0.0771524, -0.947469, -0.310402)","(0.0160698, -0.977176, -0.211824)","(-0.0726756, -0.984218, -0.161346)","(0.14494, -0.981409, -0.12581)","(0.212454, -0.963078, -0.165363)",1
0.0333333,"(-0.00039043, -0.00101833, 3.26343e-06)","(0.0169067, 0.99508, 0.0976204)","(0.180495, -0.982944, -0.0352399)","(-0.286916, -0.954851, 0.0770701)","(-0.187794, -0.917707, -0.350067)","(0.0776415, -0.953891, -0.289937)","(0.0165395, -0.977568, -0.209968)","(-0.067425, -0.987193, -0.144585)","(0.144574, -0.982112, -0.120644)","(0.216257, -0.964075, -0.15425)",0
0.0666667,"(-0.00039043, -0.00101833, 3.26343e-06)","(0.0171089, 0.995098, 0.0974018)","(0.168651, -0.984678, -0.0443531)","(-0.286639, -0.954821, 0.0784554)","(-0.18294, -0.925039, -0.33292)","(0.0787944, -0.963601, -0.255469)","(0.0176026, -0.978138, -0.20721)","(-0.0582884, -0.991566, -0.115759)","(0.143817, -0.983205, -0.112362)","(0.222218, -0.965548, -0.135412)",0
0.1,"(-0.00039043, -0.00101833, 3.26343e-06)","(0.0169033, 0.995038, 0.098054)","(0.16222, -0.985575, -0.0482302)","(-0.286852, -0.954753, 0.0785066)","(-0.177435, -0.927764, -0.328285)","(0.0797574, -0.966142, -0.245372)","(0.0180733, -0.978207, -0.206845)","(-0.0525222, -0.993047, -0.105349)","(0.143455, -0.983584, -0.109469)","(0.226413, -0.96471, -0.134432)",0
0.133333,"(-0.00039043, -0.00101833, 3.26343e-06)","(0.0163779, 0.994992, 0.0986011)","(0.159189, -0.985954, -0.0505279)","(-0.286854, -0.954814, 0.0777544)","(-0.172798, -0.928959, -0.327378)","(0.0805366, -0.966265, -0.244635)","(0.0184463, -0.978083, -0.207396)","(-0.0492913, -0.99361, -0.101535)","(0.1431, -0.983679, -0.10908)","(0.22886, -0.963896, -0.136117)",0
0.166667,"(-0.00119302, -0.0030724, 6.17383e-06)","(0.0156159, 0.995021, 0.0984365)","(0.158607, -0.986018, -0.0511183)","(-0.286794, -0.954876, 0.077206)","(-0.168979, -0.929931, -0.32661)","(0.0810585, -0.965941, -0.245739)","(0.0186568, -0.978054, -0.207515)","(-0.0476196, -0.993983, -0.0986393)","(0.142821, -0.983834, -0.108038)","(0.2305, -0.963555, -0.135759)",0
0.2,"(-0.00119302, -0.0030724, 6.17383e-06)","(0.0148726, 0.995102, 0.0977327)","(0.159402, -0.985957, -0.0497889)","(-0.287062, -0.954811, 0.0770163)","(-0.166327, -0.932177, -0.321529)","(0.081664, -0.966041, -0.245143)","(0.0188611, -0.978134, -0.207117)","(-0.0466739, -0.994294, -0.0959209)","(0.142702, -0.983983, -0.106835)","(0.231137, -0.963564, -0.134611)",0
0.233333,"(-0.00119302, -0.0030724, 6.17383e-06)","(0.0143682, 0.995274, 0.0960324)","(0.160845, -0.985837, -0.0474819)","(-0.287489, -0.954632, 0.0776389)","(-0.164819, -0.934726, -0.314838)","(0.0827434, -0.966322, -0.243669)","(0.0192207, -0.978271, -0.206437)","(-0.046067, -0.994523, -0.0938132)","(0.142565, -0.98417, -0.105286)","(0.230875, -0.963833, -0.133127)",0
0.266667,"(-0.00119302, -0.0030724, 6.17383e-06)","(0.0139996, 0.995429, 0.0944747)","(0.16201, -0.985709, -0.0461493)","(-0.287874, -0.95445, 0.0784461)","(-0.163802, -0.936748, -0.30931)","(0.0841366, -0.966533, -0.242354)","(0.0197867, -0.978344, -0.206039)","(-0.0456163, -0.994553, -0.0937172)","(0.142578, -0.984205, -0.104936)","(0.230469, -0.963901, -0.133341)",0
0.3,"(-0.00119302, -0.0030724, 6.17383e-06)","(0.0138729, 0.995544, 0.0932697)","(0.162757, -0.985591, -0.0460408)","(-0.287909, -0.95437, 0.0792841)","(-0.163428, -0.937645, -0.306778)","(0.0857275, -0.966474, -0.24203)","(0.0206271, -0.978433, -0.205531)","(-0.0449906, -0.994541, -0.0941457)","(0.142725, -0.984205, -0.104739)","(0.230008, -0.963919, -0.134004)",0
0.333333,"(-0.00119302, -0.0030724, 6.17383e-06)","(0.0137223, 0.995608, 0.0926102)","(0.16264, -0.985544, -0.047451)","(-0.287826, -0.954366, 0.0796386)","(-0.16278, -0.938307, -0.305095)","(0.0866992, -0.96651, -0.24154)","(0.0222184, -0.978507, -0.205012)","(-0.0444918, -0.994491, -0.0949089)","(0.142591, -0.984239, -0.104604)","(0.229518, -0.963885, -0.135081)",0
0.366667,"(-0.00119302, -0.0030724, 6.17383e-06)","(0.0132958, 0.995669, 0.0920098)","(0.16259, -0.985506, -0.0483929)","(-0.287787, -0.954443, 0.0788452)","(-0.161014, -0.93909, -0.303619)","(0.0871228, -0.966645, -0.240845)","(0.0240875, -0.9788, -0.203398)","(-0.0435812, -0.994667, -0.0934841)","(0.143228, -0.984518, -0.101044)","(0.229094, -0.964211, -0.13347)",0
0.4,"(-0.00119302, -0.0030724, 6.17383e-06)","(0.0121497, 0.995764, 0.0911349)","(0.16375, -0.985326, -0.048148)","(-0.287034, -0.954771, 0.0776167)","(-0.157192, -0.940926, -0.299915)","(0.0901161, -0.966571, -0.240041)","(0.0266461, -0.97946, -0.19987)","(-0.0424341, -0.995121, -0.0890763)","(0.143752, -0.984975, -0.095701)","(0.227567, -0.964891, -0.131142)",0
0.433333,"(-0.00119302, -0.0030724, 6.17383e-06)","(0.0112367, 0.995798, 0.0908898)","(0.165778, -0.985181, -0.0440028)","(-0.286049, -0.954808, 0.0807314)","(-0.151806, -0.946743, -0.283959)","(0.0932242, -0.967371, -0.235591)","(0.0333064, -0.980038, -0.196003)","(-0.0401888, -0.994985, -0.0915912)","(0.147351, -0.988619, -0.030331)","(0.227345, -0.969876, -0.0874935)",0
0.466667,"(-0.00119302, -0.0030724, 6.17383e-06)","(0.013955, 0.995994, 0.0883254)","(0.163861, -0.985742, -0.038232)","(-0.282996, -0.954946, 0.0893942)","(-0.138958, -0.952054, -0.27255)","(0.0890871, -0.970336, -0.224749)","(0.0456941, -0.978546, -0.200897)","(-0.0397566, -0.99499, -0.0917267)","(0.154603, -0.982686, 0.102113)","(0.233231, -0.97016, 0.0662738)",0
0.5,"(-0.00250322, -0.000882936, 3.58318e-05)","(0.0209551, 0.995596, 0.0913712)","(0.156009, -0.987559, -0.0196906)","(-0.283214, -0.952267, 0.113919)","(-0.122789, -0.970296, -0.208442)","(0.0765459, -0.983613, -0.163239)","(0.0567331, -0.970329, -0.235037)","(-0.0452966, -0.993959, -0.0999701)","(0.16599, -0.905437, 0.390681)","(0.245033, -0.907927, 0.34004)",0
0.533333,"(-0.00250322, -0.000882936, 3.58318e-05)","(0.028041, 0.993565, 0.10974)","(0.137817, -0.990415, 0.00916685)","(-0.285688, -0.947819, 0.141496)","(-0.103112, -0.986499, -0.127232)","(0.0645113, -0.994118, -0.0869922)","(0.0621767, -0.960256, -0.272108)","(-0.0608626, -0.991991, -0.110677)","(0.155121, -0.731604, 0.663847)","(0.252098, -0.778021, 0.575439)",0
0.566667,"(-0.00250322, -0.000882936, 3.58318e-05)","(0.0322987, 0.99028, 0.135289)","(0.124863, -0.991876, 0.0242975)","(-0.294532, -0.942297, 0.159144)","(-0.0869209, -0.992923, -0.0809281)","(0.0571837, -0.99755, -0.0402886)","(0.0679347, -0.951014, -0.30159)","(-0.0709528, -0.98672, -0.146115)","(0.143427, -0.783168, 0.605042)","(0.280196, -0.741467, 0.609686)",0
0.6,"(-0.0033712, -0.0032445, 5.53816e-05)","(0.0380553, 0.986924, 0.156629)","(0.115481, -0.99315, 0.0178196)","(-0.311076, -0.936986, 0.159027)","(-0.0701151, -0.992503, -0.100106)","(0.0490134, -0.997324, -0.0542481)","(0.0766248, -0.947601, -0.310129)","(-0.0726117, -0.981186, -0.178888)","(0.062041, -0.978574, 0.196327)","(0.307172, -0.831683, 0.462545)",0
0.633333,"(-0.00365112, -0.00545363, 5.02246e-05)","(0.0446663, 0.98442, 0.170066)","(0.112549, -0.993645, -0.00167065)","(-0.327934, -0.934846, 0.136096)","(-0.0541821, -0.987861, -0.145585)","(0.03617, -0.995754, -0.0846539)","(0.0943195, -0.957892, -0.271195)","(-0.0577052, -0.979495, -0.193027)","(-0.16956, -0.924558, -0.341236)","(0.297273, -0.914632, 0.274003)",0
0.666667,"(-0.00399501, -0.00854404, 4.71647e-05)","(0.0465496, 0.979429, 0.196348)","(0.0929938, -0.995638, -0.00751263)","(-0.334397, -0.935734, 0.112165)","(-0.0334939, -0.991558, -0.125266)","(0.0317019, -0.995468, -0.0896555)","(0.108762, -0.972618, -0.205391)","(-0.0393321, -0.980265, -0.193734)","(-0.472885, -0.863562, -0.175044)","(0.266814, -0.922008, 0.280557)",0
0.7,"(-0.0046037, -0.0119305, 4.28458e-05)","(0.0420193, 0.979602, 0.196504)","(0.071903, -0.997408, 0.00262421)","(-0.322921, -0.942154, 0.0898211)","(-0.0317786, -0.994894, -0.095794)","(0.0746144, -0.996268, -0.04339)","(0.107645, -0.978743, -0.174571)","(-0.0243832, -0.983034, -0.181798)","(-0.605856, -0.74266, 0.285298)","(0.238468, -0.843994, 0.480424)",0
0.733333,"(-0.00474774, -0.0166842, 3.75924e-05)","(0.0306536, 0.983045, 0.180784)","(0.0464441, -0.998875, 0.0095962)","(-0.298635, -0.950693, 0.0836647)","(-0.054756, -0.993108, -0.103623)","(0.160772, -0.986804, -0.0192359)","(0.111473, -0.973831, -0.198056)","(-0.0182072, -0.98522, -0.170323)","(-0.451175, -0.645739, 0.616005)","(0.199835, -0.733874, 0.649227)",0
0.766667,"(-0.00426899, -0.0205782, 3.26116e-05)","(0.00494857, 0.992235, 0.124275)","(0.0270312, -0.999326, 0.0248419)","(-0.276158, -0.957095, 0.0877793)","(-0.0876527, -0.987793, -0.128774)","(0.261363, -0.963087, 0.0644498)","(0.0776826, -0.975282, -0.206858)","(-0.0241927, -0.996038, -0.0855702)","(-0.343007, -0.784127, 0.517195)","(0.202134, -0.745221, 0.635442)",0
0.8,"(-0.00308059, -0.0227736, 2.57204e-05)","(-0.0325615, 0.993799, 0.106313)","(-0.00798572, -0.999533, 0.029501)","(-0.229736, -0.970274, 0.0760925)","(-0.0841389, -0.988212, -0.1279)","(0.322175, -0.939946, 0.112714)","(0.0474842, -0.989643, -0.135468)","(-0.0384711, -0.999222, -0.00866183)","(-0.275267, -0.912866, 0.301503)","(0.228145, -0.896747, 0.379203)",0
0.833333,"(-0.00308059, -0.0227736, 2.57204e-05)","(-0.066579, 0.989389, 0.129138)","(-0.0662161, -0.996747, 0.0459404)","(-0.208267, -0.977217, 0.040884)","(-0.0393027, -0.996708, -0.0709095)","(0.307419, -0.933812, 0.182998)","(0.0321685, -0.997566, -0.0618629)","(-0.0622778, -0.997225, 0.0407789)","(-0.235523, -0.96789, 0.0878474)","(0.210151, -0.976766, 0.0420121)",0
0.866667,"(0.000338864, -0.0238343, 9.49018e-06)","(-0.0728787, 0.982531, 0.171237)","(-0.114009, -0.990504, 0.0768319)","(-0.197947, -0.980206, -0.0035775)","(-0.0117316, -0.999875, -0.0105545)","(0.252505, -0.948634, 0.190615)","(0.0662186, -0.997135, -0.0365616)","(-0.0732232, -0.997288, 0.00740742)","(-0.245608, -0.968995, -0.0269182)","(0.12542, -0.976003, -0.178009)",0
0.9,"(0.00177373, -0.021641, 6.88694e-06)","(-0.0600076, 0.979007, 0.194794)","(-0.179298, -0.977387, 0.112105)","(-0.251984, -0.967222, -0.0313885)","(-0.0265617, -0.999628, 0.00623893)","(0.186778, -0.962164, 0.198379)","(0.13252, -0.989818, -0.0519573)","(-0.0585769, -0.997781, -0.0316517)","(-0.296551, -0.949621, -0.101378)","(-0.00654642, -0.973112, -0.230237)",0
0.933333,"(0.00189112, -0.018505, 3.92571e-06)","(-0.0386838, 0.979294, 0.198712)","(-0.214194, -0.967012, 0.13787)","(-0.291632, -0.9556, -0.0421935)","(-0.0582873, -0.998293, -0.00382975)","(0.148897, -0.967329, 0.205196)","(0.180031, -0.981414, -0.0664495)","(-0.033315, -0.997592, -0.0608365)","(-0.349664, -0.921494, -0.169069)","(-0.125482, -0.963732, -0.235532)",0
0.966667,"(0.000849509, -0.0139462, 1.13156e-06)","(-0.0151985, 0.978793, 0.204288)","(-0.275551, -0.954005, 0.118096)","(-0.334325, -0.941131, -0.0499938)","(-0.0696171, -0.997467, -0.0146159)","(0.105256, -0.96963, 0.22077)","(0.228341, -0.971495, -0.0637066)","(-0.0385244, -0.996409, -0.0754027)","(-0.371429, -0.903313, -0.214629)","(-0.200507, -0.957107, -0.209147)",0
1,"(-0.000445974, -0.00912747, 3.3807e-06)","(0.0180617, 0.976558, 0.214495)","(-0.306133, -0.948458, 0.0819145)","(-0.349067, -0.934695, -0.0670589)","(-0.0788909, -0.996881, 0.00221886)","(0.0410073, -0.956037, 0.290364)","(0.270487, -0.962179, -0.0323802)","(-0.0811515, -0.993317, -0.0820721)","(-0.302126, -0.92353, -0.236246)","(-0.231326, -0.951169, -0.204367)",0
1.03333,"(-0.00193439, -0.00469711, 1.98931e-06)","(0.0539201, 0.979301, 0.195097)","(-0.330348, -0.943751, -0.0142787)","(-0.36494, -0.926531, -0.0914217)","(-0.103534, -0.992922, 0.0581964)","(-0.00090026, -0.944988, 0.327104)","(0.295934, -0.955141, 0.0113535)","(-0.136621, -0.989507, -0.0470149)","(-0.202557, -0.952459, -0.227578)","(-0.241611, -0.946639, -0.213303)",0
1.06667,"(-0.00344079, -0.000945771, 1.10297e-06)","(0.0705982, 0.984675, 0.159471)","(-0.320166, -0.943906, -0.0808432)","(-0.309283, -0.942484, -0.126757)","(-0.131661, -0.980146, 0.148256)","(-0.0451476, -0.908043, 0.416437)","(0.254195, -0.965156, 0.0621221)","(-0.15426, -0.987913, 0.0152255)","(-0.101007, -0.958519, -0.266532)","(-0.277173, -0.916984, -0.286907)",0
1.1,"(-0.00400426, 0.00132838, -1.27754e-06)","(0.066535, 0.989119, 0.131215)","(-0.290172, -0.947674, -0.133097)","(-0.225006, -0.961222, -0.159451)","(-0.142885, -0.95915, 0.244163)","(-0.0303957, -0.882746, 0.468867)","(0.182071, -0.981305, 0.0623721)","(-0.153016, -0.986056, 0.0654134)","(-0.0550972, -0.941427, -0.332685)","(-0.297646, -0.888789, -0.348513)",0
1.13333,"(-0.00400426, 0.00132838, -1.27754e-06)","(0.0458481, 0.991353, 0.122955)","(-0.251147, -0.959106, -0.130543)","(-0.123547, -0.976274, -0.177837)","(-0.153174, -0.938206, 0.310334)","(0.00610371, -0.888905, 0.458052)","(0.10291, -0.992922, 0.0592974)","(-0.142, -0.986771, 0.0782196)","(-0.0082687, -0.914993, -0.403385)","(-0.302518, -0.862712, -0.40523)",0
1.16667,"(-0.00400426, 0.00132838, -1.27754e-06)","(0.0320796, 0.988882, 0.145199)","(-0.212565, -0.966939, -0.140871)","(-0.0810692, -0.978386, -0.190234)","(-0.161692, -0.930562, 0.328497)","(0.0263482, -0.896493, 0.442273)","(0.0867964, -0.995133, 0.0466604)","(-0.153664, -0.985698, 0.0691913)","(0.0580403, -0.906514, -0.418166)","(-0.284434, -0.851458, -0.440587)",0
1.2,"(-0.00381365, 0.00389513, -7.14603e-06)","(0.0177518, 0.985089, 0.17113)","(-0.174947, -0.971422, -0.160416)","(-0.0539404, -0.977698, -0.202969)","(-0.167049, -0.92809, 0.332783)","(0.0644971, -0.912228, 0.404575)","(0.0978626, -0.993102, 0.0645868)","(-0.168206, -0.984314, 0.0532184)","(0.119785, -0.91113, -0.394328)","(-0.265075, -0.843581, -0.467017)",0
1.23333,"(-0.00381365, 0.00389513, -7.14603e-06)","(0.00413483, 0.979459, 0.201603)","(-0.152895, -0.971026, -0.18366)","(-0.0346682, -0.976092, -0.214575)","(-0.152212, -0.930001, 0.334559)","(0.0840798, -0.924745, 0.371185)","(0.128572, -0.988729, 0.0767124)","(-0.183675, -0.982478, 0.0316263)","(0.168846, -0.919376, -0.355301)","(-0.250369, -0.819525, -0.515454)",0
1.26667,"(-0.0029735, 0.00614915, -6.98779e-06)","(-0.0116903, 0.97353, 0.228261)","(-0.137154, -0.969685, -0.202237)","(-0.017246, -0.97649, -0.214871)","(-0.125302, -0.931886, 0.340422)","(0.100088, -0.92985, 0.354064)","(0.153457, -0.986742, 0.0528261)","(-0.19181, -0.981432, -0.00043871)","(0.184414, -0.924134, -0.334615)","(-0.239394, -0.788787, -0.566132)",0
1.3,"(-0.00251185, 0.0040924, -8.915e-06)","(-0.0244349, 0.969872, 0.242387)","(-0.143813, -0.965779, -0.215844)","(-0.00740842, -0.978282, -0.207144)","(-0.0796982, -0.93478, 0.34617)","(0.113536, -0.926532, 0.358675)","(0.166727, -0.985915, 0.0131531)","(-0.194409, -0.980755, -0.0180356)","(0.195585, -0.918172, -0.344539)","(-0.235417, -0.75545, -0.611452)",0
1.33333,"(-0.00234252, -0.00044837, -1.02753e-05)","(-0.0312934, 0.970375, 0.239567)","(-0.152468, -0.961707, -0.227756)","(-0.00261556, -0.98058, -0.1961)","(-0.0345737, -0.934336, 0.354713)","(0.125742, -0.922748, 0.364316)","(0.175188, -0.984121, -0.028539)","(-0.195739, -0.980654, -0.00202307)","(0.190964, -0.903574, -0.383519)","(-0.232208, -0.756245, -0.611697)",0
1.36667,"(-0.00259269, -0.00560763, -1.19817e-05)","(-0.0351677, 0.972908, 0.228504)","(-0.163831, -0.95871, -0.232455)","(0.00485309, -0.981131, -0.193281)","(0.0117268, -0.935169, 0.354009)","(0.140205, -0.919755, 0.366597)","(0.180073, -0.982736, -0.0424715)","(-0.193526, -0.981045, -0.00990313)","(0.193813, -0.897061, -0.397138)","(-0.216226, -0.769793, -0.600555)",0
1.4,"(-0.00313538, -0.0106247, -1.28113e-05)","(-0.0373801, 0.975193, 0.218175)","(-0.166283, -0.9589, -0.229915)","(0.0106315, -0.98082, -0.194624)","(0.049308, -0.935657, 0.349449)","(0.154899, -0.916158, 0.369677)","(0.182181, -0.98218, -0.0461825)","(-0.186475, -0.981124, -0.0512116)","(0.195259, -0.899822, -0.390122)","(-0.183888, -0.769507, -0.611591)",0
1.43333,"(-0.00393597, -0.0152434, -1.2339e-05)","(-0.0382689, 0.97361, 0.224987)","(-0.165538, -0.961355, -0.219986)","(0.0156007, -0.979076, -0.202896)","(0.0973302, -0.937131, 0.335131)","(0.159068, -0.913208, 0.375165)","(0.182896, -0.982069, -0.0457091)","(-0.151777, -0.982363, -0.10921)","(0.209085, -0.905422, -0.369451)","(-0.119363, -0.692805, -0.711178)",0
1.46667,"(-0.00500904, -0.0178044, -1.03051e-05)","(-0.0389376, 0.969563, 0.241726)","(-0.157928, -0.962706, -0.219671)","(0.0192794, -0.978609, -0.204824)","(0.13279, -0.936572, 0.324344)","(0.151805, -0.911603, 0.382014)","(0.184314, -0.982799, -0.011562)","(-0.0873701, -0.98806, -0.126899)","(0.214329, -0.897301, -0.385894)","(-0.0809307, -0.574339, -0.814607)",0
1.5,"(-0.00500904, -0.0178044, -1.03051e-05)","(-0.0400115, 0.964102, 0.2625)","(-0.145915, -0.964636, -0.219512)","(0.0213762, -0.980644, -0.194627)","(0.145343, -0.939143, 0.311263)","(0.139746, -0.911064, 0.387858)","(0.181623, -0.98278, 0.0340027)","(-0.0341241, -0.995305, -0.0905739)","(0.230771, -0.881442, -0.412074)","(-0.0289844, -0.41615, -0.908834)",0
1.53333,"(-0.00742176, -0.0181546, -4.94267e-06)","(-0.0404715, 0.959416, 0.279075)","(-0.136518, -0.965624, -0.221208)","(0.0288055, -0.983391, -0.179201)","(0.122942, -0.947054, 0.296603)","(0.129167, -0.909059, 0.396142)","(0.179209, -0.980788, 0.0770654)","(0.0127439, -0.997971, -0.0623844)","(0.245888, -0.869072, -0.429247)","(-0.0145159, -0.349648, -0.936769)",0
1.56667,"(-0.00861354, -0.0156292, -2.46593e-06)","(-0.0406474, 0.953801, 0.297676)","(-0.131395, -0.969426, -0.20724)","(0.034848, -0.985275, -0.167388)","(0.0738217, -0.960307, 0.268999)","(0.126585, -0.904865, 0.406443)","(0.17581, -0.980304, 0.0899728)","(0.0151041, -0.994143, -0.107011)","(0.26009, -0.875779, -0.40665)","(0.0413443, -0.297378, -0.953864)",0
1.6,"(-0.0099932, -0.010769, -5.03706e-07)","(-0.0395082, 0.945148, 0.324245)","(-0.130129, -0.971478, -0.198233)","(0.0457232, -0.986024, -0.160205)","(0.0150432, -0.970963, 0.238755)","(0.131723, -0.900208, 0.41506)","(0.177054, -0.980112, 0.0896233)","(0.0159926, -0.983477, -0.180325)","(0.263276, -0.890023, -0.372216)","(0.091157, -0.284648, -0.954288)",0
1.63333,"(-0.0115587, -0.00455307, 1.27687e-06)","(-0.0376202, 0.934178, 0.354819)","(-0.129482, -0.973378, -0.189127)","(0.0622376, -0.986252, -0.153078)","(-0.0380959, -0.975368, 0.21727)","(0.149393, -0.896886, 0.416265)","(0.18122, -0.980259, 0.0790609)","(-0.029896, -0.981134, -0.191005)","(0.263552, -0.903053, -0.33917)","(0.171695, -0.246762, -0.953745)",0
1.66667,"(-0.0128248, 0.00201226, 1.7195e-06)","(-0.0352311, 0.928513, 0.369626)","(-0.130901, -0.972561, -0.19233)","(0.0817808, -0.987368, -0.135708)","(-0.0696699, -0.973847, 0.216258)","(0.159583, -0.893591, 0.419558)","(0.186468, -0.981403, 0.045589)","(-0.093471, -0.993806, 0.0601051)","(0.261431, -0.900569, -0.347316)","(0.256592, -0.313638, -0.914216)",0
1.7,"(-0.0139561, 0.00914365, -9.45362e-07)","(-0.0367819, 0.932135, 0.360238)","(-0.137416, -0.969403, -0.203406)","(0.10218, -0.986884, -0.12498)","(-0.0966912, -0.965828, 0.240473)","(0.160478, -0.887805, 0.431334)","(0.173869, -0.984767, 0.00199448)","(-0.170969, -0.925184, 0.338827)","(0.275685, -0.75854, -0.590437)","(0.2959, -0.537748, -0.789474)",0
1.73333,"(-0.0146554, 0.0135224, -4.47035e-06)","(-0.0418597, 0.944327, 0.326335)","(-0.142577, -0.969219, -0.200713)","(0.113383, -0.98554, -0.12592)","(-0.141378, -0.931345, 0.335574)","(0.153754, -0.888021, 0.433335)","(0.168245, -0.985215, -0.0323187)","(-0.2304, -0.82063, 0.522955)","(0.242304, -0.674343, -0.697531)","(0.234195, -0.773005, -0.58959)",0
1.76667,"(-0.0146554, 0.0135224, -4.47035e-06)","(-0.0610113, 0.959663, 0.274454)","(-0.134799, -0.98258, -0.127931)","(0.130684, -0.97825, -0.161086)","(-0.176296, -0.758071, 0.627892)","(0.174143, -0.912942, 0.369068)","(0.162894, -0.984705, -0.0618194)","(-0.294348, -0.825345, 0.481835)","(0.224198, -0.65814, -0.71874)","(0.115667, -0.943847, -0.309473)",0
1.8,"(-0.014667, 0.00996988, -1.36316e-05)","(-0.0763344, 0.970894, 0.227021)","(-0.131791, -0.990548, 0.0380198)","(0.139539, -0.972928, -0.18423)","(-0.157255, -0.419821, 0.89388)","(0.188192, -0.932611, 0.307929)","(0.179649, -0.980856, -0.0751448)","(-0.32339, -0.874956, 0.360376)","(0.219398, -0.837176, -0.501001)","(0.0159268, -0.977069, -0.212326)",0
1.83333,"(-0.0145368, 0.00353566, -1.59909e-05)","(-0.092039, 0.98256, 0.161572)","(-0.120508, -0.963806, 0.237813)","(0.137626, -0.970393, -0.198487)","(-0.10338, -0.0124279, 0.994564)","(0.209021, -0.942156, 0.262016)","(0.18434, -0.979739, -0.0782976)","(-0.318675, -0.924314, 0.209973)","(0.241949, -0.885184, -0.397379)","(-0.0647544, -0.987972, -0.140423)",0
1.86667,"(-0.0143659, -0.00383276, -1.49939e-05)","(-0.0938702, 0.987917, 0.123326)","(-0.137086, -0.907469, 0.397124)","(0.116727, -0.975965, -0.184032)","(-0.0715701, 0.243089, 0.96736)","(0.207479, -0.934936, 0.287832)","(0.189766, -0.979259, -0.0710036)","(-0.288038, -0.952017, 0.103426)","(0.260953, -0.891882, -0.369393)","(-0.134757, -0.968233, -0.210631)",0
1.9,"(-0.0143533, -0.0108573, -1.2201e-05)","(-0.0950926, 0.99275, 0.0735217)","(-0.149694, -0.847263, 0.509644)","(0.0859859, -0.981144, -0.173098)","(-0.0642332, 0.407436, 0.910972)","(0.198246, -0.936432, 0.28947)","(0.176508, -0.982344, -0.0620139)","(-0.271095, -0.959867, 0.0718481)","(0.292157, -0.871388, -0.394116)","(-0.189766, -0.954029, -0.231986)",0
1.93333,"(-0.0143826, -0.0159626, -1.05573e-05)","(-0.0938573, 0.993212, 0.0687039)","(-0.16695, -0.792685, 0.586326)","(0.039916, -0.985992, -0.161947)","(-0.051415, 0.46518, 0.883722)","(0.167916, -0.941191, 0.293195)","(0.1364, -0.989488, -0.0480388)","(-0.263416, -0.957357, 0.118661)","(0.328098, -0.840456, -0.43126)","(-0.220402, -0.941672, -0.254316)",0
1.96667,"(-0.0146908, -0.0187079, -4.50806e-06)","(-0.0914094, 0.994129, 0.0579031)","(-0.174489, -0.763395, 0.621917)","(-0.00441669, -0.985414, -0.170117)","(-0.0396774, 0.455143, 0.889534)","(0.126362, -0.956847, 0.261679)","(0.0776292, -0.996544, -0.0295724)","(-0.255374, -0.92344, 0.286431)","(0.358404, -0.801364, -0.478918)","(-0.248616, -0.938469, -0.239722)",0
2,"(-0.0146908, -0.0187079, -4.50806e-06)","(-0.0880705, 0.993526, 0.0717619)","(-0.175869, -0.741596, 0.647383)","(-0.0485938, -0.982927, -0.177462)","(-0.0128439, 0.433785, 0.900925)","(0.0803635, -0.966166, 0.245081)","(0.0277969, -0.999577, -0.00850159)","(-0.248752, -0.887749, 0.387329)","(0.308512, -0.710381, -0.632598)","(-0.261165, -0.933542, -0.245546)",0
2.03333,"(-0.0146908, -0.0187079, -4.50806e-06)","(-0.0789983, 0.99345, 0.0825627)","(-0.184342, -0.734036, 0.653612)","(-0.0791319, -0.984436, -0.156919)","(0.0157612, 0.414932, 0.909716)","(0.0531969, -0.968011, 0.245203)","(-0.00151587, -0.999998, 0.00122287)","(-0.254172, -0.889144, 0.38055)","(0.217282, -0.550257, -0.806229)","(-0.251027, -0.925684, -0.28301)",0
2.06667,"(-0.017359, -0.0187487, 9.88577e-06)","(-0.0655189, 0.992341, 0.104724)","(-0.199038, -0.726974, 0.657185)","(-0.0897021, -0.988576, -0.121122)","(0.0389144, 0.376779, 0.925485)","(0.0757683, -0.955455, 0.285246)","(-0.0260655, -0.999551, 0.0147619)","(-0.270238, -0.935872, 0.226085)","(0.11133, -0.384494, -0.91639)","(-0.211865, -0.911178, -0.353366)",0
2.1,"(-0.0187659, -0.0160227, 1.4602e-05)","(-0.0453181, 0.988013, 0.147569)","(-0.19862, -0.764739, 0.612963)","(-0.0792231, -0.991338, -0.104747)","(0.0399523, 0.339487, 0.939762)","(0.129138, -0.941868, 0.310173)","(-0.0149457, -0.999837, -0.0101115)","(-0.277361, -0.953374, 0.118953)","(0.0169592, -0.292883, -0.955998)","(-0.18636, -0.895482, -0.404205)",0
2.13333,"(-0.0199821, -0.0103894, 1.59865e-05)","(-0.0292612, 0.980983, 0.191878)","(-0.184874, -0.822669, 0.537622)","(-0.0441744, -0.991204, -0.12475)","(0.0203217, 0.256361, 0.966367)","(0.197356, -0.922336, 0.332185)","(0.0115408, -0.99609, 0.0875844)","(-0.275604, -0.959135, 0.0640493)","(-0.057402, -0.310253, -0.948919)","(-0.173799, -0.898622, -0.40283)",0
2.16667,"(-0.0210293, -0.00296398, 1.26456e-05)","(-0.0168073, 0.974005, 0.225901)","(-0.164227, -0.871918, 0.461291)","(0.00164083, -0.989171, -0.14676)","(-0.00254233, 0.121188, 0.992626)","(0.223971, -0.912682, 0.341832)","(0.0845956, -0.959245, 0.269617)","(-0.267297, -0.962873, 0.0378019)","(-0.146599, -0.411943, -0.89934)","(-0.176635, -0.903161, -0.391281)",0
2.2,"(-0.0221108, 0.00596434, 5.84172e-06)","(-0.00599687, 0.971993, 0.234934)","(-0.164288, -0.9086, 0.384)","(0.0554949, -0.984055, -0.168987)","(-0.0414001, -0.0957434, 0.994545)","(0.247909, -0.895374, 0.369927)","(0.120473, -0.880234, 0.458993)","(-0.247163, -0.968825, 0.0169926)","(-0.141094, -0.612041, -0.778138)","(-0.163065, -0.909488, -0.382415)",0
2.23333,"(-0.023045, 0.0139464, -5.16379e-06)","(0.0199572, 0.9696, 0.243878)","(-0.200421, -0.961837, 0.186283)","(0.0889189, -0.980532, -0.175072)","(-0.109511, -0.459614, 0.881341)","(0.257738, -0.882909, 0.392484)","(0.16649, -0.832502, 0.528414)","(-0.225323, -0.974273, 0.0046411)","(-0.0870338, -0.851882, -0.516451)","(-0.157135, -0.911282, -0.380622)",0
2.26667,"(-0.0236202, 0.0188398, -1.68079e-05)","(0.0487218, 0.969665, 0.239534)","(-0.22039, -0.971984, -0.0816989)","(0.0901651, -0.978051, -0.187845)","(-0.179339, -0.749078, 0.637746)","(0.283263, -0.85882, 0.426837)","(0.196544, -0.852143, 0.484997)","(-0.209959, -0.977709, 0.00121097)","(0.0189179, -0.948849, -0.315163)","(-0.149363, -0.926493, -0.3454)",0
2.3,"(-0.0236202, 0.0188398, -1.68079e-05)","(0.0744532, 0.978291, 0.1934)","(-0.226541, -0.935645, -0.270642)","(0.0722797, -0.994095, -0.0809333)","(-0.199545, -0.887305, 0.415779)","(0.282458, -0.691403, 0.664966)","(0.240624, -0.888376, 0.391009)","(-0.204769, -0.978784, 0.00718602)","(0.118308, -0.973982, -0.193294)","(-0.169692, -0.931497, -0.321743)",0
2.33333,"(-0.0242285, 0.0128756, -2.45395e-05)","(0.0800438, 0.987812, 0.133495)","(-0.209936, -0.936902, -0.279539)","(0.0566355, -0.996036, 0.0685986)","(-0.175731, -0.915764, 0.361241)","(0.251057, -0.368617, 0.895037)","(0.265317, -0.931509, 0.248795)","(-0.202678, -0.979076, 0.0182196)","(0.201584, -0.956186, -0.212304)","(-0.203264, -0.921554, -0.33079)",0
2.36667,"(-0.0234221, 0.00230346, -2.19878e-05)","(0.080686, 0.992752, 0.0890722)","(-0.196449, -0.957443, -0.211451)","(0.0488674, -0.962958, 0.265188)","(-0.129891, -0.928025, 0.349139)","(0.164598, 0.0800463, 0.983107)","(0.268523, -0.952207, 0.145591)","(-0.189431, -0.981875, 0.00613122)","(0.267852, -0.939665, -0.212803)","(-0.240391, -0.869532, -0.431423)",0
2.4,"(-0.0219391, -0.00830671, -1.40165e-05)","(0.0749639, 0.995072, 0.0648934)","(-0.184486, -0.970529, -0.155042)","(0.0510463, -0.915613, 0.398807)","(-0.0807961, -0.947529, 0.309291)","(0.132047, 0.344314, 0.929522)","(0.259381, -0.962655, 0.0775657)","(-0.177243, -0.984037, -0.0160269)","(0.298268, -0.933659, -0.198287)","(-0.263013, -0.821228, -0.506368)",0
2.43333,"(-0.0202531, -0.0181354, -7.22543e-06)","(0.0683884, 0.996286, 0.0523241)","(-0.181728, -0.977286, -0.10903)","(0.0624199, -0.873385, 0.483015)","(-0.0363348, -0.954674, 0.295429)","(0.0955802, 0.493715, 0.864355)","(0.247709, -0.964494, 0.0916084)","(-0.184265, -0.981751, -0.0470321)","(0.29726, -0.933197, -0.201939)","(-0.255663, -0.776184, -0.576346)",0
2.46667,"(-0.0183169, -0.0258609, -3.22377e-07)","(0.0610785, 0.997701, 0.0293517)","(-0.177659, -0.980526, -0.0837031)","(0.0594128, -0.847985, 0.52668)","(-0.00414705, -0.960353, 0.278757)","(0.0724156, 0.536176, 0.840994)","(0.239194, -0.968881, 0.0636879)","(-0.203087, -0.977693, -0.0535864)","(0.287122, -0.936328, -0.202114)","(-0.241218, -0.771676, -0.588498)",0
2.5,"(-0.0162599, -0.0290505, 2.86279e-06)","(0.0565261, 0.997889, 0.0319882)","(-0.171745, -0.981542, -0.0841409)","(0.0451094, -0.830445, 0.555271)","(0.0428827, -0.954772, 0.294232)","(0.0510106, 0.513604, 0.85651)","(0.232961, -0.970199, 0.066661)","(-0.221559, -0.973565, -0.0555159)","(0.275419, -0.936485, -0.217116)","(-0.222884, -0.759164, -0.611549)",0
2.53333,"(-0.0162599, -0.0290505, 2.86279e-06)","(0.0591311, 0.997214, 0.045466)","(-0.165228, -0.981975, -0.0917865)","(0.0199616, -0.815635, 0.578222)","(0.0595131, -0.94233, 0.329352)","(0.0376364, 0.466562, 0.883687)","(0.227564, -0.972332, 0.0527716)","(-0.221824, -0.972209, -0.0748518)","(0.273623, -0.937469, -0.215132)","(-0.206084, -0.728368, -0.65346)",0
2.56667,"(-0.0135707, -0.0290619, -1.0499e-05)","(0.0638361, 0.993299, 0.0963472)","(-0.160673, -0.979263, -0.1234)","(0.00855184, -0.818989, 0.573745)","(0.0504831, -0.92815, 0.368766)","(0.0220937, 0.431451, 0.901866)","(0.221968, -0.972552, 0.0698049)","(-0.187813, -0.977429, -0.0967398)","(0.27031, -0.938811, -0.213461)","(-0.171749, -0.594991, -0.785168)",0
2.6,"(-0.0135707, -0.0290619, -1.0499e-05)","(0.0704311, 0.985532, 0.15416)","(-0.155771, -0.973127, -0.169586)","(-0.000860247, -0.85597, 0.517025)","(-0.0289305, -0.919222, 0.392677)","(-0.00170515, 0.354414, 0.935087)","(0.206914, -0.974358, 0.0883906)","(-0.141622, -0.989536, -0.027599)","(0.280378, -0.932129, -0.229179)","(-0.172686, -0.27126, -0.946888)",0
2.63333,"(-0.0111579, -0.0277456, -2.69352e-05)","(0.0771868, 0.977671, 0.19545)","(-0.157815, -0.962949, -0.218684)","(-0.0113231, -0.892669, 0.45057)","(-0.133781, -0.91112, 0.389825)","(-0.0368207, 0.255209, 0.966184)","(0.186388, -0.979979, 0.0700108)","(-0.0741645, -0.978284, 0.193546)","(0.283127, -0.915741, -0.285058)","(-0.218536, 0.0831119, -0.972283)",0
2.66667,"(-0.0111579, -0.0277456, -2.69352e-05)","(0.0823929, 0.974894, 0.206864)","(-0.183988, -0.950587, -0.250064)","(-0.0109454, -0.91152, 0.41111)","(-0.235429, -0.892188, 0.385453)","(-0.0882988, 0.0734598, 0.993382)","(0.167454, -0.984066, 0.059775)","(-0.0503834, -0.934992, 0.351072)","(0.284812, -0.903252, -0.320964)","(-0.283328, 0.3011, -0.91053)",0
2.7,"(-0.00730616, -0.0250922, -3.08205e-05)","(0.0863459, 0.970681, 0.224329)","(-0.230201, -0.933577, -0.274665)","(-0.0088607, -0.928838, 0.370379)","(-0.319502, -0.878365, 0.355518)","(-0.131891, -0.157749, 0.978632)","(0.157302, -0.986461, 0.046377)","(-0.0520248, -0.913624, 0.403218)","(0.277254, -0.902628, -0.329231)","(-0.313689, 0.262915, -0.912401)",0
2.73333,"(-0.00415759, -0.0222057, -2.72427e-05)","(0.0819442, 0.967358, 0.239801)","(-0.294081, -0.912245, -0.285176)","(0.00463545, -0.974947, 0.22239)","(-0.389782, -0.870192, 0.301388)","(-0.107424, -0.523069, 0.845494)","(0.149496, -0.987461, 0.0507051)","(-0.069371, -0.974531, 0.213254)","(0.270357, -0.925452, -0.265418)","(-0.18149, 0.0340583, -0.982803)",0
2.76667,"(-0.000625157, -0.0184767, -2.42294e-05)","(0.0740788, 0.963717, 0.256442)","(-0.350084, -0.8923, -0.285029)","(0.0121719, -0.999118, 0.0401951)","(-0.480935, -0.834971, 0.267439)","(-0.0392709, -0.798967, 0.600092)","(0.138567, -0.987776, 0.0713936)","(-0.0693943, -0.997536, 0.0103518)","(0.25399, -0.949959, -0.181845)","(-0.0367314, -0.313545, -0.948863)",0
2.8,"(0.00302638, -0.0143251, -1.84352e-05)","(0.0622042, 0.975605, 0.210537)","(-0.407234, -0.894235, -0.185752)","(0.0248541, -0.992698, -0.118037)","(-0.555731, -0.746657, 0.365606)","(0.031882, -0.931722, 0.36177)","(0.117933, -0.98996, 0.0779227)","(-0.0681629, -0.980807, 0.182677)","(0.234124, -0.959437, -0.157054)","(0.114768, -0.649224, -0.751889)",0
2.83333,"(0.00676631, -0.0111555, -1.01016e-05)","(0.0478229, 0.991504, 0.120965)","(-0.439692, -0.897757, 0.0265225)","(0.0262977, -0.987028, -0.15838)","(-0.552719, -0.566216, 0.611475)","(0.0583035, -0.956033, 0.287407)","(0.0964411, -0.991751, 0.0844307)","(-0.0937834, -0.854995, 0.510087)","(0.228216, -0.953423, -0.197234)","(0.134214, -0.841758, -0.522905)",0
2.86667,"(0.00979238, -0.0114191, -4.97285e-07)","(0.0243134, 0.999096, 0.0348739)","(-0.441895, -0.796998, 0.411732)","(0.0215383, -0.986364, -0.163164)","(-0.351365, -0.31954, 0.880021)","(0.0949093, -0.972663, 0.211942)","(0.0649789, -0.99561, 0.0673639)","(-0.121839, -0.661998, 0.739536)","(0.253885, -0.925769, -0.280168)","(0.149929, -0.936824, -0.316042)",1
2.9,"(0.0120793, -0.0136805, 4.10101e-06)","(-0.00319723, 0.999493, 0.0316859)","(-0.383819, -0.470248, 0.794701)","(0.0206035, -0.979148, -0.2021)","(0.0110454, -0.0365513, 0.999271)","(0.135297, -0.968091, 0.210936)","(0.0466626, -0.998003, 0.0425669)","(-0.162768, -0.801594, 0.575286)","(0.277667, -0.900621, -0.334339)","(0.151288, -0.969313, -0.193762)",0
2.93333,"(0.013796, -0.01799, 6.73047e-06)","(-0.034978, 0.998058, 0.0515382)","(-0.222673, -0.0902013, 0.970711)","(0.0110268, -0.985407, -0.169856)","(0.38311, 0.257166, 0.887182)","(0.182087, -0.956071, 0.229725)","(0.0438215, -0.999023, 0.00564547)","(-0.164722, -0.931187, 0.325203)","(0.259761, -0.897798, -0.355645)","(0.135328, -0.966552, -0.217863)",0
2.96667,"(0.0150114, -0.0253101, 5.68597e-06)","(-0.0551458, 0.996591, 0.0613625)","(-0.0572772, 0.328009, 0.942937)","(-0.0074956, -0.991988, -0.126107)","(0.63521, 0.467803, 0.614548)","(0.191145, -0.937814, 0.289774)","(0.0658684, -0.997645, -0.0191211)","(-0.134379, -0.985548, 0.103141)","(0.202558, -0.910411, -0.360724)","(0.12071, -0.951946, -0.281474)",0
3,"(0.0156703, -0.0331235, -1.98466e-06)","(-0.064958, 0.997004, 0.0419841)","(0.0849489, 0.695396, 0.713588)","(-0.0402857, -0.998094, -0.0467579)","(0.75961, 0.643509, 0.0942833)","(0.180608, -0.948113, 0.261652)","(0.0859068, -0.995699, -0.0347058)","(-0.110992, -0.993482, 0.0259716)","(0.149568, -0.914288, -0.37644)","(0.0911418, -0.911703, -0.400613)",0
3.03333,"(0.0157507, -0.0412421, -9.51065e-06)","(-0.0598698, 0.997222, 0.0443183)","(0.129553, 0.952483, 0.275666)","(-0.064845, -0.997205, -0.0371006)","(0.686137, 0.61085, -0.395068)","(0.13065, -0.972346, 0.193583)","(0.0997971, -0.99442, -0.0342098)","(-0.0991947, -0.995058, 0.00451331)","(0.132704, -0.898462, -0.418515)","(0.0806964, -0.881441, -0.465349)",0
3.06667,"(0.015422, -0.0496029, -1.31898e-05)","(-0.051329, 0.996936, 0.0590217)","(0.108613, 0.993353, -0.0381231)","(-0.0775538, -0.994497, -0.0704412)","(0.514296, 0.505837, -0.692552)","(0.0850476, -0.989902, 0.11341)","(0.102216, -0.993897, -0.0414737)","(-0.0963224, -0.995285, -0.0114096)","(0.139586, -0.851057, -0.50618)","(0.0818927, -0.828841, -0.553458)",0
3.1,"(0.0150573, -0.0582426, -1.48584e-05)","(-0.0413208, 0.996425, 0.0736905)","(0.0784467, 0.977815, -0.194226)","(-0.0804593, -0.989488, -0.120166)","(0.47448, 0.477446, -0.739536)","(0.0542771, -0.997097, 0.0534055)","(0.0994041, -0.994129, -0.0427474)","(-0.0947292, -0.99534, -0.0180476)","(0.15591, -0.814668, -0.558576)","(0.0899825, -0.792476, -0.603229)",0
3.13333,"(0.0145756, -0.0640067, -1.69144e-05)","(-0.0277556, 0.996372, 0.0804541)","(0.0460919, 0.955789, -0.290418)","(-0.0820225, -0.980959, -0.176045)","(0.447899, 0.451963, -0.771437)","(0.0373276, -0.999246, -0.0106533)","(0.0879568, -0.994989, -0.0475386)","(-0.0950935, -0.995204, -0.0229554)","(0.181267, -0.773519, -0.607298)","(0.0982309, -0.772079, -0.627889)",0
3.16667,"(0.0140381, -0.0684768, -1.83747e-05)","(-0.010085, 0.997417, 0.0711135)","(0.00252675, 0.921139, -0.389226)","(-0.0791565, -0.9715, -0.223434)","(0.417888, 0.420827, -0.805155)","(0.00665254, -0.996112, -0.0878451)","(0.0759589, -0.99599, -0.0472737)","(-0.0956681, -0.995195, -0.0208267)","(0.209611, -0.766153, -0.607514)","(0.103067, -0.776678, -0.621409)",0
3.2,"(0.0134263, -0.0706744, -1.89017e-05)","(0.00861593, 0.998, 0.0626188)","(-0.0893949, 0.908319, -0.408614)","(-0.0828588, -0.957278, -0.277042)","(0.408646, 0.385955, -0.827071)","(-0.0333024, -0.98818, -0.149637)","(0.0668486, -0.996413, -0.0518981)","(-0.0973715, -0.994959, -0.0239664)","(0.231337, -0.762727, -0.603929)","(0.0994017, -0.784604, -0.611978)",0
3.23333,"(0.0134263, -0.0706744, -1.89017e-05)","(0.0246984, 0.997136, 0.0714777)","(-0.200479, 0.895021, -0.398428)","(-0.0805011, -0.938659, -0.33532)","(0.400532, 0.346064, -0.848418)","(-0.0796553, -0.986658, -0.141991)","(0.062698, -0.996012, -0.0634803)","(-0.0994732, -0.994461, -0.0339415)","(0.24248, -0.773196, -0.58598)","(0.0944755, -0.800963, -0.591212)",0
3.26667,"(0.0134263, -0.0706744, -1.89017e-05)","(0.0350507, 0.995713, 0.0855937)","(-0.309897, 0.867568, -0.38896)","(-0.085994, -0.924484, -0.371394)","(0.379984, 0.320033, -0.867866)","(-0.0966322, -0.988831, -0.113473)","(0.0591409, -0.995699, -0.0713096)","(-0.100276, -0.994001, -0.0436728)","(0.242345, -0.775941, -0.582395)","(0.086834, -0.811437, -0.577953)",0
3.3,"(0.0115396, -0.0722073, -1.54415e-05)","(0.0418982, 0.994842, 0.0923743)","(-0.372232, 0.81755, -0.439379)","(-0.0833941, -0.924467, -0.37203)","(0.374504, 0.276271, -0.885111)","(-0.112589, -0.990494, -0.0790269)","(0.0574595, -0.995688, -0.0728276)","(-0.100138, -0.993703, -0.0502617)","(0.242107, -0.781465, -0.575063)","(0.0837926, -0.817029, -0.570476)",0
3.33333,"(0.0115396, -0.0722073, -1.54415e-05)","(0.0442302, 0.994559, 0.0943238)","(-0.514772, 0.785368, -0.343812)","(-0.07552, -0.952339, -0.295546)","(0.564879, 0.264849, -0.781515)","(-0.0742785, -0.997169, -0.011684)","(0.0576956, -0.994833, -0.0835422)","(-0.0974626, -0.99343, -0.0599895)","(0.233139, -0.78099, -0.579397)","(0.0777311, -0.815187, -0.573958)",0
3.36667,"(0.0115396, -0.0722073, -1.54415e-05)","(0.046293, 0.993655, 0.102499)","(-0.78714, 0.612694, 0.0708271)","(-0.0413989, -0.974647, -0.219885)","(0.883733, 0.37073, -0.285613)","(-0.0331061, -0.998574, 0.0418858)","(0.0578362, -0.99345, -0.0985517)","(-0.0919451, -0.993235, -0.0709246)","(0.224559, -0.774916, -0.590828)","(0.0750399, -0.815044, -0.57452)",0
3.4,"(0.0108328, -0.0676404, 2.52929e-06)","(0.0493141, 0.994744, 0.089731)","(-0.859191, 0.0409469, 0.510014)","(0.0186471, -0.991927, -0.125433)","(0.770913, 0.465572, 0.434667)","(0.0084782, -0.9944, 0.105344)","(0.0641877, -0.994839, -0.078589)","(-0.0875731, -0.99614, 0.00608037)","(0.209597, -0.752797, -0.623992)","(0.0734673, -0.837093, -0.542104)",1
3.43333,"(0.0108243, -0.064145, 6.50876e-06)","(0.0517454, 0.995995, 0.0729194)","(-0.642798, -0.487342, 0.591023)","(0.106817, -0.991067, -0.0798464)","(0.350843, 0.477399, 0.805605)","(0.0123137, -0.979469, 0.201219)","(0.0742585, -0.99575, -0.0544813)","(-0.0816022, -0.994885, 0.0595363)","(0.199483, -0.738337, -0.644255)","(0.0696827, -0.850781, -0.52088)",0
3.46667,"(0.0106399, -0.0608811, 9.03728e-06)","(0.0541037, 0.994483, 0.089866)","(-0.536813, -0.754657, 0.37726)","(0.147665, -0.985356, 0.0852596)","(-0.0592924, 0.473494, 0.878799)","(0.0496547, -0.827563, 0.559173)","(0.0853374, -0.995789, 0.0334992)","(-0.0670492, -0.99165, 0.110158)","(0.191075, -0.738627, -0.646467)","(0.054956, -0.852102, -0.520483)",0
3.5,"(0.0101852, -0.0571113, 1.09165e-05)","(0.0543773, 0.989574, 0.133367)","(-0.395082, -0.908027, 0.139274)","(0.148249, -0.954736, 0.257878)","(-0.473939, 0.10491, 0.874286)","(0.0850385, -0.399982, 0.912569)","(0.0912833, -0.992453, 0.0818836)","(-0.0433614, -0.997253, 0.0600508)","(0.181972, -0.720386, -0.669276)","(0.0540789, -0.816897, -0.574242)",0
3.53333,"(0.00963619, -0.0539376, 8.59081e-06)","(0.0573565, 0.983799, 0.169853)","(-0.258945, -0.963062, -0.07388)","(0.110251, -0.899468, 0.422851)","(-0.635932, -0.377526, 0.673101)","(0.0904714, 0.152335, 0.984179)","(0.0859956, -0.958208, 0.272841)","(-0.0137439, -0.999078, 0.0406755)","(0.17022, -0.754349, -0.634021)","(0.0527874, -0.788968, -0.612162)",0
3.56667,"(0.00845246, -0.0506483, 5.04301e-06)","(0.0550542, 0.983975, 0.169592)","(-0.133041, -0.970276, -0.202149)","(0.156929, -0.84688, 0.508102)","(-0.47652, -0.741457, 0.472409)","(0.0241736, 0.436188, 0.899531)","(0.0531055, -0.936271, 0.34724)","(0.00097603, -0.999975, 0.00699283)","(0.0989224, -0.790258, -0.604737)","(0.0666852, -0.780591, -0.621474)",0
3.6,"(0.00657418, -0.0482653, 4.97507e-06)","(0.052444, 0.986824, 0.153063)","(-0.0659508, -0.96924, -0.237117)","(0.325978, -0.714603, 0.618935)","(-0.243192, -0.882913, 0.401649)","(-0.110714, 0.598919, 0.79312)","(-0.00637858, -0.942873, 0.333092)","(0.00467901, -0.999145, -0.0410857)","(-0.0206134, -0.869015, -0.494355)","(0.0729978, -0.807546, -0.58527)",0
3.63333,"(0.00441583, -0.0458577, 5.19254e-06)","(0.0504141, 0.988825, 0.140295)","(-0.00293833, -0.967947, -0.251139)","(0.596287, -0.403379, 0.694065)","(-0.0923206, -0.934714, 0.3432)","(-0.43028, 0.734418, 0.524871)","(-0.0833652, -0.990497, 0.109392)","(-0.0012707, -0.995209, -0.0977611)","(-0.170943, -0.875006, -0.452927)","(0.0905826, -0.835705, -0.541657)",0
3.66667,"(0.00226033, -0.0425783, 5.92759e-06)","(0.0553561, 0.990879, 0.122857)","(0.0507868, -0.967035, -0.249526)","(0.747267, -0.0353019, 0.663586)","(-0.0184396, -0.954889, 0.296391)","(-0.714038, 0.68918, 0.123213)","(-0.152782, -0.986843, -0.0529099)","(-0.00305632, -0.990488, -0.137568)","(-0.287321, -0.864083, -0.413289)","(0.120832, -0.855085, -0.504211)",0
3.7,"(-0.000558615, -0.039799, 5.15896e-06)","(0.0611067, 0.990122, 0.126191)","(0.0690668, -0.967327, -0.243945)","(0.791997, 0.151364, 0.591464)","(-0.097182, -0.969612, 0.224516)","(-0.830997, 0.535324, -0.151236)","(-0.216724, -0.969973, -0.110374)","(-0.00267296, -0.990866, -0.134823)","(-0.36765, -0.848607, -0.380395)","(0.163837, -0.869094, -0.466726)",0
3.73333,"(-0.00340043, -0.0381328, 7.6804e-06)","(0.0667712, 0.989162, 0.130764)","(0.0382306, -0.971235, -0.235033)","(0.783826, 0.131312, 0.606938)","(-0.220037, -0.955783, 0.195096)","(-0.886008, 0.455799, 0.0850734)","(-0.260695, -0.961619, -0.0855967)","(0.000440383, -0.99327, -0.115821)","(-0.419457, -0.842853, -0.337127)","(0.201871, -0.873704, -0.442594)",0
3.76667,"(-0.00600506, -0.0366792, 1.04642e-05)","(0.0715342, 0.988172, 0.135642)","(-0.0138563, -0.9721, -0.234156)","(0.765712, 0.00718263, 0.643143)","(-0.376019, -0.901998, 0.212155)","(-0.808898, 0.421766, 0.409631)","(-0.288287, -0.955156, -0.0675867)","(0.00377631, -0.994627, -0.103455)","(-0.44288, -0.847773, -0.291783)","(0.223371, -0.876963, -0.42549)",0
3.8,"(-0.00825598, -0.0353884, 1.29857e-05)","(0.0724384, 0.989544, 0.124717)","(-0.0642926, -0.995384, -0.0712593)","(0.722909, -0.102032, 0.683368)","(-0.486029, -0.720184, 0.495087)","(-0.612167, 0.43445, 0.660685)","(-0.29707, -0.95441, -0.0291743)","(0.023102, -0.994182, -0.10521)","(-0.442719, -0.85208, -0.279213)","(0.210762, -0.871708, -0.442385)",0
3.83333,"(-0.0103901, -0.0355982, 1.00841e-05)","(0.0675454, 0.991814, 0.108364)","(-0.135604, -0.975049, 0.17576)","(0.693584, -0.178695, 0.69786)","(-0.337978, -0.35194, 0.872874)","(-0.452502, 0.505621, 0.734567)","(-0.308003, -0.951017, 0.0264874)","(0.0417838, -0.99263, -0.113751)","(-0.421096, -0.859732, -0.28903)","(0.200568, -0.863474, -0.4628)",0
3.86667,"(-0.0103901, -0.0355982, 1.00841e-05)","(0.0527556, 0.99459, 0.0894874)","(-0.144997, -0.880247, 0.45182)","(0.640284, -0.316336, 0.699978)","(0.117166, 0.126179, 0.985064)","(-0.272348, 0.611119, 0.743209)","(-0.310601, -0.94732, 0.0781787)","(0.0703691, -0.992262, -0.102299)","(-0.397445, -0.861353, -0.316399)","(0.189718, -0.857772, -0.477738)",0
3.9,"(-0.0126727, -0.0361977, 5.651e-06)","(0.0355672, 0.996061, 0.0812213)","(0.0390556, -0.751005, 0.659141)","(0.5628, -0.444101, 0.697159)","(0.550835, 0.315599, 0.772643)","(-0.116731, 0.65121, 0.749866)","(-0.307856, -0.947104, 0.0906535)","(0.083899, -0.994445, -0.0635616)","(-0.381118, -0.848795, -0.366464)","(0.189642, -0.845472, -0.499212)",0
3.93333,"(-0.0126727, -0.0361977, 5.651e-06)","(0.0204687, 0.997214, 0.0717255)","(0.351858, -0.580595, 0.734238)","(0.439894, -0.597377, 0.670548)","(0.78195, 0.318184, 0.536015)","(0.0267399, 0.636193, 0.771067)","(-0.295713, -0.952516, 0.0725759)","(0.10397, -0.994483, -0.0139237)","(-0.372312, -0.834842, -0.40549)","(0.177737, -0.839356, -0.513703)",0
3.96667,"(-0.0126727, -0.0361977, 5.651e-06)","(0.00942233, 0.997584, 0.0688298)","(0.611968, -0.374069, 0.696827)","(0.3829, -0.645682, 0.660668)","(0.886614, 0.225461, 0.403834)","(0.0842213, 0.565982, 0.820105)","(-0.283968, -0.957762, 0.0453246)","(0.11787, -0.992506, 0.0322382)","(-0.359999, -0.828749, -0.428457)","(0.159477, -0.835587, -0.525701)",0
4,"(-0.0134831, -0.0340491, 2.62368e-06)","(-0.00269679, 0.998197, 0.0599586)","(0.714706, -0.30426, 0.629779)","(0.348898, -0.684179, 0.640444)","(0.930399, 0.148335, 0.335194)","(0.118999, 0.505747, 0.854435)","(-0.275534, -0.960948, 0.0256821)","(0.137083, -0.987643, 0.0759597)","(-0.345643, -0.831008, -0.43584)","(0.140225, -0.839654, -0.524707)",0
4.03333,"(-0.0134831, -0.0340491, 2.62368e-06)","(-0.0147455, 0.998229, 0.0576284)","(0.735672, -0.306992, 0.603774)","(0.330257, -0.70067, 0.632449)","(0.950629, 0.133636, 0.280083)","(0.133476, 0.495454, 0.858318)","(-0.263861, -0.964473, 0.0129614)","(0.145937, -0.983063, 0.110857)","(-0.34041, -0.830831, -0.440274)","(0.131693, -0.851923, -0.506837)",0
4.06667,"(-0.0149567, -0.0326652, 4.11714e-06)","(-0.0199773, 0.99816, 0.0572495)","(0.715777, -0.324374, 0.618421)","(0.29481, -0.719689, 0.628598)","(0.936746, 0.197996, 0.288626)","(0.1595, 0.501057, 0.850589)","(-0.251858, -0.967742, 0.00652073)","(0.147811, -0.980277, 0.131184)","(-0.334335, -0.828698, -0.448865)","(0.135006, -0.859364, -0.493222)",0
4.1,"(-0.0149567, -0.0326652, 4.11714e-06)","(-0.0177949, 0.99806, 0.0596575)","(0.678216, -0.322956, 0.660093)","(0.248916, -0.701593, 0.667689)","(0.901436, 0.286405, 0.32463)","(0.158441, 0.536129, 0.829133)","(-0.237642, -0.971352, -0.00124539)","(0.141787, -0.979098, 0.145818)","(-0.31799, -0.83191, -0.454761)","(0.151879, -0.869192, -0.470572)",0
4.13333,"(-0.0177764, -0.0324981, 4.0183e-06)","(-0.0205217, 0.997738, 0.0640101)","(0.647099, -0.279047, 0.709504)","(0.174359, -0.646619, 0.742619)","(0.84348, 0.391687, 0.367591)","(0.100933, 0.584899, 0.804802)","(-0.227734, -0.973667, -0.0104515)","(0.133338, -0.982153, 0.132649)","(-0.289557, -0.84727, -0.445298)","(0.169835, -0.879408, -0.444745)",0
4.16667,"(-0.0202367, -0.0332761, 6.0578e-06)","(-0.0130501, 0.996153, 0.0866563)","(0.584168, -0.259412, 0.76906)","(0.0192102, -0.542776, 0.839658)","(0.691442, 0.517384, 0.504204)","(-0.0358869, 0.636857, 0.770146)","(-0.225571, -0.974226, -0.000806041)","(0.121665, -0.985338, 0.119612)","(-0.245624, -0.869157, -0.429226)","(0.182082, -0.882626, -0.433379)",0
4.2,"(-0.0230323, -0.0341211, 8.15495e-06)","(0.00783793, 0.993826, 0.110669)","(0.489921, -0.287301, 0.823064)","(-0.196689, -0.463307, 0.864095)","(0.418177, 0.608854, 0.67411)","(-0.271983, 0.663373, 0.697109)","(-0.22594, -0.973884, 0.0224075)","(0.103806, -0.992218, 0.0687615)","(-0.195281, -0.896314, -0.398104)","(0.196211, -0.879524, -0.433518)",0
4.23333,"(-0.0258562, -0.0351192, 8.65731e-06)","(0.0476567, 0.990382, 0.129892)","(0.334645, -0.370546, 0.866434)","(-0.426157, -0.418625, 0.801962)","(0.102564, 0.563422, 0.819778)","(-0.496459, 0.633472, 0.593499)","(-0.223636, -0.974163, 0.0315052)","(0.0892818, -0.995725, 0.0236813)","(-0.144216, -0.918933, -0.367102)","(0.217319, -0.862748, -0.456551)",0
4.26667,"(-0.0292343, -0.0363997, 6.26935e-06)","(0.0808249, 0.990776, 0.108766)","(0.116338, -0.52496, 0.843138)","(-0.59463, -0.425268, 0.682321)","(-0.0695776, 0.536804, 0.840833)","(-0.676183, 0.608855, 0.414816)","(-0.21856, -0.975823, -0.00120974)","(0.0772869, -0.996556, -0.0300411)","(-0.117444, -0.939492, -0.321811)","(0.240082, -0.858038, -0.454017)",0
4.3,"(-0.0323974, -0.0375016, 1.48555e-06)","(0.110632, 0.990267, 0.0844557)","(-0.0986413, -0.714269, 0.692885)","(-0.709317, -0.433443, 0.555875)","(-0.116091, 0.505265, 0.85512)","(-0.754483, 0.625552, 0.198596)","(-0.218226, -0.975562, -0.0256102)","(0.0758639, -0.994692, -0.0695109)","(-0.0997857, -0.951994, -0.289398)","(0.2654, -0.856857, -0.441993)",0
4.33333,"(-0.0349837, -0.0379118, -2.78261e-06)","(0.136089, 0.989393, 0.0508001)","(-0.259849, -0.833606, 0.487421)","(-0.76236, -0.440179, 0.474394)","(-0.136184, 0.510832, 0.848825)","(-0.775574, 0.630839, -0.0229553)","(-0.226399, -0.973891, -0.0167218)","(0.0785724, -0.992882, -0.0895056)","(-0.0782242, -0.969109, -0.233899)","(0.306106, -0.850343, -0.428038)",0
4.36667,"(-0.0349837, -0.0379118, -2.78261e-06)","(0.160172, 0.986846, 0.0218932)","(-0.306802, -0.882868, 0.35555)","(-0.799262, -0.458724, 0.388268)","(-0.130309, 0.485022, 0.864739)","(-0.761305, 0.633717, -0.137176)","(-0.236313, -0.971071, 0.0343056)","(0.0865035, -0.99273, -0.0836906)","(-0.0497486, -0.981528, -0.184737)","(0.360576, -0.830906, -0.423769)",0
4.4,"(-0.0382999, -0.0371827, -8.99322e-06)","(0.173632, 0.984799, -0.00473002)","(-0.323156, -0.877089, 0.355366)","(-0.801015, -0.487348, 0.34766)","(-0.113965, 0.483949, 0.867644)","(-0.76877, 0.635748, -0.0694107)","(-0.242632, -0.967555, 0.0704729)","(0.0965876, -0.993073, -0.0669135)","(-0.0373378, -0.98872, -0.145049)","(0.39603, -0.813018, -0.426805)",0
4.43333,"(-0.0382999, -0.0371827, -8.99322e-06)","(0.176079, 0.984032, -0.0260253)","(-0.303338, -0.855229, 0.420202)","(-0.79207, -0.491392, 0.362159)","(-0.081606, 0.52249, 0.848731)","(-0.762342, 0.64697, 0.0162909)","(-0.241619, -0.966227, 0.089581)","(0.105361, -0.993363, -0.046131)","(-0.0464822, -0.988108, -0.146566)","(0.395582, -0.815872, -0.421743)",0
4.46667,"(-0.0391892, -0.0348289, -1.13281e-05)","(0.172314, 0.984733, -0.0246865)","(-0.276814, -0.795766, 0.538638)","(-0.755911, -0.458629, 0.467181)","(-0.0338041, 0.562173, 0.826328)","(-0.711867, 0.674472, 0.195789)","(-0.23614, -0.968795, 0.0753321)","(0.124384, -0.991415, -0.0403109)","(-0.06242, -0.985133, -0.160055)","(0.359714, -0.833613, -0.419161)",0
4.5,"(-0.0388904, -0.0325316, -1.1627e-05)","(0.154231, 0.988033, 0.00162755)","(-0.172233, -0.706872, 0.686052)","(-0.687892, -0.375234, 0.621292)","(0.0115492, 0.603434, 0.797329)","(-0.598682, 0.712326, 0.366295)","(-0.230087, -0.96864, 0.0937954)","(0.138405, -0.989641, -0.0381416)","(-0.0833227, -0.984201, -0.156222)","(0.316794, -0.857086, -0.406258)",0
4.53333,"(-0.038338, -0.029954, -1.02502e-05)","(0.115631, 0.992523, 0.0390955)","(0.00147125, -0.577613, 0.81631)","(-0.533213, -0.332505, 0.777898)","(0.147876, 0.636576, 0.756904)","(-0.396194, 0.731449, 0.554989)","(-0.220821, -0.971513, 0.0860241)","(0.152207, -0.988095, -0.0224134)","(-0.10559, -0.983386, -0.147657)","(0.256485, -0.888052, -0.381547)",0
4.56667,"(-0.038338, -0.029954, -1.02502e-05)","(0.0716385, 0.995147, 0.0674638)","(0.280922, -0.43516, 0.855406)","(-0.316435, -0.339934, 0.885615)","(0.358678, 0.66244, 0.657665)","(-0.202185, 0.719815, 0.664069)","(-0.197219, -0.97796, 0.0685472)","(0.146005, -0.989199, -0.0129226)","(-0.138499, -0.974923, -0.174191)","(0.200418, -0.920671, -0.334958)",0
4.6,"(-0.0368687, -0.0256576, -2.19875e-06)","(0.034803, 0.997122, 0.0673518)","(0.562292, -0.32164, 0.761824)","(-0.0112571, -0.411486, 0.911347)","(0.638149, 0.646334, 0.418351)","(-0.0226144, 0.679178, 0.733625)","(-0.165022, -0.986126, -0.0179554)","(0.143661, -0.989618, -0.00410224)","(-0.167286, -0.960227, -0.223562)","(0.144501, -0.945683, -0.291208)",0
4.63333,"(-0.035731, -0.0230123, -5.41913e-08)","(0.0164911, 0.998019, 0.0607167)","(0.781626, -0.255365, 0.569078)","(0.265539, -0.495222, 0.82719)","(0.84226, 0.530594, 0.0952249)","(0.14126, 0.601898, 0.78598)","(-0.131619, -0.987577, -0.0858414)","(0.145487, -0.989343, 0.00578573)","(-0.183621, -0.943431, -0.27608)","(0.10978, -0.962133, -0.249496)",0
4.66667,"(-0.035731, -0.0230123, -5.41913e-08)","(-0.00292396, 0.998634, 0.0521675)","(0.875832, -0.313558, 0.366877)","(0.501574, -0.60263, 0.620694)","(0.925379, 0.344267, -0.158598)","(0.324177, 0.501045, 0.802411)","(-0.113932, -0.98496, -0.129897)","(0.163359, -0.985986, 0.0338372)","(-0.184678, -0.937958, -0.293478)","(0.0913813, -0.975573, -0.199767)",0
4.7,"(-0.0338412, -0.0205775, -2.16644e-06)","(-0.0166145, 0.998151, 0.0584602)","(0.878555, -0.412079, 0.24152)","(0.613158, -0.702001, 0.36226)","(0.958131, 0.163251, -0.23523)","(0.506313, 0.368717, 0.779548)","(-0.100603, -0.98658, -0.1286)","(0.179123, -0.982687, 0.0473449)","(-0.178197, -0.938008, -0.297298)","(0.0884839, -0.982776, -0.162242)",0
4.73333,"(-0.0338412, -0.0205775, -2.16644e-06)","(-0.0320016, 0.997113, 0.0688603)","(0.826157, -0.529299, 0.19315)","(0.660672, -0.74728, 0.0713109)","(0.97662, 0.0261933, -0.21337)","(0.690208, 0.21854, 0.689821)","(-0.0860286, -0.989136, -0.119206)","(0.192876, -0.980221, 0.0443375)","(-0.175471, -0.938156, -0.29845)","(0.0959923, -0.985227, -0.141822)",0
4.76667,"(-0.0338412, -0.0205775, -2.16644e-06)","(-0.0465278, 0.995867, 0.0779979)","(0.781776, -0.597242, 0.179243)","(0.624076, -0.774374, -0.104277)","(0.98046, -0.0809473, -0.179295)","(0.794748, 0.0170664, 0.606699)","(-0.0738437, -0.993116, -0.0909268)","(0.201066, -0.979384, 0.0195025)","(-0.184796, -0.943391, -0.275432)","(0.108642, -0.983828, -0.142409)",0
4.8,"(-0.0319174, -0.0198774, -4.26006e-06)","(-0.0717403, 0.994569, 0.0753981)","(0.740799, -0.652332, 0.160247)","(0.554586, -0.80382, -0.215193)","(0.964765, -0.176086, -0.195504)","(0.858321, -0.169551, 0.484291)","(-0.06383, -0.995325, -0.0724874)","(0.20646, -0.978454, -0.00118491)","(-0.204311, -0.946258, -0.250706)","(0.138007, -0.981088, -0.135725)",0
4.83333,"(-0.0319174, -0.0198774, -4.26006e-06)","(-0.0931633, 0.993332, 0.0679151)","(0.71217, -0.688682, 0.136128)","(0.448751, -0.863198, -0.231324)","(0.946557, -0.250129, -0.203631)","(0.859808, -0.310063, 0.405697)","(-0.0487328, -0.997769, -0.0456212)","(0.216238, -0.976204, -0.0163296)","(-0.247186, -0.944879, -0.214717)","(0.162282, -0.977776, -0.132736)",0
4.86667,"(-0.0319174, -0.0198774, -4.26006e-06)","(-0.110958, 0.992078, 0.0589003)","(0.694605, -0.707838, 0.128408)","(0.405811, -0.878259, -0.252941)","(0.928307, -0.308558, -0.207458)","(0.877221, -0.370205, 0.305665)","(-0.0265698, -0.999237, -0.0286367)","(0.226836, -0.973833, -0.0139719)","(-0.292771, -0.936045, -0.195205)","(0.176076, -0.975618, -0.13102)",0
4.9,"(-0.0317219, -0.0230551, 9.34005e-06)","(-0.119138, 0.991472, 0.0528207)","(0.685043, -0.714686, 0.141208)","(0.400458, -0.882271, -0.247448)","(0.928066, -0.324791, -0.182219)","(0.886327, -0.376448, 0.26965)","(-0.00256008, -0.999818, -0.0189102)","(0.249945, -0.968219, -0.00892355)","(-0.335262, -0.923656, -0.185633)","(0.162893, -0.977679, -0.132702)",0
4.93333,"(-0.0317219, -0.0230551, 9.34005e-06)","(-0.127207, 0.990654, 0.0492328)","(0.678212, -0.718747, 0.15307)","(0.416328, -0.874827, -0.247688)","(0.927125, -0.339993, -0.157619)","(0.890536, -0.379018, 0.251578)","(0.0098737, -0.999832, -0.0154208)","(0.268017, -0.963389, -0.00703425)","(-0.350274, -0.918474, -0.183613)","(0.148503, -0.980353, -0.129825)",0
4.96667,"(-0.0322829, -0.0261566, 9.77777e-06)","(-0.138479, 0.989111, 0.0498341)","(0.667342, -0.728051, 0.156836)","(0.4082, -0.881859, -0.236001)","(0.91433, -0.385806, -0.123102)","(0.879688, -0.401111, 0.255459)","(0.0183408, -0.99981, -0.00665256)","(0.288514, -0.957459, 0.00568314)","(-0.357277, -0.917584, -0.174332)","(0.134001, -0.984278, -0.115065)",0
5,"(-0.0322829, -0.0261566, 9.77777e-06)","(-0.150891, 0.98737, 0.0483024)","(0.623821, -0.767111, 0.149628)","(0.291037, -0.9321, -0.215611)","(0.870559, -0.480036, -0.108128)","(0.798266, -0.521556, 0.301249)","(0.022873, -0.999725, 0.00516936)","(0.299711, -0.953412, 0.0343307)","(-0.356763, -0.919619, -0.164379)","(0.131281, -0.986634, -0.0965304)",0
5.03333,"(-0.0322829, -0.0261566, 9.77777e-06)","(-0.153642, 0.986667, 0.0536944)","(0.553305, -0.824061, 0.121559)","(0.185315, -0.966502, -0.177572)","(0.785514, -0.604021, -0.134638)","(0.700761, -0.623136, 0.347325)","(0.017095, -0.999852, -0.00181383)","(0.301206, -0.951741, 0.0588496)","(-0.332775, -0.929864, -0.15689)","(0.143202, -0.986405, -0.0806139)",0
5.06667,"(-0.0343712, -0.0249405, 3.78303e-06)","(-0.139978, 0.987161, 0.0769419)","(0.433392, -0.896859, 0.0884038)","(0.0858087, -0.984957, -0.149988)","(0.625586, -0.76273, -0.163965)","(0.610964, -0.691761, 0.384953)","(0.0222289, -0.999472, -0.0236884)","(0.276585, -0.958273, 0.0722013)","(-0.283123, -0.946234, -0.15647)","(0.131729, -0.988497, -0.0743076)",0
5.1,"(-0.0343712, -0.0249405, 3.78303e-06)","(-0.118604, 0.987859, 0.100338)","(0.253084, -0.964972, 0.0691168)","(0.0939771, -0.986425, -0.134663)","(0.418311, -0.893012, -0.16597)","(0.612807, -0.685682, 0.392821)","(0.109438, -0.992971, -0.0450739)","(0.133518, -0.990054, 0.0443288)","(-0.100783, -0.984052, -0.146576)","(0.00524646, -0.995614, -0.093404)",0
5.13333,"(-0.0336104, -0.0217653, 2.03848e-06)","(-0.101639, 0.987713, 0.118715)","(0.0433741, -0.996896, 0.0657101)","(0, 0, 0)","(0.194613, -0.973453, -0.120477)","(0, 0, 0)","(0.147981, -0.987108, -0.0609823)","(0.0404564, -0.999074, 0.0146787)","(0.0866157, -0.983265, -0.160271)","(-0.0961846, -0.9883, -0.11837)",0
5.16667,"(-0.0336104, -0.0217653, 2.03848e-06)","(-0.088951, 0.987348, 0.131268)","(-0.133297, -0.989006, 0.064028)","(0, 0, 0)","(0.0594357, -0.995865, -0.0687012)","(0, 0, 0)","(0.119134, -0.989139, -0.086091)","(-0.0014403, -0.999835, -0.0181281)","(0.121455, -0.973431, -0.194114)","(-0.0985525, -0.983567, -0.151275)",0
5.2,"(-0.0299721, -0.0212639, 5.8528e-06)","(-0.0759676, 0.987484, 0.13822)","(-0.245448, -0.967743, 0.0568166)","(0, 0, 0)","(-0.0099299, -0.999625, -0.0255024)","(0, 0, 0)","(0.00695263, -0.993832, -0.110677)","(0.0827355, -0.996466, -0.0145046)","(-0.00127316, -0.971353, -0.23764)","(0.020089, -0.987298, -0.157603)",0
5.23333,"(-0.0275217, -0.0241934, 8.44896e-06)","(-0.068639, 0.988279, 0.136359)","(-0.34165, -0.93843, 0.0512319)","(0, 0, 0)","(0.0291268, -0.998902, 0.0366859)","(0, 0, 0)","(-0.0515012, -0.991098, -0.122768)","(0.14704, -0.989126, -0.00297326)","(-0.1773, -0.952736, -0.246697)","(0.0859055, -0.984098, -0.155474)",0
5.26667,"(-0.0250514, -0.0287399, 1.01458e-05)","(-0.0700045, 0.990641, 0.117172)","(-0.445059, -0.893605, 0.0582426)","(0, 0, 0)","(0.157528, -0.983995, 0.0832948)","(0, 0, 0)","(-0.054515, -0.990442, -0.126698)","(0.204918, -0.978176, 0.0343484)","(-0.240265, -0.93924, -0.245156)","(0.0686125, -0.987427, -0.142408)",0
5.3,"(-0.0227299, -0.0357883, 1.05068e-05)","(-0.0810494, 0.992132, 0.09542)","(-0.531658, -0.843753, 0.0736293)","(0, 0, 0)","(0.306071, -0.943545, 0.126661)","(0, 0, 0)","(-0.0641266, -0.989945, -0.126086)","(0.261295, -0.961955, 0.0797932)","(-0.287821, -0.927653, -0.237946)","(0.0354666, -0.989643, -0.1391)",0
5.33333,"(-0.0200596, -0.0444844, 8.79765e-06)","(-0.0902565, 0.993595, 0.0679909)","(-0.594704, -0.798773, 0.0910373)","(0, 0, 0)","(0.426796, -0.893584, 0.139115)","(0, 0, 0)","(-0.0676702, -0.989627, -0.126722)","(0.301703, -0.940478, 0.156449)","(-0.314484, -0.918135, -0.241097)","(-0.00779064, -0.991023, -0.133461)",0
5.36667,"(-0.0178139, -0.056743, 8.424e-06)","(-0.0954458, 0.994686, 0.038598)","(-0.621203, -0.776294, 0.107119)","(0, 0, 0)","(0.487567, -0.86168, 0.140664)","(0, 0, 0)","(-0.0547462, -0.993542, -0.0993829)","(0.35319, -0.913922, 0.200007)","(-0.365069, -0.900102, -0.237782)","(-0.0710474, -0.986966, -0.144398)",0
5.4,"(-0.0154855, -0.0718864, 9.11132e-06)","(-0.0932908, 0.995504, 0.0163691)","(-0.626397, -0.76961, 0.123802)","(0, 0, 0)","(0.551515, -0.819053, 0.158063)","(0, 0, 0)","(0.0257405, -0.99827, -0.0528607)","(0.413418, -0.88095, 0.230245)","(-0.464131, -0.846461, -0.260933)","(-0.146013, -0.978442, -0.146051)",0
5.43333,"(-0.0135396, -0.0907763, 1.1538e-05)","(-0.0890553, 0.995884, 0.0168704)","(-0.58979, -0.762178, 0.266895)","(0, 0, 0)","(0.639214, -0.699183, 0.320232)","(0, 0, 0)","(0.161887, -0.986428, 0.0274237)","(0.468315, -0.857082, 0.214689)","(-0.600502, -0.749465, -0.278749)","(-0.215007, -0.965107, -0.149465)",0
5.46667,"(-0.011584, -0.113193, 1.39315e-05)","(-0.0836516, 0.995041, 0.0538063)","(-0.494615, -0.759009, 0.423393)","(0, 0, 0)","(0.781989, -0.445117, 0.436307)","(0, 0, 0)","(0.314548, -0.945142, 0.0881263)","(0.493004, -0.862611, 0.113356)","(-0.725086, -0.616423, -0.307039)","(-0.223414, -0.951133, -0.213147)",0
5.5,"(-0.00868648, -0.139227, 1.62903e-05)","(-0.0783938, 0.993014, 0.08819)","(-0.344825, -0.850615, 0.396926)","(0, 0, 0)","(0.963712, -0.126664, 0.23498)","(0, 0, 0)","(0.434097, -0.891936, 0.12653)","(0.493403, -0.869202, -0.03228)","(-0.823295, -0.472102, -0.315127)","(-0.200729, -0.941701, -0.270014)",1
5.53333,"(-0.00557289, -0.164053, 1.7269e-05)","(-0.0747368, 0.991877, 0.102926)","(-0.136438, -0.979487, 0.148292)","(0, 0, 0)","(0.978925, 0.126166, -0.160588)","(0, 0, 0)","(0.504741, -0.855026, 0.119029)","(0.579978, -0.80169, -0.144633)","(-0.897383, -0.282692, -0.338805)","(-0.230746, -0.941792, -0.244507)",0
5.56667,"(-0.0016677, -0.188833, 1.6414e-05)","(-0.0751694, 0.989833, 0.120749)","(0.107734, -0.987299, -0.116764)","(0, 0, 0)","(0.858405, 0.206636, -0.469512)","(0, 0, 0)","(0.53921, -0.829254, 0.146935)","(0.632887, -0.751764, -0.185216)","(-0.910882, -0.0938704, -0.401849)","(-0.277756, -0.904216, -0.324415)",0
5.6,"(0.00281737, -0.213076, 1.43126e-05)","(-0.0838217, 0.985468, 0.147738)","(0.349866, -0.91748, -0.189273)","(0, 0, 0)","(0.891651, 0.0914625, -0.443389)","(0, 0, 0)","(0.535482, -0.828338, 0.164665)","(0.660792, -0.734226, -0.155779)","(-0.883695, 0.0813082, -0.460946)","(-0.561243, -0.684583, -0.465137)",0
5.63333,"(0.00696919, -0.234731, 1.4263e-05)","(-0.0958193, 0.975667, 0.197213)","(0.532079, -0.828523, -0.174475)","(0, 0, 0)","(0.909006, -0.134457, -0.3945)","(0, 0, 0)","(0.518939, -0.834154, 0.186787)","(0.596122, -0.781116, -0.185735)","(-0.847294, 0.187949, -0.496758)","(-0.74721, -0.300605, -0.592717)",0
5.66667,"(0.00939132, -0.252807, 1.28575e-05)","(-0.102582, 0.968681, 0.226131)","(0.643323, -0.747227, -0.166695)","(0, 0, 0)","(0.872429, -0.377763, -0.3101)","(0, 0, 0)","(0.514027, -0.842289, 0.16225)","(0.563628, -0.801812, -0.198548)","(-0.830628, 0.258753, -0.493056)","(-0.878512, 0.0301125, -0.47677)",0
5.7,"(0.0111468, -0.268604, 1.28265e-05)","(-0.100509, 0.965416, 0.24056)","(0.696206, -0.704848, -0.135968)","(0, 0, 0)","(0.823662, -0.480613, -0.300986)","(0, 0, 0)","(0.547729, -0.822501, 0.15325)","(0.61627, -0.755424, -0.22259)","(-0.827597, 0.27971, -0.486669)","(-0.911226, 0.0759391, -0.404847)",0
5.73333,"(0.0119884, -0.280606, 1.33187e-05)","(-0.090939, 0.966218, 0.241149)","(0.735117, -0.671292, -0.0947123)","(0, 0, 0)","(0.797618, -0.518354, -0.308405)","(0, 0, 0)","(0.618643, -0.770387, 0.154225)","(0.72082, -0.655304, -0.225821)","(-0.844114, 0.252294, -0.473095)","(-0.928336, 0.0112403, -0.371573)",0
5.76667,"(0.0118644, -0.28756, 1.30456e-05)","(-0.0847629, 0.969394, 0.230415)","(0.760028, -0.647294, -0.0580312)","(0, 0, 0)","(0.808392, -0.505083, -0.302314)","(0, 0, 0)","(0.677956, -0.717085, 0.161756)","(0.795828, -0.565833, -0.215615)","(-0.861454, 0.221325, -0.457068)","(-0.938484, -0.0361653, -0.343425)",0
5.8,"(0.0115125, -0.290706, 1.20487e-05)","(-0.0811755, 0.9713, 0.223577)","(0.78304, -0.620493, -0.0428574)","(0, 0, 0)","(0.811573, -0.497915, -0.305663)","(0, 0, 0)","(0.714628, -0.67942, 0.166422)","(0.833518, -0.502019, -0.230703)","(-0.876749, 0.191869, -0.441018)","(-0.949804, -0.0729401, -0.304222)",0
5.83333,"(0.0115125, -0.290706, 1.20487e-05)","(-0.0825848, 0.972362, 0.218383)","(0.791411, -0.610075, -0.0384236)","(0.607678, -0.787206, -0.105043)","(0.827168, -0.472415, -0.304332)","(0.803194, -0.486757, 0.343434)","(0.717805, -0.674757, 0.171634)","(0.827548, -0.511723, -0.230877)","(-0.874977, 0.185612, -0.447173)","(-0.960398, -0.0393436, -0.275839)",0
5.86667,"(0.0115125, -0.290706, 1.20487e-05)","(-0.0875857, 0.973614, 0.210726)","(0.801233, -0.597464, -0.0325874)","(0.624168, -0.77546, -0.0952673)","(0.840522, -0.450125, -0.301514)","(0.79231, -0.50271, 0.345728)","(0.717114, -0.673471, 0.179399)","(0.856116, -0.466793, -0.221741)","(-0.872679, 0.180827, -0.453578)","(-0.9649, -0.0844068, -0.248684)",0
5.9,"(0.0113506, -0.287463, 1.0759e-05)","(-0.0915617, 0.973837, 0.207987)","(0.806271, -0.590743, -0.0308297)","(0.638517, -0.763919, -0.0933952)","(0.84987, -0.435383, -0.296923)","(0.787527, -0.512006, 0.343003)","(0.712974, -0.676291, 0.1852)","(0.86839, -0.453244, -0.201168)","(-0.870439, 0.179032, -0.458566)","(-0.96772, -0.0986391, -0.231925)",0
5.93333,"(0.0111971, -0.285215, 9.32626e-06)","(-0.0948572, 0.976469, 0.193676)","(0.809642, -0.586214, -0.0288427)","(0.646879, -0.757423, -0.0886466)","(0.853988, -0.429671, -0.293406)","(0.781245, -0.532749, 0.325324)","(0.714398, -0.671975, 0.195155)","(0.896796, -0.402106, -0.184575)","(-0.86969, 0.17451, -0.46172)","(-0.965882, -0.152322, -0.209452)",0
5.96667,"(0.0110784, -0.283207, 8.34949e-06)","(-0.0925318, 0.975295, 0.200591)","(0.822055, -0.568675, -0.0288777)","(0.640432, -0.762225, -0.0941278)","(0.84407, -0.43678, -0.311077)","(0.784696, -0.54167, 0.301405)","(0.721682, -0.662681, 0.200072)","(0.921437, -0.344795, -0.179083)","(-0.871871, 0.161685, -0.462275)","(-0.961748, -0.20729, -0.179085)",0
6,"(0.0110784, -0.283207, 8.34949e-06)","(-0.088932, 0.974386, 0.206549)","(0.832065, -0.554088, -0.0255982)","(0.621318, -0.777947, -0.0936027)","(0.834241, -0.445683, -0.324667)","(0.789365, -0.542031, 0.288281)","(0.730425, -0.651086, 0.206314)","(0.946085, -0.270331, -0.17845)","(-0.873123, 0.147787, -0.464559)","(-0.950053, -0.275996, -0.145691)",0
6.03333,"(0.0102467, -0.280875, 7.64206e-06)","(-0.0808168, 0.970179, 0.228519)","(0.840876, -0.541058, -0.0135749)","(0.607001, -0.789218, -0.0931885)","(0.823273, -0.466219, -0.323821)","(0.792844, -0.538533, 0.285273)","(0.740103, -0.639081, 0.209339)","(0.958114, -0.224148, -0.178255)","(-0.877996, 0.135052, -0.459222)","(-0.938253, -0.32527, -0.117816)",0
6.06667,"(0.0102467, -0.280875, 7.64206e-06)","(-0.0680774, 0.970618, 0.230796)","(0.836013, -0.548707, 0.00154774)","(0.588124, -0.804512, -0.0828879)","(0.812123, -0.496731, -0.306128)","(0.796356, -0.535325, 0.281502)","(0.752053, -0.624477, 0.21082)","(0.955646, -0.229819, -0.184184)","(-0.886157, 0.126576, -0.445763)","(-0.935205, -0.336804, -0.10934)",0
6.1,"(0.0102467, -0.280875, 7.64206e-06)","(-0.0567278, 0.973153, 0.223057)","(0.825342, -0.564086, 0.0248503)","(0.570682, -0.818112, -0.0708143)","(0.800818, -0.537715, -0.263728)","(0.803813, -0.538418, 0.252965)","(0.765533, -0.608263, 0.209705)","(0.951519, -0.243255, -0.188251)","(-0.89579, 0.116072, -0.429055)","(-0.933105, -0.341718, -0.111999)",0
6.13333,"(0.0079442, -0.27909, 1.57487e-05)","(-0.0485962, 0.98124, 0.186563)","(0.805866, -0.59076, 0.039766)","(0.531619, -0.845591, -0.0485407)","(0.78042, -0.580874, -0.231367)","(0.815342, -0.543458, 0.199679)","(0.774938, -0.597126, 0.207151)","(0.947509, -0.257889, -0.188998)","(-0.902367, 0.113842, -0.415662)","(-0.932278, -0.339455, -0.125012)",0
6.16667,"(0.0079442, -0.27909, 1.57487e-05)","(-0.0505562, 0.989867, 0.132693)","(0.788175, -0.613426, 0.049888)","(0.486349, -0.87336, -0.0265788)","(0.763289, -0.614171, -0.200461)","(0.815666, -0.556421, 0.158379)","(0.777038, -0.595283, 0.204574)","(0.939544, -0.287543, -0.185948)","(-0.906939, 0.117946, -0.404414)","(-0.941471, -0.307283, -0.138595)",0
6.2,"(0.0079442, -0.27909, 1.57487e-05)","(-0.0541221, 0.995775, 0.0741848)","(0.772987, -0.632821, 0.0450443)","(0.43502, -0.90032, -0.013482)","(0.747527, -0.637545, -0.186385)","(0.805955, -0.574311, 0.143543)","(0.770582, -0.603696, 0.204337)","(0.933027, -0.318756, -0.1669)","(-0.908883, 0.130482, -0.396113)","(-0.950748, -0.274343, -0.14427)",0
6.23333,"(0.0079442, -0.27909, 1.57487e-05)","(-0.0603111, 0.99775, 0.0292842)","(0.763891, -0.644299, 0.0367415)","(0.416565, -0.909063, -0.00888114)","(0.748995, -0.641045, -0.167531)","(0.795662, -0.585595, 0.154919)","(0.759966, -0.616895, 0.204676)","(0.924617, -0.353296, -0.142358)","(-0.907586, 0.141201, -0.395412)","(-0.958131, -0.238624, -0.158253)",0
6.26667,"(0.0079442, -0.27909, 1.57487e-05)","(-0.0692987, 0.997593, 0.0023922)","(0.760682, -0.647913, 0.0396566)","(0.454126, -0.889778, -0.0454294)","(0.764688, -0.628334, -0.142996)","(0.772727, -0.59731, 0.21474)","(0.741254, -0.638616, 0.206667)","(0.92596, -0.36099, -0.110838)","(-0.897412, 0.159656, -0.411292)","(-0.956699, -0.227018, -0.182179)",0
6.3,"(0.0079442, -0.27909, 1.57487e-05)","(-0.0837756, 0.996263, -0.0210077)","(0.763876, -0.643716, 0.0460715)","(0.510919, -0.85697, -0.0675657)","(0.792886, -0.595741, -0.128156)","(0.757836, -0.587025, 0.284757)","(0.722317, -0.658596, 0.210971)","(0.926444, -0.36611, -0.0875508)","(-0.884095, 0.178203, -0.431994)","(-0.953072, -0.214097, -0.214049)",0
6.33333,"(0.0101408, -0.280915, 7.17491e-06)","(-0.0961475, 0.995303, 0.0112768)","(0.775268, -0.630285, 0.0412264)","(0.529317, -0.845694, -0.0680079)","(0.811216, -0.563902, -0.154738)","(0.764522, -0.562025, 0.315648)","(0.710724, -0.670211, 0.213749)","(0.934243, -0.341034, -0.10434)","(-0.872942, 0.192063, -0.448424)","(-0.952648, -0.218582, -0.211386)",0
6.36667,"(0.0101408, -0.280915, 7.17491e-06)","(-0.102328, 0.99138, 0.0818211)","(0.78663, -0.61717, 0.0177394)","(0.559789, -0.825432, -0.0727959)","(0.81955, -0.535044, -0.205101)","(0.780002, -0.515664, 0.354524)","(0.712544, -0.668255, 0.213815)","(0.94452, -0.286908, -0.159896)","(-0.870581, 0.194517, -0.451943)","(-0.951381, -0.252768, -0.176017)",0
6.4,"(0.0109247, -0.284085, 7.36229e-06)","(-0.101714, 0.978861, 0.17744)","(0.798874, -0.601469, -0.00593344)","(0.589224, -0.802783, -0.0914044)","(0.815979, -0.514196, -0.26416)","(0.796625, -0.480191, 0.367158)","(0.719207, -0.662429, 0.209596)","(0.951231, -0.211765, -0.224312)","(-0.869002, 0.195312, -0.45463)","(-0.942614, -0.306561, -0.132287)",0
6.43333,"(0.0109247, -0.284085, 7.36229e-06)","(-0.104178, 0.966722, 0.233656)","(0.809601, -0.586791, -0.0149115)","(0.609774, -0.785034, -0.109071)","(0.818384, -0.497029, -0.28846)","(0.809774, -0.471895, 0.348685)","(0.724165, -0.658893, 0.20358)","(0.952751, -0.165537, -0.254681)","(-0.868459, 0.197171, -0.454865)","(-0.936665, -0.331697, -0.112411)",0
6.46667,"(0.0107445, -0.286451, 9.79789e-06)","(-0.110109, 0.959957, 0.257602)","(0.82027, -0.571789, -0.0146428)","(0.621689, -0.775402, -0.110702)","(0.820738, -0.488528, -0.296191)","(0.812527, -0.481987, 0.327855)","(0.726879, -0.657405, 0.198658)","(0.957377, -0.151394, -0.245986)","(-0.864292, 0.199773, -0.461617)","(-0.937208, -0.332432, -0.105502)",0
6.5,"(0.0107445, -0.286451, 9.79789e-06)","(-0.119138, 0.956854, 0.265024)","(0.82931, -0.558537, -0.0167428)","(0.627598, -0.771316, -0.105794)","(0.824529, -0.488387, -0.285711)","(0.811553, -0.49143, 0.316035)","(0.726468, -0.65852, 0.19646)","(0.965096, -0.153935, -0.211883)","(-0.86008, 0.202484, -0.468255)","(-0.942321, -0.319539, -0.0996321)",0
6.53333,"(0.0107445, -0.286451, 9.79789e-06)","(-0.125986, 0.95507, 0.268271)","(0.835769, -0.54874, -0.019338)","(0.627535, -0.772986, -0.0932372)","(0.824726, -0.492495, -0.277987)","(0.8082, -0.497235, 0.315547)","(0.724514, -0.660707, 0.196332)","(0.969644, -0.163769, -0.181575)","(-0.855502, 0.204884, -0.47554)","(-0.946926, -0.308157, -0.0914929)",0
6.56667,"(0.0107445, -0.286451, 9.79789e-06)","(-0.128174, 0.955774, 0.264703)","(0.839742, -0.542595, -0.0205674)","(0.633584, -0.768492, -0.089394)","(0.829085, -0.49197, -0.265674)","(0.803828, -0.499049, 0.323746)","(0.72325, -0.662174, 0.19605)","(0.972536, -0.168273, -0.160806)","(-0.852997, 0.205936, -0.47957)","(-0.949134, -0.30062, -0.0936656)",0
6.6,"(0.0104712, -0.288621, 1.04193e-05)","(-0.119753, 0.958601, 0.258348)","(0.837331, -0.546008, -0.027436)","(0.627942, -0.773791, -0.0832863)","(0.823176, -0.480862, -0.301915)","(0.803859, -0.493765, 0.331673)","(0.728162, -0.657541, 0.193442)","(0.97206, -0.161003, -0.170812)","(-0.853538, 0.202204, -0.480194)","(-0.948943, -0.303062, -0.0875278)",0
6.63333,"(0.0104712, -0.288621, 1.04193e-05)","(-0.0999533, 0.962423, 0.252489)","(0.827997, -0.559156, -0.042026)","(0.608627, -0.789237, -0.0817206)","(0.809496, -0.461064, -0.363506)","(0.801824, -0.484574, 0.349666)","(0.739034, -0.646635, 0.188926)","(0.969064, -0.140642, -0.202819)","(-0.855607, 0.191988, -0.480705)","(-0.941855, -0.326787, -0.0782286)",0
6.66667,"(0.0104712, -0.288621, 1.04193e-05)","(-0.0773937, 0.963914, 0.254716)","(0.820566, -0.567302, -0.0695765)","(0.5809, -0.81036, -0.0766349)","(0.781978, -0.445737, -0.435694)","(0.794131, -0.486123, 0.364747)","(0.749426, -0.635658, 0.185201)","(0.965948, -0.106106, -0.235979)","(-0.858777, 0.178425, -0.480277)","(-0.921626, -0.378763, -0.0845254)",0
6.7,"(0.0104712, -0.288621, 1.04193e-05)","(-0.0589781, 0.963758, 0.260176)","(0.814795, -0.573552, -0.0845435)","(0.558686, -0.825901, -0.0758729)","(0.76701, -0.440134, -0.466881)","(0.781462, -0.494657, 0.380304)","(0.756174, -0.627226, 0.186516)","(0.963638, -0.0781812, -0.255518)","(-0.859673, 0.166962, -0.48279)","(-0.897183, -0.4299, -0.101238)",0
6.73333,"(0.0104712, -0.288621, 1.04193e-05)","(-0.0507956, 0.963317, 0.263516)","(0.81378, -0.574066, -0.0906124)","(0.549374, -0.832177, -0.0753002)","(0.766503, -0.435851, -0.471707)","(0.771396, -0.507085, 0.384465)","(0.75706, -0.625001, 0.190353)","(0.966704, -0.0507698, -0.25081)","(-0.85473, 0.162794, -0.492884)","(-0.872551, -0.476162, -0.109204)",0
6.76667,"(0.0104712, -0.288621, 1.04193e-05)","(-0.0476003, 0.96398, 0.261681)","(0.809156, -0.5816, -0.0837152)","(0.542639, -0.835994, -0.0815869)","(0.777166, -0.427563, -0.461739)","(0.766735, -0.512545, 0.386542)","(0.75442, -0.62675, 0.195028)","(0.973772, -0.0405822, -0.223876)","(-0.84564, 0.16525, -0.507529)","(-0.863318, -0.49141, -0.114881)",0
6.8,"(0.0104712, -0.288621, 1.04193e-05)","(-0.0481669, 0.964886, 0.258216)","(0.805404, -0.58643, -0.0861612)","(0.542568, -0.835791, -0.0840965)","(0.788834, -0.419084, -0.449567)","(0.762922, -0.513898, 0.39225)","(0.748801, -0.633315, 0.195471)","(0.978197, -0.0343123, -0.204824)","(-0.837276, 0.170572, -0.519495)","(-0.860429, -0.496997, -0.112495)",0
6.83333,"(0.0104712, -0.288621, 1.04193e-05)","(-0.0535379, 0.967595, 0.246765)","(0.788204, -0.608025, -0.0950835)","(0.517673, -0.850998, -0.0884098)","(0.814084, -0.401228, -0.419862)","(0.751967, -0.51799, 0.407716)","(0.73757, -0.646043, 0.196519)","(0.980576, -0.0668962, -0.18438)","(-0.829974, 0.183752, -0.526667)","(-0.87606, -0.464317, -0.13011)",0
6.86667,"(0.0104712, -0.288621, 1.04193e-05)","(-0.0601334, 0.970288, 0.234361)","(0.748675, -0.654662, -0.104418)","(0.400098, -0.912349, -0.0868402)","(0.849604, -0.355157, -0.389918)","(0.731237, -0.527355, 0.432653)","(0.71972, -0.665491, 0.1978)","(0.966095, -0.171244, -0.193226)","(-0.826294, 0.207463, -0.523639)","(-0.898293, -0.40388, -0.173062)",0
6.9,"(0.0104712, -0.288621, 1.04193e-05)","(-0.0645561, 0.971633, 0.227511)","(0.668403, -0.734793, -0.115399)","(0.257067, -0.962821, -0.0830212)","(0.888428, -0.281061, -0.362907)","(0.719096, -0.513108, 0.468637)","(0.704684, -0.681451, 0.1976)","(0.924217, -0.312839, -0.218986)","(-0.829509, 0.224241, -0.511499)","(-0.923086, -0.310789, -0.226547)",0
6.93333,"(0.0104712, -0.288621, 1.04193e-05)","(-0.0532941, 0.970565, 0.234868)","(0.576967, -0.807394, -0.123386)","(0.131723, -0.988749, -0.0708779)","(0.905704, -0.206044, -0.370468)","(0.710259, -0.480221, 0.514704)","(0.697179, -0.691768, 0.188147)","(0.861763, -0.43792, -0.256105)","(-0.844548, 0.224598, -0.486101)","(-0.938175, -0.220339, -0.26698)",0
6.96667,"(0.0104712, -0.288621, 1.04193e-05)","(-0.024836, 0.969907, 0.242207)","(0.498112, -0.853179, -0.154823)","(0.0891287, -0.995177, -0.0409649)","(0.894861, -0.163574, -0.415292)","(0.683494, -0.426386, 0.592479)","(0.698611, -0.693459, 0.17623)","(0.832605, -0.481752, -0.273285)","(-0.863472, 0.207247, -0.459852)","(-0.946346, -0.170741, -0.274365)",0
7,"(0.00835863, -0.287676, 1.54767e-06)","(0.0141486, 0.967432, 0.252736)","(0.445331, -0.874735, -0.191098)","(0.101722, -0.993301, 0.0548167)","(0.844308, -0.138996, -0.517517)","(0.573283, -0.426786, 0.699428)","(0.683012, -0.713451, 0.156466)","(0.826583, -0.492977, -0.271541)","(-0.884066, 0.189114, -0.427391)","(-0.950749, -0.151973, -0.27015)",0
7.03333,"(0.00515975, -0.287756, 1.16471e-06)","(0.0556507, 0.965938, 0.25272)","(0.455918, -0.85743, -0.238646)","(0.126756, -0.973701, 0.189314)","(0.721362, -0.0472715, -0.690943)","(0.32498, -0.429893, 0.842366)","(0.670123, -0.727287, 0.148284)","(0.87456, -0.406709, -0.264068)","(-0.908398, 0.179148, -0.377782)","(-0.952396, -0.213102, -0.218013)",0
7.06667,"(0.00144767, -0.287069, 1.91275e-06)","(0.109235, 0.962106, 0.249841)","(0.50153, -0.82518, -0.259896)","(0.162966, -0.93563, 0.313111)","(0.539887, 0.116605, -0.833622)","(0.0260748, -0.372101, 0.927826)","(0.67406, -0.720099, 0.164621)","(0.924584, -0.308881, -0.223016)","(-0.926132, 0.147743, -0.347061)","(-0.940822, -0.283328, -0.185956)",0
7.1,"(-0.00328965, -0.283754, 1.10436e-06)","(0.169067, 0.962094, 0.213988)","(0.544808, -0.793637, -0.270785)","(0.16439, -0.917316, 0.362638)","(0.359781, 0.249503, -0.899058)","(-0.151355, -0.308267, 0.939182)","(0.692197, -0.695709, 0.191969)","(0.967078, -0.204482, -0.151486)","(-0.935583, 0.116912, -0.333192)","(-0.901628, -0.422718, -0.0915268)",0
7.13333,"(-0.00862207, -0.277624, -2.10851e-07)","(0.237061, 0.955453, 0.175815)","(0.526183, -0.806649, -0.269163)","(0.158083, -0.909821, 0.383714)","(0.303095, 0.29296, -0.906812)","(-0.243493, -0.216089, 0.945525)","(0.701543, -0.670203, 0.24221)","(0.97937, -0.196857, -0.0456187)","(-0.924843, 0.0692918, -0.373983)","(-0.858287, -0.502022, -0.10638)",0
7.16667,"(-0.0132304, -0.266932, -2.36426e-06)","(0.293088, 0.945602, 0.1412)","(0.448279, -0.852672, -0.268322)","(0, 0, 0)","(0.30534, 0.239034, -0.921754)","(0, 0, 0)","(0.685328, -0.676781, 0.268875)","(0.970913, -0.239433, 7.80546e-05)","(-0.908557, 0.019915, -0.417286)","(-0.782875, -0.615225, -0.0927595)",0
7.2,"(-0.0168314, -0.251812, -9.60659e-06)","(0.342196, 0.930713, 0.129133)","(0.365408, -0.894778, -0.25661)","(0, 0, 0)","(0.316848, 0.0787835, -0.945199)","(0, 0, 0)","(0.65575, -0.695505, 0.293709)","(0.944863, -0.32641, 0.0262847)","(-0.88697, -0.0486985, -0.459252)","(-0.7547, -0.634297, -0.167617)",0
7.23333,"(-0.0195343, -0.233677, -1.08397e-05)","(0.378463, 0.918384, 0.11548)","(0.254502, -0.935242, -0.246072)","(0, 0, 0)","(0.305744, -0.232557, -0.923276)","(0, 0, 0)","(0.616601, -0.733286, 0.286523)","(0.90558, -0.423818, 0.0173897)","(-0.870748, -0.108509, -0.479608)","(-0.673776, -0.710173, -0.204159)",0
7.26667,"(-0.0208129, -0.214869, -8.59443e-06)","(0.402745, 0.909837, 0.0999607)","(0.162271, -0.958799, -0.233181)","(0, 0, 0)","(0.278321, -0.543027, -0.792249)","(0, 0, 0)","(0.577611, -0.778817, 0.244558)","(0.858216, -0.513288, -0.000135777)","(-0.863619, -0.166557, -0.475837)","(-0.588911, -0.770399, -0.244272)",0
7.3,"(-0.0205926, -0.195243, -4.70951e-06)","(0.411438, 0.907431, 0.0853695)","(0.0991311, -0.973157, -0.207699)","(0, 0, 0)","(0.279177, -0.724298, -0.630438)","(0, 0, 0)","(0.537742, -0.820326, 0.194676)","(0.799821, -0.599899, -0.0201827)","(-0.85167, -0.221476, -0.474981)","(-0.459613, -0.844944, -0.273543)",0
7.33333,"(-0.0191806, -0.17622, 2.35774e-06)","(0.40146, 0.911281, 0.0916345)","(0.110993, -0.980964, -0.159345)","(0, 0, 0)","(0.301565, -0.805169, -0.510648)","(0, 0, 0)","(0.460522, -0.878482, 0.127238)","(0.71339, -0.696601, -0.0763014)","(-0.83092, -0.299748, -0.468747)","(-0.35524, -0.873496, -0.332879)",0
7.36667,"(-0.0162307, -0.157665, 1.22577e-05)","(0.381221, 0.917286, 0.115138)","(0.128894, -0.988381, -0.0805549)","(0, 0, 0)","(0.324769, -0.860157, -0.393263)","(0, 0, 0)","(0.356189, -0.929407, 0.0965983)","(0.59738, -0.792907, -0.12015)","(-0.805913, -0.368881, -0.463066)","(-0.315973, -0.870771, -0.376721)",0
7.4,"(-0.0129604, -0.139445, 1.56339e-05)","(0.36316, 0.920141, 0.146477)","(0.069728, -0.997546, -0.00633093)","(0, 0, 0)","(0.31588, -0.919527, -0.23386)","(0, 0, 0)","(0.257165, -0.963555, 0.0736801)","(0.52273, -0.843199, -0.125576)","(-0.79986, -0.42551, -0.423279)","(-0.315231, -0.852461, -0.41706)",0
7.43333,"(-0.0082042, -0.122918, 1.70514e-05)","(0.354562, 0.920015, 0.166908)","(-0.085382, -0.994785, 0.0557841)","(0, 0, 0)","(0.198988, -0.975948, -0.0890442)","(0, 0, 0)","(0.203095, -0.976029, 0.0782322)","(0.509212, -0.859503, -0.0442331)","(-0.80198, -0.463512, -0.376809)","(-0.367979, -0.861745, -0.349266)",0
7.46667,"(-0.00245267, -0.107667, 1.55881e-05)","(0.338168, 0.924448, 0.176177)","(-0.271835, -0.957337, 0.0980416)","(0, 0, 0)","(0.0622873, -0.997342, 0.0378069)","(0, 0, 0)","(0.132089, -0.991062, 0.0186635)","(0.492176, -0.869792, 0.0349798)","(-0.780176, -0.521664, -0.345243)","(-0.378653, -0.87585, -0.29918)",0
7.5,"(0.00306674, -0.0921109, 1.29562e-05)","(0.304767, 0.93793, 0.165539)","(-0.376961, -0.916064, 0.13685)","(0, 0, 0)","(-0.110822, -0.992172, 0.0575657)","(0, 0, 0)","(0.0188008, -0.999067, -0.0388804)","(0.430347, -0.897905, 0.0925681)","(-0.727128, -0.58089, -0.365859)","(-0.354254, -0.909383, -0.218007)",0
7.53333,"(0.00786043, -0.0770297, 1.20718e-05)","(0.255716, 0.957095, 0.136302)","(-0.432657, -0.891919, 0.131485)","(-0.204437, -0.949051, 0.239808)","(-0.196606, -0.974789, 0.105514)","(0.441762, 0.312069, 0.841106)","(-0.0804135, -0.992623, -0.090733)","(0.324055, -0.938765, 0.11708)","(-0.665939, -0.641221, -0.381262)","(-0.320376, -0.926874, -0.195611)",0
7.56667,"(0.0127202, -0.062075, 1.16332e-05)","(0.214109, 0.97207, 0.0961081)","(-0.44452, -0.891422, 0.0881434)","(-0.173716, -0.936728, 0.303914)","(-0.250363, -0.957284, 0.144657)","(0.383926, 0.350189, 0.854382)","(-0.102728, -0.991765, -0.0764838)","(0.23503, -0.960505, 0.148965)","(-0.634077, -0.673159, -0.38053)","(-0.293925, -0.943484, -0.153122)",0
7.6,"(0.0165222, -0.0468057, 1.16006e-05)","(0.18239, 0.980445, 0.0739064)","(-0.454436, -0.89073, 0.0094198)","(-0.143967, -0.925106, 0.351358)","(-0.222573, -0.951724, 0.211381)","(0.335533, 0.37298, 0.865045)","(-0.0653816, -0.995876, -0.0628944)","(0.156053, -0.975222, 0.156808)","(-0.598893, -0.714544, -0.3616)","(-0.26267, -0.955056, -0.13738)",0
7.63333,"(0.0190541, -0.031686, 1.3105e-05)","(0.160507, 0.984355, 0.0726861)","(-0.427205, -0.903122, -0.0432084)","(-0.094115, -0.897187, 0.431506)","(-0.163952, -0.964585, 0.206628)","(0.257829, 0.424422, 0.86798)","(-0.0272201, -0.998591, -0.045557)","(0.08068, -0.987756, 0.133521)","(-0.527804, -0.777815, -0.341214)","(-0.220703, -0.965604, -0.137472)",0
7.66667,"(0.0209788, -0.0199352, 1.72539e-05)","(0.140447, 0.986807, 0.0805453)","(-0.383761, -0.920473, -0.0738762)","(-0.0514917, -0.874326, 0.482599)","(-0.120794, -0.975906, 0.181702)","(0.207219, 0.465973, 0.860191)","(0.000827293, -0.999661, -0.0260138)","(0.0106237, -0.99438, 0.105333)","(-0.400603, -0.854407, -0.330916)","(-0.185469, -0.969041, -0.162976)",0
7.7,"(0.0225311, -0.00959969, 1.81955e-05)","(0.124159, 0.987438, 0.0977278)","(-0.328112, -0.941745, -0.073879)","(-0.00795112, -0.846998, 0.531536)","(-0.0733231, -0.983151, 0.167447)","(0.169839, 0.513383, 0.841185)","(0.0253445, -0.999484, -0.0197401)","(-0.0529548, -0.995646, 0.0767181)","(-0.255144, -0.904211, -0.342496)","(-0.145649, -0.966132, -0.213015)",0
7.73333,"(0.0239926, -0.00191771, 1.06586e-05)","(0.112802, 0.987441, 0.110621)","(-0.263027, -0.962979, -0.0590548)","(0.0531256, -0.822833, 0.565794)","(-0.0274054, -0.985058, 0.17003)","(0.118715, 0.541705, 0.832143)","(0.0470876, -0.998126, -0.0390813)","(-0.0979144, -0.993545, 0.0572804)","(-0.119063, -0.92168, -0.369228)","(-0.101806, -0.959083, -0.264188)",0
7.76667,"(0.0255186, 0.00490179, 1.61049e-06)","(0.0996438, 0.990313, 0.0967042)","(-0.178152, -0.983852, -0.0172171)","(0.110678, -0.816632, 0.566448)","(0.145326, -0.959214, 0.242465)","(0.0644659, 0.571542, 0.818036)","(0.0624649, -0.996181, -0.0610084)","(-0.122861, -0.991568, 0.0412056)","(-0.0298976, -0.923752, -0.381822)","(-0.059851, -0.95037, -0.305311)",0
7.8,"(0.0268718, 0.00792046, -7.653e-06)","(0.0883309, 0.994298, 0.0597349)","(-0.108621, -0.994083, 0.000917874)","(0.145011, -0.826083, 0.544572)","(0.253404, -0.917827, 0.305581)","(0.0111161, 0.590854, 0.806702)","(0.0692643, -0.995578, -0.0634641)","(-0.131128, -0.990953, 0.0285834)","(0.0324858, -0.929351, -0.367766)","(-0.034054, -0.946914, -0.319677)",0
7.83333,"(0.0287928, 0.00932601, -1.69568e-05)","(0.0751299, 0.997081, 0.0135681)","(-0.0650582, -0.997778, 0.0143675)","(0.161502, -0.820956, 0.547675)","(0.316689, -0.889102, 0.330462)","(-0.0209189, 0.624737, 0.780555)","(0.0758323, -0.995334, -0.0596647)","(-0.130879, -0.991268, 0.0160521)","(0.0572, -0.930097, -0.362834)","(-0.0116689, -0.941228, -0.337569)",0
7.86667,"(0.0312006, 0.00764989, -2.47184e-05)","(0.0610884, 0.998117, -0.00557384)","(-0.0642195, -0.997936, 0.000273177)","(0.168627, -0.794044, 0.584003)","(0.234536, -0.923469, 0.303642)","(-0.0480051, 0.642534, 0.764752)","(0.0774683, -0.99506, -0.0620892)","(-0.130686, -0.991389, 0.0082634)","(0.0619986, -0.925083, -0.37467)","(0.00219124, -0.932808, -0.360366)",0
7.9,"(0.0335937, 0.00468315, -2.55758e-05)","(0.043028, 0.998858, -0.0207509)","(-0.0638641, -0.997952, 0.0035663)","(0.175398, -0.760798, 0.624838)","(0.187907, -0.943265, 0.273756)","(-0.0475593, 0.65509, 0.754052)","(0.0789445, -0.994183, -0.0732702)","(-0.128627, -0.991682, 0.00475664)","(0.0518945, -0.914802, -0.400555)","(0.0108378, -0.916768, -0.399273)",0
7.93333,"(0.0355872, 0.000262129, -2.49106e-05)","(0.020044, 0.999523, -0.0234862)","(-0.0612549, -0.998118, 0.00306003)","(0.160373, -0.751713, 0.639694)","(0.176061, -0.948257, 0.264219)","(-0.025728, 0.653178, 0.756767)","(0.0789858, -0.994055, -0.0749459)","(-0.127058, -0.991865, 0.00774012)","(0.0442752, -0.905275, -0.422511)","(0.00984761, -0.902466, -0.430648)",0
7.96667,"(0.037591, -0.0031515, -2.49072e-05)","(0.000805222, 0.999675, -0.0254666)","(-0.0629233, -0.997971, 0.00974631)","(0.137241, -0.745759, 0.651927)","(0.202711, -0.945077, 0.256392)","(0.0113113, 0.641026, 0.767436)","(0.0805749, -0.994092, -0.0727205)","(-0.123355, -0.992289, 0.0121285)","(0.0440793, -0.900296, -0.433041)","(0.00789301, -0.89221, -0.451553)",0
8,"(0.0392413, -0.00589508, -2.6898e-05)","(-0.012988, 0.999469, -0.0298912)","(-0.080181, -0.996447, 0.0257584)","(0.108593, -0.742625, 0.660845)","(0.238789, -0.931703, 0.273695)","(0.0463019, 0.625747, 0.778651)","(0.0820553, -0.994307, -0.0679679)","(-0.119669, -0.992674, 0.0166513)","(0.0448708, -0.902907, -0.427487)","(0.00628535, -0.891272, -0.453425)",0
8.03333,"(0.0410148, -0.00778512, -2.75924e-05)","(-0.0235029, 0.998796, -0.0430683)","(-0.108002, -0.993026, 0.0472732)","(0.0820819, -0.734561, 0.67356)","(0.289282, -0.909222, 0.299386)","(0.0628103, 0.608834, 0.790807)","(0.0828395, -0.994522, -0.0637427)","(-0.117224, -0.992938, 0.0182237)","(0.0398016, -0.908543, -0.415891)","(0.00225379, -0.893111, -0.449832)",0
8.06667,"(0.0427087, -0.00923207, -2.73245e-05)","(-0.0356507, 0.997717, -0.0573639)","(-0.138196, -0.989748, 0.0360622)","(0.0617481, -0.739324, 0.670512)","(0.307489, -0.899364, 0.310797)","(0.0752998, 0.602282, 0.794724)","(0.0831768, -0.994707, -0.0603373)","(-0.115405, -0.993106, 0.0205349)","(0.0346343, -0.910737, -0.411533)","(-0.0060374, -0.893391, -0.44924)",0
8.1,"(0.0444156, -0.0106941, -2.78442e-05)","(-0.0503708, 0.996861, -0.0610854)","(-0.15038, -0.988626, 0.00205746)","(0.0680832, -0.759627, 0.646786)","(0.30901, -0.903978, 0.295528)","(0.0691003, 0.599635, 0.797285)","(0.0844632, -0.994657, -0.0593528)","(-0.11539, -0.993005, 0.0250115)","(0.0259394, -0.912243, -0.408827)","(-0.0129338, -0.891937, -0.451975)",0
8.13333,"(0.0444156, -0.0106941, -2.78442e-05)","(-0.0677703, 0.995902, -0.0598852)","(-0.142733, -0.989155, -0.034627)","(0.102222, -0.794705, 0.598326)","(0.285728, -0.918172, 0.274446)","(0.0548581, 0.613049, 0.788138)","(0.0857653, -0.994549, -0.0592968)","(-0.115355, -0.992908, 0.0287711)","(0.0176018, -0.912284, -0.40918)","(-0.0173623, -0.889239, -0.457113)",0
8.16667,"(0.0472725, -0.012841, -2.98656e-05)","(-0.0849585, 0.994528, -0.0608026)","(-0.117949, -0.99175, -0.0502092)","(0.137279, -0.828744, 0.542528)","(0.276486, -0.922824, 0.268238)","(0.0396315, 0.631209, 0.7746)","(0.088263, -0.994417, -0.0578246)","(-0.117794, -0.992526, 0.031888)","(0.0106789, -0.915541, -0.402083)","(-0.0160531, -0.88997, -0.455737)",0
8.2,"(0.0472725, -0.012841, -2.98656e-05)","(-0.101087, 0.992848, -0.0635157)","(-0.093224, -0.994007, -0.0570971)","(0.152062, -0.85295, 0.499354)","(0.27901, -0.921341, 0.270711)","(0.034056, 0.650619, 0.758641)","(0.0934051, -0.994055, -0.0559419)","(-0.11969, -0.992328, 0.0309698)","(0.00570325, -0.915841, -0.401501)","(-0.0152362, -0.889234, -0.457199)",0
8.23333,"(0.0486012, -0.0148983, -3.43136e-05)","(-0.110918, 0.99164, -0.0659334)","(-0.0771718, -0.994038, -0.0770242)","(0.146395, -0.865908, 0.478301)","(0.280376, -0.919151, 0.276679)","(0.0372523, 0.652977, 0.756461)","(0.100047, -0.993599, -0.0524477)","(-0.121822, -0.992069, 0.0309629)","(0.00629915, -0.914054, -0.405544)","(-0.0144237, -0.887034, -0.461478)",0
8.26667,"(0.0486012, -0.0148983, -3.43136e-05)","(-0.114274, 0.991248, -0.0660946)","(-0.0711211, -0.993338, -0.0906677)","(0.135816, -0.874916, 0.464841)","(0.283965, -0.919097, 0.273176)","(0.0462809, 0.64683, 0.761229)","(0.108072, -0.993009, -0.047476)","(-0.122094, -0.991963, 0.0331967)","(0.00873539, -0.907727, -0.41947)","(-0.014978, -0.879885, -0.474951)",0
8.3,"(0.0487845, -0.0170605, -3.53417e-05)","(-0.112321, 0.991402, -0.067128)","(-0.0748636, -0.991252, -0.108696)","(0.126203, -0.880924, 0.456119)","(0.281112, -0.921513, 0.267935)","(0.0542105, 0.638262, 0.767908)","(0.113584, -0.992616, -0.0425756)","(-0.121908, -0.991884, 0.0361279)","(0.0105291, -0.904166, -0.427051)","(-0.0157975, -0.876241, -0.481614)",0
8.33333,"(0.0487845, -0.0170605, -3.53417e-05)","(-0.10893, 0.991922, -0.0650025)","(-0.0788405, -0.990665, -0.111208)","(0.120819, -0.887216, 0.445254)","(0.278375, -0.923982, 0.262229)","(0.0577044, 0.632682, 0.772259)","(0.119073, -0.992079, -0.0400033)","(-0.120759, -0.991945, 0.0382418)","(0.00753489, -0.901425, -0.432869)","(-0.0171155, -0.873411, -0.486682)",0
8.36667,"(0.0484666, -0.0194175, -3.18767e-05)","(-0.106762, 0.993132, -0.0478551)","(-0.0790287, -0.988806, -0.126562)","(0.119167, -0.888756, 0.442619)","(0.272424, -0.928317, 0.253007)","(0.0552222, 0.628504, 0.775844)","(0.124859, -0.991382, -0.039652)","(-0.119663, -0.992083, 0.0380954)","(0.00419513, -0.898863, -0.438209)","(-0.0171166, -0.871487, -0.49012)",0
8.4,"(0.0484666, -0.0194175, -3.18767e-05)","(-0.106297, 0.993992, -0.0260952)","(-0.075888, -0.987743, -0.136398)","(0.118226, -0.888394, 0.443598)","(0.268917, -0.932052, 0.24282)","(0.0504489, 0.625869, 0.778295)","(0.130368, -0.990595, -0.0415483)","(-0.117676, -0.992349, 0.0373583)","(0.00303576, -0.892844, -0.450356)","(-0.0147308, -0.867264, -0.49763)",0
8.43333,"(0.0480317, -0.0225327, -2.70925e-05)","(-0.106764, 0.99426, -0.00694099)","(-0.0730217, -0.98636, -0.147517)","(0.119209, -0.88424, 0.451562)","(0.268063, -0.93545, 0.230383)","(0.0469541, 0.628316, 0.77654)","(0.136046, -0.989746, -0.0435335)","(-0.115945, -0.99262, 0.0355218)","(0.00253236, -0.88857, -0.458734)","(-0.0137598, -0.861409, -0.507725)",0
8.46667,"(0.0480317, -0.0225327, -2.70925e-05)","(-0.107626, 0.994138, 0.0102627)","(-0.070917, -0.986771, -0.145787)","(0.119492, -0.88322, 0.45348)","(0.268282, -0.933868, 0.236463)","(0.0446805, 0.627567, 0.777279)","(0.140625, -0.98903, -0.0452029)","(-0.112589, -0.992849, 0.0396807)","(0.00852068, -0.885144, -0.465239)","(-0.0135084, -0.860291, -0.509624)",0
8.5,"(0.047245, -0.0248574, -2.49113e-05)","(-0.106816, 0.994029, 0.0222844)","(-0.0702072, -0.987642, -0.140125)","(0.113655, -0.888344, 0.44489)","(0.268861, -0.930249, 0.2497)","(0.0567698, 0.622738, 0.780368)","(0.144824, -0.988443, -0.044786)","(-0.107275, -0.993251, 0.0440899)","(0.0162216, -0.886553, -0.462342)","(-0.0176031, -0.86381, -0.50351)",0
8.53333,"(0.047245, -0.0248574, -2.49113e-05)","(-0.105398, 0.993237, 0.0486916)","(-0.0704604, -0.98662, -0.147022)","(0.101107, -0.907449, 0.407816)","(0.269125, -0.926186, 0.264103)","(0.0876126, 0.584955, 0.80632)","(0.14748, -0.988085, -0.0440216)","(-0.100263, -0.993717, 0.0497431)","(0.0244937, -0.887985, -0.45922)","(-0.0207238, -0.870776, -0.491244)",0
8.56667,"(0.047245, -0.0248574, -2.49113e-05)","(-0.103856, 0.990432, 0.0908766)","(-0.0716148, -0.983655, -0.165207)","(0.0859479, -0.933857, 0.347165)","(0.271693, -0.924252, 0.268218)","(0.12923, 0.507433, 0.851946)","(0.147904, -0.988007, -0.0443466)","(-0.0917843, -0.994489, 0.0506629)","(0.0259194, -0.889796, -0.455621)","(-0.0262801, -0.873879, -0.485433)",0
8.6,"(0.0455958, -0.0262982, -2.54456e-05)","(-0.102548, 0.98417, 0.144549)","(-0.0717182, -0.979661, -0.187405)","(0.084676, -0.955916, 0.281166)","(0.279065, -0.914368, 0.29335)","(0.16751, 0.358631, 0.918327)","(0.146341, -0.988186, -0.0455214)","(-0.0870751, -0.994866, 0.0515707)","(0.0272476, -0.890355, -0.45445)","(-0.0296616, -0.875235, -0.482787)",0
8.63333,"(0.0455958, -0.0262982, -2.54456e-05)","(-0.0998696, 0.978513, 0.180385)","(-0.0704806, -0.978486, -0.193902)","(0.08634, -0.966898, 0.240111)","(0.288698, -0.893287, 0.344516)","(0.213212, 0.150559, 0.965335)","(0.143985, -0.988444, -0.0474003)","(-0.083438, -0.995176, 0.0515992)","(0.029963, -0.890788, -0.45343)","(-0.0346901, -0.876943, -0.47934)",0
8.66667,"(0.0455958, -0.0262982, -2.54456e-05)","(-0.0963157, 0.976746, 0.191547)","(-0.0679452, -0.979437, -0.189965)","(0.0850144, -0.983329, 0.160736)","(0.291447, -0.874527, 0.387635)","(0.293976, -0.17008, 0.940559)","(0.139987, -0.988991, -0.047964)","(-0.0847065, -0.995277, 0.0474133)","(0.0359077, -0.890165, -0.45422)","(-0.0362501, -0.879445, -0.474618)",0
8.7,"(0.0439123, -0.028667, -2.31389e-05)","(-0.0931098, 0.9687, 0.230113)","(-0.0653636, -0.981808, -0.17827)","(0.0725345, -0.997072, 0.0242156)","(0.289263, -0.87634, 0.38517)","(0.350114, -0.560155, 0.750764)","(0.136346, -0.989432, -0.0493441)","(-0.0878206, -0.995598, 0.0327306)","(0.0415387, -0.890399, -0.453281)","(-0.0352111, -0.886622, -0.461152)",0
8.73333,"(0.0439123, -0.028667, -2.31389e-05)","(-0.0893127, 0.952416, 0.291422)","(-0.0588557, -0.983193, -0.172822)","(0.0533505, -0.989664, -0.133113)","(0.27706, -0.897178, 0.34396)","(0.334522, -0.805871, 0.488536)","(0.134073, -0.989567, -0.0527335)","(-0.0922368, -0.99562, 0.0152865)","(0.045484, -0.889735, -0.454206)","(-0.0311779, -0.890322, -0.454263)",0
8.76667,"(0.04295, -0.0305159, -1.29492e-05)","(-0.08571, 0.931923, 0.352383)","(-0.0512409, -0.984292, -0.16895)","(0.0379009, -0.973588, -0.225146)","(0.262577, -0.917147, 0.299825)","(0.29063, -0.90029, 0.324056)","(0.133639, -0.989421, -0.0564423)","(-0.0954277, -0.995433, -0.00261483)","(0.0463969, -0.893501, -0.446658)","(-0.0271666, -0.896002, -0.443219)",0
8.8,"(0.04295, -0.0305159, -1.29492e-05)","(-0.0828809, 0.924435, 0.372224)","(-0.0442892, -0.98402, -0.172462)","(0.0213447, -0.969887, -0.242617)","(0.247618, -0.927285, 0.280762)","(0.262828, -0.912415, 0.31372)","(0.134395, -0.989267, -0.0573406)","(-0.0961574, -0.995312, -0.010404)","(0.0458582, -0.897021, -0.439602)","(-0.0255544, -0.896811, -0.441675)",0
8.83333,"(0.04295, -0.0305159, -1.29492e-05)","(-0.0814116, 0.918078, 0.387949)","(-0.0431196, -0.980973, -0.189293)","(0.00422906, -0.967152, -0.254163)","(0.241097, -0.934646, 0.26136)","(0.187352, -0.928673, 0.320101)","(0.134652, -0.989374, -0.0548389)","(-0.0962321, -0.995263, -0.0138305)","(0.0452891, -0.902527, -0.428245)","(-0.0245824, -0.90139, -0.43231)",0
8.86667,"(0.04295, -0.0305159, -1.29492e-05)","(-0.079789, 0.910313, 0.406157)","(-0.045506, -0.973017, -0.2262)","(-0.012956, -0.962122, -0.272312)","(0.245501, -0.939146, 0.240279)","(0.0955924, -0.938884, 0.330695)","(0.135831, -0.989358, -0.0521628)","(-0.0962045, -0.995266, -0.0137713)","(0.045179, -0.905048, -0.422903)","(-0.0240311, -0.904274, -0.426276)",0
8.9,"(0.04295, -0.0305159, -1.29492e-05)","(-0.0797089, 0.896005, 0.436832)","(-0.0462839, -0.963445, -0.263879)","(-0.0271276, -0.955291, -0.29442)","(0.263587, -0.94544, 0.191479)","(0.0198103, -0.943753, 0.330056)","(0.137654, -0.989398, -0.0462968)","(-0.0966117, -0.995177, -0.016984)","(0.0448351, -0.908478, -0.415522)","(-0.0238395, -0.90479, -0.425189)",0
8.93333,"(0.04295, -0.0305159, -1.29492e-05)","(-0.0809799, 0.888251, 0.452165)","(-0.0533926, -0.957209, -0.284428)","(-0.0327607, -0.953033, -0.301089)","(0.29084, -0.943648, 0.157928)","(0.00736425, -0.946348, 0.323065)","(0.1397, -0.989296, -0.042152)","(-0.0967004, -0.995147, -0.0181892)","(0.0448697, -0.909807, -0.412599)","(-0.0210392, -0.903824, -0.427388)",0
8.96667,"(0.04295, -0.0305159, -1.29492e-05)","(-0.0827567, 0.878846, 0.469874)","(-0.0676747, -0.952031, -0.298424)","(-0.0350575, -0.950233, -0.30956)","(0.327735, -0.936322, 0.126058)","(0.00891327, -0.952906, 0.303133)","(0.141647, -0.989123, -0.0396445)","(-0.0955724, -0.995357, -0.0113953)","(0.0455399, -0.906471, -0.419806)","(-0.0164276, -0.897758, -0.440183)",0
9,"(0.0408332, -0.0283078, 1.35428e-06)","(-0.0841045, 0.871117, 0.48382)","(-0.0837079, -0.947866, -0.307478)","(-0.0387777, -0.949275, -0.312048)","(0.355501, -0.927929, 0.112104)","(0.0111708, -0.960556, 0.277861)","(0.14398, -0.988967, -0.0348543)","(-0.0945132, -0.995522, 0.00172119)","(0.0450075, -0.901513, -0.430405)","(-0.0113947, -0.893956, -0.44801)",0
9.03333,"(0.0408332, -0.0283078, 1.35428e-06)","(-0.0860091, 0.866297, 0.492069)","(-0.0905637, -0.949588, -0.300134)","(-0.0540326, -0.952615, -0.299342)","(0.379266, -0.915466, 0.134459)","(0.0141484, -0.966066, 0.257907)","(0.152537, -0.988297, 0.00078288)","(-0.0939792, -0.995283, 0.0240884)","(0.0368451, -0.879407, -0.474643)","(-0.011205, -0.885285, -0.464914)",0
9.06667,"(0.0381883, -0.0251166, 3.07849e-07)","(-0.0884767, 0.866634, 0.491037)","(-0.0897686, -0.962551, -0.255806)","(-0.0754784, -0.959559, -0.2712)","(0.395543, -0.903294, 0.166149)","(-2.97582e-05, -0.96615, 0.257982)","(0.164951, -0.985947, 0.0264647)","(-0.0953166, -0.9937, 0.0589561)","(0.00151073, -0.798117, -0.6025)","(-0.0148507, -0.885332, -0.464723)",0
9.1,"(0.0358084, -0.0224948, -1.5026e-06)","(-0.0856708, 0.872582, 0.480896)","(-0.0897319, -0.970379, -0.224304)","(-0.101795, -0.964148, -0.245065)","(0.400333, -0.892236, 0.208923)","(-0.00776836, -0.960633, 0.277713)","(0.17971, -0.980282, 0.0821677)","(-0.0855556, -0.99218, 0.0908797)","(-0.0484947, -0.673261, -0.737813)","(-0.0185777, -0.885993, -0.463327)",0
9.13333,"(0.0329124, -0.0194221, -2.79727e-06)","(-0.0800532, 0.89335, 0.442174)","(-0.0885099, -0.978012, -0.188837)","(-0.111515, -0.967356, -0.227567)","(0.384805, -0.892394, 0.235706)","(-0.000270759, -0.944815, 0.327603)","(0.186907, -0.977246, 0.100276)","(-0.0759875, -0.990602, 0.113723)","(-0.118969, -0.522569, -0.844256)","(-0.00985787, -0.898072, -0.439739)",0
9.16667,"(0.0295777, -0.0161131, -3.78247e-06)","(-0.0714401, 0.912403, 0.403009)","(-0.0887151, -0.980114, -0.177497)","(-0.112389, -0.97033, -0.214076)","(0.357248, -0.89854, 0.254949)","(0.0257158, -0.929852, 0.367034)","(0.184698, -0.980076, 0.0730582)","(-0.0652468, -0.989386, 0.129836)","(-0.178802, -0.448611, -0.875659)","(0.00944323, -0.915483, -0.402245)",0
9.2,"(0.0258153, -0.0125507, -5.16139e-06)","(-0.0639545, 0.928642, 0.365423)","(-0.0859512, -0.984047, -0.155768)","(-0.105098, -0.971865, -0.210793)","(0.325348, -0.907469, 0.265797)","(0.0470404, -0.921808, 0.384782)","(0.165663, -0.986149, 0.00814759)","(-0.0654225, -0.987066, 0.146356)","(-0.244769, -0.394601, -0.885651)","(0.0328127, -0.925801, -0.376584)",0
9.23333,"(0.0218155, -0.00902325, -8.51546e-06)","(-0.0552347, 0.932743, 0.356286)","(-0.0932301, -0.983432, -0.155463)","(-0.106104, -0.971823, -0.210479)","(0.307148, -0.919542, 0.245158)","(0.0482758, -0.925921, 0.374618)","(0.137618, -0.989837, -0.0358352)","(-0.0651526, -0.985365, 0.157516)","(-0.286946, -0.391945, -0.874094)","(0.0512127, -0.928362, -0.368131)",0
9.26667,"(0.0178078, -0.00681334, -1.0705e-05)","(-0.0413633, 0.93958, 0.33982)","(-0.115654, -0.974918, -0.190154)","(-0.109126, -0.969288, -0.220391)","(0.296856, -0.94988, 0.0980055)","(0.049982, -0.93441, 0.352675)","(0.0765874, -0.995125, -0.0621299)","(-0.0548564, -0.986332, 0.155371)","(-0.291292, -0.443456, -0.847642)","(0.0748517, -0.923246, -0.376848)",0
9.3,"(0.0132716, -0.00543697, -1.26747e-05)","(-0.0279497, 0.947396, 0.318841)","(-0.15105, -0.959947, -0.235977)","(-0.112733, -0.965175, -0.236067)","(0.280564, -0.956831, -0.0758858)","(0, 0, 0)","(0.0133314, -0.996296, -0.0849541)","(-0.0387744, -0.991564, 0.123679)","(-0.270752, -0.55745, -0.78482)","(0.0923119, -0.907556, -0.409659)",0
9.33333,"(0.00812132, -0.00479614, -1.56322e-05)","(-0.0135796, 0.952149, 0.305333)","(-0.190173, -0.936243, -0.295437)","(-0.113859, -0.958302, -0.262095)","(0.25313, -0.933628, -0.253505)","(0, 0, 0)","(-0.0390736, -0.992197, -0.118399)","(-0.00610158, -0.997615, 0.068761)","(-0.229887, -0.720251, -0.654515)","(0.123958, -0.899296, -0.419406)",0
9.36667,"(0.00239407, -0.00450207, -1.74204e-05)","(-0.00175206, 0.95484, 0.297115)","(-0.219869, -0.921871, -0.319079)","(-0.110996, -0.953924, -0.278764)","(0.231539, -0.930287, -0.284528)","(0, 0, 0)","(-0.0515564, -0.992443, -0.111352)","(0.0206392, -0.99976, 0.0073073)","(-0.198, -0.831462, -0.519102)","(0.160302, -0.886409, -0.434261)",0
9.4,"(-0.00379092, -0.00483835, -1.78294e-05)","(0.0092779, 0.954847, 0.296954)","(-0.239001, -0.915007, -0.325023)","(-0.105009, -0.953856, -0.281304)","(0.217509, -0.938637, -0.267677)","(0, 0, 0)","(-0.0456384, -0.99354, -0.103896)","(0.0456071, -0.998727, -0.0215663)","(-0.162309, -0.8842, -0.438002)","(0.211142, -0.884685, -0.415635)",0
9.43333,"(-0.0104999, -0.00479035, -1.72508e-05)","(0.0202926, 0.958922, 0.282943)","(-0.249633, -0.917995, -0.308169)","(-0.0955336, -0.955781, -0.278129)","(0.182849, -0.965645, -0.18465)","(0, 0, 0)","(-0.0365024, -0.994893, -0.0941042)","(0.0553164, -0.998199, -0.0231968)","(-0.115326, -0.895885, -0.429058)","(0.252826, -0.87461, -0.413686)",0
9.46667,"(-0.017476, -0.00440065, -1.58585e-05)","(0.0260318, 0.962102, 0.271446)","(-0.252085, -0.923577, -0.288893)","(-0.0843625, -0.957583, -0.275532)","(0.131063, -0.990116, -0.0499335)","(0, 0, 0)","(-0.0178902, -0.996328, -0.083728)","(0.0661064, -0.997649, -0.0180911)","(-0.0557003, -0.902142, -0.427829)","(0.281212, -0.86853, -0.408136)",0
9.5,"(-0.0247591, -0.00334017, -1.25689e-05)","(0.0326845, 0.964985, 0.260262)","(-0.254366, -0.927476, -0.274019)","(-0.0639208, -0.959451, -0.274534)","(0.0626932, -0.993582, 0.0941489)","(0, 0, 0)","(0.00624491, -0.997076, -0.0761658)","(0.0782078, -0.99681, -0.0158971)","(0.0046771, -0.907719, -0.419552)","(0.304155, -0.868629, -0.391118)",0
9.53333,"(-0.0323556, -0.00209283, -7.78888e-06)","(0.0389638, 0.961197, 0.273097)","(-0.25479, -0.928953, -0.268568)","(-0.042867, -0.958456, -0.282001)","(0.0071923, -0.982072, 0.188368)","(0.125517, -0.944821, 0.302586)","(0.036424, -0.996721, -0.0722585)","(0.0960179, -0.995295, -0.0129436)","(0.0457811, -0.908249, -0.415919)","(0.320195, -0.875159, -0.362729)",0
9.56667,"(-0.0397356, -0.000839758, -1.1534e-06)","(0.0504996, 0.957434, 0.284202)","(-0.258382, -0.930897, -0.258203)","(-0.0203382, -0.957339, -0.288251)","(-0.0482575, -0.9755, 0.214644)","(0.16938, -0.938645, 0.300428)","(0.0654799, -0.995394, -0.0700236)","(0.11313, -0.993567, -0.00514889)","(0.080053, -0.906106, -0.415408)","(0.335415, -0.879022, -0.338848)",0
9.6,"(-0.0467726, 0.000370526, 3.2024e-06)","(0.0610825, 0.953756, 0.29431)","(-0.260766, -0.934976, -0.240461)","(0.000947958, -0.955134, -0.296172)","(-0.112146, -0.972362, 0.204781)","(0.196302, -0.933714, 0.299405)","(0.0952313, -0.993526, -0.0619501)","(0.121497, -0.992587, 0.00314538)","(0.104193, -0.910658, -0.399808)","(0.336812, -0.885322, -0.320565)",0
9.63333,"(-0.0531032, 0.00126767, 3.07183e-06)","(0.0674557, 0.953219, 0.294659)","(-0.257884, -0.941348, -0.217621)","(0.0330102, -0.955206, -0.294094)","(-0.176187, -0.966125, 0.188574)","(0.254669, -0.918979, 0.301035)","(0.121082, -0.991441, -0.0488268)","(0.117126, -0.993018, 0.0139938)","(0.121717, -0.915449, -0.383585)","(0.33261, -0.888555, -0.315975)",0
9.66667,"(-0.0587984, 0.000667024, -7.15494e-07)","(0.0675945, 0.962168, 0.263937)","(-0.249903, -0.949578, -0.189341)","(0.0613696, -0.964397, -0.257238)","(-0.207884, -0.961762, 0.178322)","(0.296232, -0.896941, 0.328243)","(0.144896, -0.988841, -0.0346321)","(0.081122, -0.996497, 0.0203068)","(0.131994, -0.918673, -0.372314)","(0.314415, -0.894394, -0.318123)",0
9.7,"(-0.0644532, -0.00179474, -1.37048e-05)","(0.0646007, 0.979462, 0.191)","(-0.235284, -0.960883, -0.146101)","(0.0779828, -0.985606, -0.150001)","(-0.159369, -0.96764, 0.19564)","(0.343015, -0.819033, 0.45992)","(0.155162, -0.987637, -0.0223072)","(0.0184955, -0.998956, 0.0417739)","(0.164371, -0.911674, -0.376606)","(0.268366, -0.900144, -0.343104)",0
9.73333,"(-0.0692307, -0.00618644, -2.28695e-05)","(0.0613028, 0.995066, 0.0780058)","(-0.22469, -0.970018, -0.0926293)","(0.0771062, -0.99317, 0.087566)","(0.000893628, -0.965171, 0.26162)","(0.347087, -0.589026, 0.72978)","(0.160695, -0.986732, -0.023183)","(-0.0788319, -0.978639, 0.189874)","(0.194681, -0.802383, -0.564164)","(0.187992, -0.929691, -0.316755)",0
9.76667,"(-0.0742327, -0.012283, -3.37603e-05)","(0.0492985, 0.998427, 0.0267139)","(-0.213409, -0.976651, -0.0246679)","(0.0614955, -0.955765, 0.287631)","(0.288446, -0.901498, 0.322647)","(0.352807, -0.186973, 0.916825)","(0.156361, -0.986773, -0.0427912)","(-0.158779, -0.94731, 0.278197)","(0.197951, -0.702538, -0.683561)","(0.101063, -0.949184, -0.298055)",0
9.8,"(-0.0797015, -0.0210167, -3.52615e-05)","(0.0379991, 0.998977, 0.024525)","(-0.193147, -0.980995, 0.0185377)","(0.0411423, -0.897126, 0.439856)","(0.582152, -0.720944, 0.37595)","(0.308497, 0.234543, 0.921856)","(0.154191, -0.98444, -0.0842842)","(-0.225444, -0.919985, 0.320629)","(0.20575, -0.638238, -0.741835)","(-0.00387533, -0.958793, -0.284079)",0
9.83333,"(-0.0854825, -0.0309472, -3.30623e-05)","(0.0323421, 0.998476, 0.0447167)","(-0.171363, -0.980931, 0.0917006)","(0.020849, -0.867112, 0.497677)","(0.758028, -0.511769, 0.404333)","(0.284351, 0.476504, 0.831919)","(0.151608, -0.982789, -0.105547)","(-0.274015, -0.93624, 0.219934)","(0.264727, -0.718575, -0.643094)","(-0.110038, -0.942348, -0.316025)",0
9.86667,"(-0.0905525, -0.0397158, -2.44005e-05)","(0.0371443, 0.998708, 0.0346831)","(-0.152942, -0.97601, 0.154963)","(0.00769722, -0.828655, 0.559707)","(0.811949, -0.337599, 0.4762)","(0.225265, 0.591043, 0.774548)","(0.161011, -0.981477, -0.103818)","(-0.314797, -0.933897, 0.169529)","(0.345895, -0.739373, -0.577654)","(-0.195712, -0.912695, -0.358726)",0
9.9,"(-0.096474, -0.0475921, -2.11154e-05)","(0.0413318, 0.999, 0.0170353)","(-0.157982, -0.961177, 0.226229)","(0.00141428, -0.803367, 0.595482)","(0.816428, -0.244413, 0.523171)","(0.197394, 0.615482, 0.763032)","(0.179603, -0.980179, -0.0836186)","(-0.338672, -0.929619, 0.14529)","(0.400033, -0.732007, -0.551488)","(-0.221822, -0.900295, -0.374519)",0
9.93333,"(-0.102581, -0.0533314, -1.5671e-05)","(0.0410049, 0.998913, 0.022177)","(-0.168528, -0.953986, 0.248012)","(-0.00244566, -0.791747, 0.610844)","(0.816614, -0.180489, 0.548238)","(0.20022, 0.619554, 0.75899)","(0.202654, -0.976096, -0.0785363)","(-0.349116, -0.926118, 0.142914)","(0.439157, -0.716424, -0.542105)","(-0.192613, -0.898574, -0.394291)",0
9.96667,"(-0.108886, -0.0562409, -1.56487e-05)","(0.0424048, 0.998827, 0.0233935)","(-0.185914, -0.944352, 0.271357)","(-0.00985861, -0.788765, 0.614616)","(0.817502, -0.167072, 0.551159)","(0.207385, 0.619529, 0.757083)","(0.213562, -0.973962, -0.076084)","(-0.355194, -0.91995, 0.16592)","(0.48166, -0.699504, -0.527917)","(-0.148343, -0.91962, -0.363723)",0
10,"(-0.115296, -0.0570328, -1.47214e-05)","(0.0486326, 0.998549, 0.0231337)","(-0.201134, -0.93419, 0.294677)","(-0.0256469, -0.786604, 0.616925)","(0.812963, -0.164489, 0.558601)","(0.214712, 0.618897, 0.755556)","(0.218638, -0.973076, -0.0729452)","(-0.351612, -0.917019, 0.188269)","(0.543958, -0.662798, -0.514596)","(-0.103594, -0.935555, -0.337646)",0
10.0333,"(-0.122061, -0.0569143, -1.24118e-05)","(0.0618118, 0.997992, 0.0138335)","(-0.229731, -0.91556, 0.330111)","(-0.0516591, -0.789799, 0.611187)","(0.80513, -0.16231, 0.570457)","(0.226976, 0.614922, 0.755217)","(0.215422, -0.974893, -0.0563631)","(-0.337396, -0.919611, 0.201194)","(0.592806, -0.624023, -0.509093)","(-0.0736689, -0.941987, -0.327466)",0
10.0667,"(-0.128799, -0.0557436, -1.0497e-05)","(0.076111, 0.997085, 0.005319)","(-0.259613, -0.897239, 0.357159)","(-0.084795, -0.785819, 0.612615)","(0.803925, -0.153373, 0.574614)","(0.241034, 0.611719, 0.75346)","(0.197722, -0.980028, -0.0212338)","(-0.326024, -0.924084, 0.199442)","(0.62826, -0.569051, -0.530538)","(-0.059772, -0.935422, -0.348443)",0
10.1,"(-0.135524, -0.054878, -9.54028e-06)","(0.086407, 0.996048, -0.0205392)","(-0.278281, -0.881459, 0.381562)","(-0.107942, -0.777439, 0.619626)","(0.795889, -0.146612, 0.587423)","(0.254651, 0.598579, 0.759511)","(0.159357, -0.986633, 0.0340761)","(-0.313503, -0.929824, 0.192724)","(0.638358, -0.523591, -0.564227)","(-0.0399667, -0.911508, -0.409335)",0
10.1333,"(-0.142105, -0.0533952, -2.79411e-06)","(0.0914091, 0.994728, -0.0464813)","(-0.291154, -0.87008, 0.397731)","(-0.12047, -0.762733, 0.635394)","(0.787051, -0.135167, 0.601898)","(0.261663, 0.589533, 0.764188)","(0.111098, -0.989793, 0.0892626)","(-0.289102, -0.941459, 0.173418)","(0.606446, -0.510583, -0.609531)","(-0.00263113, -0.873775, -0.486324)",0
10.1667,"(-0.148348, -0.0510752, 2.55778e-06)","(0.0944464, 0.993524, -0.063168)","(-0.301564, -0.871614, 0.386457)","(-0.122718, -0.757145, 0.641617)","(0.777133, -0.146483, 0.612052)","(0.269099, 0.584301, 0.765623)","(0.065191, -0.990014, 0.124993)","(-0.254255, -0.958052, 0.132252)","(0.496261, -0.488815, -0.717485)","(0.0243468, -0.836323, -0.547697)",0
10.2,"(-0.154676, -0.0472185, 6.46985e-06)","(0.098721, 0.993631, -0.0543274)","(-0.31557, -0.873867, 0.369827)","(-0.132108, -0.761189, 0.634932)","(0.773652, -0.158315, 0.613514)","(0.276791, 0.587116, 0.760711)","(0.0234914, -0.987197, 0.157765)","(-0.216023, -0.972216, 0.0901681)","(0.356931, -0.471662, -0.80631)","(0.0326251, -0.824683, -0.564654)",0
10.2333,"(-0.161097, -0.0411023, 1.02856e-05)","(0.10121, 0.994105, -0.0388934)","(-0.319884, -0.879681, 0.351904)","(-0.138868, -0.772894, 0.619153)","(0.77425, -0.185867, 0.604971)","(0.283315, 0.576571, 0.766354)","(-0.0522572, -0.962727, 0.26538)","(-0.183584, -0.98117, 0.0600196)","(0.250969, -0.460098, -0.85166)","(0.021437, -0.843265, -0.53707)",0
10.2667,"(-0.167255, -0.0342954, 1.50404e-05)","(0.103771, 0.994358, -0.0220117)","(-0.321631, -0.882981, 0.341905)","(-0.142531, -0.776697, 0.613536)","(0.769975, -0.198535, 0.606401)","(0.279645, 0.563779, 0.777143)","(-0.143974, -0.913169, 0.381306)","(-0.150936, -0.987265, 0.0502557)","(0.234796, -0.519235, -0.821746)","(0.0185802, -0.859403, -0.510961)",0
10.3,"(-0.173383, -0.0266207, 1.27029e-05)","(0.107954, 0.994121, -0.00837875)","(-0.323383, -0.887642, 0.327896)","(-0.140819, -0.777227, 0.61326)","(0.764998, -0.202653, 0.611318)","(0.267935, 0.552029, 0.789604)","(-0.242278, -0.861064, 0.44707)","(-0.127384, -0.990297, 0.0555389)","(0.23753, -0.584674, -0.775717)","(0.034158, -0.887241, -0.460039)",0
10.3333,"(-0.179496, -0.0190797, 9.9313e-06)","(0.114175, 0.99336, 0.0141078)","(-0.322908, -0.895877, 0.305179)","(-0.138349, -0.78897, 0.598653)","(0.758877, -0.200168, 0.619708)","(0.25235, 0.55084, 0.795547)","(-0.285652, -0.88293, 0.372609)","(-0.0975468, -0.993909, 0.0512831)","(0.204935, -0.694844, -0.689342)","(0.067195, -0.910771, -0.407407)",0
10.3667,"(-0.185622, -0.0130656, 8.73092e-06)","(0.118118, 0.992582, 0.0287979)","(-0.314184, -0.903485, 0.291553)","(-0.140314, -0.818012, 0.557824)","(0.76246, -0.195876, 0.616674)","(0.248079, 0.568761, 0.784199)","(-0.288271, -0.937501, 0.194913)","(-0.0746893, -0.996324, 0.0419461)","(0.114702, -0.818935, -0.562307)","(0.105495, -0.928831, -0.355168)",0
10.4,"(-0.191527, -0.00946803, 8.46963e-06)","(0.120601, 0.991966, 0.0381906)","(-0.305559, -0.911165, 0.276428)","(-0.140405, -0.855737, 0.497997)","(0.772067, -0.193014, 0.605523)","(0.248123, 0.581054, 0.77512)","(-0.245133, -0.968511, 0.0435576)","(-0.0462382, -0.998766, 0.0181134)","(-0.00480393, -0.905829, -0.423617)","(0.141276, -0.932462, -0.3325)",0
10.4333,"(-0.197816, -0.00712864, 8.86177e-06)","(0.120152, 0.992286, 0.0305141)","(-0.298972, -0.919097, 0.256662)","(-0.153923, -0.888024, 0.433268)","(0.797097, -0.193416, 0.572037)","(0.250865, 0.590318, 0.767197)","(-0.211404, -0.976688, -0.0372599)","(-0.0262917, -0.99956, 0.0137375)","(-0.0949244, -0.932583, -0.348251)","(0.158927, -0.929843, -0.331865)",0
10.4667,"(-0.204378, -0.0066083, 1.00694e-05)","(0.120587, 0.992633, 0.0117539)","(-0.298593, -0.923488, 0.240855)","(-0.167672, -0.893395, 0.416811)","(0.822443, -0.192085, 0.535435)","(0.247146, 0.583921, 0.773275)","(-0.187195, -0.982024, -0.0242363)","(-0.0069396, -0.999914, 0.0111401)","(-0.125787, -0.933343, -0.336228)","(0.181837, -0.922245, -0.341173)",0
10.5,"(-0.211788, -0.00691007, 1.13916e-05)","(0.121136, 0.992556, -0.0126089)","(-0.301436, -0.923944, 0.235509)","(-0.182017, -0.884596, 0.429372)","(0.844209, -0.187689, 0.502079)","(0.245753, 0.58067, 0.776162)","(-0.16478, -0.986177, -0.0173985)","(0.00736054, -0.999902, 0.0118718)","(-0.117797, -0.938616, -0.324227)","(0.203936, -0.914868, -0.348464)",0
10.5333,"(-0.219587, -0.00791011, 1.29431e-05)","(0.127323, 0.991072, -0.0395716)","(-0.317626, -0.917004, 0.241284)","(-0.190319, -0.870865, 0.453182)","(0.85283, -0.184029, 0.488685)","(0.26343, 0.5926, 0.761203)","(-0.126355, -0.991813, -0.0184835)","(0.0224506, -0.999712, 0.00853338)","(-0.114134, -0.945577, -0.304725)","(0.245159, -0.907318, -0.341572)",0
10.5667,"(-0.22809, -0.00977374, 1.42526e-05)","(0.135769, 0.98933, -0.0528529)","(-0.341821, -0.909322, 0.237261)","(-0.20014, -0.870423, 0.449786)","(0.854721, -0.187211, 0.484153)","(0.291108, 0.602945, 0.742774)","(-0.076607, -0.996632, -0.0292539)","(0.0523298, -0.998622, 0.00396933)","(-0.0829846, -0.955843, -0.281917)","(0.282446, -0.9032, -0.323192)",0
10.6,"(-0.236909, -0.0113178, 1.30812e-05)","(0.147006, 0.987497, -0.0569096)","(-0.372231, -0.900223, 0.225927)","(-0.213633, -0.873971, 0.436505)","(0.850679, -0.196874, 0.487428)","(0.319997, 0.610449, 0.724537)","(-0.0269543, -0.998542, -0.0467618)","(0.0883912, -0.996079, 0.00359696)","(-0.0414604, -0.963583, -0.264177)","(0.322486, -0.895895, -0.305574)",0
10.6333,"(-0.246084, -0.0129229, 1.13458e-05)","(0.156108, 0.986218, -0.054816)","(-0.395513, -0.892632, 0.216282)","(-0.222551, -0.878153, 0.42346)","(0.845084, -0.208575, 0.49227)","(0.342679, 0.605539, 0.718257)","(0.0130076, -0.998245, -0.0577663)","(0.119602, -0.9928, 0.00662973)","(0.028549, -0.967145, -0.252618)","(0.361967, -0.887639, -0.284742)",0
10.6667,"(-0.254728, -0.0145469, 6.75931e-06)","(0.165022, 0.983969, -0.067616)","(-0.415054, -0.885599, 0.208433)","(-0.229437, -0.889772, 0.394544)","(0.837329, -0.221789, 0.49969)","(0.358501, 0.608861, 0.707648)","(0.0437146, -0.9973, -0.0590021)","(0.138605, -0.990058, 0.0239419)","(0.0862692, -0.964583, -0.249275)","(0.409371, -0.868054, -0.280887)",0
10.7,"(-0.262812, -0.0159258, 1.40015e-06)","(0.172054, 0.980921, -0.0905084)","(-0.428675, -0.878668, 0.210192)","(-0.231375, -0.901264, 0.366318)","(0.830971, -0.233945, 0.504734)","(0.37106, 0.61499, 0.695774)","(0.0682702, -0.996366, -0.0509376)","(0.122517, -0.989581, 0.0756308)","(0.137193, -0.957097, -0.255232)","(0.475672, -0.824816, -0.305639)",0
10.7333,"(-0.270044, -0.0163691, -3.13418e-06)","(0.176978, 0.977782, -0.112344)","(-0.434991, -0.874273, 0.215475)","(-0.226557, -0.90944, 0.348699)","(0.824509, -0.240358, 0.512262)","(0.370453, 0.613541, 0.697375)","(0.0854385, -0.995187, -0.0479835)","(0.0789181, -0.986751, 0.141751)","(0.181012, -0.944885, -0.272814)","(0.525271, -0.766395, -0.369769)",0
10.7667,"(-0.276743, -0.016853, -7.08904e-06)","(0.179894, 0.975416, -0.127288)","(-0.432206, -0.874248, 0.221108)","(-0.217299, -0.910673, 0.351363)","(0.818527, -0.238778, 0.522494)","(0.363566, 0.617251, 0.697726)","(0.0897497, -0.995112, -0.0411964)","(-0.00502122, -0.98369, 0.179801)","(0.224491, -0.93164, -0.285745)","(0.556451, -0.731214, -0.394575)",0
10.8,"(-0.282347, -0.0176224, -1.61362e-05)","(0.181947, 0.973734, -0.136885)","(-0.426183, -0.877086, 0.22156)","(-0.226969, -0.903439, 0.363708)","(0.815106, -0.23303, 0.530377)","(0.352332, 0.621616, 0.699611)","(0.0846426, -0.995854, -0.0333158)","(-0.116123, -0.965421, 0.233405)","(0.269807, -0.914237, -0.302282)","(0.445658, -0.82793, -0.340472)",0
10.8333,"(-0.287217, -0.0187938, -2.02172e-05)","(0.1781, 0.973704, -0.142063)","(-0.41601, -0.882076, 0.221082)","(-0.244129, -0.879789, 0.407887)","(0.81474, -0.237517, 0.528946)","(0.328443, 0.607912, 0.722889)","(0.0611966, -0.99801, -0.0152311)","(-0.22787, -0.932289, 0.280913)","(0.330342, -0.84879, -0.41283)","(0.2773, -0.922415, -0.268804)",0
10.8667,"(-0.291928, -0.0217862, -2.32629e-05)","(0.172906, 0.978775, -0.110015)","(-0.406604, -0.882882, 0.234932)","(-0.266802, -0.846285, 0.461106)","(0.80163, -0.238544, 0.548166)","(0.292929, 0.58719, 0.754586)","(0.0460754, -0.998831, -0.014592)","(-0.304976, -0.898233, 0.316491)","(0.382503, -0.784749, -0.48771)","(0.0558535, -0.970728, -0.233597)",0
10.9,"(-0.296722, -0.0268496, -2.4897e-05)","(0.159362, 0.984498, -0.0732583)","(-0.380011, -0.887262, 0.261454)","(-0.264091, -0.829011, 0.492947)","(0.788969, -0.238374, 0.566309)","(0.244028, 0.574877, 0.781003)","(0.0331361, -0.9992, -0.0223691)","(-0.361313, -0.892392, 0.270352)","(0.427902, -0.732939, -0.528867)","(-0.0556759, -0.963218, -0.262891)",0
10.9333,"(-0.301285, -0.0329985, -2.7912e-05)","(0.145893, 0.988524, -0.0391828)","(-0.347866, -0.890003, 0.294761)","(-0.255019, -0.828032, 0.499327)","(0.774457, -0.218342, 0.593753)","(0.195104, 0.582245, 0.789256)","(0.0423587, -0.998267, -0.040861)","(-0.402038, -0.892031, 0.206511)","(0.485464, -0.744694, -0.457991)","(-0.129053, -0.954046, -0.270445)",0
10.9667,"(-0.30614, -0.0400085, -2.5429e-05)","(0.128148, 0.991238, -0.0320115)","(-0.312346, -0.892027, 0.326692)","(-0.23777, -0.8295, 0.505366)","(0.780025, -0.197534, 0.593752)","(0.147955, 0.580085, 0.801006)","(0.063615, -0.996727, -0.0498828)","(-0.434608, -0.884445, 0.169919)","(0.522069, -0.738914, -0.42597)","(-0.148207, -0.952962, -0.264384)",0
11,"(-0.311439, -0.0463565, -2.51996e-05)","(0.117268, 0.99282, -0.0235974)","(-0.300344, -0.887795, 0.348732)","(-0.227662, -0.814886, 0.53304)","(0.784175, -0.180693, 0.59365)","(0.10602, 0.565674, 0.817785)","(0.0954328, -0.993868, -0.055847)","(-0.432171, -0.884909, 0.17368)","(0.547016, -0.726614, -0.415699)","(-0.137748, -0.952217, -0.272596)",0
11.0333,"(-0.317062, -0.0505891, -2.58192e-05)","(0.110416, 0.993693, -0.0195763)","(-0.302154, -0.882683, 0.359964)","(-0.226178, -0.801694, 0.55329)","(0.788653, -0.175745, 0.589186)","(0.0878074, 0.566988, 0.819032)","(0.128042, -0.99004, -0.0585311)","(-0.412471, -0.893143, 0.179339)","(0.544452, -0.724681, -0.422385)","(-0.130004, -0.949275, -0.286315)",0
11.0667,"(-0.322871, -0.0528088, -2.84753e-05)","(0.108798, 0.993868, -0.019718)","(-0.307508, -0.876751, 0.369793)","(-0.229124, -0.782287, 0.579249)","(0.786943, -0.17648, 0.591249)","(0.084319, 0.570427, 0.817009)","(0.147686, -0.987157, -0.0609077)","(-0.394689, -0.900271, 0.183666)","(0.557883, -0.719701, -0.413276)","(-0.119854, -0.948601, -0.292902)",0
11.1,"(-0.329019, -0.0537631, -2.66685e-05)","(0.107699, 0.993913, -0.0232033)","(-0.308052, -0.874569, 0.374476)","(-0.23345, -0.770288, 0.593429)","(0.787393, -0.172869, 0.591716)","(0.0935673, 0.587965, 0.803457)","(0.160514, -0.985084, -0.062002)","(-0.380812, -0.905498, 0.18723)","(0.579658, -0.707016, -0.405124)","(-0.107895, -0.948302, -0.298467)",0
11.1333,"(-0.335308, -0.0531446, -2.4299e-05)","(0.107506, 0.993863, -0.0260477)","(-0.297656, -0.876108, 0.379257)","(-0.233466, -0.751221, 0.617382)","(0.785834, -0.163901, 0.596323)","(0.0974062, 0.60115, 0.793178)","(0.158998, -0.986495, -0.0393381)","(-0.374943, -0.906013, 0.196364)","(0.610924, -0.66227, -0.433786)","(-0.0852859, -0.945258, -0.314981)",0
11.1667,"(-0.341985, -0.0525768, -1.94306e-05)","(0.10743, 0.993678, -0.0325987)","(-0.269098, -0.885653, 0.378425)","(-0.232979, -0.727793, 0.64501)","(0.782328, -0.155392, 0.603172)","(0.0981752, 0.608931, 0.787124)","(0.128347, -0.991729, -0.000594209)","(-0.370089, -0.898873, 0.234651)","(0.637124, -0.603826, -0.479026)","(-0.0703885, -0.939889, -0.334148)",0
11.2,"(-0.348629, -0.0518305, -1.2906e-05)","(0.10699, 0.992971, -0.0506218)","(-0.228291, -0.907673, 0.352153)","(-0.210665, -0.705836, 0.676326)","(0.795444, -0.146167, 0.588135)","(0.0860284, 0.615943, 0.783079)","(0.073439, -0.995565, 0.0587987)","(-0.352421, -0.908592, 0.224188)","(0.606163, -0.544466, -0.579761)","(-0.0324363, -0.915036, -0.402066)",0
11.2333,"(-0.355312, -0.0506744, -5.72212e-06)","(0.105328, 0.992683, -0.0590397)","(-0.19284, -0.920504, 0.339832)","(-0.165769, -0.678624, 0.715535)","(0.803941, -0.137871, 0.578507)","(0.0673153, 0.617419, 0.783749)","(-0.0248214, -0.993393, 0.112041)","(-0.322344, -0.928707, 0.183297)","(0.491184, -0.47687, -0.728926)","(-0.00765746, -0.903671, -0.428159)",0
11.2667,"(-0.36174, -0.0495429, 1.57731e-07)","(0.104202, 0.993, -0.0556215)","(-0.173551, -0.923467, 0.342183)","(-0.0914317, -0.665659, 0.740634)","(0.824998, -0.130376, 0.549891)","(0.0502186, 0.626401, 0.777882)","(-0.129739, -0.957429, 0.257871)","(-0.26757, -0.957937, 0.103743)","(0.338023, -0.471599, -0.814454)","(0.0119406, -0.888265, -0.459176)",0
11.3,"(-0.36789, -0.0484568, 2.88932e-06)","(0.103562, 0.994265, -0.026672)","(-0.161593, -0.90988, 0.382107)","(0.00727281, -0.655201, 0.755419)","(0.83203, -0.127937, 0.539777)","(0.0650269, 0.605313, 0.793327)","(-0.234743, -0.898747, 0.370338)","(-0.215571, -0.973211, 0.079929)","(0.21849, -0.470402, -0.854976)","(-0.00582359, -0.902367, -0.430929)",0
11.3333,"(-0.373498, -0.0477847, 1.21518e-06)","(0.104459, 0.994522, 0.00373064)","(-0.144859, -0.891903, 0.428398)","(0.144897, -0.660331, 0.736863)","(0.831139, -0.121218, 0.542691)","(0.121068, 0.586386, 0.800933)","(-0.298344, -0.85726, 0.419638)","(-0.159692, -0.983598, 0.0838693)","(0.157091, -0.557922, -0.81489)","(-0.0272279, -0.896662, -0.441877)",0
11.3667,"(-0.378905, -0.0481769, -3.7518e-06)","(0.105444, 0.994112, 0.0249777)","(-0.133459, -0.874636, 0.466048)","(0.308849, -0.688194, 0.656507)","(0.817416, -0.127224, 0.561822)","(0.260598, 0.536617, 0.802578)","(-0.329421, -0.890959, 0.312529)","(-0.112613, -0.988248, 0.103369)","(0.035349, -0.612156, -0.789947)","(-0.0433171, -0.886434, -0.460824)",0
11.4,"(-0.383983, -0.0490092, -1.12688e-05)","(0.104729, 0.993927, 0.0337641)","(-0.122339, -0.855001, 0.503991)","(0.438222, -0.734279, 0.518455)","(0.800629, -0.153178, 0.579249)","(0.445653, 0.422257, 0.789362)","(-0.329059, -0.9276, 0.176857)","(-0.0652046, -0.989118, 0.131882)","(-0.108439, -0.700949, -0.704919)","(-0.0371026, -0.866076, -0.498534)",0
11.4333,"(-0.388765, -0.0504719, -1.96157e-05)","(0.0987799, 0.994396, 0.0376713)","(-0.0950751, -0.839692, 0.534675)","(0.505284, -0.8221, 0.262373)","(0.786949, -0.195412, 0.585257)","(0.65861, 0.224988, 0.718062)","(-0.305334, -0.948636, 0.0828299)","(-0.0218183, -0.993496, 0.11176)","(-0.252997, -0.790477, -0.557799)","(-0.00628599, -0.840356, -0.541998)",0
11.4667,"(-0.393466, -0.0522066, -2.42071e-05)","(0.0894948, 0.995308, 0.0367888)","(-0.0507341, -0.816709, 0.574815)","(0.488002, -0.871359, 0.0508648)","(0.768722, -0.250333, 0.588557)","(0.765864, 0.0106952, 0.642914)","(-0.280328, -0.958426, 0.0532566)","(0.0105024, -0.997036, 0.0762175)","(-0.317123, -0.857234, -0.405689)","(0.0322082, -0.821423, -0.569409)",0
11.5,"(-0.398159, -0.0537193, -2.65799e-05)","(0.0792221, 0.996282, 0.0338446)","(-0.00504959, -0.783402, 0.621495)","(0.455637, -0.887184, -0.0727958)","(0.745691, -0.300551, 0.594655)","(0.807143, -0.0893068, 0.583562)","(-0.257027, -0.964676, 0.0577711)","(0.0309571, -0.998914, 0.0348264)","(-0.328861, -0.888508, -0.320004)","(0.0600534, -0.811511, -0.581243)",0
11.5333,"(-0.40259, -0.0548249, -2.74829e-05)","(0.0734729, 0.996951, 0.026285)","(0.01386, -0.762613, 0.646707)","(0.412111, -0.911129, -0.00284907)","(0.739936, -0.324149, 0.589425)","(0.789162, -0.0315298, 0.613376)","(-0.242722, -0.968422, 0.0569582)","(0.0362999, -0.998337, 0.0447883)","(-0.297276, -0.896732, -0.327869)","(0.0808217, -0.822375, -0.563176)",0
11.5667,"(-0.40666, -0.0552762, -2.40656e-05)","(0.0706683, 0.997221, 0.023593)","(0.0140916, -0.747699, 0.663888)","(0.327052, -0.933048, 0.149862)","(0.748106, -0.279269, 0.601952)","(0.700644, 0.137174, 0.700201)","(-0.229717, -0.972322, 0.0426588)","(0.044826, -0.997029, 0.0626376)","(-0.26273, -0.899489, -0.349132)","(0.0997829, -0.846875, -0.522348)",0
11.6,"(-0.410508, -0.0551376, -1.57565e-05)","(0.0765211, 0.996616, 0.0300262)","(-0.0399012, -0.732885, 0.679181)","(0.175197, -0.917086, 0.358133)","(0.752185, -0.162488, 0.638605)","(0.38445, 0.314497, 0.867922)","(-0.220015, -0.975354, 0.0166402)","(0.045376, -0.997266, 0.0583313)","(-0.229468, -0.904613, -0.359193)","(0.133416, -0.860584, -0.491524)",0
11.6333,"(-0.413706, -0.0544115, -2.39178e-06)","(0.0872077, 0.994231, 0.0624528)","(-0.179535, -0.69417, 0.697062)","(0.0253015, -0.875013, 0.483438)","(0.688377, -2.65355e-05, 0.725353)","(-0.153741, 0.337363, 0.928736)","(-0.211349, -0.977157, -0.0222626)","(0.0471253, -0.998061, 0.0406714)","(-0.205792, -0.90406, -0.374599)","(0.162969, -0.864521, -0.475442)",0
11.6667,"(-0.416547, -0.0536312, 7.50003e-06)","(0.0896176, 0.988294, 0.123465)","(-0.399562, -0.633215, 0.662864)","(-0.120431, -0.903996, 0.410228)","(0.56346, 0.232059, 0.792882)","(-0.64011, 0.0304021, 0.767682)","(-0.207577, -0.976128, -0.0639129)","(0.0407721, -0.999131, 0.00868451)","(-0.187594, -0.907877, -0.374923)","(0.19076, -0.862617, -0.468512)",0
11.7,"(-0.418937, -0.0526441, 1.56458e-05)","(0.0809838, 0.981874, 0.171365)","(-0.593409, -0.616895, 0.517016)","(-0.176196, -0.95288, 0.246929)","(0.204613, 0.420573, 0.883885)","(-0.708013, -0.421075, 0.566934)","(-0.205068, -0.975685, -0.0773623)","(0.0525204, -0.998529, -0.0135076)","(-0.173289, -0.911316, -0.373462)","(0.197793, -0.868372, -0.454761)",0
11.7333,"(-0.420927, -0.0517022, 1.99258e-05)","(0.0618196, 0.978206, 0.198218)","(-0.735531, -0.637272, 0.229955)","(-0.158354, -0.983779, 0.08428)","(-0.317175, 0.502768, 0.80413)","(-0.546355, -0.734608, 0.402303)","(-0.198811, -0.976817, -0.079387)","(0.0645819, -0.997396, -0.0320852)","(-0.160815, -0.919588, -0.358463)","(0.2054, -0.86925, -0.449684)",0
11.7667,"(-0.42269, -0.0503887, 1.88875e-05)","(0.0496622, 0.978878, 0.198321)","(-0.72288, -0.68625, -0.0806637)","(-0.0779299, -0.995431, 0.0551795)","(-0.800477, 0.204693, 0.563327)","(-0.139932, -0.888577, 0.436863)","(-0.201178, -0.977835, -0.0580253)","(0.0746735, -0.996163, -0.0456456)","(-0.142396, -0.920638, -0.363524)","(0.220132, -0.862249, -0.456145)",0
11.8,"(-0.42269, -0.0503887, 1.88875e-05)","(0.0453028, 0.980147, 0.193029)","(-0.633393, -0.733628, -0.246177)","(-0.020889, -0.997047, 0.0739003)","(-0.915156, -0.167275, 0.366754)","(0.208745, -0.796906, 0.566891)","(-0.206784, -0.977198, -0.0482136)","(0.0713748, -0.996252, -0.0488551)","(-0.126194, -0.923435, -0.362413)","(0.284867, -0.853722, -0.435902)",0
11.8333,"(-0.425742, -0.0487355, 1.44897e-05)","(0.0508525, 0.982837, 0.177328)","(-0.488284, -0.838332, -0.242443)","(-0.0147799, -0.985064, 0.171552)","(-0.796275, -0.519228, 0.3104)","(0.533366, -0.408962, 0.740453)","(-0.208957, -0.976218, -0.0577491)","(0.075406, -0.994788, -0.0686372)","(-0.0948288, -0.917016, -0.387413)","(0.383112, -0.826034, -0.413392)",0
11.8667,"(-0.425742, -0.0487355, 1.44897e-05)","(0.0642698, 0.987116, 0.146533)","(-0.340721, -0.916287, -0.210543)","(-0.0271828, -0.93244, 0.3603)","(-0.688028, -0.647666, 0.327332)","(0.426963, 0.112074, 0.897297)","(-0.201966, -0.977128, -0.0665621)","(0.0878451, -0.992759, -0.0819321)","(-0.0742623, -0.910726, -0.40628)","(0.477878, -0.796678, -0.370051)",0
11.9,"(-0.425742, -0.0487355, 1.44897e-05)","(0.0751164, 0.990933, 0.111395)","(-0.236975, -0.944838, -0.226106)","(-0.159644, -0.815959, 0.555631)","(-0.58992, -0.716311, 0.372683)","(0.0659667, 0.510019, 0.85763)","(-0.188932, -0.979491, -0.0700209)","(0.104007, -0.988584, -0.109015)","(-0.061874, -0.919479, -0.388241)","(0.539149, -0.762737, -0.357143)",0
11.9333,"(-0.425742, -0.0487355, 1.44897e-05)","(0.0896244, 0.993529, 0.0697657)","(-0.190474, -0.97103, -0.144295)","(-0.359284, -0.653447, 0.666274)","(-0.496258, -0.735186, 0.461767)","(-0.428422, 0.56991, 0.701183)","(-0.187903, -0.981894, -0.0239998)","(0.128088, -0.988732, -0.0774714)","(-0.0734367, -0.942587, -0.325785)","(0.570533, -0.747253, -0.340743)",0
11.9667,"(-0.425776, -0.0536949, 4.25436e-05)","(0.102473, 0.993795, 0.0432483)","(-0.253117, -0.966097, 0.0508838)","(-0.637756, -0.440055, 0.632154)","(-0.318848, -0.593442, 0.739028)","(-0.848802, 0.313316, 0.425875)","(-0.191851, -0.981355, 0.0116406)","(0.160375, -0.986972, -0.0128524)","(-0.0828658, -0.96196, -0.260321)","(0.602982, -0.727184, -0.328049)",1
12,"(-0.424827, -0.058633, 4.83751e-05)","(0.106601, 0.993935, 0.027005)","(-0.3142, -0.909352, 0.272686)","(-0.80784, -0.349221, 0.474804)","(-0.191815, -0.261125, 0.946055)","(-0.997027, 0.0567382, 0.0521299)","(-0.210322, -0.977313, 0.0249926)","(0.194445, -0.979424, 0.0540276)","(-0.0863713, -0.971334, -0.221471)","(0.628644, -0.711617, -0.313702)",0
12.0333,"(-0.424053, -0.0650748, 5.3918e-05)","(0.101541, 0.994687, 0.0169417)","(-0.409152, -0.823974, 0.391997)","(-0.902626, -0.307961, 0.30071)","(-0.117762, 0.114802, 0.986384)","(-0.972512, -0.0747553, -0.220525)","(-0.238771, -0.971072, -0.00263929)","(0.213719, -0.9727, 0.0904408)","(-0.0838455, -0.97295, -0.215262)","(0.650105, -0.694249, -0.308839)",0
12.0667,"(-0.42393, -0.0708552, 5.5223e-05)","(0.0917342, 0.995599, 0.0191601)","(-0.472941, -0.777805, 0.413941)","(-0.91732, -0.361211, 0.167485)","(-0.144228, 0.226624, 0.963244)","(-0.961761, -0.0549854, -0.268314)","(-0.275685, -0.96057, -0.0361019)","(0.223009, -0.96992, 0.0975804)","(-0.0771476, -0.964249, -0.25352)","(0.661509, -0.670172, -0.336563)",0
12.1,"(-0.424879, -0.0753927, 5.3945e-05)","(0.0920702, 0.995361, 0.0279133)","(-0.513838, -0.751757, 0.413318)","(-0.910619, -0.392224, 0.130127)","(-0.171103, 0.215363, 0.961427)","(-0.981111, -0.0405992, -0.18914)","(-0.299342, -0.952447, -0.0569205)","(0.236443, -0.965694, 0.107379)","(-0.0680454, -0.945923, -0.317175)","(0.668452, -0.646936, -0.36694)",0
12.1333,"(-0.427365, -0.0762014, 5.1903e-05)","(0.100207, 0.994345, 0.0351682)","(-0.505427, -0.780044, 0.368884)","(-0.858031, -0.48487, 0.16936)","(-0.230123, 0.197572, 0.952895)","(-0.998751, 0.00795237, -0.0493204)","(-0.301659, -0.950966, -0.0683091)","(0.250027, -0.9616, 0.113187)","(-0.0516792, -0.925059, -0.376292)","(0.67098, -0.638775, -0.376499)",0
12.1667,"(-0.43194, -0.0727668, 4.66982e-05)","(0.114717, 0.992905, 0.031288)","(-0.456215, -0.836646, 0.303135)","(-0.693198, -0.662834, 0.283068)","(-0.310857, 0.144154, 0.939462)","(-0.986989, 0.101601, 0.124615)","(-0.271616, -0.959304, -0.0772044)","(0.258663, -0.959044, 0.115445)","(-0.0394406, -0.914095, -0.403578)","(0.673525, -0.639814, -0.370138)",0
12.2,"(-0.438529, -0.0662574, 3.99141e-05)","(0.138673, 0.989947, 0.0278417)","(-0.358111, -0.907123, 0.2211)","(-0.37025, -0.83729, 0.402318)","(-0.415903, 0.0266908, 0.909017)","(-0.933796, 0.138807, 0.329784)","(-0.219914, -0.971197, -0.0917236)","(0.257333, -0.959653, 0.113338)","(-0.0253756, -0.910657, -0.412384)","(0.682382, -0.643259, -0.347236)",0
12.2333,"(-0.446125, -0.0578011, 3.24721e-05)","(0.165742, 0.985418, 0.0384791)","(-0.258404, -0.958742, 0.118495)","(0.0249625, -0.893256, 0.448855)","(-0.499189, -0.136335, 0.855701)","(-0.846265, 0.0862653, 0.525732)","(-0.156193, -0.982245, -0.103916)","(0.263681, -0.959124, 0.102731)","(-0.011337, -0.91568, -0.401749)","(0.697838, -0.646246, -0.308849)",0
12.2667,"(-0.453809, -0.0492941, 2.4404e-05)","(0.193859, 0.980194, 0.0404738)","(-0.191546, -0.979794, -0.057562)","(0.359277, -0.868608, 0.341235)","(-0.561839, -0.356018, 0.746718)","(-0.838902, -0.16855, 0.517528)","(-0.0840959, -0.989867, -0.114419)","(0.27128, -0.958122, 0.0917049)","(0.00171691, -0.925099, -0.379723)","(0.709423, -0.660073, -0.247029)",0
12.3,"(-0.460621, -0.0414447, 1.47112e-05)","(0.213139, 0.976185, 0.0404238)","(-0.182965, -0.945304, -0.270046)","(0.560329, -0.800961, 0.210936)","(-0.554804, -0.575867, 0.600475)","(-0.82559, -0.419594, 0.377281)","(-0.022164, -0.992258, -0.122197)","(0.276213, -0.958187, 0.0747322)","(0.0103409, -0.931016, -0.364831)","(0.70597, -0.680025, -0.197918)",0
12.3333,"(-0.465703, -0.0346609, 5.10607e-06)","(0.223632, 0.973965, 0.0371569)","(-0.18528, -0.886199, -0.424644)","(0.649399, -0.752616, 0.108859)","(-0.494086, -0.748474, 0.442342)","(-0.784545, -0.593496, 0.179586)","(0.0234657, -0.991701, -0.126406)","(0.231402, -0.971325, 0.0545962)","(0.0146274, -0.937628, -0.347332)","(0.698869, -0.691993, -0.180907)",0
12.3667,"(-0.468545, -0.0270878, 5.55068e-07)","(0.222017, 0.973656, 0.0519788)","(-0.185076, -0.865781, -0.464941)","(0.675103, -0.730288, 0.104477)","(-0.410795, -0.81133, 0.415921)","(-0.772962, -0.623379, 0.118016)","(0.0265868, -0.990924, -0.131765)","(0.122776, -0.991856, 0.033867)","(0.021764, -0.942659, -0.333048)","(0.667228, -0.692974, -0.273119)",0
12.4,"(-0.470013, -0.022121, -6.15977e-07)","(0.209694, 0.975393, 0.0680905)","(-0.255307, -0.841303, -0.476474)","(0.653724, -0.753107, 0.0739898)","(-0.257501, -0.851469, 0.456831)","(-0.769306, -0.625717, 0.129019)","(0.0106033, -0.994427, -0.104893)","(-0.0166012, -0.999706, 0.0176947)","(0.0219427, -0.962999, -0.268609)","(0.605082, -0.710892, -0.35848)",0
12.4333,"(-0.470507, -0.017854, 1.24164e-06)","(0.191489, 0.977644, 0.0868606)","(-0.382796, -0.811225, -0.442021)","(0.609917, -0.791705, 0.0346938)","(-0.0223386, -0.891485, 0.4525)","(-0.781369, -0.597238, 0.181021)","(-0.0186217, -0.996787, -0.0778986)","(-0.146623, -0.988917, 0.023323)","(0.0235779, -0.972478, -0.231798)","(0.528757, -0.729778, -0.433404)",0
12.4667,"(-0.470739, -0.0155674, 5.53206e-06)","(0.172522, 0.980186, 0.097327)","(-0.516266, -0.763365, -0.388257)","(0.554034, -0.832492, -0.00190909)","(0.247138, -0.901011, 0.356513)","(-0.791259, -0.57205, 0.216027)","(-0.0428543, -0.997889, -0.0487902)","(-0.226243, -0.973573, 0.0311396)","(0.0312864, -0.977461, -0.208786)","(0.425331, -0.796628, -0.429508)",0
12.5,"(-0.470739, -0.0155674, 5.53206e-06)","(0.157091, 0.980715, 0.116279)","(-0.592041, -0.753953, -0.284681)","(0.510663, -0.859765, -0.00518666)","(0.407389, -0.865901, 0.290259)","(-0.796958, -0.549967, 0.249789)","(-0.0634061, -0.99678, -0.0490862)","(-0.278805, -0.959282, 0.0452341)","(0.0474685, -0.970425, -0.236691)","(0.309715, -0.85479, -0.416426)",0
12.5333,"(-0.470739, -0.0155674, 5.53206e-06)","(0.145616, 0.980105, 0.134873)","(-0.628228, -0.74516, -0.223754)","(0.495857, -0.868388, -0.00522756)","(0.495447, -0.818242, 0.29157)","(-0.789036, -0.553284, 0.26702)","(-0.0744732, -0.996043, -0.0484979)","(-0.299043, -0.952707, 0.0540589)","(0.0574026, -0.965053, -0.255689)","(0.191888, -0.895563, -0.401429)",0
12.5667,"(-0.472289, -0.0180178, 1.38365e-05)","(0.138907, 0.979792, 0.14392)","(-0.644748, -0.740839, -0.188304)","(0.492868, -0.870046, -0.0100625)","(0.525073, -0.778089, 0.344784)","(-0.771077, -0.562615, 0.298168)","(-0.0795897, -0.995712, -0.0471472)","(-0.309822, -0.948549, 0.0653104)","(0.0642892, -0.960796, -0.269701)","(0.1463, -0.908234, -0.392056)",0
12.6,"(-0.472289, -0.0180178, 1.38365e-05)","(0.135698, 0.979997, 0.145574)","(-0.650097, -0.731417, -0.205922)","(0.507344, -0.861426, -0.0233875)","(0.539516, -0.759028, 0.364417)","(-0.760714, -0.565563, 0.318516)","(-0.0957243, -0.994856, -0.0331479)","(-0.312306, -0.946572, 0.0804109)","(0.0837483, -0.949377, -0.302769)","(0.133372, -0.897245, -0.420909)",0
12.6333,"(-0.472289, -0.0180178, 1.38365e-05)","(0.132579, 0.979889, 0.149131)","(-0.657806, -0.716555, -0.232034)","(0.522797, -0.851701, -0.0358984)","(0.550168, -0.75631, 0.353992)","(-0.753953, -0.56976, 0.326998)","(-0.122875, -0.99236, -0.0111302)","(-0.316334, -0.944108, 0.0927004)","(0.110143, -0.935994, -0.33434)","(0.130394, -0.884871, -0.447215)",0
12.6667,"(-0.471587, -0.0213415, 1.18955e-05)","(0.128756, 0.97821, 0.162872)","(-0.669843, -0.701622, -0.242975)","(0.542, -0.839561, -0.0370584)","(0.562164, -0.757924, 0.330941)","(-0.753786, -0.572065, 0.32334)","(-0.146577, -0.989175, 0.00696842)","(-0.310858, -0.944703, 0.104422)","(0.128817, -0.924653, -0.358361)","(0.130767, -0.870764, -0.473995)",0
12.7,"(-0.469821, -0.0248798, 1.20147e-05)","(0.118912, 0.976857, 0.17779)","(-0.683584, -0.697424, -0.215201)","(0.559077, -0.828603, -0.0291695)","(0.577171, -0.757872, 0.304143)","(-0.757054, -0.572608, 0.314625)","(-0.152002, -0.988162, 0.0207748)","(-0.303061, -0.944327, 0.128065)","(0.115051, -0.926054, -0.359425)","(0.136386, -0.860619, -0.490646)",0
12.7333,"(-0.467305, -0.0300648, 1.07559e-05)","(0.107489, 0.977176, 0.183232)","(-0.693013, -0.707036, -0.140829)","(0.577657, -0.815918, -0.0242885)","(0.573284, -0.736414, 0.359221)","(-0.751697, -0.57496, 0.323066)","(-0.146275, -0.988706, 0.032633)","(-0.269519, -0.950264, 0.156072)","(0.0924483, -0.930814, -0.353608)","(0.119992, -0.855097, -0.504392)",0
12.7667,"(-0.463907, -0.0386265, 9.37157e-06)","(0.0975444, 0.981244, 0.166267)","(-0.674901, -0.737729, -0.016285)","(0.595165, -0.803554, -0.00888137)","(0.498603, -0.647664, 0.57613)","(-0.700598, -0.608723, 0.372317)","(-0.145079, -0.987516, 0.0613554)","(-0.213742, -0.936876, 0.276727)","(0.0771101, -0.928423, -0.363434)","(0.108432, -0.849765, -0.51589)",0
12.8,"(-0.459168, -0.0485554, 8.48072e-06)","(0.0909114, 0.98408, 0.152717)","(-0.6181, -0.775404, 0.129228)","(0.601216, -0.799036, 0.00897335)","(0.339761, -0.408576, 0.84713)","(-0.588075, -0.669878, 0.453245)","(-0.171184, -0.979867, 0.102748)","(-0.105233, -0.951002, 0.290724)","(0.0809996, -0.911213, -0.403894)","(0.095451, -0.818118, -0.567073)",0
12.8333,"(-0.45426, -0.0576063, 8.47573e-06)","(0.0837735, 0.98642, 0.141274)","(-0.521493, -0.81897, 0.239444)","(0.5295, -0.847764, 0.0304292)","(0.129278, -0.0295275, 0.991169)","(-0.391716, -0.75382, 0.527554)","(-0.205186, -0.971028, 0.122488)","(0.00486251, -0.967496, 0.252839)","(0.0789151, -0.885529, -0.457833)","(0.136979, -0.778255, -0.612826)",0
12.8667,"(-0.448386, -0.064019, 9.33441e-06)","(0.0771824, 0.985739, 0.149539)","(-0.40559, -0.848213, 0.340635)","(0.394055, -0.917765, -0.0492656)","(-0.0216333, 0.241231, 0.970226)","(-0.137697, -0.881174, 0.452296)","(-0.238139, -0.964333, 0.115547)","(0.123448, -0.990127, 0.0664004)","(0.0650707, -0.872619, -0.484048)","(0.211218, -0.733616, -0.645906)",0
12.9,"(-0.441096, -0.0684999, 1.07806e-05)","(0.0697038, 0.98666, 0.147118)","(-0.244978, -0.856427, 0.454443)","(0.216313, -0.960913, -0.172787)","(-0.0942804, 0.385641, 0.917819)","(0.102085, -0.966759, 0.234428)","(-0.24433, -0.966902, 0.0735095)","(0.199628, -0.977647, -0.0659945)","(0.0332126, -0.879829, -0.474128)","(0.315641, -0.731854, -0.603953)",0
12.9333,"(-0.431584, -0.0695006, 1.17499e-05)","(0.0587641, 0.988779, 0.137343)","(-0.0845957, -0.836916, 0.540754)","(0.107103, -0.961519, -0.253004)","(-0.0411324, 0.451266, 0.891441)","(0.254929, -0.965811, 0.0471092)","(-0.250337, -0.967092, 0.0454418)","(0.269152, -0.953596, -0.134949)","(-0.0163038, -0.897078, -0.441571)","(0.393449, -0.740289, -0.545134)",0
12.9667,"(-0.420458, -0.0692477, 1.09743e-05)","(0.0325487, 0.990643, 0.132541)","(0.0707592, -0.784474, 0.616111)","(0.0442404, -0.97412, -0.22166)","(0.203877, 0.453412, 0.86767)","(0.258805, -0.965776, 0.0172138)","(-0.256532, -0.966208, 0.0251736)","(0.313579, -0.940192, -0.133072)","(-0.0968737, -0.902203, -0.420291)","(0.420307, -0.756118, -0.501625)",0
13,"(-0.406664, -0.0685653, 4.73761e-06)","(-0.00263163, 0.992997, 0.11811)","(0.201287, -0.754955, 0.624121)","(-0.0236666, -0.992609, -0.119028)","(0.525348, 0.351605, 0.774844)","(0.221439, -0.966915, 0.126649)","(-0.287122, -0.957539, 0.0260963)","(0.330912, -0.940665, -0.0751369)","(-0.167706, -0.893465, -0.416648)","(0.415116, -0.767003, -0.48927)",0
13.0333,"(-0.391421, -0.0664724, -9.05956e-06)","(-0.0423917, 0.995083, 0.0895117)","(0.333216, -0.717284, 0.61194)","(-0.0890784, -0.996018, 0.0035258)","(0.778925, 0.0890566, 0.620761)","(0.228158, -0.918529, 0.322874)","(-0.320026, -0.946565, 0.0399749)","(0.318248, -0.947906, -0.0138843)","(-0.235097, -0.870618, -0.43215)","(0.387616, -0.774561, -0.49981)",0
13.0667,"(-0.375269, -0.0627641, -2.33722e-05)","(-0.0750964, 0.996072, 0.0469105)","(0.435566, -0.751119, 0.496087)","(-0.133845, -0.990665, 0.0258439)","(0.889456, -0.238732, 0.389711)","(0.273277, -0.859512, 0.431925)","(-0.341315, -0.938752, 0.0474093)","(0.294443, -0.955154, 0.0313786)","(-0.292231, -0.842619, -0.452321)","(0.355384, -0.787772, -0.503108)",0
13.1,"(-0.359799, -0.0576811, -3.68843e-05)","(-0.109395, 0.993986, 0.00488568)","(0.476551, -0.800299, 0.363898)","(-0.137169, -0.990315, 0.0214763)","(0.844564, -0.504527, 0.179342)","(0.339556, -0.815728, 0.468284)","(-0.339966, -0.939747, 0.0360287)","(0.277209, -0.959181, 0.0559158)","(-0.348758, -0.817536, -0.458261)","(0.303846, -0.812946, -0.496785)",0
13.1333,"(-0.344678, -0.0496544, -4.83637e-05)","(-0.146993, 0.988921, -0.0206932)","(0.460508, -0.856752, 0.232184)","(-0.119826, -0.9906, -0.0659765)","(0.755753, -0.653958, 0.0343086)","(0.336731, -0.847682, 0.409935)","(-0.327961, -0.944691, 0.000396515)","(0.271764, -0.96074, 0.055877)","(-0.36966, -0.813821, -0.448383)","(0.228935, -0.854179, -0.46687)",0
13.1667,"(-0.33152, -0.0400805, -5.47509e-05)","(-0.188378, 0.981566, -0.0322786)","(0.426124, -0.890308, 0.160528)","(-0.0761172, -0.992535, -0.0952869)","(0.675622, -0.733271, 0.0764778)","(0.330367, -0.855313, 0.399122)","(-0.308139, -0.951226, -0.0148047)","(0.253575, -0.965612, 0.0573931)","(-0.366647, -0.84258, -0.394498)","(0.123998, -0.900392, -0.417036)",0
13.2,"(-0.319441, -0.0317005, -5.38311e-05)","(-0.221024, 0.974777, -0.0309582)","(0.375465, -0.921032, 0.103563)","(-0.0384491, -0.988891, -0.143583)","(0.59703, -0.790856, 0.134543)","(0.301587, -0.852438, 0.427077)","(-0.269916, -0.962846, -0.00856773)","(0.224435, -0.971513, 0.0761047)","(-0.35104, -0.876314, -0.329917)","(0.0369462, -0.941796, -0.334148)",0
13.2333,"(-0.308471, -0.02469, -5.19151e-05)","(-0.245838, 0.969213, -0.0137936)","(0.307692, -0.949548, 0.0606995)","(-0.0209285, -0.98401, -0.176881)","(0.49146, -0.844369, 0.213324)","(0.264128, -0.863753, 0.429146)","(-0.209509, -0.977692, 0.0149796)","(0.182031, -0.977105, 0.110135)","(-0.337883, -0.903693, -0.263008)","(-0.0303924, -0.966129, -0.256263)",0
13.2667,"(-0.299523, -0.0190907, -4.99248e-05)","(-0.266781, 0.96374, 0.00565986)","(0.229298, -0.973334, 0.0066051)","(-0.0581652, -0.981255, -0.183727)","(0.397841, -0.889644, 0.224176)","(0.223891, -0.878304, 0.422438)","(-0.152974, -0.988011, 0.0208096)","(0.142776, -0.981338, 0.128804)","(-0.320878, -0.912861, -0.252433)","(-0.0633377, -0.974614, -0.214748)",0
13.3,"(-0.292723, -0.0160095, -4.65209e-05)","(-0.273869, 0.961451, 0.0246675)","(0.152344, -0.988054, -0.0232483)","(-0.0847904, -0.97818, -0.189667)","(0.301526, -0.922368, 0.241492)","(0.303266, -0.868907, 0.391192)","(-0.0984274, -0.994978, 0.0182091)","(0.112297, -0.984716, 0.133132)","(-0.314004, -0.911941, -0.264132)","(-0.087349, -0.977993, -0.189473)",0
13.3333,"(-0.285886, -0.0153081, -4.20155e-05)","(-0.270096, 0.961907, 0.0422303)","(0.0463293, -0.99818, -0.0386122)","(-0.0756846, -0.977021, -0.199251)","(0.24025, -0.93808, 0.249572)","(0.471038, -0.803416, 0.364206)","(-0.0396164, -0.99921, -0.00315423)","(0.0904353, -0.986731, 0.134846)","(-0.323058, -0.898302, -0.297802)","(-0.117119, -0.976616, -0.180292)",0
13.3667,"(-0.280039, -0.0147236, -3.77081e-05)","(-0.258426, 0.964712, 0.050468)","(-0.109633, -0.993966, 0.00350428)","(-0.0206332, -0.966157, -0.257127)","(0.254121, -0.914471, 0.314906)","(0.711851, -0.615847, 0.337641)","(0.0231819, -0.999493, -0.0218245)","(0.0798249, -0.984055, 0.158946)","(-0.356739, -0.859084, -0.36703)","(-0.187035, -0.966746, -0.174416)",0
13.4,"(-0.275498, -0.0136657, -3.19362e-05)","(-0.256097, 0.965117, 0.0544342)","(-0.2772, -0.959086, 0.0575672)","(0.0783742, -0.950754, -0.299872)","(0.286366, -0.877528, 0.384629)","(0.838354, -0.295875, 0.457844)","(0.0816911, -0.99651, -0.0171331)","(0.0824854, -0.979665, 0.182902)","(-0.398644, -0.806093, -0.437376)","(-0.262522, -0.941466, -0.211482)",0
13.4333,"(-0.271242, -0.0115985, -2.02009e-05)","(-0.260949, 0.965256, 0.0136417)","(-0.393185, -0.914131, 0.0988417)","(0.187541, -0.944605, -0.26935)","(0.351245, -0.82278, 0.446833)","(0.798598, 0.133379, 0.586899)","(0.146757, -0.988909, 0.022825)","(0.0835828, -0.977265, 0.194853)","(-0.458286, -0.757866, -0.464341)","(-0.33506, -0.910472, -0.242437)",0
13.4667,"(-0.267271, -0.00905703, -1.03546e-05)","(-0.263913, 0.964099, -0.0293918)","(-0.472938, -0.874413, 0.108315)","(0.348335, -0.920538, -0.176842)","(0.411828, -0.783439, 0.465426)","(0.552599, 0.466024, 0.690982)","(0.223712, -0.972423, 0.0659206)","(0.0628337, -0.98311, 0.17189)","(-0.50025, -0.76372, -0.408023)","(-0.354889, -0.904567, -0.236248)",0
13.5,"(-0.265326, -0.0064501, -4.22206e-06)","(-0.264773, 0.962057, -0.0658963)","(-0.53109, -0.835085, 0.143442)","(0.56963, -0.821891, -0.00396887)","(0.496381, -0.72439, 0.478398)","(0.305239, 0.578906, 0.756107)","(0.294376, -0.950221, 0.102087)","(0.0463389, -0.990341, 0.130684)","(-0.521542, -0.797144, -0.304228)","(-0.362523, -0.906322, -0.217156)",0
13.5333,"(-0.264761, -0.00435147, 2.3596e-06)","(-0.252721, 0.965762, -0.0586219)","(-0.579301, -0.782682, 0.22764)","(0.865483, -0.491855, 0.094966)","(0.547121, -0.69531, 0.466049)","(0.188781, 0.431512, 0.882133)","(0.308571, -0.944727, 0.110792)","(0.0905543, -0.990435, 0.104107)","(-0.475335, -0.844451, -0.246897)","(-0.362144, -0.904701, -0.224429)",0
13.5667,"(-0.264761, -0.00435147, 2.3596e-06)","(-0.23011, 0.972687, -0.0304885)","(-0.60747, -0.726792, 0.320553)","(0.999861, -0.0164365, -0.00271996)","(0.578304, -0.682184, 0.447425)","(0.451256, 0.431953, 0.780887)","(0.293345, -0.952497, 0.0818433)","(0.19632, -0.96721, 0.16113)","(-0.425941, -0.875337, -0.228823)","(-0.296337, -0.923657, -0.242984)",0
13.6,"(-0.264761, -0.00435147, 2.3596e-06)","(-0.199066, 0.97998, -0.00350125)","(-0.660022, -0.668356, 0.343031)","(0.879901, 0.402192, -0.253014)","(0.589701, -0.712286, 0.380658)","(0.722686, 0.554085, 0.413176)","(0.254202, -0.966794, 0.0262824)","(0.328774, -0.923802, 0.196209)","(-0.36207, -0.904396, -0.225771)","(-0.150933, -0.966702, -0.206656)",0
13.6333,"(-0.264761, -0.00435147, 2.3596e-06)","(-0.157287, 0.987444, 0.0146907)","(-0.693843, -0.631668, 0.3458)","(0.665737, 0.622564, -0.41135)","(0.602325, -0.697358, 0.388454)","(0.676759, 0.735553, 0.0309609)","(0.240661, -0.970566, 0.00909868)","(0.413308, -0.886271, 0.209045)","(-0.32589, -0.930236, -0.168689)","(0.105045, -0.986969, -0.121894)",0
13.6667,"(-0.264761, -0.00435147, 2.3596e-06)","(-0.120674, 0.992561, 0.0161415)","(-0.69207, -0.649883, 0.314152)","(0.47309, 0.802447, -0.363683)","(0.649707, -0.632516, 0.421669)","(0.442588, 0.896637, 0.0125891)","(0.228968, -0.972859, 0.0334491)","(0.443212, -0.879509, 0.17328)","(-0.260825, -0.959657, -0.10502)","(0.331048, -0.94311, -0.030835)",0
13.7,"(-0.260857, -0.00658243, -1.30691e-05)","(-0.0850254, 0.995909, 0.0306013)","(-0.638635, -0.689845, 0.34097)","(0.322303, 0.922181, -0.21378)","(0.685505, -0.532707, 0.496292)","(0.245701, 0.965476, 0.0865282)","(0.197248, -0.978163, 0.0654932)","(0.47185, -0.861503, 0.187538)","(-0.194658, -0.978128, -0.0733043)","(0.568357, -0.822583, 0.0180986)",0
13.7333,"(-0.257164, -0.0100619, -1.6766e-05)","(-0.0702616, 0.996187, 0.051726)","(-0.5736, -0.733712, 0.364211)","(0.201023, 0.974684, -0.0978811)","(0.71865, -0.463094, 0.518734)","(0.0639803, 0.994203, 0.0864088)","(0.162625, -0.981111, 0.104759)","(0.498021, -0.838166, 0.222381)","(-0.127254, -0.991023, -0.0409796)","(0.72523, -0.687188, 0.0425909)",0
13.7667,"(-0.252733, -0.0141869, -2.87879e-05)","(-0.0647187, 0.994803, 0.0786023)","(-0.544734, -0.739932, 0.394671)","(0.127859, 0.990609, -0.0484412)","(0.706689, -0.481369, 0.518532)","(-0.0947433, 0.990968, 0.094905)","(0.106551, -0.988082, 0.111093)","(0.562462, -0.801818, 0.201801)","(-0.0708338, -0.996949, -0.0327875)","(0.826441, -0.562307, 0.0283935)",0
13.8,"(-0.247464, -0.0185844, -2.78827e-05)","(-0.0642708, 0.993327, 0.0957659)","(-0.536112, -0.735502, 0.414272)","(0.0765168, 0.996758, -0.0248703)","(0.695744, -0.525225, 0.489979)","(-0.209467, 0.973134, 0.0955708)","(0.0705525, -0.992535, 0.099479)","(0.604379, -0.779407, 0.165076)","(-0.0590496, -0.997905, -0.0264214)","(0.836201, -0.548423, -0.000661651)",0
13.8333,"(-0.241466, -0.0227703, -1.24324e-05)","(-0.0647551, 0.992348, 0.105131)","(-0.542178, -0.720907, 0.431667)","(0.0540438, 0.997901, -0.0356789)","(0.675406, -0.577877, 0.458132)","(-0.296741, 0.954009, 0.0425749)","(0.0299351, -0.998512, 0.0455891)","(0.638738, -0.759851, 0.120995)","(-0.0854688, -0.994691, -0.0573219)","(0.808883, -0.587326, -0.027489)",0
13.8667,"(-0.235443, -0.0253588, 1.21653e-05)","(-0.0612676, 0.99288, 0.102155)","(-0.525998, -0.706768, 0.473081)","(0.0788294, 0.987253, -0.138269)","(0.660763, -0.610012, 0.437353)","(-0.337819, 0.935593, -0.102681)","(0.0112364, -0.999876, 0.0110606)","(0.645803, -0.753121, 0.125487)","(-0.1535, -0.985705, -0.0694458)","(0.748403, -0.662477, -0.0319147)",0
13.9,"(-0.229476, -0.0261834, 2.16007e-05)","(-0.0609008, 0.993591, 0.0952279)","(-0.476409, -0.725572, 0.496568)","(0.185522, 0.90129, -0.391481)","(0.63954, -0.640992, 0.424402)","(-0.372201, 0.867706, -0.329473)","(0.00361413, -0.999842, -0.0173963)","(0.641954, -0.759683, 0.103815)","(-0.224221, -0.96974, -0.0965843)","(0.677442, -0.733914, -0.0494129)",0
13.9333,"(-0.222959, -0.0258645, 3.21768e-05)","(-0.0650165, 0.994655, 0.0802075)","(-0.43028, -0.753854, 0.496552)","(0.359653, 0.674746, -0.64449)","(0.646383, -0.665693, 0.372883)","(-0.359561, 0.811869, -0.459984)","(0.00323748, -0.998041, -0.0624791)","(0.640412, -0.763845, 0.0800865)","(-0.283084, -0.948619, -0.14137)","(0.595795, -0.801029, -0.0581441)",0
13.9667,"(-0.216348, -0.0250957, 3.36315e-05)","(-0.0707, 0.995478, 0.0634424)","(-0.403414, -0.78495, 0.470224)","(0.483726, 0.306066, -0.819959)","(0.652699, -0.679956, 0.334132)","(-0.236692, 0.805299, -0.543571)","(-0.00908302, -0.995514, -0.09418)","(0.64191, -0.764475, 0.0594099)","(-0.346588, -0.92083, -0.178744)","(0.489866, -0.869161, -0.0677567)",0
14,"(-0.209787, -0.0254386, 3.88619e-05)","(-0.0717116, 0.996337, 0.0465812)","(-0.41983, -0.796722, 0.434715)","(0.519174, -0.137625, -0.843515)","(0.661004, -0.666737, 0.34429)","(0.0481829, 0.861145, -0.50607)","(-0.0326116, -0.993321, -0.11068)","(0.623864, -0.778044, 0.0737595)","(-0.392708, -0.900241, -0.188009)","(0.38385, -0.921458, -0.0597794)",0
14.0333,"(-0.203112, -0.0292281, 3.12086e-05)","(-0.0694414, 0.99697, 0.0350413)","(-0.430048, -0.806444, 0.40584)","(0.38719, -0.575352, -0.720454)","(0.643342, -0.627126, 0.439117)","(0.529716, 0.808113, -0.257594)","(-0.0746824, -0.991698, -0.104677)","(0.588342, -0.801967, 0.103454)","(-0.426817, -0.886168, -0.180371)","(0.28855, -0.956316, -0.0468796)",0
14.0667,"(-0.196753, -0.0354301, 2.53271e-05)","(-0.0665321, 0.997265, 0.0321775)","(-0.43686, -0.806979, 0.397414)","(0.223321, -0.808219, -0.544894)","(0.618414, -0.567444, 0.543666)","(0.904443, 0.38455, 0.184672)","(-0.116903, -0.987455, -0.106139)","(0.545825, -0.828467, 0.125368)","(-0.435017, -0.879748, -0.191844)","(0.235523, -0.971201, -0.0360359)",0
14.1,"(-0.189757, -0.0437083, 1.49146e-05)","(-0.0634544, 0.997334, 0.0360445)","(-0.438054, -0.796077, 0.417576)","(0.096402, -0.91428, -0.393445)","(0.596751, -0.523073, 0.608509)","(0.865388, -0.201275, 0.458903)","(-0.154651, -0.981724, -0.110907)","(0.501141, -0.853104, 0.145159)","(-0.445772, -0.871276, -0.20534)","(0.199777, -0.979495, -0.0260433)",0
14.1333,"(-0.182309, -0.0537549, 5.63376e-06)","(-0.0657813, 0.997009, 0.0405829)","(-0.471143, -0.811121, 0.346564)","(-0.121818, -0.927196, -0.354214)","(0.682522, -0.589673, 0.431797)","(0.675549, -0.541579, 0.500325)","(-0.224195, -0.96581, -0.130185)","(0.459708, -0.871425, 0.171134)","(-0.451641, -0.864403, -0.220971)","(0.172408, -0.98476, -0.0228629)",0
14.1667,"(-0.173567, -0.0627516, -1.26433e-05)","(-0.0657031, 0.997066, 0.039272)","(-0.511208, -0.831603, 0.217032)","(-0.303909, -0.90752, -0.289908)","(0.755282, -0.638909, 0.146097)","(0.567259, -0.670184, 0.478613)","(-0.30706, -0.94089, -0.142968)","(0.424484, -0.871519, 0.245494)","(-0.45711, -0.858728, -0.231597)","(0.135733, -0.990439, -0.0246464)",0
14.2,"(-0.162902, -0.0678069, -1.8356e-05)","(-0.070454, 0.997033, 0.0309968)","(-0.534858, -0.841353, 0.0777909)","(-0.440012, -0.848501, -0.293998)","(0.765626, -0.634999, -0.102921)","(0.516156, -0.711043, 0.477494)","(-0.376085, -0.914124, -0.151453)","(0.410542, -0.858021, 0.308634)","(-0.495717, -0.838562, -0.226004)","(0.0849389, -0.995454, -0.0430956)",0
14.2333,"(-0.149625, -0.0698236, -2.11693e-05)","(-0.0751283, 0.996804, 0.0271719)","(-0.541584, -0.83951, 0.04369)","(-0.439569, -0.845875, -0.302116)","(0.765427, -0.634279, -0.108683)","(0.533644, -0.747182, 0.396161)","(-0.398244, -0.905626, -0.145753)","(0.404952, -0.871248, 0.27738)","(-0.565686, -0.796508, -0.213479)","(0.0148254, -0.994997, -0.0987952)",0
14.2667,"(-0.135216, -0.0696608, -1.84119e-05)","(-0.0930112, 0.995282, 0.0276279)","(-0.531601, -0.844663, 0.0628131)","(-0.419326, -0.849204, -0.320965)","(0.769994, -0.635345, -0.0586957)","(0.558333, -0.754065, 0.345904)","(-0.392626, -0.909182, -0.138683)","(0.378394, -0.909563, 0.171795)","(-0.643882, -0.740183, -0.193767)","(-0.0576837, -0.984737, -0.164215)",0
14.3,"(-0.11975, -0.0676548, -1.28135e-05)","(-0.120714, 0.991993, 0.0371212)","(-0.491358, -0.864462, 0.106177)","(-0.374845, -0.862669, -0.339548)","(0.774454, -0.621895, 0.116051)","(0.580235, -0.738599, 0.343219)","(-0.357012, -0.928089, -0.105801)","(0.32837, -0.941348, 0.0777001)","(-0.702619, -0.680161, -0.209064)","(-0.118365, -0.971379, -0.205946)",0
14.3333,"(-0.104155, -0.0648522, -7.03484e-06)","(-0.150095, 0.987471, 0.048709)","(-0.415116, -0.88776, 0.1989)","(-0.300968, -0.892209, -0.336721)","(0.737205, -0.556537, 0.383139)","(0.664471, -0.642034, 0.382452)","(-0.248332, -0.967466, -0.0483841)","(0.27532, -0.959519, 0.0593579)","(-0.777515, -0.556175, -0.293494)","(-0.184135, -0.957513, -0.221953)",0
14.3667,"(-0.0901188, -0.0607192, -8.62405e-07)","(-0.170976, 0.983512, 0.0589167)","(-0.332677, -0.893864, 0.300554)","(-0.189344, -0.923423, -0.333823)","(0.626186, -0.453612, 0.634135)","(0.757565, -0.513944, 0.402438)","(-0.0485981, -0.998404, 0.0287533)","(0.215957, -0.975406, 0.0441018)","(-0.836862, -0.396916, -0.376988)","(-0.261672, -0.933816, -0.243957)",0
14.4,"(-0.0778035, -0.0553363, 4.67971e-06)","(-0.177686, 0.982193, 0.0610324)","(-0.282601, -0.879543, 0.382807)","(-0.000371442, -0.942137, -0.335228)","(0.56369, -0.394985, 0.725424)","(0.890207, -0.219008, 0.399459)","(0.182492, -0.979684, 0.0831558)","(0.12976, -0.991375, -0.0183661)","(-0.869068, -0.252513, -0.425391)","(-0.275915, -0.924719, -0.262232)",0
14.4333,"(-0.0670046, -0.0489973, 1.10652e-05)","(-0.175466, 0.982737, 0.0586494)","(-0.276499, -0.869154, 0.410025)","(0.21819, -0.935746, -0.27708)","(0.571556, -0.413276, 0.708891)","(0.866134, 0.0866749, 0.492239)","(0.344551, -0.932347, 0.109609)","(0.0352473, -0.995611, -0.0866993)","(-0.878992, -0.232663, -0.416221)","(-0.265434, -0.925902, -0.268792)",0
14.4667,"(-0.0572994, -0.0418478, 2.09596e-05)","(-0.165325, 0.98458, 0.0571867)","(-0.27111, -0.867225, 0.417636)","(0.441966, -0.873637, -0.203531)","(0.586578, -0.45185, 0.67213)","(0.7202, 0.427712, 0.546237)","(0.424195, -0.899352, 0.105942)","(-0.0354936, -0.99152, -0.125015)","(-0.859764, -0.298618, -0.414286)","(-0.243893, -0.939403, -0.240912)",0
14.5,"(-0.0482311, -0.0347674, 3.27557e-05)","(-0.155597, 0.986174, 0.0570173)","(-0.272682, -0.870784, 0.409122)","(0.630839, -0.747574, -0.207787)","(0.602405, -0.497055, 0.624535)","(0.610649, 0.666652, 0.427414)","(0.461558, -0.883575, 0.079117)","(-0.0911839, -0.989027, -0.116239)","(-0.764279, -0.485487, -0.424476)","(-0.273034, -0.937714, -0.214816)",0
14.5333,"(-0.0384046, -0.0279372, 4.14517e-05)","(-0.142266, 0.988006, 0.0600343)","(-0.280398, -0.87417, 0.39649)","(0.75969, -0.555615, -0.337881)","(0.624925, -0.535691, 0.567894)","(0.542858, 0.825973, 0.151902)","(0.51997, -0.853968, 0.0192181)","(-0.13331, -0.985994, -0.100226)","(-0.587327, -0.706389, -0.395046)","(-0.30119, -0.934107, -0.191646)",0
14.5667,"(-0.0280567, -0.0228931, 4.83796e-05)","(-0.132301, 0.989597, 0.0565172)","(-0.32939, -0.857489, 0.39524)","(0.795718, -0.349054, -0.494969)","(0.65194, -0.595808, 0.469027)","(0.454811, 0.883985, -0.108246)","(0.566848, -0.823212, -0.0317164)","(-0.181308, -0.979361, -0.0893293)","(-0.367366, -0.888072, -0.276352)","(-0.33662, -0.927378, -0.163269)",0
14.6,"(-0.017017, -0.0193304, 5.14422e-05)","(-0.114806, 0.992365, 0.0450668)","(-0.382191, -0.842804, 0.37896)","(0.747131, -0.242804, -0.618743)","(0.678882, -0.6272, 0.381757)","(0.27042, 0.941272, -0.202189)","(0.594275, -0.802665, -0.0506496)","(-0.206471, -0.974871, -0.0836405)","(-0.154204, -0.979259, -0.131424)","(-0.37602, -0.917318, -0.130907)",0
14.6333,"(-0.00537736, -0.0176969, 4.90174e-05)","(-0.0962777, 0.995296, 0.010763)","(-0.440185, -0.846299, 0.300024)","(0.786518, -0.27872, -0.551094)","(0.705829, -0.668344, 0.234779)","(-0.0213142, 0.999649, -0.0157532)","(0.585393, -0.809985, -0.0352101)","(-0.242613, -0.968312, -0.0592537)","(0.0672774, -0.99748, -0.0225442)","(-0.415275, -0.904693, -0.0952742)",0
14.6667,"(0.00647597, -0.0185133, 4.41317e-05)","(-0.0718032, 0.997054, -0.0269907)","(-0.462252, -0.850789, 0.249964)","(0.894781, -0.412716, -0.170391)","(0.72313, -0.672441, 0.157817)","(-0.32289, 0.886005, 0.332772)","(0.578832, -0.81515, -0.0219949)","(-0.284073, -0.958239, -0.0328609)","(0.264792, -0.964177, 0.0157406)","(-0.437091, -0.895649, -0.0822459)",0
14.7,"(0.0192905, -0.0220196, 3.77227e-05)","(-0.0503734, 0.996459, -0.0673133)","(-0.466907, -0.84947, 0.245759)","(0.842766, -0.446052, 0.301304)","(0.7174, -0.683216, 0.136207)","(-0.489785, 0.557619, 0.670203)","(0.561637, -0.827243, -0.0152671)","(-0.324531, -0.945831, -0.00913352)","(0.349926, -0.936023, 0.0375884)","(-0.486074, -0.868358, -0.0984155)",0
14.7333,"(0.0330659, -0.0267573, 3.18661e-05)","(-0.0397482, 0.995342, -0.0878275)","(-0.446563, -0.842859, 0.300282)","(0.747828, -0.40325, 0.527392)","(0.701894, -0.68007, 0.211779)","(-0.528204, 0.340131, 0.778018)","(0.546033, -0.837759, -0.00297599)","(-0.368945, -0.929414, -0.00830056)","(0.349537, -0.934985, 0.0602232)","(-0.535095, -0.834367, -0.132309)",0
14.7667,"(0.0474658, -0.031836, 2.81233e-05)","(-0.0445946, 0.994536, -0.0943948)","(-0.432423, -0.85742, 0.278999)","(0.791436, -0.396968, 0.464808)","(0.707133, -0.683129, 0.182477)","(-0.554459, 0.256298, 0.791762)","(0.52472, -0.851151, 0.0145413)","(-0.405789, -0.913926, -0.008629)","(0.30765, -0.948822, 0.0713375)","(-0.579091, -0.797633, -0.168627)",0
14.8,"(0.0621318, -0.0354013, 2.48924e-05)","(-0.0671854, 0.993692, -0.0897933)","(-0.409093, -0.880445, 0.239709)","(0.853018, -0.40244, 0.332269)","(0.723461, -0.676383, 0.13824)","(-0.447914, 0.416133, 0.791332)","(0.503938, -0.86343, 0.0231286)","(-0.423279, -0.905984, -0.00535259)","(0.286656, -0.955961, 0.0629772)","(-0.614139, -0.76838, -0.180072)",0
14.8333,"(0.0771992, -0.0370904, 2.08933e-05)","(-0.0908166, 0.992555, -0.081161)","(-0.382469, -0.899644, 0.210616)","(0.888111, -0.417062, 0.193181)","(0.767901, -0.633779, 0.0930198)","(-0.23777, 0.595685, 0.767219)","(0.472507, -0.880964, 0.0252971)","(-0.398993, -0.916953, -0.0012828)","(0.265602, -0.963113, 0.0432416)","(-0.653372, -0.729936, -0.200744)",0
14.8667,"(0.0914653, -0.0377279, 1.85899e-05)","(-0.116419, 0.990364, -0.0750097)","(-0.36127, -0.906798, 0.21726)","(0.902575, -0.429951, 0.0223452)","(0.823574, -0.552012, 0.130419)","(0.0232544, 0.747064, 0.664345)","(0.435776, -0.899653, 0.0269173)","(-0.318083, -0.948063, -0.000488739)","(0.251675, -0.967671, 0.0165039)","(-0.729555, -0.643103, -0.232739)",0
14.9,"(0.105213, -0.0372956, 1.76061e-05)","(-0.135322, 0.988199, -0.0717641)","(-0.357232, -0.909204, 0.213854)","(0.885419, -0.461904, -0.0517456)","(0.87907, -0.433514, 0.198246)","(0.166895, 0.75447, 0.63476)","(0.410618, -0.911205, 0.0331383)","(-0.204765, -0.97881, 0.00164175)","(0.208696, -0.977807, -0.0184361)","(-0.770092, -0.575374, -0.275503)",0
14.9333,"(0.117982, -0.0364588, 1.55231e-05)","(-0.154704, 0.985907, -0.0636747)","(-0.366582, -0.905316, 0.214523)","(0.860909, -0.492865, -0.126172)","(0.890272, -0.318148, 0.325879)","(0.30492, 0.744439, 0.593999)","(0.382327, -0.92319, 0.0393223)","(-0.10286, -0.994693, 0.00259186)","(0.114671, -0.990834, -0.0714104)","(-0.773758, -0.550534, -0.313387)",0
14.9667,"(0.130177, -0.0363257, 1.29074e-05)","(-0.169663, 0.98426, -0.0494729)","(-0.367633, -0.905182, 0.213286)","(0.820182, -0.561176, -0.111277)","(0.862316, -0.22591, 0.453184)","(0.41397, 0.664809, 0.621818)","(0.343063, -0.938631, 0.0357772)","(-0.037774, -0.999285, 0.0016627)","(0.00723504, -0.994523, -0.104267)","(-0.687349, -0.659734, -0.303812)",0
15,"(0.141952, -0.0358706, 9.97372e-06)","(-0.180751, 0.983034, -0.0312068)","(-0.368288, -0.905017, 0.212857)","(0.775666, -0.617809, -0.129053)","(0.835017, -0.190506, 0.516191)","(0.540493, 0.588557, 0.601222)","(0.289713, -0.956766, 0.0257841)","(0.0123427, -0.999909, -0.00551875)","(-0.082066, -0.988322, -0.128394)","(-0.624008, -0.729862, -0.279132)",0
15.0333,"(0.15379, -0.0353462, 7.72215e-06)","(-0.18678, 0.982294, -0.0145593)","(-0.372042, -0.904461, 0.20865)","(0.733577, -0.66797, -0.125225)","(0.813472, -0.18409, 0.551701)","(0.601412, 0.514448, 0.611267)","(0.248688, -0.968184, 0.0278193)","(0.0544438, -0.997441, -0.0463428)","(-0.150656, -0.981552, -0.117724)","(-0.540753, -0.798221, -0.265388)",0
15.0667,"(0.165009, -0.0348952, 6.35795e-06)","(-0.192096, 0.981346, -0.00774751)","(-0.38477, -0.898711, 0.210406)","(0.702418, -0.696185, -0.148108)","(0.80381, -0.18406, 0.565695)","(0.625787, 0.491396, 0.60574)","(0.221421, -0.974624, 0.0328716)","(0.142761, -0.988108, -0.0571039)","(-0.17734, -0.975234, -0.132172)","(-0.514318, -0.803012, -0.301078)",0
15.1,"(0.175903, -0.0344312, 6.04633e-06)","(-0.195119, 0.980779, 0.000679034)","(-0.392675, -0.888272, 0.238286)","(0.67316, -0.727039, -0.135166)","(0.78858, -0.179837, 0.588048)","(0.613371, 0.474708, 0.631212)","(0.200389, -0.978542, 0.047951)","(0.249991, -0.965242, -0.0762421)","(-0.22922, -0.963361, -0.139259)","(-0.377936, -0.858161, -0.347455)",0
15.1333,"(0.186821, -0.0338302, 7.03782e-06)","(-0.194414, 0.980901, 0.006051)","(-0.398065, -0.873472, 0.280341)","(0.655412, -0.74721, -0.110058)","(0.783011, -0.200823, 0.588697)","(0.598837, 0.476045, 0.644031)","(0.169734, -0.984864, 0.0351109)","(0.349116, -0.935604, -0.0525607)","(-0.251153, -0.953323, -0.167625)","(-0.22551, -0.916959, -0.329138)",0
15.1667,"(0.197955, -0.0336986, 9.40971e-06)","(-0.184505, 0.982681, 0.0171914)","(-0.409423, -0.847053, 0.338932)","(0.646242, -0.750381, -0.138926)","(0.770127, -0.252728, 0.585691)","(0.61471, 0.495547, 0.613649)","(0.143681, -0.989307, 0.025054)","(0.387129, -0.921028, -0.0428806)","(-0.316671, -0.933885, -0.16607)","(-0.0165927, -0.968339, -0.249088)",0
15.2,"(0.209118, -0.0337432, 1.25099e-05)","(-0.174678, 0.984382, 0.0219094)","(-0.429244, -0.816898, 0.385262)","(0.632229, -0.742244, -0.222173)","(0.75377, -0.333198, 0.566401)","(0.658252, 0.532634, 0.531982)","(0.0750649, -0.997159, -0.00629462)","(0.37674, -0.926186, -0.0157062)","(-0.344455, -0.918699, -0.193244)","(0.127636, -0.979109, -0.158284)",0
15.2333,"(0.221122, -0.0343696, 1.37895e-05)","(-0.166251, 0.985786, 0.0242166)","(-0.448464, -0.787338, 0.423059)","(0.613991, -0.7224, -0.318045)","(0.730137, -0.406726, 0.549067)","(0.698693, 0.569179, 0.433432)","(0.0111239, -0.999644, -0.0242339)","(0.35505, -0.934829, 0.00586747)","(-0.374209, -0.904717, -0.203604)","(0.217028, -0.969861, -0.110764)",0
15.2667,"(0.233931, -0.0355629, 1.35768e-05)","(-0.164894, 0.986105, 0.0201531)","(-0.449681, -0.77608, 0.442138)","(0.583684, -0.720459, -0.374502)","(0.700651, -0.458164, 0.546969)","(0.715552, 0.596173, 0.364092)","(-0.0651532, -0.996218, -0.0574885)","(0.332291, -0.943087, 0.0130269)","(-0.389047, -0.889509, -0.239619)","(0.237378, -0.964808, -0.113125)",0
15.3,"(0.246969, -0.0360457, 1.14311e-05)","(-0.169075, 0.985476, 0.0158289)","(-0.443001, -0.781667, 0.439029)","(0.560454, -0.740346, -0.371186)","(0.682057, -0.485181, 0.547173)","(0.707007, 0.604383, 0.367237)","(-0.0958311, -0.991745, -0.085197)","(0.307683, -0.951394, 0.0134401)","(-0.424554, -0.869066, -0.253926)","(0.208349, -0.970071, -0.124712)",0
15.3333,"(0.25924, -0.0351731, 9.64589e-06)","(-0.179577, 0.983696, 0.00972587)","(-0.425667, -0.797893, 0.42682)","(0.531519, -0.773217, -0.345867)","(0.660534, -0.511439, 0.549659)","(0.686055, 0.608887, 0.398228)","(-0.0959565, -0.990977, -0.0935802)","(0.290299, -0.956886, 0.00983399)","(-0.476233, -0.841256, -0.255911)","(0.1494, -0.9792, -0.137287)",0
15.3667,"(0.270284, -0.0335023, 7.60816e-06)","(-0.192025, 0.981377, 0.00496386)","(-0.406925, -0.82576, 0.390554)","(0.506205, -0.814776, -0.282659)","(0.658922, -0.527653, 0.536102)","(0.627681, 0.595243, 0.5017)","(-0.0213086, -0.997989, -0.0597019)","(0.251514, -0.967772, 0.0125725)","(-0.544683, -0.806897, -0.228553)","(0.0763053, -0.985891, -0.148985)",0
15.4,"(0.279843, -0.0314548, 7.17677e-06)","(-0.206538, 0.978437, 0.00157836)","(-0.374805, -0.857444, 0.352578)","(0.493842, -0.841304, -0.219836)","(0.661212, -0.533421, 0.527504)","(0.572502, 0.58013, 0.579388)","(0.0954357, -0.995433, -0.00214526)","(0.218418, -0.975637, 0.0206412)","(-0.617893, -0.752654, -0.227419)","(0.0147398, -0.986584, -0.162589)",0
15.4333,"(0.287598, -0.0289169, 9.55984e-06)","(-0.216693, 0.976239, -0.00111571)","(-0.354712, -0.878324, 0.32051)","(0.492543, -0.856336, -0.15521)","(0.68038, -0.512113, 0.524237)","(0.514646, 0.566919, 0.643228)","(0.281435, -0.955888, 0.0840967)","(0.176339, -0.983945, 0.027509)","(-0.731851, -0.623887, -0.27415)","(-0.0193414, -0.983385, -0.1805)",0
15.4667,"(0.293853, -0.0272354, 1.28273e-05)","(-0.224246, 0.974487, -0.00937036)","(-0.344122, -0.881585, 0.323091)","(0.503674, -0.859314, -0.0888355)","(0.702951, -0.457293, 0.544741)","(0.472075, 0.591932, 0.653271)","(0.445765, -0.884356, 0.138592)","(0.155209, -0.987649, 0.0214245)","(-0.822768, -0.465971, -0.325461)","(-0.0221025, -0.98012, -0.197171)",0
15.5,"(0.299089, -0.0270311, 1.58105e-05)","(-0.223253, 0.974535, -0.0209797)","(-0.357934, -0.866894, 0.346956)","(0.498565, -0.866598, 0.0209934)","(0.750354, -0.315164, 0.581069)","(0.387144, 0.623861, 0.678908)","(0.589124, -0.787891, 0.179335)","(0.128069, -0.991733, 0.0080185)","(-0.862413, -0.374453, -0.340631)","(-0.0357887, -0.978681, -0.202245)",0
15.5333,"(0.303693, -0.0277524, 1.79891e-05)","(-0.220728, 0.974756, -0.0336166)","(-0.367252, -0.846996, 0.384348)","(0.469643, -0.869162, 0.154898)","(0.797155, -0.0746869, 0.599137)","(0.286533, 0.656488, 0.697798)","(0.650161, -0.741669, 0.164976)","(0.115809, -0.99327, -0.00187459)","(-0.866704, -0.372383, -0.331898)","(-0.0454977, -0.979323, -0.197122)",0
15.5667,"(0.306897, -0.0282664, 1.84249e-05)","(-0.209437, 0.977247, -0.0335387)","(-0.368874, -0.82147, 0.434879)","(0.406708, -0.856235, 0.318514)","(0.80314, 0.19997, 0.561229)","(0.197177, 0.662883, 0.722293)","(0.678083, -0.718983, 0.152535)","(0.105856, -0.994346, -0.00834174)","(-0.855798, -0.405406, -0.321333)","(-0.0608108, -0.980859, -0.184981)",0
15.6,"(0.309904, -0.0285887, 1.73826e-05)","(-0.18307, 0.982602, -0.0313004)","(-0.339776, -0.810697, 0.476784)","(0.302964, -0.860743, 0.409064)","(0.726542, 0.377683, 0.574014)","(0.150811, 0.656933, 0.738712)","(0.679153, -0.721191, 0.136507)","(0.0984941, -0.995042, -0.013775)","(-0.843445, -0.430542, -0.3213)","(-0.0579031, -0.982813, -0.175288)",0
15.6333,"(0.312653, -0.0282614, 1.7697e-05)","(-0.15628, 0.987487, -0.021115)","(-0.285275, -0.822836, 0.491487)","(0.191802, -0.887931, 0.41808)","(0.595914, 0.463323, 0.65591)","(0.167694, 0.624237, 0.763025)","(0.669357, -0.732385, 0.124795)","(0.0849777, -0.996161, -0.0210151)","(-0.807737, -0.483501, -0.337325)","(-0.0674781, -0.98392, -0.165375)",0
15.6667,"(0.315827, -0.0278693, 1.37772e-05)","(-0.141146, 0.989984, -0.00306092)","(-0.205352, -0.866835, 0.454343)","(0.124044, -0.937412, 0.32538)","(0.42174, 0.471676, 0.774376)","(0.268547, 0.552525, 0.789049)","(0.64588, -0.756577, 0.102128)","(0.0704629, -0.997054, -0.0303196)","(-0.735219, -0.590885, -0.332125)","(-0.0838238, -0.983649, -0.159398)",0
15.7,"(0.318773, -0.0272523, 7.83466e-06)","(-0.151363, 0.987775, 0.0372742)","(-0.149611, -0.907065, 0.39351)","(0.154614, -0.979876, 0.126245)","(0.361552, 0.225056, 0.904782)","(0.588681, 0.36949, 0.71898)","(0.620971, -0.781551, 0.0597725)","(0.055402, -0.9977, -0.0390556)","(-0.639488, -0.709734, -0.29552)","(-0.106294, -0.98199, -0.156198)",0
15.7333,"(0.322002, -0.0273886, 3.58745e-06)","(-0.163255, 0.98458, 0.0628472)","(-0.0877973, -0.932396, 0.350614)","(0.241153, -0.967454, -0.0766629)","(0.378757, -0.180792, 0.907666)","(0.825359, -0.0085708, 0.564544)","(0.553734, -0.832584, 0.0135033)","(0.0363088, -0.998839, -0.0316683)","(-0.478839, -0.847328, -0.229669)","(-0.124738, -0.9814, -0.145926)",0
15.7667,"(0.324689, -0.0279491, 1.08406e-06)","(-0.17013, 0.982422, 0.0768282)","(0.00190847, -0.943758, 0.330632)","(0.3423, -0.914302, -0.216522)","(0.40777, -0.606726, 0.682355)","(0.883006, -0.313679, 0.34915)","(0.47031, -0.882187, -0.023562)","(0.0174078, -0.999463, -0.027758)","(-0.351152, -0.918807, -0.18024)","(-0.143458, -0.978987, -0.144928)",0
15.8,"(0.326943, -0.0297372, -2.5142e-06)","(-0.164999, 0.982732, 0.0837433)","(0.175224, -0.941931, 0.286466)","(0.415191, -0.878086, -0.23787)","(0.480295, -0.768902, 0.422027)","(0.826797, -0.453122, 0.333297)","(0.35135, -0.935202, -0.0441563)","(0.00399959, -0.999526, -0.0305154)","(-0.22921, -0.959494, -0.163809)","(-0.14383, -0.977892, -0.151792)",0
15.8333,"(0.328244, -0.0320762, -1.26772e-06)","(-0.156531, 0.981546, 0.109847)","(0.348459, -0.914997, 0.203366)","(0.469743, -0.853514, -0.225509)","(0.566397, -0.7981, 0.205502)","(0.831667, -0.436037, 0.343805)","(0.297964, -0.953209, -0.0510857)","(-0.00420947, -0.998875, -0.0472387)","(-0.192084, -0.967475, -0.16461)","(-0.129705, -0.977258, -0.167761)",0
15.8667,"(0.329009, -0.0345846, 3.82774e-06)","(-0.150488, 0.980478, 0.126554)","(0.471782, -0.871223, 0.135618)","(0.516731, -0.826044, -0.225034)","(0.692846, -0.718834, 0.0569379)","(0.858204, -0.389287, 0.334576)","(0.265437, -0.962836, -0.0499003)","(-0.006274, -0.998514, -0.0541353)","(-0.152191, -0.973636, -0.169914)","(-0.0992306, -0.980509, -0.169576)",0
15.9,"(0.329009, -0.0345846, 3.82774e-06)","(-0.147868, 0.982043, 0.117162)","(0.536375, -0.837143, 0.107208)","(0.572183, -0.789702, -0.221307)","(0.789709, -0.613458, -0.00529897)","(0.883027, -0.353861, 0.308295)","(0.269974, -0.961932, -0.0424305)","(-0.00579158, -0.998534, -0.0538094)","(-0.144164, -0.974597, -0.171399)","(-0.0820626, -0.983005, -0.164213)",0
15.9333,"(0.329792, -0.0392572, 9.94504e-06)","(-0.141131, 0.986167, 0.0869346)","(0.588945, -0.802712, 0.0937912)","(0.629271, -0.747745, -0.211886)","(0.876552, -0.480312, -0.0309294)","(0.90775, -0.319505, 0.271858)","(0.268804, -0.962484, -0.0369991)","(-0.000242767, -0.998606, -0.0527754)","(-0.135722, -0.977758, -0.159903)","(-0.074437, -0.984408, -0.159374)",0
15.9667,"(0.330127, -0.0432942, 1.2039e-05)","(-0.128883, 0.989633, 0.0633628)","(0.641511, -0.763183, 0.077559)","(0.672487, -0.710058, -0.208755)","(0.931553, -0.363243, -0.0162078)","(0.92682, -0.257082, 0.273705)","(0.270798, -0.962377, -0.0223356)","(0.00845365, -0.998463, -0.0547799)","(-0.137328, -0.980954, -0.13737)","(-0.0730684, -0.983821, -0.163577)",0
16,"(0.330147, -0.0467478, 1.09058e-05)","(-0.115913, 0.991711, 0.0554407)","(0.697614, -0.711919, 0.0806585)","(0.698131, -0.685484, -0.206698)","(0.985125, -0.171277, -0.0139107)","(0.949096, -0.113886, 0.293679)","(0.269496, -0.962857, -0.0167103)","(0.0129297, -0.99824, -0.057882)","(-0.142095, -0.980694, -0.134343)","(-0.0734613, -0.982513, -0.171092)",0
16.0333,"(0.330364, -0.0497104, 4.56683e-06)","(-0.107745, 0.992772, 0.0528758)","(0.741963, -0.663003, 0.0995893)","(0.70538, -0.691218, -0.157025)","(0.9986, 0.0180548, -0.0497132)","(0.900607, 0.0759886, 0.427941)","(0.260782, -0.965324, -0.0119523)","(0.0184229, -0.998317, -0.0549924)","(-0.141336, -0.980023, -0.139922)","(-0.0808652, -0.982769, -0.16621)",0
16.0667,"(0.330772, -0.0531815, -3.72157e-07)","(-0.091454, 0.994881, 0.0429796)","(0.766352, -0.63501, 0.0973)","(0.675786, -0.736422, -0.0315573)","(0.958564, 0.227804, -0.171057)","(0.772821, 0.231539, 0.590879)","(0.257389, -0.966271, -0.00846698)","(0.0153066, -0.999075, -0.0401951)","(-0.140394, -0.979277, -0.145966)","(-0.0893827, -0.984299, -0.152203)",0
16.1,"(0.33141, -0.0567678, -3.49171e-06)","(-0.0727669, 0.997035, 0.0250117)","(0.780608, -0.624971, 0.00787411)","(0.628076, -0.763361, 0.151001)","(0.837503, 0.351889, -0.418047)","(0.578869, 0.356181, 0.733516)","(0.255411, -0.966809, -0.00676956)","(0.0126163, -0.999404, -0.032125)","(-0.134749, -0.981414, -0.136638)","(-0.0957472, -0.987153, -0.127915)",0
16.1333,"(0.332134, -0.0596149, -7.52918e-06)","(-0.0565845, 0.998324, 0.0121699)","(0.805343, -0.579963, -0.122746)","(0.596708, -0.728878, 0.335673)","(0.591188, 0.488455, -0.641801)","(0.387122, 0.438548, 0.811056)","(0.242683, -0.969934, -0.0182506)","(0.0097336, -0.999255, -0.0373342)","(-0.12432, -0.982199, -0.14082)","(-0.100592, -0.988622, -0.111837)",0
16.1667,"(0.33324, -0.0629829, -5.70305e-06)","(-0.0516894, 0.998654, 0.00425471)","(0.825724, -0.50759, -0.246034)","(0.593417, -0.661054, 0.459199)","(0.255452, 0.544301, -0.79905)","(0.132881, 0.493538, 0.859513)","(0.212077, -0.975594, -0.0569217)","(0.0109363, -0.998651, -0.0507579)","(-0.111024, -0.980965, -0.159316)","(-0.104683, -0.989618, -0.0984767)",0
16.2,"(0.334624, -0.0669017, -5.65499e-07)","(-0.0520858, 0.998641, 0.00161435)","(0.851172, -0.443322, -0.28102)","(0.591812, -0.592002, 0.547076)","(0.0550331, 0.543077, -0.837878)","(-0.0988692, 0.426264, 0.89918)","(0.183517, -0.979191, -0.0866378)","(0.0117242, -0.998803, -0.0474855)","(-0.100119, -0.979603, -0.174223)","(-0.11496, -0.989592, -0.0865556)",0
16.2333,"(0.336326, -0.070018, 6.48834e-06)","(-0.0533706, 0.998571, -0.00273115)","(0.856109, -0.423039, -0.296843)","(0.579173, -0.589062, 0.563529)","(-0.0850805, 0.521061, -0.849268)","(-0.236432, 0.355606, 0.904237)","(0.172449, -0.979811, -0.101154)","(0.0119427, -0.999051, -0.0418791)","(-0.107937, -0.978565, -0.175385)","(-0.119758, -0.989381, -0.0823614)",0
16.2667,"(0.338085, -0.0716425, 1.0496e-05)","(-0.0582734, 0.998299, -0.00158029)","(0.848556, -0.430378, -0.307777)","(0.55249, -0.609421, 0.568648)","(-0.0982736, 0.51749, -0.850028)","(-0.243169, 0.299866, 0.922469)","(0.167918, -0.980469, -0.102396)","(0.0107395, -0.999536, -0.0284913)","(-0.122144, -0.977119, -0.174124)","(-0.130697, -0.988647, -0.0741342)",0
16.3,"(0.340119, -0.0717745, 1.55892e-05)","(-0.0684381, 0.997655, 0.000115965)","(0.836573, -0.449288, -0.313506)","(0.493702, -0.667818, 0.557025)","(-0.107491, 0.555081, -0.824822)","(-0.189269, 0.308239, 0.932291)","(0.16562, -0.980962, -0.101411)","(0, 0, 0)","(-0.139342, -0.975562, -0.16989)","(0, 0, 0)",0
16.3333,"(0.342093, -0.0693603, 1.60776e-05)","(-0.0855473, 0.996326, 0.00390417)","(0.822128, -0.483404, -0.300709)","(0.391339, -0.732976, 0.556418)","(-0.011513, 0.557817, -0.829884)","(-0.118447, 0.236409, 0.964407)","(0.136532, -0.985633, -0.0994315)","(0, 0, 0)","(-0.127478, -0.977495, -0.168086)","(0, 0, 0)",0
16.3667,"(0.344005, -0.0635172, 1.1689e-05)","(-0.105461, 0.994409, 0.00542627)","(0.808358, -0.519246, -0.277382)","(0.327459, -0.772186, 0.544517)","(0.142675, 0.55306, -0.820834)","(-0.0301435, 0.270041, 0.962377)","(0.124132, -0.988067, -0.0911816)","(0, 0, 0)","(-0.118164, -0.98032, -0.158143)","(0, 0, 0)",0
16.4,"(0.345497, -0.054703, 1.06972e-06)","(-0.118826, 0.992915, -0.000891792)","(0.760953, -0.616566, -0.201981)","(0.276953, -0.777883, 0.564088)","(0.422708, 0.534779, -0.731662)","(0.00228946, 0.335514, 0.942032)","(0.109332, -0.990701, -0.080983)","(0, 0, 0)","(-0.0972137, -0.983232, -0.154285)","(0, 0, 0)",0
16.4333,"(0.346113, -0.0428248, -6.24545e-06)","(-0.123687, 0.992146, -0.0186633)","(0.626854, -0.774973, -0.0804424)","(0.245809, -0.764983, 0.595297)","(0.730932, 0.411525, -0.544413)","(-0.00600002, 0.436857, 0.899511)","(0.123414, -0.9901, -0.0668711)","(-0.0898799, -0.992639, 0.0811759)","(-0.0890773, -0.98105, -0.172067)","(-0.293697, -0.933589, -0.205315)",0
16.4667,"(0.346056, -0.0308751, -1.12141e-05)","(-0.109332, 0.99317, -0.0407323)","(0.365894, -0.923025, 0.118936)","(0.224088, -0.776483, 0.588947)","(0.970947, 0.21248, -0.110061)","(-0.0808825, 0.484121, 0.871255)","(0.148803, -0.987429, -0.0533089)","(-0.108696, -0.991721, 0.068375)","(-0.0685165, -0.978131, -0.196379)","(-0.289628, -0.933388, -0.211902)",0
16.5,"(0.346152, -0.02146, -1.14532e-05)","(-0.0937793, 0.993998, -0.0563413)","(0.088958, -0.963716, 0.251669)","(0.25955, -0.807134, 0.530253)","(0.969862, -0.0603756, 0.236057)","(-0.104914, 0.516251, 0.849987)","(0.194974, -0.980151, -0.0359101)","(-0.126867, -0.99074, 0.0483568)","(-0.0708338, -0.979992, -0.186007)","(-0.283994, -0.933414, -0.219283)",0
16.5333,"(0.346151, -0.0156338, -6.54422e-06)","(-0.0783676, 0.995541, -0.0525085)","(-0.13688, -0.921095, 0.364483)","(0.321762, -0.847952, 0.421245)","(0.844271, -0.228483, 0.484771)","(-0.0313475, 0.576616, 0.816414)","(0.232066, -0.972256, -0.029389)","(-0.143924, -0.98936, 0.0212981)","(-0.102914, -0.982341, -0.156251)","(-0.268542, -0.936981, -0.223499)",0
16.5667,"(0.346278, -0.0135031, 1.94497e-06)","(-0.0829191, 0.995556, -0.0446286)","(-0.286378, -0.873308, 0.394108)","(0.380812, -0.887869, 0.258207)","(0.779816, -0.354627, 0.515875)","(0.198765, 0.595451, 0.778415)","(0.245982, -0.969071, -0.0198593)","(-0.147129, -0.989117, -0.000735381)","(-0.145469, -0.981602, -0.123681)","(-0.251774, -0.940808, -0.226913)",0
16.6,"(0.346278, -0.0135031, 1.94497e-06)","(-0.0966593, 0.994922, -0.0280722)","(-0.406432, -0.81012, 0.422514)","(0.462214, -0.885894, -0.0393656)","(0.734226, -0.398659, 0.54953)","(0.555729, 0.559898, 0.614557)","(0.243946, -0.969606, -0.0188143)","(-0.141168, -0.989948, -0.00865217)","(-0.178298, -0.974704, -0.134769)","(-0.242823, -0.943138, -0.226997)",0
16.6333,"(0.346278, -0.0135031, 1.94497e-06)","(-0.110368, 0.993743, -0.0171182)","(-0.482559, -0.775994, 0.406165)","(0.546829, -0.789063, -0.279926)","(0.713401, -0.439079, 0.546139)","(0.768705, 0.464989, 0.439178)","(0.239551, -0.970775, -0.0145119)","(-0.143316, -0.989441, -0.0216221)","(-0.17272, -0.974391, -0.143977)","(-0.240879, -0.940163, -0.24098)",0
16.6667,"(0.347743, -0.0084576, 8.64379e-06)","(-0.118479, 0.992909, -0.00972071)","(-0.507754, -0.764225, 0.397676)","(0.590916, -0.707525, -0.38759)","(0.713994, -0.498289, 0.491854)","(0.813011, 0.444845, 0.375667)","(0.237581, -0.971203, 0.0178861)","(-0.145325, -0.989202, -0.0189931)","(-0.161567, -0.97793, -0.132477)","(-0.240275, -0.943432, -0.22848)",0
16.7,"(0.347597, -0.00224895, 8.38302e-06)","(-0.115081, 0.993124, -0.0214782)","(-0.508678, -0.783562, 0.356759)","(0.610809, -0.727117, -0.31339)","(0.710577, -0.541777, 0.448952)","(0.706779, 0.470066, 0.528679)","(0.221093, -0.974232, 0.0446082)","(-0.145017, -0.989328, -0.014146)","(-0.123248, -0.986241, -0.110175)","(-0.238196, -0.947627, -0.212756)",0
16.7333,"(0.346963, 0.004827, 8.64193e-06)","(-0.10321, 0.993802, -0.0412825)","(-0.500873, -0.811821, 0.300121)","(0.584876, -0.791013, -0.179495)","(0.708665, -0.565603, 0.421767)","(0.499767, 0.520599, 0.69225)","(0.200434, -0.97728, 0.068913)","(-0.141151, -0.989988, -0.000249499)","(-0.0938842, -0.991189, -0.093431)","(-0.239383, -0.952463, -0.188443)",0
16.7667,"(0.346293, 0.0105915, 7.22706e-06)","(-0.0808947, 0.994903, -0.0601959)","(-0.502297, -0.828815, 0.246504)","(0.5656, -0.824519, 0.0162764)","(0.702568, -0.54172, 0.461452)","(0.268297, 0.506449, 0.819467)","(0.192984, -0.979175, 0.0630425)","(-0.143787, -0.989607, 0.00190777)","(-0.0819511, -0.993739, -0.0759359)","(-0.255903, -0.948624, -0.186079)",0
16.8,"(0.345653, 0.0125259, 3.77931e-06)","(-0.0617735, 0.995488, -0.0720267)","(-0.513159, -0.837205, 0.189092)","(0.539505, -0.824048, 0.172857)","(0.709291, -0.524517, 0.470944)","(0.0807135, 0.503187, 0.8604)","(0.197096, -0.978449, 0.0615729)","(-0.150421, -0.988609, 0.00510589)","(-0.0904972, -0.993962, -0.0620414)","(-0.282053, -0.94221, -0.180792)",0
16.8333,"(0.345033, 0.00886054, 7.92369e-07)","(-0.0529662, 0.995492, -0.0786786)","(-0.522594, -0.840989, 0.14012)","(0.553786, -0.803092, 0.219918)","(0.715907, -0.539711, 0.442932)","(0.127858, 0.496068, 0.858818)","(0.197937, -0.977581, 0.0718026)","(-0.161875, -0.986791, 0.00630532)","(-0.0898424, -0.995633, -0.0253449)","(-0.314898, -0.932729, -0.17566)",0
16.8667,"(0.344313, 0.000645638, -2.09436e-06)","(-0.0586843, 0.995446, -0.0751208)","(-0.518526, -0.848112, 0.108798)","(0.667855, -0.738915, 0.0893014)","(0.715771, -0.547755, 0.43317)","(0.419429, 0.473388, 0.774586)","(0.190853, -0.9775, 0.0898273)","(-0.164401, -0.986299, 0.0136497)","(-0.117255, -0.992543, -0.0333039)","(-0.318365, -0.934794, -0.157493)",0
16.9,"(0.343866, -0.00803926, -5.44824e-06)","(-0.0662497, 0.996149, -0.0574312)","(-0.512002, -0.851785, 0.110978)","(0.799559, -0.595389, -0.0788448)","(0.707359, -0.56021, 0.431055)","(0.694121, 0.374682, 0.614662)","(0.199604, -0.974088, 0.106354)","(-0.164504, -0.986292, 0.0128976)","(-0.158894, -0.98655, -0.0383538)","(-0.313584, -0.937058, -0.153581)",0
16.9333,"(0.343326, -0.0148176, -4.76297e-06)","(-0.0724091, 0.996681, -0.0372135)","(-0.507874, -0.850949, 0.133975)","(0.885967, -0.417871, -0.201114)","(0.705906, -0.555586, 0.439341)","(0.818363, 0.302634, 0.488564)","(0.220065, -0.971272, 0.0905704)","(-0.163797, -0.986384, 0.0147421)","(-0.188716, -0.978914, -0.078191)","(-0.297881, -0.942522, -0.151392)",0
16.9667,"(0.342751, -0.0202898, 1.20159e-06)","(-0.0749791, 0.996853, -0.025744)","(-0.513601, -0.847664, 0.132967)","(0.908263, -0.33703, -0.247931)","(0.710598, -0.586332, 0.388928)","(0.798426, 0.344409, 0.493861)","(0.23534, -0.96925, 0.0719011)","(-0.176049, -0.98438, -0.00184602)","(-0.167785, -0.983396, -0.0691418)","(-0.304784, -0.937034, -0.170513)",0
17,"(0.342751, -0.0202898, 1.20159e-06)","(-0.0757696, 0.996751, -0.0273118)","(-0.521275, -0.844735, 0.121221)","(0.905568, -0.343004, -0.24959)","(0.716644, -0.609569, 0.338891)","(0.728452, 0.441185, 0.524131)","(0.230536, -0.971536, 0.0545113)","(-0.192032, -0.980953, -0.0292356)","(-0.13244, -0.989649, -0.055276)","(-0.311457, -0.929333, -0.198328)",0
17.0333,"(0.34151, -0.0167632, 1.21964e-05)","(-0.0682275, 0.997247, -0.0290322)","(-0.532674, -0.838183, 0.11708)","(0.891261, -0.379806, -0.247792)","(0.721158, -0.619846, 0.309391)","(0.614617, 0.563891, 0.551609)","(0.226176, -0.972711, 0.0517389)","(-0.207547, -0.975815, -0.0686166)","(-0.0999225, -0.994546, -0.0299057)","(-0.317624, -0.9197, -0.230796)",0
17.0667,"(0.340964, -0.0119405, 1.63546e-05)","(-0.0580329, 0.997928, -0.0277843)","(-0.547293, -0.82772, 0.123896)","(0.887727, -0.426226, -0.173986)","(0.727776, -0.614656, 0.304206)","(0.466225, 0.653254, 0.596569)","(0.219971, -0.974903, 0.0343068)","(-0.214967, -0.972351, -0.0912287)","(-0.0666889, -0.996944, -0.0406899)","(-0.31542, -0.915851, -0.24845)",0
17.1,"(0.340232, -0.00722091, 1.79294e-05)","(-0.0479097, 0.998658, -0.0196698)","(-0.556987, -0.821629, 0.121209)","(0.879612, -0.459545, -0.122888)","(0.729206, -0.622225, 0.284771)","(0.278251, 0.743099, 0.608589)","(0.215885, -0.976298, 0.0153332)","(-0.216699, -0.971766, -0.0933398)","(-0.0296364, -0.997765, -0.0598885)","(-0.307977, -0.919361, -0.244795)",0
17.1333,"(0.339377, -0.00221797, 1.84603e-05)","(-0.0402051, 0.999094, -0.0139555)","(-0.558722, -0.822306, 0.107901)","(0.865146, -0.499189, -0.0483011)","(0.730018, -0.636079, 0.249954)","(0.105572, 0.761448, 0.639571)","(0.214821, -0.976635, 0.00600404)","(-0.21526, -0.973247, -0.0803353)","(-0.020079, -0.997221, -0.071741)","(-0.299186, -0.92538, -0.232721)",0
17.1667,"(0.338261, 0.00238008, 1.71252e-05)","(-0.0328349, 0.999365, -0.0138446)","(-0.557918, -0.826155, 0.0787041)","(0.820826, -0.571143, 0.00637493)","(0.719143, -0.661091, 0.213989)","(-0.0260786, 0.72783, 0.685262)","(0.210896, -0.977477, 0.00785782)","(-0.212411, -0.974499, -0.0723443)","(-0.0151242, -0.998254, -0.0570965)","(-0.294245, -0.927254, -0.231562)",0
17.2,"(0.336783, 0.00510188, 1.55937e-05)","(-0.02334, 0.999353, -0.0273791)","(-0.558555, -0.82804, 0.048632)","(0.739971, -0.666363, 0.0916653)","(0.697687, -0.685337, 0.208677)","(-0.0815444, 0.645195, 0.759654)","(0.210403, -0.977398, 0.020611)","(-0.205448, -0.97663, -0.0631204)","(-0.0180733, -0.999398, -0.0296003)","(-0.279888, -0.930715, -0.235441)",0
17.2333,"(0.335071, 0.00642824, 1.33652e-05)","(-0.0185532, 0.998964, -0.0415482)","(-0.557455, -0.829749, 0.0275775)","(0.661921, -0.736414, 0.139838)","(0.669266, -0.704899, 0.234947)","(-0.0713164, 0.594985, 0.800566)","(0.214492, -0.976183, 0.0325658)","(-0.198731, -0.97829, -0.05877)","(-0.0219214, -0.999753, -0.00380051)","(-0.262831, -0.934394, -0.240474)",0
17.2667,"(0.333783, 0.00308782, 1.29152e-05)","(-0.0148093, 0.998682, -0.0491456)","(-0.554962, -0.831512, 0.0245842)","(0.650376, -0.745668, 0.14488)","(0.641717, -0.721367, 0.260439)","(0.0522658, 0.593955, 0.802799)","(0.230561, -0.971269, 0.0589753)","(-0.181624, -0.982594, -0.0390102)","(-0.033453, -0.999325, -0.0151635)","(-0.236293, -0.945264, -0.225037)",0
17.3,"(0.332443, -0.00421349, 1.2365e-05)","(-0.0205191, 0.999326, -0.0304475)","(-0.557873, -0.829477, 0.0272935)","(0.748449, -0.660311, 0.0617527)","(0.636127, -0.726812, 0.259011)","(0.320524, 0.590864, 0.740367)","(0.261332, -0.961517, 0.0848021)","(-0.168789, -0.98543, -0.0209139)","(-0.0610716, -0.997237, -0.0422884)","(-0.223869, -0.952654, -0.205749)",0
17.3333,"(0.331215, -0.0117042, 9.93218e-06)","(-0.0351123, 0.999383, -0.000843629)","(-0.549657, -0.833837, 0.0509315)","(0.901748, -0.426858, -0.0681325)","(0.628937, -0.723734, 0.283984)","(0.635213, 0.476137, 0.608111)","(0.291588, -0.950456, 0.10775)","(-0.153355, -0.988111, -0.0108655)","(-0.0835162, -0.99302, -0.0832802)","(-0.221567, -0.956016, -0.192202)",0
17.3667,"(0.329974, -0.0195059, 7.29263e-06)","(-0.0606002, 0.996543, 0.0568265)","(-0.533552, -0.843781, 0.0579361)","(0.972382, -0.129039, -0.194479)","(0.641262, -0.702599, 0.308446)","(0.834502, 0.297454, 0.463819)","(0.337051, -0.93325, 0.124262)","(-0.140095, -0.990095, 0.00926452)","(-0.115198, -0.987294, -0.109455)","(-0.198009, -0.963703, -0.179079)",0
17.4,"(0.328782, -0.0273555, 5.33927e-06)","(-0.0839885, 0.99238, 0.0901552)","(-0.517665, -0.854146, 0.0495653)","(0.95892, 0.165506, -0.230391)","(0.652898, -0.689734, 0.313035)","(0.885759, 0.224359, 0.406318)","(0.374961, -0.917188, 0.134799)","(-0.127374, -0.991674, 0.0189503)","(-0.10713, -0.986281, -0.125593)","(-0.183709, -0.967944, -0.171276)",0
17.4333,"(0.326774, -0.0308903, 2.32216e-06)","(-0.102918, 0.989319, 0.103229)","(-0.515092, -0.857031, 0.0133061)","(0.906422, 0.366788, -0.209439)","(0.682, -0.677765, 0.274793)","(0.857149, 0.31285, 0.409171)","(0.405488, -0.904036, 0.135269)","(-0.0887812, -0.995516, 0.0326493)","(-0.0910716, -0.988511, -0.120629)","(-0.212313, -0.963777, -0.16142)",0
17.4667,"(0.324455, -0.0320926, -1.98986e-06)","(-0.110982, 0.989684, 0.0906032)","(-0.524953, -0.850454, -0.0339432)","(0.827235, 0.53562, -0.169684)","(0.706936, -0.678204, 0.200703)","(0.791708, 0.468306, 0.392286)","(0.412304, -0.902202, 0.126636)","(-0.0646262, -0.997802, 0.0146226)","(-0.0398002, -0.993024, -0.110993)","(-0.249227, -0.950961, -0.183191)",0
17.5,"(0.321952, -0.0340901, -6.93798e-06)","(-0.115971, 0.990136, 0.0786222)","(-0.534541, -0.843456, -0.0533694)","(0.739831, 0.6584, -0.138418)","(0.724362, -0.665342, 0.180608)","(0.693852, 0.612379, 0.378894)","(0.404118, -0.906974, 0.118688)","(-0.034842, -0.999393, -7.63196e-05)","(-0.0073356, -0.993985, -0.109273)","(-0.257871, -0.944661, -0.202776)",0
17.5333,"(0.31883, -0.0358561, -8.71699e-06)","(-0.118872, 0.989997, 0.0759984)","(-0.547269, -0.835688, -0.0460718)","(0.673023, 0.73512, -0.0814772)","(0.73245, -0.643319, 0.222841)","(0.566848, 0.730994, 0.37991)","(0.397792, -0.906019, 0.144534)","(-0.0377867, -0.999282, -0.00259614)","(0.0247755, -0.995232, -0.0943425)","(-0.208324, -0.950218, -0.231704)",0
17.5667,"(0.314762, -0.0378993, -6.15846e-06)","(-0.121738, 0.990365, 0.0660066)","(-0.554935, -0.831865, -0.00689909)","(0.636495, 0.770474, -0.0352733)","(0.721611, -0.605078, 0.33639)","(0.384094, 0.834721, 0.394606)","(0.385669, -0.903649, 0.18622)","(-0.00870644, -0.999835, -0.0159735)","(0.0466986, -0.996477, -0.0696694)","(-0.214851, -0.894455, -0.39216)",0
17.6,"(0.310044, -0.0414278, -3.1108e-06)","(-0.121444, 0.990691, 0.0615021)","(-0.567941, -0.822568, 0.028718)","(0.640788, 0.767521, -0.0173781)","(0.70924, -0.564878, 0.421772)","(0.191168, 0.896024, 0.400743)","(0.374287, -0.902372, 0.213623)","(0.0297482, -0.999152, -0.0284588)","(0.0596725, -0.995906, -0.0678968)","(-0.240367, -0.833092, -0.498178)",0
17.6333,"(0.304254, -0.0444588, 1.8267e-06)","(-0.111326, 0.992005, 0.0594301)","(-0.599438, -0.798427, 0.0564578)","(0.694211, 0.719178, -0.0292217)","(0.733062, -0.515836, 0.443321)","(0.0210315, 0.909602, 0.414949)","(0.363739, -0.90936, 0.201886)","(0.0654048, -0.996008, -0.0607567)","(0.053347, -0.993585, -0.0997172)","(-0.24894, -0.79844, -0.548199)",0
17.6667,"(0.29789, -0.0473842, 9.3786e-06)","(-0.094214, 0.993082, 0.0700914)","(-0.617882, -0.772321, 0.147452)","(0.797779, 0.593647, 0.105511)","(0.753271, -0.403335, 0.519523)","(-0.131375, 0.847711, 0.513932)","(0.358471, -0.919288, 0.162504)","(0.0808607, -0.994003, -0.0736239)","(0.00442301, -0.984367, -0.176073)","(-0.213497, -0.858319, -0.466592)",0
17.7,"(0.290754, -0.0502741, 1.48246e-05)","(-0.0754995, 0.992923, 0.0916702)","(-0.587496, -0.75818, 0.282861)","(0.916104, 0.270132, 0.296281)","(0.769733, -0.21597, 0.600724)","(-0.192663, 0.742631, 0.641389)","(0.356856, -0.922028, 0.150064)","(0.0998954, -0.992191, -0.0746845)","(-0.103966, -0.966261, -0.235648)","(-0.170773, -0.881751, -0.439717)",0
17.7333,"(0.283265, -0.0536671, 1.5275e-05)","(-0.060354, 0.991208, 0.117744)","(-0.473106, -0.775846, 0.417414)","(0.883689, -0.186019, 0.429524)","(0.71424, 0.0291416, 0.699294)","(-0.147014, 0.616411, 0.773579)","(0.312926, -0.941614, 0.124263)","(0.134463, -0.989072, -0.0604687)","(-0.256498, -0.909381, -0.327469)","(-0.150859, -0.881093, -0.448238)",0
17.7667,"(0.275289, -0.0559187, 1.46674e-05)","(-0.0514109, 0.989601, 0.134339)","(-0.322641, -0.819945, 0.472856)","(0.710462, -0.596518, 0.373376)","(0.616104, 0.242272, 0.74948)","(0.0534876, 0.516214, 0.854788)","(0.207947, -0.97687, 0.0498232)","(0.172398, -0.984028, -0.0443532)","(-0.382667, -0.829648, -0.406509)","(-0.118979, -0.883155, -0.453742)",0
17.8,"(0.266832, -0.0578618, 1.30894e-05)","(-0.0418388, 0.988467, 0.14554)","(-0.173431, -0.833071, 0.525276)","(0.523501, -0.846378, 0.0979322)","(0.435807, 0.43023, 0.790554)","(0.525537, 0.188973, 0.829518)","(0.0502692, -0.998466, -0.0232011)","(0.217544, -0.975365, -0.0365649)","(-0.490755, -0.747745, -0.447255)","(-0.095202, -0.893074, -0.439722)",1
17.8333,"(0.256744, -0.0592825, 1.55242e-05)","(-0.0284203, 0.989812, 0.139512)","(-0.0616128, -0.748915, 0.659796)","(0.320209, -0.938014, -0.132648)","(0.245782, 0.534706, 0.808506)","(0.788993, -0.389448, 0.475206)","(-0.130168, -0.989777, -0.0582917)","(0.251797, -0.967254, -0.0318889)","(-0.537792, -0.722313, -0.434793)","(-0.049214, -0.904145, -0.424382)",0
17.8667,"(0.245191, -0.0601099, 2.36658e-05)","(-0.00213534, 0.992121, 0.125264)","(0.00924228, -0.543117, 0.839606)","(0.165488, -0.947378, -0.274023)","(0.122386, 0.591302, 0.79711)","(0.643871, -0.758012, 0.104158)","(-0.259361, -0.965265, -0.0315533)","(0.297017, -0.954757, -0.0148196)","(-0.577704, -0.716589, -0.390843)","(-0.0174994, -0.910039, -0.414153)",0
17.9,"(0.231586, -0.0586556, 3.65259e-05)","(0.0332443, 0.992702, 0.115918)","(0.0675263, -0.297013, 0.952483)","(0.0311898, -0.953583, -0.299512)","(0.0689304, 0.617524, 0.783526)","(0.429551, -0.894734, -0.122219)","(-0.338083, -0.940287, -0.0394874)","(0.30787, -0.951099, 0.0250297)","(-0.545345, -0.746881, -0.380483)","(0.0722442, -0.924666, -0.373863)",0
17.9333,"(0.216508, -0.0564938, 5.1092e-05)","(0.0709382, 0.990522, 0.117615)","(0.120194, -0.115368, 0.986024)","(-0.118251, -0.942017, -0.31404)","(0.079918, 0.662049, 0.745188)","(0.272285, -0.919262, -0.284284)","(-0.344868, -0.937033, -0.0550946)","(0.32262, -0.943469, 0.0760395)","(-0.499387, -0.781431, -0.374135)","(0.169877, -0.929275, -0.32801)",0
17.9667,"(0.200205, -0.054112, 6.4826e-05)","(0.102769, 0.986533, 0.127244)","(0.173301, -0.00437199, 0.984859)","(-0.221972, -0.89951, -0.37631)","(0.105975, 0.694566, 0.711581)","(0.184029, -0.875077, -0.447632)","(-0.322625, -0.943506, -0.0755617)","(0.307956, -0.945347, 0.107158)","(-0.425932, -0.820885, -0.380434)","(0.259229, -0.920991, -0.290818)",0
18,"(0.184647, -0.0516299, 6.80329e-05)","(0.129613, 0.982301, 0.135221)","(0.200658, 0.0328423, 0.979111)","(-0.293852, -0.877762, -0.378397)","(0.14738, 0.683782, 0.714648)","(0.13243, -0.876514, -0.462801)","(-0.284135, -0.954604, -0.0894388)","(0.296654, -0.948216, 0.113497)","(-0.341391, -0.857207, -0.38555)","(0.308311, -0.904038, -0.296073)",0
18.0333,"(0.171003, -0.0489904, 6.10769e-05)","(0.144265, 0.979692, 0.139252)","(0.180149, 0.0213948, 0.983407)","(-0.329751, -0.869244, -0.368346)","(0.205786, 0.554378, 0.806422)","(0.0275447, -0.965574, -0.258665)","(-0.244238, -0.965028, -0.0952331)","(0.276562, -0.955974, 0.0981202)","(-0.243787, -0.884209, -0.398424)","(0.301549, -0.8929, -0.334363)",0
18.0667,"(0.159671, -0.0465645, 4.9793e-05)","(0.147772, 0.978593, 0.143247)","(0.128096, -0.0429506, 0.990831)","(-0.384303, -0.880996, -0.275967)","(0.25603, 0.27976, 0.925302)","(-0.105721, -0.992001, 0.0689765)","(-0.207432, -0.972408, -0.106746)","(0.24398, -0.967597, 0.0650427)","(-0.16379, -0.900952, -0.401818)","(0.300047, -0.877598, -0.37389)",0
18.1,"(0.150426, -0.0431558, 3.1632e-05)","(0.140956, 0.981311, 0.130996)","(0.0565747, -0.163968, 0.984842)","(-0.446305, -0.878689, -0.169461)","(0.278536, -0.112998, 0.953755)","(-0.189862, -0.908296, 0.37276)","(-0.186363, -0.976706, -0.106369)","(0.204017, -0.978482, 0.0308179)","(-0.114341, -0.901387, -0.417644)","(0.276475, -0.858708, -0.431489)",0
18.1333,"(0.143644, -0.0393137, 1.15644e-05)","(0.135353, 0.985152, 0.105615)","(0.00242277, -0.491487, 0.870882)","(-0.467011, -0.875861, -0.121525)","(0.23038, -0.507121, 0.830514)","(-0.0842879, -0.891799, 0.444512)","(-0.16241, -0.981232, -0.103954)","(0.138873, -0.990308, 0.00199335)","(-0.0949797, -0.903194, -0.418592)","(0.254667, -0.846288, -0.467912)",0
18.1667,"(0.137485, -0.035945, -5.46407e-07)","(0.129777, 0.988801, 0.0736893)","(-0.0933942, -0.813447, 0.574092)","(-0.452636, -0.88112, -0.136924)","(0.134504, -0.78634, 0.602975)","(0.114381, -0.841079, 0.52868)","(-0.137991, -0.986204, -0.0914324)","(0.045436, -0.998935, -0.00802944)","(-0.0860803, -0.904515, -0.417664)","(0.203219, -0.81511, -0.542493)",0
18.2,"(0.131477, -0.033484, -5.22365e-06)","(0.123808, 0.990139, 0.0655478)","(-0.171177, -0.967946, 0.18379)","(-0.394769, -0.918779, -0.00187703)","(0.0197419, -0.919308, 0.393044)","(0.30963, -0.626095, 0.715636)","(-0.105019, -0.990032, -0.0938434)","(-0.0282152, -0.999128, -0.0307634)","(-0.074599, -0.9058, -0.417086)","(0.142207, -0.731343, -0.667019)",0
18.2333,"(0.125356, -0.0318848, -7.75154e-06)","(0.11715, 0.988588, 0.094707)","(-0.230319, -0.972987, 0.015795)","(-0.322048, -0.929691, 0.178775)","(-0.0951769, -0.959145, 0.266425)","(0.385385, -0.226837, 0.89444)","(-0.0756533, -0.990493, -0.114891)","(-0.0629235, -0.996601, -0.0531744)","(-0.0572335, -0.892419, -0.447564)","(0.0897911, -0.574214, -0.813767)",0
18.2667,"(0.119845, -0.0323184, -4.35309e-06)","(0.109705, 0.983649, 0.142824)","(-0.245349, -0.969065, -0.0267851)","(-0.188757, -0.89968, 0.393634)","(-0.167428, -0.960103, 0.223986)","(0.308976, 0.175967, 0.934649)","(-0.0420598, -0.990125, -0.133728)","(-0.0446386, -0.996798, -0.0663448)","(-0.0362883, -0.868667, -0.494065)","(0.0618965, -0.452527, -0.8896)",0
18.3,"(0.114235, -0.033054, 1.96216e-06)","(0.0994227, 0.979421, 0.175641)","(-0.237103, -0.971484, -0.000511243)","(-0.0324738, -0.877723, 0.478067)","(-0.178794, -0.95992, 0.215838)","(0.18168, 0.448332, 0.875209)","(-0.014188, -0.990967, -0.133353)","(0.0126733, -0.999214, -0.0375571)","(-0.0227836, -0.857484, -0.514006)","(0.0480755, -0.436302, -0.898515)",0
18.3333,"(0.10926, -0.0328595, 7.22222e-06)","(0.087835, 0.977692, 0.190795)","(-0.225671, -0.974174, 0.00753939)","(0.112291, -0.80712, 0.57961)","(-0.137177, -0.962159, 0.235441)","(0.0499864, 0.532566, 0.844911)","(0.00538668, -0.993024, -0.11779)","(0.106625, -0.994278, -0.00652424)","(-0.00410702, -0.860538, -0.50937)","(0.0709193, -0.499461, -0.863429)",0
18.3667,"(0.104997, -0.0313367, 5.63492e-06)","(0.0787294, 0.977524, 0.195573)","(-0.198509, -0.980085, 0.00517622)","(0.165369, -0.714675, 0.679627)","(-0.0730252, -0.961233, 0.265891)","(-0.0187801, 0.55537, 0.831391)","(0.0076358, -0.994206, -0.107218)","(0.215412, -0.976457, 0.0114121)","(0.0233017, -0.874876, -0.483787)","(0.136763, -0.620402, -0.772267)",0
18.4,"(0.101919, -0.0295608, 4.69919e-07)","(0.0770436, 0.9771, 0.198345)","(-0.177254, -0.983915, 0.0221684)","(0.13333, -0.55498, 0.821109)","(0.0429306, -0.948147, 0.31492)","(-0.052107, 0.506121, 0.860887)","(0.00874982, -0.995282, -0.0966299)","(0.290059, -0.956792, 0.0203667)","(0.051259, -0.902656, -0.427299)","(0.272163, -0.757438, -0.593477)",0
18.4333,"(0.099642, -0.0274675, -4.97185e-06)","(0.0762427, 0.977528, 0.196535)","(-0.158544, -0.973703, 0.163606)","(0.101144, -0.339978, 0.934979)","(0.122404, -0.86984, 0.477907)","(-0.0984062, 0.344739, 0.933526)","(0.0121312, -0.995805, -0.0906924)","(0.33777, -0.938841, 0.0669962)","(0.0779553, -0.923247, -0.376214)","(0.390075, -0.82958, -0.399548)",0
18.4667,"(0.099642, -0.0274675, -4.97185e-06)","(0.0763226, 0.976329, 0.202376)","(-0.109887, -0.966115, 0.233552)","(0.0643553, -0.194267, 0.978835)","(0.160779, -0.822841, 0.545053)","(-0.144585, 0.161187, 0.976276)","(0.0180632, -0.996617, -0.0801812)","(0.363516, -0.925324, 0.107853)","(0.0986223, -0.937472, -0.333795)","(0.457482, -0.836993, -0.300254)",0
18.5,"(0.098117, -0.0253187, -8.95351e-06)","(0.0742621, 0.973561, 0.216019)","(-0.059531, -0.927612, 0.368772)","(0.0400262, -0.152287, 0.987525)","(0.0934807, -0.679574, 0.727626)","(-0.175645, 0.0574802, 0.982774)","(0.0223282, -0.997032, -0.0736816)","(0.375283, -0.918179, 0.126923)","(0.119108, -0.935679, -0.332142)","(0.489226, -0.821579, -0.292688)",0
18.5333,"(0.098117, -0.0253187, -8.95351e-06)","(0.066231, 0.967469, 0.244166)","(0.00425338, -0.85907, 0.51184)","(-0.0127715, -0.187991, 0.982088)","(0.0446867, -0.526161, 0.84921)","(-0.161392, 0.110339, 0.980703)","(0.0242352, -0.997228, -0.0703551)","(0.367862, -0.922594, 0.116182)","(0.121107, -0.936603, -0.328797)","(0.502613, -0.819401, -0.275614)",0
18.5667,"(0.098117, -0.0253187, -8.95351e-06)","(0.0467178, 0.966005, 0.254268)","(0.0536866, -0.770168, 0.635577)","(-0.0417312, -0.192057, 0.980496)","(0.0238548, -0.408624, 0.912391)","(-0.14604, 0.172298, 0.974159)","(0.0241389, -0.996574, -0.0790997)","(0.357475, -0.927578, 0.108677)","(0.115101, -0.93354, -0.339493)","(0.503285, -0.820163, -0.272099)",0
18.6,"(0.098117, -0.0253187, -8.95351e-06)","(0.0213642, 0.970006, 0.24214)","(0.0998093, -0.767485, 0.63325)","(-0.0555894, -0.196293, 0.978968)","(0.0494007, -0.514088, 0.856314)","(-0.152553, 0.220611, 0.963358)","(0.0238546, -0.995908, -0.0871658)","(0.346579, -0.932544, 0.101213)","(0.102695, -0.928346, -0.357249)","(0.494788, -0.817222, -0.29552)",0
18.6333,"(0.098117, -0.0253187, -8.95351e-06)","(-0.00301267, 0.97584, 0.218467)","(0.128471, -0.850159, 0.510611)","(-0.0421087, -0.215193, 0.975663)","(0.0859348, -0.629138, 0.772529)","(-0.185729, 0.268146, 0.945305)","(0.027928, -0.996029, -0.0845413)","(0.341091, -0.936234, 0.0843973)","(0.0889336, -0.91828, -0.385815)","(0.481233, -0.806314, -0.343908)",0
18.6667,"(0.098117, -0.0253187, -8.95351e-06)","(-0.015495, 0.97925, 0.202064)","(0.134472, -0.892854, 0.429801)","(-0.0251591, -0.245351, 0.969108)","(0.122536, -0.635684, 0.762162)","(-0.197601, 0.319955, 0.926597)","(0.038307, -0.996395, -0.0756897)","(0.346004, -0.935581, 0.0704919)","(0.0777463, -0.911819, -0.403165)","(0.478647, -0.798673, -0.364716)",0
18.7,"(0.0961441, -0.0235281, 1.56769e-05)","(-0.0207223, 0.981207, 0.191844)","(0.128159, -0.932141, 0.338658)","(-0.0121782, -0.255261, 0.966795)","(0.166261, -0.688345, 0.706072)","(-0.172329, 0.387066, 0.905805)","(0.0563838, -0.996219, -0.0661013)","(0.358167, -0.931694, 0.0605227)","(0.0660216, -0.906212, -0.417637)","(0.474444, -0.796022, -0.375836)",0
18.7333,"(0.0939017, -0.0234173, 1.79432e-05)","(-0.017654, 0.986689, 0.16166)","(0.084645, -0.985429, 0.14753)","(-0.00415076, -0.277011, 0.960858)","(0.148533, -0.838666, 0.524001)","(-0.11318, 0.416749, 0.901948)","(0.0717694, -0.99535, -0.0642459)","(0.366138, -0.92901, 0.0537028)","(0.0773215, -0.910263, -0.406746)","(0.474451, -0.805338, -0.355424)",0
18.7667,"(0.0913158, -0.0232175, 2.22809e-05)","(-0.0157548, 0.990664, 0.135412)","(0.00475336, -0.998931, 0.0459727)","(0.0205544, -0.293863, 0.955627)","(0.092096, -0.920397, 0.379985)","(-0.054616, 0.376735, 0.92471)","(0.0803659, -0.994824, -0.0621865)","(0.368781, -0.927824, 0.0560654)","(0.0972398, -0.915519, -0.390346)","(0.471758, -0.81738, -0.330657)",0
18.8,"(0.0888926, -0.0229491, 2.43627e-05)","(-0.0153172, 0.992587, 0.120566)","(-0.0815043, -0.99601, 0.0363333)","(0.118946, -0.326549, 0.937666)","(-0.0180202, -0.93688, 0.349187)","(0.00366055, 0.226224, 0.974068)","(0.0805722, -0.994801, -0.0622845)","(0.36571, -0.928434, 0.0653224)","(0.116454, -0.925959, -0.35922)","(0.454158, -0.843004, -0.288245)",0
18.8333,"(0.0868165, -0.0221983, 2.53958e-05)","(-0.016978, 0.99442, 0.104118)","(-0.152893, -0.986524, 0.0582596)","(0.258411, -0.499363, 0.826958)","(-0.106983, -0.920587, 0.375598)","(0.123057, -0.00594034, 0.992382)","(0.0867328, -0.99439, -0.0605523)","(0.337608, -0.938471, 0.0727501)","(0.114181, -0.930022, -0.349316)","(0.411651, -0.869879, -0.271759)",0
18.8667,"(0.0868165, -0.0221983, 2.53958e-05)","(-0.0184129, 0.996848, 0.0771646)","(-0.187381, -0.982221, -0.011448)","(0.361795, -0.73399, 0.574772)","(-0.175639, -0.917349, 0.357242)","(0.249549, -0.2631, 0.931936)","(0.0964679, -0.993856, -0.0542518)","(0.273927, -0.959605, 0.0642101)","(0.106734, -0.93506, -0.338039)","(0.355839, -0.89919, -0.254627)",0
18.9,"(0.0850286, -0.0194624, 1.61453e-05)","(-0.0248013, 0.997739, 0.0624656)","(-0.181628, -0.978342, -0.0992936)","(0.323187, -0.923549, 0.206414)","(-0.188649, -0.916344, 0.353163)","(0.355852, -0.550931, 0.75488)","(0.104759, -0.993381, -0.0471245)","(0.184338, -0.982158, 0.0372169)","(0.104579, -0.931248, -0.349055)","(0.281161, -0.909896, -0.30502)",0
18.9333,"(0.0847866, -0.016814, 7.80081e-06)","(-0.0376756, 0.997618, 0.0577902)","(-0.141691, -0.985073, -0.0977536)","(0.176642, -0.983589, 0.0367516)","(-0.0840556, -0.916207, 0.39179)","(0.212892, -0.748929, 0.627521)","(0.105598, -0.993916, -0.0313161)","(0.0964558, -0.994896, 0.0296272)","(0.105423, -0.932826, -0.344561)","(0.19777, -0.914505, -0.35294)",0
18.9667,"(0.0849723, -0.0143621, 1.58194e-06)","(-0.0539892, 0.996304, 0.066808)","(-0.0446964, -0.998378, -0.0352659)","(-0.0284676, -0.999118, 0.0308711)","(0.196227, -0.862883, 0.465755)","(-0.122792, -0.824942, 0.551718)","(0.10387, -0.994567, -0.00682916)","(0.0264582, -0.997257, 0.0691277)","(0.106084, -0.927459, -0.35856)","(0.103398, -0.902953, -0.417116)",0
19,"(0.0849723, -0.0143621, 1.58194e-06)","(-0.0647773, 0.99577, 0.0651642)","(0.102915, -0.990103, 0.0954208)","(-0.166979, -0.972806, 0.160519)","(0.537203, -0.666948, 0.516326)","(-0.527996, -0.648127, 0.548773)","(0.102622, -0.994335, 0.0276923)","(-0.0291104, -0.989777, 0.139623)","(0.103811, -0.924393, -0.367043)","(0.0303015, -0.900957, -0.432849)",0
19.0333,"(0.0852345, -0.0110884, -1.15477e-05)","(-0.0684572, 0.995734, 0.0618683)","(0.264984, -0.924891, 0.272691)","(-0.208628, -0.937014, 0.280142)","(0.746065, -0.385373, 0.543024)","(-0.740315, -0.454248, 0.495572)","(0.0981539, -0.993918, 0.0499365)","(-0.0673468, -0.979829, 0.188146)","(0.103457, -0.912744, -0.395215)","(-0.0178086, -0.895128, -0.445453)",0
19.0667,"(0.0852345, -0.0110884, -1.15477e-05)","(-0.0674341, 0.997199, 0.032351)","(0.402264, -0.812475, 0.421982)","(-0.220819, -0.914766, 0.338293)","(0.863063, -0.0459942, 0.502998)","(-0.845717, -0.259468, 0.466304)","(0.0931828, -0.994512, 0.0475741)","(-0.0946399, -0.980846, 0.170247)","(0.102884, -0.901752, -0.41983)","(-0.0301267, -0.889249, -0.45643)",0
19.1,"(0.0852345, -0.0110884, -1.15477e-05)","(-0.0505943, 0.998621, -0.014042)","(0.467288, -0.651731, 0.597401)","(-0.254865, -0.881952, 0.39649)","(0.79422, 0.266548, 0.546046)","(-0.848796, -0.0053781, 0.528694)","(0.0943217, -0.995108, 0.0293772)","(-0.110667, -0.986789, 0.118325)","(0.0978576, -0.895417, -0.434342)","(-0.0264472, -0.892707, -0.449861)",0
19.1333,"(0.0823494, -0.0133891, -1.45313e-05)","(-0.0260739, 0.998688, -0.0440771)","(0.438569, -0.51257, 0.738194)","(-0.271019, -0.820653, 0.503068)","(0.610198, 0.531246, 0.587739)","(-0.640525, 0.369999, 0.672925)","(0.104323, -0.994312, 0.0214606)","(-0.116632, -0.990012, 0.0792006)","(0.0911236, -0.899805, -0.42667)","(-0.0146101, -0.917763, -0.39686)",0
19.1667,"(0.0808443, -0.0176854, -1.57076e-05)","(0.00113235, 0.998845, -0.0480424)","(0.290011, -0.34393, 0.893088)","(-0.16406, -0.711871, 0.682879)","(0.292032, 0.62181, 0.726684)","(-0.226322, 0.585092, 0.778746)","(0.113684, -0.993099, 0.0288164)","(-0.11492, -0.990745, 0.072229)","(0.08642, -0.913462, -0.397641)","(-0.0126977, -0.942569, -0.333771)",0
19.2,"(0.0793058, -0.0242679, -1.2627e-05)","(0.0196883, 0.99893, -0.0418589)","(-0.0951562, -0.302761, 0.948304)","(0.0947081, -0.576167, 0.811826)","(0.0835702, 0.60716, 0.790173)","(0.115165, 0.596118, 0.794594)","(0.119467, -0.99237, 0.0304716)","(-0.106714, -0.991354, 0.0763513)","(0.0901306, -0.92303, -0.374023)","(-0.00750139, -0.954241, -0.298945)",0
19.2333,"(0.0779856, -0.0314102, -9.60884e-06)","(0.0342211, 0.999381, 0.00809683)","(-0.553924, -0.238071, 0.797803)","(0.408072, -0.502487, 0.762223)","(-0.00197303, 0.604226, 0.79681)","(0.249981, 0.57017, 0.78257)","(0.123711, -0.992308, 0.00449228)","(-0.096638, -0.993833, 0.0543755)","(0.0998111, -0.909997, -0.402423)","(-0.00406593, -0.933744, -0.357918)",0
19.2667,"(0.0768895, -0.0382433, -5.75263e-06)","(0.0454559, 0.996466, 0.0706334)","(-0.860601, -0.19936, 0.468638)","(0.689255, -0.440923, 0.574904)","(0.0294869, 0.60009, 0.799389)","(0.273094, 0.608802, 0.744836)","(0.12921, -0.990803, -0.0401867)","(-0.0865983, -0.995977, 0.0230348)","(0.113243, -0.894085, -0.433346)","(0.00144736, -0.910271, -0.414011)",0
19.3,"(0.0760374, -0.0447013, -4.44731e-06)","(0.0499577, 0.983554, 0.173568)","(-0.932189, -0.16718, 0.321052)","(0.810307, -0.400989, 0.42733)","(0.0843448, 0.618295, 0.781407)","(0.224341, 0.63918, 0.735609)","(0.132471, -0.989916, -0.0501751)","(-0.083629, -0.996104, 0.0279972)","(0.122393, -0.868573, -0.48021)","(0.00490768, -0.880557, -0.473916)",0
19.3333,"(0.0753197, -0.0478852, 6.16512e-07)","(0.0521094, 0.968985, 0.241563)","(-0.93194, -0.152652, 0.328915)","(0.853419, -0.325629, 0.40699)","(0.124732, 0.604915, 0.78646)","(0.138803, 0.660396, 0.737977)","(0.132298, -0.990499, -0.037531)","(-0.0833497, -0.995215, 0.0509899)","(0.126123, -0.863204, -0.488847)","(0.00828172, -0.869408, -0.494026)",0
19.3667,"(0.0753197, -0.0478852, 6.16512e-07)","(0.0546331, 0.957971, 0.281615)","(-0.918529, -0.134292, 0.371847)","(0.866743, -0.245337, 0.434243)","(0.176502, 0.607403, 0.774538)","(0.0293331, 0.645101, 0.763534)","(0.131881, -0.991234, -0.0078796)","(-0.0838559, -0.993392, 0.078361)","(0.125821, -0.857418, -0.499003)","(0.0130327, -0.860479, -0.509319)",0
19.4,"(0.0753197, -0.0478852, 6.16512e-07)","(0.0554515, 0.95949, 0.276234)","(-0.922909, -0.0735641, 0.377924)","(0.879257, -0.16154, 0.44812)","(0.221546, 0.62721, 0.746676)","(-0.0680131, 0.650221, 0.756695)","(0.131246, -0.991117, -0.0215052)","(-0.0857741, -0.994475, 0.0605242)","(0.130679, -0.866178, -0.482346)","(0.0188014, -0.861116, -0.508061)",0
19.4333,"(0.0753197, -0.0478852, 6.16512e-07)","(0.05139, 0.967894, 0.246051)","(-0.958072, 0.0248244, 0.285449)","(0.919511, -0.0745037, 0.385938)","(0.262278, 0.695962, 0.668467)","(-0.118169, 0.702697, 0.701608)","(0.130372, -0.989774, -0.0578859)","(-0.0895611, -0.995789, 0.0195618)","(0.132338, -0.871836, -0.471581)","(0.0167585, -0.861632, -0.507257)",0
19.4667,"(0.0768994, -0.0450651, 9.11168e-06)","(0.0354546, 0.978108, 0.205055)","(-0.968103, 0.122285, 0.218687)","(0.941511, -0.00966534, 0.336845)","(0.294652, 0.7666, 0.57053)","(-0.126708, 0.772732, 0.621957)","(0.129196, -0.986826, -0.0973769)","(-0.0924579, -0.99542, -0.0242967)","(0.120209, -0.873513, -0.471724)","(0.00571394, -0.860661, -0.509147)",0
19.5,"(0.0782519, -0.0417614, 7.58123e-06)","(0.0150038, 0.984949, 0.172194)","(-0.968297, 0.1849, 0.167967)","(0.95586, 0.0353176, 0.291692)","(0.285197, 0.823328, 0.490707)","(-0.0880052, 0.82583, 0.55701)","(0.1283, -0.985188, -0.113769)","(-0.0927507, -0.994842, -0.0410726)","(0.0984345, -0.871496, -0.480423)","(-0.00971679, -0.85337, -0.521216)",0
19.5333,"(0.079687, -0.0386813, 6.18974e-06)","(-0.00519992, 0.987065, 0.160236)","(-0.956136, 0.188316, 0.224367)","(0.948217, 0.0348834, 0.315702)","(0.259914, 0.826121, 0.499968)","(-0.0448983, 0.826898, 0.560556)","(0.123492, -0.986295, -0.109416)","(-0.0934535, -0.995481, 0.0168489)","(0.0815421, -0.870618, -0.485156)","(-0.0208687, -0.856479, -0.515761)",0
19.5667,"(0.0808948, -0.0359579, 6.65815e-06)","(-0.0185788, 0.98487, 0.172296)","(-0.941727, 0.164774, 0.293256)","(0.938551, 0.0197414, 0.344576)","(0.229476, 0.798275, 0.556865)","(-0.00177781, 0.812657, 0.58274)","(0.118519, -0.988488, -0.0940455)","(-0.0942818, -0.991269, 0.092181)","(0.0761579, -0.869969, -0.487191)","(-0.0277598, -0.85685, -0.514818)",0
19.6,"(0.0813746, -0.0333997, 8.29073e-06)","(-0.0274435, 0.982225, 0.185691)","(-0.921397, 0.139498, 0.362722)","(0.921027, -0.0096097, 0.389381)","(0.219064, 0.768049, 0.601757)","(0.0149078, 0.788882, 0.614364)","(0.110241, -0.990047, -0.0874833)","(-0.0955761, -0.980335, 0.172651)","(0.0803169, -0.84936, -0.521667)","(-0.0329382, -0.854108, -0.519051)",0
19.6333,"(0.0813746, -0.0333997, 8.29073e-06)","(-0.031441, 0.98104, 0.191238)","(-0.907671, 0.12684, 0.400057)","(0.911383, -0.0299435, 0.410469)","(0.213007, 0.751824, 0.62401)","(-0.0139233, 0.757456, 0.652737)","(0.108048, -0.990149, -0.0890583)","(-0.0947819, -0.984908, 0.144816)","(0.083827, -0.833385, -0.5463)","(-0.0338509, -0.838394, -0.544012)",0
19.6667,"(0.0813746, -0.0333997, 8.29073e-06)","(-0.0298453, 0.980043, 0.196533)","(-0.899672, 0.111549, 0.422074)","(0.891971, -0.0548106, 0.448757)","(0.209536, 0.72532, 0.655748)","(-0.0698661, 0.697679, 0.712996)","(0.108539, -0.987639, -0.11309)","(-0.0898085, -0.992157, 0.086943)","(0.0908601, -0.816278, -0.570468)","(-0.0290495, -0.82016, -0.571397)",0
19.7,"(0.0783795, -0.037057, 1.83324e-05)","(-0.0268361, 0.978776, 0.203171)","(-0.889202, 0.0678963, 0.452449)","(0.879701, -0.0786976, 0.46897)","(0.200454, 0.684843, 0.700576)","(-0.129568, 0.641858, 0.755798)","(0.113868, -0.989854, -0.0849866)","(-0.0786411, -0.996369, 0.0326311)","(0.101477, -0.814682, -0.57096)","(-0.0220363, -0.803737, -0.594576)",0
19.7333,"(0.0759974, -0.0396811, 2.05456e-05)","(-0.0195536, 0.977428, 0.210363)","(-0.879206, 0.0248571, 0.475794)","(0.8605, -0.0983319, 0.49987)","(0.198408, 0.641489, 0.741031)","(-0.172022, 0.603524, 0.778567)","(0.118287, -0.991584, -0.05262)","(-0.0629817, -0.997812, 0.0201132)","(0.12316, -0.804742, -0.580709)","(-0.00357928, -0.782221, -0.62299)",0
19.7667,"(0.0733189, -0.0424656, 2.37974e-05)","(-0.010824, 0.977244, 0.211842)","(-0.873343, -0.00592805, 0.48707)","(0.860418, -0.101726, 0.499332)","(0.20252, 0.620606, 0.757518)","(-0.210468, 0.591298, 0.778505)","(0.121334, -0.992473, 0.0165851)","(-0.0522383, -0.993867, 0.0974645)","(0.149649, -0.805288, -0.573686)","(0.016457, -0.759847, -0.649894)",0
19.8,"(0.0705602, -0.0444718, 2.76531e-05)","(-0.000895675, 0.977427, 0.211274)","(-0.878856, -0.00692667, 0.477037)","(0.861298, -0.0870525, 0.500587)","(0.212938, 0.61722, 0.757427)","(-0.249784, 0.583938, 0.772415)","(0.120692, -0.992096, 0.0343268)","(-0.0598947, -0.96846, 0.241863)","(0.174662, -0.8122, -0.556619)","(0.0475889, -0.752221, -0.65719)",0
19.8333,"(0.0678805, -0.0458845, 3.02956e-05)","(0.00874674, 0.975792, 0.218525)","(-0.869951, -0.00424191, 0.49312)","(0.859599, -0.0628548, 0.507089)","(0.224735, 0.604976, 0.76387)","(-0.285231, 0.582088, 0.761457)","(0.116377, -0.988418, 0.0973961)","(-0.0741795, -0.907873, 0.41263)","(0.188734, -0.823346, -0.535239)","(0.0635518, -0.735517, -0.674519)",0
19.8667,"(0.0658136, -0.0464381, 3.21252e-05)","(0.02127, 0.971811, 0.234801)","(-0.86034, 0.00568916, 0.509689)","(0.846136, -0.0350409, 0.531813)","(0.234496, 0.594101, 0.769452)","(-0.310869, 0.591318, 0.744113)","(0.10961, -0.986642, 0.120513)","(-0.0869341, -0.828379, 0.553381)","(0.196399, -0.828125, -0.525012)","(0.0723741, -0.732469, -0.676943)",0
19.9,"(0.0658136, -0.0464381, 3.21252e-05)","(0.0323073, 0.96846, 0.247065)","(-0.848605, 0.0211152, 0.528605)","(0.841393, 0.00415978, 0.540408)","(0.248994, 0.580317, 0.775393)","(-0.327453, 0.610813, 0.72089)","(0.103174, -0.986329, 0.128493)","(-0.0971499, -0.775707, 0.62357)","(0.201637, -0.835492, -0.511171)","(0.0782642, -0.74537, -0.662041)",0
19.9333,"(0.0627786, -0.0463206, 3.19854e-05)","(0.0395396, 0.971029, 0.235668)","(-0.866249, 0.0447274, 0.497606)","(0.843394, 0.0449926, 0.535408)","(0.254963, 0.580146, 0.773579)","(-0.340456, 0.644026, 0.68507)","(0.0995404, -0.992249, 0.07439)","(-0.121856, -0.756836, 0.642145)","(0.210012, -0.849916, -0.483258)","(0.0972576, -0.782443, -0.615081)",0
19.9667,"(0.061828, -0.0429158, 2.76339e-05)","(0.0409552, 0.977962, 0.204725)","(-0.882104, 0.0619302, 0.466967)","(0.849009, 0.0687059, 0.523893)","(0.258872, 0.58322, 0.769961)","(-0.344183, 0.664774, 0.663034)","(0.0945305, -0.995118, 0.028375)","(-0.142067, -0.749174, 0.646958)","(0.220289, -0.854641, -0.470171)","(0.116561, -0.839293, -0.531037)",0
20,"(0.0613355, -0.0394586, 2.13704e-05)","(0.0425253, 0.989895, 0.135272)","(-0.924986, 0.0871263, 0.369877)","(0.875642, 0.0819092, 0.475965)","(0.252815, 0.636525, 0.728643)","(-0.342365, 0.701122, 0.625471)","(0.0906225, -0.995885, 0.000515948)","(-0.151662, -0.814688, 0.559716)","(0.233222, -0.867326, -0.439719)","(0.123503, -0.885352, -0.448218)",0
20.0333,"(0.0611075, -0.0354537, 1.55203e-05)","(0.043122, 0.996984, 0.0645219)","(-0.972532, 0.125685, 0.19592)","(0.907563, 0.109666, 0.405343)","(0.247556, 0.745205, 0.619181)","(-0.325303, 0.735463, 0.594367)","(0.0923441, -0.99557, -0.0177033)","(-0.141307, -0.899474, 0.413495)","(0.244972, -0.882533, -0.401402)","(0.12398, -0.942306, -0.310949)",0
20.0667,"(0.0612438, -0.0309532, 1.15043e-05)","(0.0408156, 0.999055, 0.0149491)","(-0.985781, 0.166319, 0.0239494)","(0.929931, 0.154784, 0.333572)","(0.219086, 0.837577, 0.500466)","(-0.296946, 0.774061, 0.559154)","(0.0951722, -0.994826, -0.0355422)","(-0.125415, -0.970516, 0.205838)","(0.25728, -0.90844, -0.32946)","(0.130877, -0.966399, -0.221234)",0
20.1,"(0.0617635, -0.0268856, 7.6035e-06)","(0.0314645, 0.999376, 0.0160315)","(-0.98057, 0.190283, -0.0477015)","(0.925095, 0.186028, 0.331047)","(0.18627, 0.868753, 0.458881)","(-0.258444, 0.78268, 0.566233)","(0.0835533, -0.994522, -0.0628008)","(-0.110267, -0.988983, 0.0987607)","(0.273676, -0.914591, -0.297698)","(0.147715, -0.974037, -0.171558)",0
20.1333,"(0.0617635, -0.0268856, 7.6035e-06)","(0.0153424, 0.99927, 0.0349926)","(-0.980439, 0.196308, -0.0142359)","(0.909302, 0.189311, 0.370583)","(0.143956, 0.850599, 0.505726)","(-0.213609, 0.776618, 0.592651)","(0.0623772, -0.993421, -0.0960363)","(-0.101953, -0.989643, 0.101056)","(0.289198, -0.907207, -0.305517)","(0.163346, -0.971218, -0.17336)",0
20.1667,"(0.0631149, -0.0253323, 1.71587e-06)","(0.00119462, 0.998881, 0.0472785)","(-0.981386, 0.191944, -0.00619925)","(0.899673, 0.173372, 0.400663)","(0.109475, 0.835311, 0.538768)","(-0.177016, 0.764303, 0.620085)","(0.043581, -0.99138, -0.12356)","(-0.0942662, -0.989353, 0.110878)","(0.298391, -0.894864, -0.331936)","(0.174265, -0.969299, -0.173466)",0
20.2,"(0.0631149, -0.0253323, 1.71587e-06)","(-0.00647116, 0.998497, 0.0544201)","(-0.982303, 0.187261, -0.00386102)","(0.898487, 0.164493, 0.407017)","(0.0898559, 0.828216, 0.553158)","(-0.160684, 0.761434, 0.628012)","(0.0438348, -0.987845, -0.149135)","(-0.0855383, -0.989616, 0.115511)","(0.295339, -0.889409, -0.348894)","(0.17569, -0.973635, -0.145489)",0
20.2333,"(0.0640802, -0.0277985, 4.23342e-06)","(-0.00794724, 0.99754, 0.0696479)","(-0.983766, 0.179036, -0.0122771)","(0.907966, 0.166773, 0.384427)","(0.0900758, 0.815292, 0.572001)","(-0.164618, 0.764338, 0.623449)","(0.0564393, -0.985659, -0.159033)","(-0.0764391, -0.992414, 0.0962862)","(0.28327, -0.890882, -0.355089)","(0.172187, -0.975414, -0.137549)",0
20.2667,"(0.0640544, -0.0313356, 1.05305e-05)","(-0.00857142, 0.994034, 0.108736)","(-0.980795, 0.17268, 0.0906786)","(0.901403, 0.167513, 0.399264)","(0.112011, 0.766422, 0.632496)","(-0.180215, 0.761434, 0.622689)","(0.0688317, -0.982953, -0.170483)","(-0.0717158, -0.992988, 0.0939815)","(0.270608, -0.885987, -0.376561)","(0.167008, -0.976174, -0.138535)",0
20.3,"(0.0637877, -0.0366388, 1.96515e-05)","(-0.00788758, 0.986905, 0.161112)","(-0.969399, 0.15664, 0.189024)","(0.8918, 0.154785, 0.425128)","(0.146622, 0.706146, 0.692719)","(-0.201604, 0.750314, 0.629591)","(0.0836068, -0.979926, -0.180985)","(-0.0692767, -0.99563, 0.0626288)","(0.253443, -0.870724, -0.421435)","(0.161286, -0.96276, -0.21698)",0
20.3333,"(0.0633353, -0.0423396, 2.83051e-05)","(-0.00440888, 0.978875, 0.204414)","(-0.937147, 0.12559, 0.325549)","(0.865816, 0.123833, 0.484797)","(0.189058, 0.628612, 0.754389)","(-0.236926, 0.717132, 0.65543)","(0.0917483, -0.977364, -0.190634)","(-0.0683476, -0.996372, 0.0507167)","(0.242393, -0.839983, -0.485463)","(0.155568, -0.93582, -0.316291)",0
20.3667,"(0.0628431, -0.0476472, 3.88081e-05)","(0.00248188, 0.974948, 0.222418)","(-0.919944, 0.0909403, 0.381357)","(0.850029, 0.0941459, 0.518253)","(0.218686, 0.571183, 0.791156)","(-0.280207, 0.67875, 0.67881)","(0.0997148, -0.97562, -0.195505)","(-0.0680949, -0.99584, 0.0605374)","(0.234769, -0.816046, -0.528159)","(0.148628, -0.897107, -0.416063)",0
20.4,"(0.0621878, -0.0518114, 4.53862e-05)","(0.0109691, 0.974701, 0.223243)","(-0.911123, 0.0632877, 0.407245)","(0.8373, 0.0759182, 0.541447)","(0.228396, 0.537513, 0.811736)","(-0.318382, 0.646877, 0.692952)","(0.100475, -0.976333, -0.191516)","(-0.0698671, -0.992475, 0.100555)","(0.237643, -0.808709, -0.538066)","(0.145768, -0.875338, -0.461016)",0
20.4333,"(0.0615394, -0.0543774, 4.84955e-05)","(0.0240244, 0.975029, 0.220772)","(-0.917242, 0.0505652, 0.395108)","(0.839246, 0.0687799, 0.539385)","(0.213052, 0.54068, 0.813802)","(-0.353688, 0.633084, 0.688556)","(0.0993969, -0.977563, -0.185719)","(-0.0707706, -0.990617, 0.116918)","(0.248302, -0.813136, -0.526456)","(0.149713, -0.875779, -0.458909)",0
20.4667,"(0.0615394, -0.0543774, 4.84955e-05)","(0.0358817, 0.975397, 0.217516)","(-0.92872, 0.0441974, 0.368139)","(0.845056, 0.0666496, 0.530508)","(0.193737, 0.561463, 0.804503)","(-0.379667, 0.627888, 0.679419)","(0.0999253, -0.978614, -0.179803)","(-0.0706275, -0.992124, 0.103451)","(0.255083, -0.805236, -0.535283)","(0.15441, -0.887301, -0.434574)",0
20.5,"(0.0615394, -0.0543774, 4.84955e-05)","(0.0469837, 0.977476, 0.205752)","(-0.945898, 0.0425796, 0.321657)","(0.858582, 0.0661396, 0.508393)","(0.176912, 0.589401, 0.788232)","(-0.391695, 0.632496, 0.668225)","(0.10485, -0.981281, -0.161535)","(-0.065995, -0.994675, 0.0791593)","(0.258617, -0.794345, -0.549667)","(0.154998, -0.90122, -0.404695)",0
20.5333,"(0.0600678, -0.0510074, 4.04734e-05)","(0.0531519, 0.983815, 0.171122)","(-0.969547, 0.0495421, 0.239843)","(0.884282, 0.0670468, 0.462115)","(0.165222, 0.650167, 0.74161)","(-0.37711, 0.649624, 0.660133)","(0.117888, -0.984079, -0.133007)","(-0.0560234, -0.995733, 0.0733357)","(0.260629, -0.818358, -0.512214)","(0.145166, -0.909549, -0.38942)",0
20.5667,"(0.0599167, -0.0466525, 3.31551e-05)","(0.0572378, 0.991088, 0.120282)","(-0.983811, 0.0659984, 0.166615)","(0.908512, 0.0682529, 0.412246)","(0.15714, 0.710917, 0.685495)","(-0.338931, 0.677877, 0.652386)","(0.131112, -0.986571, -0.0974001)","(-0.044925, -0.995778, 0.0800501)","(0.270274, -0.860828, -0.431194)","(0.134816, -0.924754, -0.355885)",0
20.6,"(0.0598634, -0.041397, 2.42932e-05)","(0.0592884, 0.994526, 0.0860398)","(-0.989203, 0.0897811, 0.115833)","(0.923, 0.0548221, 0.380875)","(0.146472, 0.775885, 0.613635)","(-0.287473, 0.704422, 0.64896)","(0.140649, -0.987189, -0.075342)","(-0.0375518, -0.994448, 0.0982998)","(0.278332, -0.896052, -0.345865)","(0.125257, -0.941057, -0.314201)",0
20.6333,"(0.0600039, -0.0365468, 1.46629e-05)","(0.0590601, 0.995139, 0.0788041)","(-0.985252, 0.10321, 0.136479)","(0.92372, 0.0130273, 0.382847)","(0.1398, 0.792751, 0.593298)","(-0.235932, 0.713218, 0.660042)","(0.139004, -0.988407, -0.0610689)","(-0.0364996, -0.988266, 0.148319)","(0.284914, -0.903408, -0.320434)","(0.119528, -0.951859, -0.282272)",0
20.6667,"(0.0603702, -0.0324911, 6.89318e-06)","(0.0541525, 0.993677, 0.0983556)","(-0.974357, 0.108548, 0.197095)","(0.917791, -0.0376028, 0.395279)","(0.128157, 0.77894, 0.613863)","(-0.190636, 0.712541, 0.675236)","(0.124482, -0.990402, -0.0600672)","(-0.0371092, -0.981378, 0.18847)","(0.281571, -0.900268, -0.332017)","(0.114302, -0.95623, -0.269368)",0
20.7,"(0.0603702, -0.0324911, 6.89318e-06)","(0.0439653, 0.992621, 0.113009)","(-0.959744, 0.126304, 0.250877)","(0.915914, -0.0660336, 0.395906)","(0.119851, 0.756495, 0.642924)","(-0.15788, 0.708461, 0.687864)","(0.107673, -0.992686, -0.0546065)","(-0.0378428, -0.976605, 0.211685)","(0.261463, -0.906737, -0.330854)","(0.111393, -0.95876, -0.261478)",0
20.7333,"(0.0603702, -0.0324911, 6.89318e-06)","(0.0335685, 0.992825, 0.114767)","(-0.952819, 0.150494, 0.263606)","(0.907525, -0.0636206, 0.415151)","(0.117976, 0.751812, 0.648737)","(-0.146379, 0.709047, 0.689802)","(0.0997438, -0.993286, 0.0585981)","(-0.0393796, -0.971207, 0.234959)","(0.230288, -0.921346, -0.313191)","(0.108816, -0.963557, -0.24437)",0
20.7667,"(0.0603702, -0.0324911, 6.89318e-06)","(0.0236463, 0.994466, 0.102361)","(-0.954232, 0.176272, 0.241597)","(0.898636, -0.0271004, 0.437856)","(0.125668, 0.76692, 0.629318)","(-0.161771, 0.732171, 0.661631)","(0.103718, -0.969511, 0.222014)","(-0.0418503, -0.946677, 0.319455)","(0.197046, -0.938109, -0.284824)","(0.104417, -0.964023, -0.244451)",0
20.8,"(0.0608262, -0.0371066, 3.14636e-06)","(0.0085823, 0.992574, 0.121338)","(-0.934396, 0.116006, 0.336819)","(0.865695, 0.0466262, 0.498396)","(0.136073, 0.731247, 0.668402)","(-0.210618, 0.734448, 0.645156)","(0.11044, -0.952272, 0.284573)","(-0.0367811, -0.92183, 0.385845)","(0.168611, -0.924853, -0.340908)","(0.0935295, -0.952225, -0.290724)",0
20.8333,"(0.0599081, -0.0419971, 3.91432e-06)","(-0.00912687, 0.988384, 0.151704)","(-0.873861, -0.0250616, 0.48553)","(0.771491, 0.124055, 0.624028)","(0.121962, 0.672817, 0.729687)","(-0.18414, 0.707059, 0.682759)","(0.109921, -0.967656, 0.227065)","(-0.0177982, -0.905325, 0.424346)","(0.145796, -0.890026, -0.431969)","(0.0646901, -0.933377, -0.35302)",0
20.8667,"(0.0585954, -0.0469904, 2.16627e-06)","(-0.0199928, 0.985189, 0.1703)","(-0.753702, -0.247123, 0.608986)","(0.538537, 0.147777, 0.829542)","(0.03847, 0.609417, 0.791916)","(-0.110116, 0.650986, 0.751061)","(0.104502, -0.988609, 0.108314)","(0.00640802, -0.92018, 0.391444)","(0.126683, -0.848886, -0.513171)","(0.0240591, -0.889966, -0.455392)",0
20.9,"(0.0566959, -0.0516435, -4.64031e-06)","(-0.00927643, 0.98704, 0.160207)","(-0.723306, -0.532088, 0.440125)","(0.195756, 0.0393829, 0.979862)","(-0.176154, 0.604121, 0.777179)","(-0.0156418, 0.617624, 0.786318)","(0.104307, -0.991631, 0.0760757)","(0.0259857, -0.947233, 0.319492)","(0.124108, -0.845144, -0.519932)","(0.00564033, -0.813939, -0.580923)",0
20.9333,"(0.0546694, -0.054739, -1.56261e-05)","(0.0120067, 0.991259, 0.131386)","(-0.65466, -0.755207, 0.0329062)","(-0.122743, -0.11133, 0.986174)","(-0.604134, 0.566, 0.560951)","(-0.0455237, 0.634688, 0.771427)","(0.112666, -0.992843, 0.0396092)","(0.0296355, -0.976936, 0.211465)","(0.141159, -0.860327, -0.489808)","(0.0030265, -0.678761, -0.734353)",1
20.9667,"(0.0531021, -0.0565958, -2.45028e-05)","(0.0352188, 0.994447, 0.0991683)","(-0.470335, -0.834595, -0.286768)","(-0.282958, -0.283642, 0.916233)","(-0.916775, 0.173266, 0.359863)","(-0.160501, 0.658215, 0.735522)","(0.123045, -0.992395, -0.00350553)","(0.00794081, -0.99453, 0.104145)","(0.163034, -0.88071, -0.444714)","(0.0203029, -0.561622, -0.827145)",0
21,"(0.0531021, -0.0565958, -2.45028e-05)","(0.0482244, 0.997146, 0.0580875)","(-0.306136, -0.887659, -0.34401)","(-0.345324, -0.451109, 0.822954)","(-0.915826, -0.341782, 0.210828)","(-0.323339, 0.640134, 0.696908)","(0.128964, -0.990919, 0.0380584)","(-0.0260981, -0.998809, 0.0412272)","(0.184882, -0.914611, -0.359591)","(0.0232831, -0.496766, -0.867572)",0
21.0333,"(0.0531021, -0.0565958, -2.45028e-05)","(0.0509801, 0.997766, 0.0431691)","(-0.205536, -0.956846, -0.205428)","(-0.283796, -0.6061, 0.743036)","(-0.611881, -0.722596, 0.321647)","(-0.470814, 0.540291, 0.697438)","(0.130964, -0.979741, 0.151513)","(-0.0775908, -0.996515, -0.0306212)","(0.187189, -0.944333, -0.270545)","(0.0160628, -0.518195, -0.855111)",0
21.0667,"(0.0531021, -0.0565958, -2.45028e-05)","(0.0421427, 0.99633, 0.074503)","(-0.147951, -0.977237, -0.152047)","(-0.178804, -0.684318, 0.706921)","(-0.351748, -0.880343, 0.318227)","(-0.517984, 0.437494, 0.735045)","(0.132568, -0.955937, 0.261934)","(-0.107599, -0.989628, -0.0951779)","(0.179985, -0.953741, -0.240798)","(-0.030438, -0.505874, -0.86207)",0
21.1,"(0.0531021, -0.0565958, -2.45028e-05)","(0.0268973, 0.993116, 0.114005)","(-0.106959, -0.990184, -0.0899708)","(0.0925128, -0.659273, 0.746191)","(-0.0815142, -0.936384, 0.341379)","(-0.551045, 0.386024, 0.739821)","(0.142398, -0.942017, 0.303852)","(-0.126686, -0.981375, -0.144407)","(0.162025, -0.955521, -0.24643)","(-0.0727056, -0.513125, -0.855229)",0
21.1333,"(0.0539118, -0.0540511, 7.12417e-06)","(0.0122437, 0.991723, 0.127809)","(-0.0572462, -0.99656, -0.0599248)","(0.416868, -0.471425, 0.777161)","(0.154233, -0.940969, 0.301312)","(-0.637729, 0.403144, 0.656336)","(0.165594, -0.937299, 0.306673)","(-0.140344, -0.97853, -0.150937)","(0.144663, -0.959964, -0.23988)","(-0.100115, -0.494376, -0.863464)",0
21.1667,"(0.0539118, -0.0540511, 7.12417e-06)","(0.0040108, 0.99137, 0.131033)","(-0.0256882, -0.999666, -0.00269136)","(0.707642, -0.154185, 0.689544)","(0.354795, -0.904925, 0.235013)","(-0.740941, 0.427786, 0.517693)","(0.198198, -0.931142, 0.306091)","(-0.152116, -0.968469, -0.197304)","(0.114076, -0.975746, -0.186834)","(-0.103841, -0.544467, -0.83233)",0
21.2,"(0.0545555, -0.0492571, 1.46814e-06)","(0.000901477, 0.991979, 0.126402)","(-0.00161288, -0.999979, 0.00630533)","(0.801411, 0.103643, 0.589066)","(0.411164, -0.898547, 0.153486)","(-0.7851, 0.44553, 0.430258)","(0.223651, -0.934954, 0.275393)","(-0.159403, -0.964955, -0.208452)","(0.0902529, -0.983726, -0.155361)","(-0.122812, -0.579815, -0.805439)",0
21.2333,"(0.0549118, -0.0456092, -6.21937e-07)","(-0.00058954, 0.990744, 0.135742)","(0.000298736, -0.999896, 0.0143845)","(0.820445, 0.211266, 0.53126)","(0.414259, -0.89662, 0.156406)","(-0.736167, 0.498925, 0.45731)","(0.234019, -0.949961, 0.206904)","(-0.150263, -0.964829, -0.215698)","(0.0657388, -0.988029, -0.13956)","(-0.139672, -0.613735, -0.777059)",0
21.2667,"(0.0553458, -0.0409983, -6.43539e-06)","(-0.00290154, 0.990796, 0.135329)","(0.00411575, -0.999831, -0.0179421)","(0.832192, 0.21388, 0.511577)","(0.348994, -0.919708, 0.179834)","(-0.65963, 0.566512, 0.493915)","(0.230877, -0.959903, 0.159003)","(-0.143905, -0.96941, -0.198838)","(0.0492965, -0.988914, -0.140066)","(-0.14307, -0.659877, -0.737627)",0
21.3,"(0.0557721, -0.0355685, -1.18438e-05)","(-0.00548052, 0.990497, 0.137426)","(-0.034232, -0.996334, -0.078395)","(0.841028, 0.185752, 0.508103)","(0.31547, -0.933333, 0.171371)","(-0.554419, 0.63335, 0.539896)","(0.224557, -0.966315, 0.125737)","(-0.142671, -0.9693, -0.200257)","(0.0286646, -0.990907, -0.131461)","(-0.127126, -0.743834, -0.656163)",0
21.3333,"(0.056294, -0.0309087, -1.52809e-05)","(-0.00822346, 0.988879, 0.148495)","(-0.0905041, -0.980373, -0.175151)","(0.845277, 0.158078, 0.510409)","(0.257618, -0.957471, 0.129934)","(-0.436554, 0.656669, 0.614986)","(0.220943, -0.970325, 0.0982552)","(-0.142959, -0.968266, -0.204999)","(0.00801773, -0.988497, -0.151031)","(-0.110826, -0.835589, -0.53806)",0
21.3667,"(0.0568069, -0.0269851, -1.69736e-05)","(-0.0111084, 0.987189, 0.159168)","(-0.15128, -0.955337, -0.253863)","(0.843421, 0.119345, 0.52383)","(0.2326, -0.967051, 0.10349)","(-0.31398, 0.653936, 0.68832)","(0.218059, -0.972982, 0.0758722)","(-0.146334, -0.97086, -0.189781)","(0.000380864, -0.985242, -0.171168)","(-0.0934919, -0.893608, -0.439004)",0
21.4,"(0.0572475, -0.0235712, -1.84186e-05)","(-0.0151948, 0.983002, 0.182967)","(-0.17644, -0.931502, -0.318078)","(0.84549, 0.0423335, 0.532311)","(0.191807, -0.977392, 0.0889672)","(-0.191836, 0.638901, 0.744986)","(0.216338, -0.974559, 0.0585918)","(-0.149829, -0.970524, -0.18877)","(0.00149506, -0.978607, -0.205735)","(-0.0841143, -0.909999, -0.405988)",0
21.4333,"(0.0577537, -0.021201, -1.49089e-05)","(-0.0227767, 0.975729, 0.217795)","(-0.170025, -0.926399, -0.33597)","(0.8502, -0.0815651, 0.520102)","(0.175737, -0.983518, 0.0425351)","(-0.067763, 0.639187, 0.76606)","(0.214085, -0.97553, 0.0500817)","(-0.153273, -0.970414, -0.18656)","(0.00709867, -0.966972, -0.254782)","(-0.0789172, -0.906223, -0.41537)",0
21.4667,"(0.0577537, -0.021201, -1.49089e-05)","(-0.036507, 0.971978, 0.232218)","(-0.161991, -0.92593, -0.341194)","(0.833777, -0.274516, 0.479016)","(0.176867, -0.983976, 0.022588)","(0.0728826, 0.588213, 0.805415)","(0.211245, -0.976763, 0.0361965)","(-0.154272, -0.972126, -0.176554)","(0.00334108, -0.950612, -0.310362)","(-0.0892382, -0.886851, -0.453357)",0
21.5,"(0.0585169, -0.0177246, -5.91613e-06)","(-0.051166, 0.975119, 0.215695)","(-0.166035, -0.928564, -0.331965)","(0.780454, -0.4722, 0.40978)","(0.182065, -0.982892, 0.0278562)","(0.222522, 0.484892, 0.845792)","(0.2098, -0.977549, 0.0195484)","(-0.15382, -0.978642, -0.136381)","(-0.0196818, -0.930233, -0.366441)","(-0.112704, -0.880723, -0.460027)",0
21.5333,"(0.0584592, -0.0152934, -2.56412e-06)","(-0.060575, 0.982485, 0.176223)","(-0.173581, -0.932408, -0.316994)","(0.666391, -0.69058, 0.28111)","(0.187959, -0.974684, 0.121089)","(0.396445, 0.317987, 0.861229)","(0.217346, -0.976084, 0.00451463)","(-0.14452, -0.986604, -0.0756728)","(-0.0632858, -0.909431, -0.41101)","(-0.141908, -0.88642, -0.440593)",0
21.5667,"(0.0580366, -0.0131018, 1.34595e-06)","(-0.0618096, 0.985251, 0.159563)","(-0.1801, -0.949389, -0.257341)","(0.517381, -0.853265, 0.0652371)","(0.177767, -0.956444, 0.231548)","(0.611959, 0.0555431, 0.788937)","(0.22384, -0.974587, -0.00875191)","(-0.131342, -0.991071, -0.0229894)","(-0.109072, -0.896374, -0.429671)","(-0.169766, -0.901185, -0.398804)",0
21.6,"(0.0572976, -0.0104017, 3.32342e-06)","(-0.0602578, 0.982907, 0.173961)","(-0.164216, -0.969809, -0.180288)","(0.350253, -0.930349, -0.108505)","(0.155238, -0.935879, 0.316278)","(0.733836, -0.289908, 0.61436)","(0.227839, -0.973525, -0.0183881)","(-0.118695, -0.99293, 0.00116122)","(-0.15417, -0.889378, -0.430393)","(-0.181334, -0.907737, -0.378327)",0
21.6333,"(0.056389, -0.00752292, 2.06642e-06)","(-0.0625288, 0.977641, 0.200769)","(-0.146916, -0.980394, -0.131312)","(0.217272, -0.954281, -0.205283)","(0.134819, -0.932659, 0.33462)","(0.625712, -0.642542, 0.442293)","(0.206695, -0.978194, -0.0203317)","(-0.114225, -0.99342, 0.00828517)","(-0.158316, -0.900448, -0.405128)","(-0.177923, -0.919086, -0.351604)",0
21.6667,"(0.0553988, -0.00508493, -2.11671e-06)","(-0.0654706, 0.970949, 0.230155)","(-0.125539, -0.982069, -0.140641)","(0.11867, -0.971555, -0.204937)","(0.133172, -0.941266, 0.310296)","(0.363826, -0.85387, 0.372206)","(0.16364, -0.986291, -0.0212673)","(-0.11426, -0.99329, 0.017863)","(-0.122298, -0.915638, -0.38295)","(-0.153432, -0.92776, -0.340177)",0
21.7,"(0.0545468, -0.00322431, -5.50356e-06)","(-0.0686688, 0.96799, 0.241413)","(-0.117706, -0.98297, -0.141119)","(0.0463472, -0.973961, -0.221926)","(0.145213, -0.949612, 0.277758)","(0.133976, -0.92355, 0.359312)","(0.115014, -0.993197, -0.0182156)","(-0.11524, -0.992757, 0.0339486)","(-0.0581904, -0.93135, -0.359444)","(-0.131263, -0.941036, -0.311803)",0
21.7333,"(0.0545468, -0.00322431, -5.50356e-06)","(-0.0695186, 0.967168, 0.244445)","(-0.112982, -0.984491, -0.134213)","(0.0109835, -0.972658, -0.231984)","(0.153062, -0.953521, 0.259557)","(0.0594824, -0.929622, 0.363681)","(0.0825236, -0.996475, -0.0151133)","(-0.117467, -0.992089, 0.0442857)","(-0.016066, -0.94218, -0.334723)","(-0.117114, -0.946359, -0.301145)",0
21.7667,"(0.0528314, -0.000752187, -1.08914e-05)","(-0.0729142, 0.9703, 0.230656)","(-0.11282, -0.986639, -0.117537)","(0.00322361, -0.973894, -0.22698)","(0.144933, -0.958153, 0.246855)","(0.0463098, -0.922454, 0.38332)","(0.0762673, -0.997078, -0.00434308)","(-0.116422, -0.992159, 0.0454582)","(-0.0146223, -0.954749, -0.297053)","(-0.116922, -0.948773, -0.293529)",0
21.8,"(0.0528314, -0.000752187, -1.08914e-05)","(-0.0754775, 0.97254, 0.220157)","(-0.11372, -0.985916, -0.122631)","(0.00526462, -0.975344, -0.220628)","(0.132672, -0.955706, 0.262723)","(0.0294887, -0.919053, 0.39303)","(0.0776296, -0.996982, 0.000657531)","(-0.110033, -0.993144, 0.0394629)","(-0.0225342, -0.964369, -0.263601)","(-0.116349, -0.949441, -0.291591)",0
21.8333,"(0.0506674, -0.00101973, -9.34135e-06)","(-0.0763115, 0.974271, 0.212066)","(-0.116044, -0.985465, -0.124065)","(0.0150827, -0.976703, -0.214065)","(0.122491, -0.953861, 0.274125)","(0.00661152, -0.913718, 0.406296)","(0.0805633, -0.996744, 0.00322478)","(-0.100051, -0.994484, 0.0314733)","(-0.0300473, -0.969716, -0.242378)","(-0.113201, -0.949097, -0.293941)",0
21.8667,"(0.0506674, -0.00101973, -9.34135e-06)","(-0.0740685, 0.974459, 0.211998)","(-0.120062, -0.983455, -0.135651)","(0.0204749, -0.977028, -0.212124)","(0.116735, -0.950367, 0.288402)","(-0.0136684, -0.914312, 0.404779)","(0.0797142, -0.996802, -0.00556175)","(-0.0894017, -0.995628, 0.0270659)","(-0.0254371, -0.968932, -0.246017)","(-0.108394, -0.950259, -0.29199)",0
21.9,"(0.0484355, -0.002463, -9.38456e-06)","(-0.0706881, 0.974049, 0.215015)","(-0.12638, -0.980095, -0.153106)","(0.0178153, -0.976863, -0.213123)","(0.100424, -0.952921, 0.286107)","(-0.0252919, -0.907506, 0.419277)","(0.0788959, -0.996818, -0.0114068)","(-0.0791169, -0.996598, 0.0230918)","(-0.0217706, -0.970499, -0.240122)","(-0.100784, -0.951405, -0.290982)",0
21.9333,"(0.0484355, -0.002463, -9.38456e-06)","(-0.0645229, 0.973165, 0.220876)","(-0.136717, -0.974808, -0.176231)","(0.0120134, -0.974611, -0.223582)","(0.0742609, -0.955338, 0.286034)","(-0.0258217, -0.903182, 0.42848)","(0.0780365, -0.996858, -0.01357)","(-0.0717354, -0.997221, 0.020107)","(-0.0185287, -0.973796, -0.226665)","(-0.093073, -0.953676, -0.286075)",0
21.9667,"(0.0462816, -0.00295311, -1.06406e-05)","(-0.0522627, 0.973491, 0.222676)","(-0.154386, -0.966305, -0.205959)","(0.000734577, -0.973704, -0.227814)","(0.0373053, -0.957249, 0.286849)","(-0.0142056, -0.900681, 0.43425)","(0.0791311, -0.996816, -0.00980713)","(-0.0649538, -0.99773, 0.0177998)","(-0.0129596, -0.977194, -0.211951)","(-0.0817892, -0.956771, -0.279104)",0
22,"(0.0462816, -0.00295311, -1.06406e-05)","(-0.0354599, 0.97478, 0.220332)","(-0.17227, -0.957187, -0.232629)","(-0.0174998, -0.972907, -0.230533)","(-0.00333706, -0.955477, 0.295047)","(-0.00759327, -0.903314, 0.428912)","(0.0832587, -0.996527, -0.00163436)","(-0.0548122, -0.998319, 0.0188416)","(-0.00845467, -0.979142, -0.203003)","(-0.0751886, -0.961327, -0.264947)",0
22.0333,"(0.043937, -0.00802661, -1.50164e-05)","(-0.0193353, 0.980107, 0.197528)","(-0.189398, -0.951718, -0.241581)","(-0.031605, -0.976369, -0.213786)","(-0.0387, -0.942999, 0.330538)","(-0.00829125, -0.905719, 0.423799)","(0.0869059, -0.996217, 7.79552e-05)","(-0.0462508, -0.998702, 0.0213273)","(-0.000578689, -0.97813, -0.207992)","(-0.0712698, -0.964349, -0.254856)",0
22.0667,"(0.043068, -0.0138952, -1.46237e-05)","(-0.00774761, 0.988838, 0.148795)","(-0.204017, -0.966155, -0.157866)","(-0.0282923, -0.983247, -0.180069)","(-0.00406409, -0.854733, 0.519052)","(-0.0220558, -0.905528, 0.423712)","(0.0931851, -0.995648, 0.000979589)","(-0.0399385, -0.998934, 0.0231409)","(0.00788209, -0.975692, -0.219007)","(-0.0725147, -0.966469, -0.246334)",0
22.1,"(0.042501, -0.0205344, -1.1408e-05)","(-0.00437981, 0.993408, 0.114547)","(-0.212204, -0.975583, 0.0566286)","(-0.015207, -0.988035, -0.153481)","(0.0967859, -0.621056, 0.777768)","(-0.0340023, -0.906112, 0.421669)","(0.100038, -0.994971, -0.00509157)","(-0.0421394, -0.998837, 0.0234289)","(0.0131366, -0.966948, -0.254634)","(-0.0750764, -0.96254, -0.260538)",0
22.1333,"(0.0423688, -0.0296786, -7.63647e-06)","(-0.00502982, 0.989795, 0.142409)","(-0.198147, -0.936576, 0.289072)","(-0.0025123, -0.981562, -0.191127)","(0.28658, -0.252711, 0.924126)","(-0.0256607, -0.911605, 0.410265)","(0.10949, -0.993941, -0.00964169)","(-0.0475364, -0.99415, 0.0969893)","(0.0151423, -0.948145, -0.317478)","(-0.083911, -0.951193, -0.296969)",0
22.1667,"(0.0423237, -0.0397117, -2.92007e-06)","(-0.0119531, 0.981293, 0.192147)","(-0.120455, -0.905313, 0.407307)","(0.0202394, -0.971481, -0.236254)","(0.441352, 0.104612, 0.891216)","(0.0289598, -0.922512, 0.384881)","(0.118446, -0.992659, 0.0244553)","(-0.0510752, -0.986489, 0.15566)","(0.0102281, -0.919393, -0.393207)","(-0.0952139, -0.940354, -0.326602)",0
22.2,"(0.042433, -0.048789, 1.9908e-06)","(-0.0186741, 0.977205, 0.211477)","(-0.00667498, -0.910467, 0.413528)","(0.0748704, -0.966752, -0.244509)","(0.558665, 0.337667, 0.757545)","(0.0932334, -0.929709, 0.356299)","(0.13101, -0.978969, 0.156382)","(-0.0384107, -0.958842, 0.281331)","(0.00648783, -0.91203, -0.410072)","(-0.121589, -0.930124, -0.346532)",0
22.2333,"(0.0424458, -0.0579195, 4.16944e-06)","(-0.0258734, 0.983801, 0.177386)","(0.156089, -0.892645, 0.422872)","(0.148071, -0.973739, -0.172938)","(0.634652, 0.458885, 0.621805)","(0.125932, -0.92038, 0.370192)","(0.150102, -0.957076, 0.247943)","(-0.0191377, -0.94796, 0.317813)","(-0.00997724, -0.919013, -0.3941)","(-0.141872, -0.888191, -0.437022)",0
22.2667,"(0.0424391, -0.0674385, 3.534e-06)","(-0.0242944, 0.990402, 0.136067)","(0.291881, -0.839927, 0.457525)","(0.196281, -0.977725, -0.0743501)","(0.724351, 0.451745, 0.520809)","(0.0646661, -0.91376, 0.401076)","(0.197371, -0.921881, 0.333436)","(0.0115225, -0.93801, 0.346416)","(-0.0537464, -0.909889, -0.411357)","(-0.173544, -0.820569, -0.544563)",0
22.3,"(0.0422841, -0.0746582, 6.44103e-07)","(-0.0196658, 0.99374, 0.10997)","(0.395513, -0.779464, 0.485804)","(0.213214, -0.974366, 0.0717639)","(0.840055, 0.37886, 0.388295)","(-0.0634091, -0.797902, 0.599443)","(0.237872, -0.923157, 0.30199)","(0.0297145, -0.953753, 0.29912)","(-0.0907865, -0.86495, -0.493578)","(-0.188367, -0.749584, -0.63454)",0
22.3333,"(0.0422222, -0.0801383, -1.33468e-06)","(-0.0132907, 0.996855, 0.0781282)","(0.445465, -0.759826, 0.473524)","(0.202662, -0.952615, 0.226833)","(0.916735, 0.290056, 0.274708)","(-0.133681, -0.523848, 0.841257)","(0.264444, -0.915407, 0.30348)","(0.0483013, -0.963975, 0.26157)","(-0.112143, -0.823867, -0.555578)","(-0.211661, -0.7205, -0.660363)",0
22.3667,"(0.042087, -0.0833254, -3.76115e-06)","(-0.0117169, 0.99818, 0.0591528)","(0.464469, -0.762338, 0.450677)","(0.193047, -0.913845, 0.35724)","(0.962472, 0.18664, 0.19701)","(-0.164883, -0.147418, 0.975234)","(0.263003, -0.927144, 0.266895)","(0.0539836, -0.968127, 0.244572)","(-0.100644, -0.811668, -0.575384)","(-0.215318, -0.717303, -0.662657)",0
22.4,"(0.042087, -0.0833254, -3.76115e-06)","(-0.00892763, 0.999148, 0.0403036)","(0.476496, -0.771299, 0.421959)","(0.181723, -0.88963, 0.41897)","(0.978562, 0.110271, 0.173946)","(-0.0869009, 0.0802037, 0.992983)","(0.276663, -0.90992, 0.309037)","(0.0623242, -0.968526, 0.240982)","(-0.10706, -0.84516, -0.523682)","(-0.209321, -0.718417, -0.663372)",0
22.4333,"(0.042087, -0.0833254, -3.76115e-06)","(-0.00122831, 0.999201, 0.0399462)","(0.497939, -0.776474, 0.386193)","(0.159016, -0.88472, 0.438159)","(0.988405, 0.0485237, 0.143877)","(-0.0686693, 0.198888, 0.977614)","(0.319613, -0.878294, 0.355596)","(0.0764062, -0.966578, 0.244723)","(-0.142106, -0.871663, -0.469051)","(-0.206995, -0.74964, -0.628644)",0
22.4667,"(0.042087, -0.0833254, -3.76115e-06)","(0.00918568, 0.999303, 0.0361936)","(0.526319, -0.77735, 0.34455)","(0.136063, -0.885169, 0.44493)","(0.994638, 0.00888506, 0.103032)","(-0.0159068, 0.283587, 0.958815)","(0.369959, -0.844832, 0.386509)","(0.103211, -0.962493, 0.250908)","(-0.190007, -0.889723, -0.415079)","(-0.234164, -0.755777, -0.611529)",0
22.5,"(0.042087, -0.0833254, -3.76115e-06)","(0.0220598, 0.999021, 0.0383339)","(0.54619, -0.781316, 0.30203)","(0.103463, -0.887168, 0.449698)","(0.997183, -0.0369697, 0.0652623)","(-0.0276595, 0.371704, 0.927939)","(0.413421, -0.829311, 0.375934)","(0.125945, -0.959681, 0.251298)","(-0.220925, -0.893733, -0.390426)","(-0.274162, -0.755727, -0.594736)",0
22.5333,"(0.042087, -0.0833254, -3.76115e-06)","(0.0342032, 0.99865, 0.0390914)","(0.548092, -0.793666, 0.263987)","(0.076896, -0.882884, 0.463253)","(0.99313, -0.105181, 0.0512839)","(-0.0390497, 0.41588, 0.908581)","(0.422025, -0.831475, 0.361309)","(0.137851, -0.962145, 0.235103)","(-0.21992, -0.896425, -0.384782)","(-0.303209, -0.750003, -0.587843)",0
22.5667,"(0.042087, -0.0833254, -3.76115e-06)","(0.0475597, 0.998005, 0.0415298)","(0.534797, -0.813463, 0.228627)","(0.0419177, -0.877638, 0.477487)","(0.981495, -0.186527, 0.0433024)","(-0.0455484, 0.469873, 0.881558)","(0.416304, -0.837741, 0.353385)","(0.132847, -0.970267, 0.202323)","(-0.206059, -0.911318, -0.356427)","(-0.304435, -0.760197, -0.573951)",0
22.6,"(0.0408221, -0.0806892, -5.38267e-06)","(0.0595282, 0.9974, 0.040612)","(0.511625, -0.836674, 0.195488)","(0.0201703, -0.866633, 0.498538)","(0.962967, -0.267685, 0.0322474)","(-0.0191046, 0.520657, 0.853552)","(0.403413, -0.854536, 0.327149)","(0.1181, -0.983097, 0.139902)","(-0.197176, -0.922119, -0.332893)","(-0.285826, -0.79643, -0.53292)",0
22.6333,"(0.0398358, -0.0783035, -3.78955e-06)","(0.0702449, 0.996684, 0.0410741)","(0.487271, -0.859201, 0.156017)","(0.0137814, -0.850989, 0.525003)","(0.951395, -0.307962, -0.00259153)","(0.0323627, 0.572701, 0.819125)","(0.390531, -0.880893, 0.26742)","(0.103147, -0.992235, 0.0695044)","(-0.190936, -0.936836, -0.293057)","(-0.262954, -0.835703, -0.482137)",0
22.6667,"(0.0386894, -0.0754189, -1.66092e-06)","(0.0824366, 0.995743, 0.04124)","(0.456884, -0.881205, 0.121389)","(0.0267746, -0.830008, 0.557108)","(0.943565, -0.330243, -0.0249878)","(0.105453, 0.600812, 0.792404)","(0.371549, -0.911514, 0.176333)","(0.093148, -0.995531, 0.0155552)","(-0.184689, -0.937241, -0.295752)","(-0.237957, -0.873032, -0.425665)",0
22.7,"(0.0374387, -0.071788, -4.88944e-07)","(0.0913424, 0.994926, 0.0421799)","(0.426393, -0.899728, 0.0931568)","(0.0371428, -0.81152, 0.583143)","(0.942178, -0.332883, -0.0386044)","(0.153041, 0.598177, 0.786615)","(0.347518, -0.935132, 0.0689862)","(0.0907646, -0.995872, -0.00115898)","(-0.175828, -0.930053, -0.322623)","(-0.225519, -0.887092, -0.402752)",0
22.7333,"(0.0363322, -0.0678299, 9.70997e-07)","(0.0978289, 0.994488, 0.0377319)","(0.393271, -0.915505, 0.0847819)","(0.0380868, -0.806517, 0.589982)","(0.938492, -0.344495, -0.0235737)","(0.191205, 0.58651, 0.787049)","(0.313025, -0.949743, -0.00200347)","(0.089298, -0.995996, 0.00427867)","(-0.151491, -0.924059, -0.35095)","(-0.22046, -0.889445, -0.400357)",0
22.7667,"(0.0354387, -0.0638998, 2.59634e-06)","(0.0998718, 0.994442, 0.0333307)","(0.367752, -0.925983, 0.0855273)","(0.024584, -0.815738, 0.577899)","(0.934281, -0.356064, -0.0183691)","(0.209664, 0.57258, 0.792586)","(0.283521, -0.958708, -0.0222321)","(0.0813399, -0.996608, 0.0124835)","(-0.125498, -0.930566, -0.343943)","(-0.217195, -0.894114, -0.391646)",0
22.8,"(0.034745, -0.0593052, 2.06493e-06)","(0.105192, 0.993997, 0.0300693)","(0.336174, -0.93804, 0.0840676)","(0.0218858, -0.838061, 0.545137)","(0.927388, -0.373883, -0.0127652)","(0.232107, 0.573184, 0.785866)","(0.256642, -0.966388, -0.0151057)","(0.075361, -0.997013, 0.0169243)","(-0.102195, -0.938534, -0.329711)","(-0.218153, -0.90345, -0.369035)",0
22.8333,"(0.034022, -0.0546049, 8.85315e-07)","(0.114566, 0.993037, 0.0274104)","(0.309844, -0.947108, 0.0835602)","(0.0444071, -0.848258, 0.527718)","(0.914708, -0.404017, -0.00894205)","(0.235199, 0.579514, 0.780285)","(0.244606, -0.969622, 0.00134315)","(0.0681304, -0.99743, 0.0221711)","(-0.0897234, -0.945704, -0.3124)","(-0.216239, -0.920269, -0.326108)",0
22.8667,"(0.0332099, -0.0506984, 6.48014e-07)","(0.131259, 0.991047, 0.0244294)","(0.283722, -0.95522, 0.0840024)","(0.0822503, -0.848448, 0.52285)","(0.900028, -0.435795, -0.00571868)","(0.215992, 0.59213, 0.776357)","(0.242247, -0.970054, 0.0176252)","(0.0655958, -0.997504, 0.0261497)","(-0.0805841, -0.958393, -0.273843)","(-0.222666, -0.934455, -0.277873)",0
22.9,"(0.032349, -0.0468927, 2.0599e-06)","(0.147621, 0.988837, 0.0202196)","(0.266142, -0.959323, 0.0941737)","(0.114073, -0.834166, 0.539587)","(0.889818, -0.456285, -0.00529852)","(0.193729, 0.598288, 0.777509)","(0.251848, -0.966839, 0.0423588)","(0.0644929, -0.997244, 0.0366662)","(-0.0825718, -0.969351, -0.23139)","(-0.232148, -0.944363, -0.232993)",0
22.9333,"(0.0314478, -0.0434627, 2.56356e-06)","(0.160283, 0.98689, 0.0189044)","(0.254652, -0.961392, 0.104299)","(0.123613, -0.817077, 0.563121)","(0.886544, -0.461887, -0.0264695)","(0.187778, 0.599905, 0.777723)","(0.267175, -0.96177, 0.0601269)","(0.06957, -0.99639, 0.0486585)","(-0.0966354, -0.973106, -0.20911)","(-0.243028, -0.946884, -0.210589)",0
22.9667,"(0.030656, -0.0406508, 3.61819e-06)","(0.1679, 0.985634, 0.0183021)","(0.25689, -0.959716, 0.113813)","(0.136485, -0.793953, 0.592461)","(0.897979, -0.434145, -0.0717705)","(0.201383, 0.593697, 0.779082)","(0.277889, -0.95825, 0.0673328)","(0.0782484, -0.994948, 0.0628899)","(-0.112985, -0.969572, -0.217172)","(-0.246869, -0.949017, -0.196016)",0
23,"(0.0300717, -0.0374256, 4.82798e-06)","(0.174118, 0.984568, 0.0175424)","(0.269332, -0.956377, 0.113156)","(0.154027, -0.767934, 0.621734)","(0.912076, -0.379816, -0.154457)","(0.211768, 0.584937, 0.782945)","(0.268618, -0.962193, 0.0450496)","(0.0822658, -0.993746, 0.0755027)","(-0.107863, -0.970134, -0.217268)","(-0.244491, -0.951386, -0.187319)",0
23.0333,"(0.0297005, -0.0336611, 5.83269e-06)","(0.179509, 0.983641, 0.0150853)","(0.285756, -0.952049, 0.109297)","(0.176219, -0.742289, 0.646493)","(0.920736, -0.324228, -0.217076)","(0.214206, 0.584502, 0.782606)","(0.241048, -0.970298, 0.0204121)","(0.0811811, -0.992138, 0.0952415)","(-0.0790286, -0.974348, -0.210712)","(-0.23967, -0.956491, -0.166382)",0
23.0667,"(0.0294438, -0.0298352, 5.03287e-06)","(0.181267, 0.983358, 0.0122245)","(0.294867, -0.949982, 0.102902)","(0.196736, -0.717767, 0.667911)","(0.922276, -0.275651, -0.270968)","(0.213598, 0.590985, 0.777889)","(0.208971, -0.977885, -0.00852286)","(0.0707739, -0.991351, 0.110521)","(-0.0449895, -0.980268, -0.192488)","(-0.227954, -0.961566, -0.153063)",0
23.1,"(0.0294218, -0.0253812, 3.73703e-06)","(0.181325, 0.983354, 0.011679)","(0.30245, -0.947772, 0.101254)","(0.209231, -0.703542, 0.679155)","(0.92604, -0.249003, -0.283633)","(0.212651, 0.599147, 0.771882)","(0.184824, -0.982553, -0.0207449)","(0.0615123, -0.99074, 0.121039)","(-0.0185603, -0.983, -0.182668)","(-0.217215, -0.965893, -0.140953)",0
23.1333,"(0.0294448, -0.0206439, 1.649e-06)","(0.181991, 0.983264, 0.00849494)","(0.306855, -0.946447, 0.100387)","(0.218367, -0.694175, 0.685884)","(0.934266, -0.209259, -0.288718)","(0.216147, 0.609836, 0.762483)","(0.161638, -0.986303, -0.0328505)","(0.048601, -0.991139, 0.123621)","(-0.00187581, -0.985387, -0.170321)","(-0.204892, -0.969198, -0.136657)",0
23.1667,"(0.0295136, -0.0159222, -2.16626e-07)","(0.183454, 0.983009, 0.00622039)","(0.317467, -0.942886, 0.100895)","(0.218831, -0.695144, 0.684754)","(0.939902, -0.179393, -0.290522)","(0.222595, 0.615521, 0.756033)","(0.138482, -0.989682, -0.036766)","(0.0374458, -0.991286, 0.126295)","(0.0102453, -0.986763, -0.161848)","(-0.194516, -0.972032, -0.131593)",0
23.2,"(0.0296324, -0.0115864, -3.37809e-06)","(0.186301, 0.982489, 0.00266946)","(0.349058, -0.932473, 0.0930228)","(0.209501, -0.681089, 0.701589)","(0.93438, -0.126359, -0.333118)","(0.222717, 0.609605, 0.760775)","(0.119732, -0.992004, -0.0399096)","(0.0127327, -0.991912, 0.126287)","(0.0128349, -0.990183, -0.139184)","(-0.172845, -0.977378, -0.121887)",0
23.2333,"(0.0299018, -0.00804458, -7.56402e-06)","(0.187581, 0.982247, 0.00193581)","(0.378789, -0.921295, 0.0879431)","(0.207301, -0.669236, 0.713547)","(0.92316, -0.0943737, -0.372652)","(0.233583, 0.594784, 0.769202)","(0.114865, -0.992645, -0.0382303)","(-0.0101075, -0.992376, 0.122829)","(0.00387358, -0.992269, -0.124043)","(-0.155716, -0.980914, -0.116451)",0
23.2667,"(0.0303958, -0.00537721, -1.26109e-05)","(0.184685, 0.982793, -0.00321488)","(0.352844, -0.930451, 0.0988025)","(0.206301, -0.665591, 0.717237)","(0.923002, -0.0583573, -0.380344)","(0.248305, 0.591876, 0.76683)","(0.103349, -0.993845, -0.0398927)","(-0.0282657, -0.99256, 0.118432)","(-0.0133136, -0.9921, -0.124739)","(-0.149983, -0.981384, -0.119957)",0
23.3,"(0.0303958, -0.00537721, -1.26109e-05)","(0.174728, 0.984544, -0.0119259)","(0.278088, -0.952034, 0.127664)","(0.215778, -0.687517, 0.693369)","(0.94014, -0.0471599, -0.337511)","(0.277354, 0.604673, 0.746623)","(0.0755113, -0.996107, -0.0454755)","(-0.0347705, -0.992907, 0.113699)","(-0.0261881, -0.989062, -0.14516)","(-0.158307, -0.978123, -0.134962)",0
23.3333,"(0.0319943, -0.00302949, -2.05718e-05)","(0.161785, 0.986535, -0.0239551)","(0.210667, -0.965758, 0.151432)","(0.21767, -0.703008, 0.677052)","(0.955069, -0.0255726, -0.295278)","(0.293287, 0.61866, 0.728864)","(0.0451921, -0.997573, -0.0529702)","(-0.0420747, -0.993057, 0.109848)","(-0.0342253, -0.984963, -0.169344)","(-0.167761, -0.973621, -0.154654)",0
23.3667,"(0.0319943, -0.00302949, -2.05718e-05)","(0.14873, 0.988276, -0.0344939)","(0.203171, -0.966437, 0.157231)","(0.224186, -0.705803, 0.671999)","(0.962929, -0.00677355, -0.269668)","(0.308631, 0.61791, 0.723142)","(0.0212145, -0.998088, -0.0580545)","(-0.0501467, -0.99299, 0.107038)","(-0.0269818, -0.982548, -0.184043)","(-0.173563, -0.969665, -0.172119)",0
23.4,"(0.0319943, -0.00302949, -2.05718e-05)","(0.139563, 0.989382, -0.0405555)","(0.207232, -0.966924, 0.148702)","(0.229034, -0.697986, 0.678497)","(0.971277, 0.00952478, -0.237761)","(0.315507, 0.60897, 0.727743)","(0.0125287, -0.998056, -0.0610556)","(-0.0559401, -0.992775, 0.106157)","(-0.0171753, -0.980974, -0.193376)","(-0.178079, -0.966152, -0.186652)",0
23.4333,"(0.0345605, -0.00238823, -2.52105e-05)","(0.131211, 0.990438, -0.0426177)","(0.181421, -0.968172, 0.172424)","(0.227299, -0.695559, 0.681566)","(0.987786, 0.0358013, -0.151647)","(0.329774, 0.597628, 0.730815)","(0.00627782, -0.998265, -0.0585444)","(-0.0559852, -0.992439, 0.109227)","(-0.0130682, -0.982716, -0.184657)","(-0.18463, -0.964385, -0.189402)",0
23.4667,"(0.0345605, -0.00238823, -2.52105e-05)","(0.124171, 0.991531, -0.038063)","(0.121621, -0.970133, 0.209882)","(0.20943, -0.697977, 0.684812)","(0.997781, 0.0621421, -0.023911)","(0.309878, 0.591702, 0.74422)","(0.000526907, -0.998577, -0.0533308)","(-0.055273, -0.992274, 0.111071)","(-0.0232634, -0.984245, -0.175274)","(-0.188639, -0.962788, -0.19353)",0
23.5,"(0.0345605, -0.00238823, -2.52105e-05)","(0.11903, 0.992519, -0.0271686)","(0.0521235, -0.960187, 0.274451)","(0.185077, -0.713433, 0.67584)","(0.97564, 0.161, 0.149018)","(0.271359, 0.603743, 0.749572)","(-0.00889284, -0.998763, -0.0489281)","(-0.0464728, -0.992908, 0.109424)","(-0.0363904, -0.985109, -0.168033)","(-0.201174, -0.956187, -0.212684)",0
23.5333,"(0.036528, -0.0033499, -1.83564e-05)","(0.116603, 0.993092, -0.0130894)","(-0.00370622, -0.935341, 0.353728)","(0.173515, -0.732504, 0.658279)","(0.876701, 0.315176, 0.363399)","(0.204453, 0.629792, 0.749374)","(-0.0192744, -0.998737, -0.0463888)","(-0.0362643, -0.994955, 0.0935427)","(-0.0462869, -0.982804, -0.178758)","(-0.213305, -0.94496, -0.248097)",0
23.5667,"(0.036528, -0.0033499, -1.83564e-05)","(0.116015, 0.993028, -0.0208795)","(-0.0559485, -0.876894, 0.477417)","(0.240688, -0.717768, 0.653359)","(0.698181, 0.518256, 0.493917)","(0.111234, 0.669391, 0.734535)","(-0.0240308, -0.998906, -0.0401243)","(-0.0331207, -0.99651, 0.0766219)","(-0.0574367, -0.981291, -0.183763)","(-0.218413, -0.940387, -0.260705)",0
23.6,"(0.039224, -0.0036419, -9.09837e-06)","(0.111066, 0.993139, -0.0365931)","(-0.0888154, -0.787568, 0.609794)","(0.380608, -0.603204, 0.700916)","(0.461204, 0.667966, 0.584048)","(-0.0186156, 0.720137, 0.693582)","(-0.0273839, -0.999199, -0.0291683)","(-0.044915, -0.996743, 0.0669784)","(-0.0633042, -0.980415, -0.186492)","(-0.208121, -0.941972, -0.263391)",0
23.6333,"(0.039224, -0.0036419, -9.09837e-06)","(0.0978175, 0.993768, -0.0534527)","(-0.153571, -0.669746, 0.726537)","(0.547183, -0.379535, 0.746019)","(0.269716, 0.737954, 0.618609)","(-0.149406, 0.761764, 0.630392)","(-0.0352498, -0.99927, -0.0146953)","(-0.0690274, -0.994488, 0.078928)","(-0.0609233, -0.980988, -0.184258)","(-0.189473, -0.948796, -0.252758)",0
23.6667,"(0.0424075, -0.00182681, -1.64276e-06)","(0.0863962, 0.994845, -0.0530891)","(-0.219258, -0.488908, 0.844331)","(0.769748, 0.00613843, 0.638319)","(0.114459, 0.721498, 0.68289)","(-0.276824, 0.895597, 0.348246)","(-0.0447693, -0.998983, -0.00541003)","(-0.0886501, -0.991894, 0.0910305)","(-0.0473715, -0.983094, -0.176865)","(-0.178213, -0.952359, -0.247491)",0
23.7,"(0.0444657, -0.000142241, 2.92128e-06)","(0.0747375, 0.996035, -0.0482468)","(-0.272077, -0.232556, 0.933751)","(0.809779, 0.397606, 0.431472)","(0.0565651, 0.660853, 0.748381)","(-0.341502, 0.930233, 0.134328)","(-0.0504408, -0.998726, -0.00117049)","(-0.108233, -0.989315, 0.0976804)","(-0.0225489, -0.985238, -0.1697)","(-0.168629, -0.955916, -0.240393)",0
23.7333,"(0.0461542, 0.00211782, 3.85819e-06)","(0.0608854, 0.997338, -0.0401288)","(-0.237321, 0.0383637, 0.970673)","(0.673398, 0.669677, 0.313157)","(0.0809224, 0.661078, 0.745941)","(-0.357071, 0.93278, 0.0492092)","(-0.0466611, -0.998906, -0.00301711)","(-0.130596, -0.986941, 0.0942965)","(-0.00122442, -0.983571, -0.180517)","(-0.153514, -0.957416, -0.244517)",0
23.7667,"(0.0476664, 0.00384248, 4.35873e-06)","(0.0435673, 0.998758, -0.0241701)","(-0.169983, 0.355213, 0.9192)","(0.436129, 0.791642, 0.427895)","(0.139806, 0.736196, 0.66217)","(-0.321463, 0.912343, 0.253558)","(-0.0394714, -0.999219, -0.00193973)","(-0.1526, -0.984574, 0.0856033)","(0.0347086, -0.978891, -0.201414)","(-0.13327, -0.952041, -0.275421)",0
23.8,"(0.049443, 0.00514575, 6.2346e-06)","(0.0275478, 0.997764, 0.0609003)","(-0.0932969, 0.665679, 0.740383)","(0.229803, 0.856507, 0.462154)","(0.22291, 0.853635, 0.470764)","(-0.252739, 0.91427, 0.316597)","(-0.041796, -0.999112, 0.00527508)","(-0.167478, -0.982818, 0.0775831)","(0.0843255, -0.962899, -0.256351)","(-0.120251, -0.939919, -0.319519)",0
23.8333,"(0.049443, 0.00514575, 6.2346e-06)","(0.0208391, 0.987394, 0.156905)","(-0.052217, 0.845361, 0.531637)","(0.106075, 0.913725, 0.392243)","(0.281909, 0.921442, 0.267343)","(-0.199727, 0.941666, 0.270876)","(-0.0461864, -0.99884, 0.0135854)","(-0.169767, -0.98333, 0.0651256)","(0.128334, -0.948735, -0.288847)","(-0.110643, -0.926566, -0.359491)",0
23.8667,"(0.0516069, 0.00672206, 1.24509e-06)","(0.0148139, 0.969421, 0.244955)","(-0.0274822, 0.901608, 0.431679)","(0.0620023, 0.938194, 0.340511)","(0.34479, 0.927882, 0.141968)","(-0.167652, 0.96745, 0.18956)","(-0.052952, -0.997697, 0.0423775)","(-0.164842, -0.98404, 0.0670292)","(0.157807, -0.931622, -0.32738)","(-0.0988414, -0.916958, -0.386547)",0
23.9,"(0.0516069, 0.00672206, 1.24509e-06)","(0.0110309, 0.966271, 0.257293)","(-0.0145902, 0.895564, 0.444693)","(0.0535642, 0.94109, 0.333886)","(0.396681, 0.91414, 0.0836248)","(-0.156774, 0.970389, 0.18376)","(-0.0516395, -0.996514, 0.0655155)","(-0.155821, -0.985599, 0.0656894)","(0.161487, -0.928891, -0.333291)","(-0.074577, -0.915779, -0.3947)",0
23.9333,"(0.0516069, 0.00672206, 1.24509e-06)","(0.00909044, 0.968394, 0.249259)","(-0.00162212, 0.898503, 0.438965)","(0.0723344, 0.937886, 0.33932)","(0.431178, 0.900513, 0.0562225)","(-0.155196, 0.96922, 0.191122)","(-0.0431878, -0.995446, 0.0849883)","(-0.145304, -0.987048, 0.0679869)","(0.157929, -0.923894, -0.348538)","(-0.0472607, -0.914446, -0.40194)",0
23.9667,"(0.0516069, 0.00672206, 1.24509e-06)","(0.00971627, 0.970495, 0.240925)","(0.0016708, 0.895257, 0.445547)","(0.096655, 0.941441, 0.323028)","(0.45022, 0.892678, 0.0207051)","(-0.163519, 0.968682, 0.186861)","(-0.0278356, -0.997585, 0.0636329)","(-0.137984, -0.988615, 0.0600123)","(0.143098, -0.921608, -0.360779)","(-0.022387, -0.912835, -0.407715)",0
24,"(0.0516069, 0.00672206, 1.24509e-06)","(0.0129624, 0.973142, 0.229839)","(-0.0114192, 0.897818, 0.440219)","(0.100702, 0.933276, 0.344753)","(0.4691, 0.883139, 0.00336034)","(-0.173248, 0.968103, 0.181003)","(-0.00526893, -0.999575, 0.0286592)","(-0.13444, -0.989567, 0.0517946)","(0.120882, -0.925227, -0.359641)","(-0.000785215, -0.911304, -0.411734)",0
24.0333,"(0.0516069, 0.00672206, 1.24509e-06)","(0.0156294, 0.981018, 0.193284)","(-0.0476381, 0.889814, 0.45383)","(0.0599071, 0.94091, 0.333316)","(0.507468, 0.861658, -0.00460714)","(-0.181258, 0.974782, 0.130173)","(0.0146079, -0.99988, -0.00506539)","(-0.133045, -0.990582, 0.0323347)","(0.103169, -0.933264, -0.344055)","(0.00867851, -0.918301, -0.395788)",0
24.0667,"(0.0507684, 0.0034639, 7.85384e-07)","(0.0179998, 0.989638, 0.142451)","(-0.0865925, 0.854247, 0.512604)","(-0.0553761, 0.91541, 0.398695)","(0.557544, 0.823307, 0.10635)","(-0.222172, 0.957701, 0.182889)","(0.0335659, -0.999233, -0.0201625)","(-0.132096, -0.991138, 0.0140271)","(0.0861702, -0.942162, -0.323892)","(0.00979909, -0.927652, -0.373317)",0
24.1,"(0.0503704, -4.75526e-05, 1.35563e-06)","(0.0190752, 0.99346, 0.112574)","(-0.127509, 0.780417, 0.61212)","(-0.226446, 0.812174, 0.537676)","(0.626865, 0.729042, 0.274842)","(-0.256115, 0.920811, 0.294129)","(0.0448644, -0.998602, -0.0279414)","(-0.131308, -0.991201, -0.0166922)","(0.0739133, -0.942855, -0.324902)","(0.000586784, -0.93602, -0.351947)",0
24.1333,"(0.0500407, -0.0044111, 1.94251e-06)","(0.0191033, 0.992981, 0.116718)","(-0.162829, 0.684807, 0.7103)","(-0.380158, 0.623598, 0.683085)","(0.668626, 0.599796, 0.439527)","(-0.269772, 0.85572, 0.441549)","(0.0535678, -0.998508, -0.0105889)","(-0.129917, -0.990839, -0.0368717)","(0.0535353, -0.939112, -0.339415)","(-0.0180671, -0.940071, -0.340499)",0
24.1667,"(0.0497689, -0.00910082, 1.93254e-06)","(0.0165688, 0.990773, 0.134515)","(-0.212918, 0.597064, 0.773421)","(-0.492545, 0.49532, 0.715582)","(0.708257, 0.505813, 0.492469)","(-0.25621, 0.831849, 0.492324)","(0.0555738, -0.998388, 0.0115122)","(-0.128661, -0.989992, -0.0579876)","(0.0346244, -0.933381, -0.357212)","(-0.0436499, -0.940627, -0.336623)",0
24.2,"(0.0494222, -0.0139467, 1.072e-06)","(0.0136607, 0.992353, 0.12267)","(-0.265907, 0.538492, 0.799575)","(-0.610987, 0.481468, 0.628397)","(0.751143, 0.475391, 0.458026)","(-0.276601, 0.881624, 0.382402)","(0.056249, -0.997412, 0.044771)","(-0.125064, -0.98944, -0.0732612)","(0.0195553, -0.937767, -0.346713)","(-0.0685433, -0.93373, -0.351355)",0
24.2333,"(0.0489667, -0.0175757, 9.01846e-07)","(0.011078, 0.994268, 0.106344)","(-0.312016, 0.508977, 0.802239)","(-0.660495, 0.428738, 0.616385)","(0.795243, 0.442326, 0.414652)","(-0.382644, 0.858957, 0.34026)","(0.0597434, -0.99689, 0.051395)","(-0.117292, -0.989859, -0.0801412)","(0.0218331, -0.94399, -0.329251)","(-0.0841643, -0.915099, -0.394349)",0
24.2667,"(0.0484646, -0.0206486, 6.55092e-07)","(0.00912495, 0.994344, 0.105812)","(-0.329116, 0.49689, 0.802984)","(-0.615262, 0.27495, 0.73882)","(0.83992, 0.376741, 0.390643)","(-0.50409, 0.76133, 0.407762)","(0.0715634, -0.995996, 0.0535802)","(-0.107505, -0.991537, -0.0727802)","(0.0327091, -0.953796, -0.29867)","(-0.0785687, -0.89408, -0.440962)",0
24.3,"(0.0478556, -0.0232029, 9.92091e-07)","(0.00320741, 0.991512, 0.129972)","(-0.316755, 0.477788, 0.819381)","(-0.440716, 0.0588919, 0.895713)","(0.873134, 0.300048, 0.384197)","(-0.595286, 0.583648, 0.552259)","(0.0853793, -0.994684, 0.0575709)","(-0.0992132, -0.99418, -0.0419828)","(0.03943, -0.947744, -0.316587)","(-0.0687744, -0.875428, -0.478431)",0
24.3333,"(0.0471871, -0.0259252, -4.51598e-07)","(-0.00904744, 0.987887, 0.154914)","(-0.278719, 0.465991, 0.839743)","(-0.266095, -0.106445, 0.958052)","(0.904503, 0.205253, 0.373825)","(-0.638743, 0.456764, 0.619172)","(0.100063, -0.992401, 0.0716122)","(-0.0952155, -0.995451, -0.00347433)","(0.0373671, -0.937813, -0.345123)","(-0.0493967, -0.863878, -0.501274)",0
24.3667,"(0.0466373, -0.0283301, -4.17898e-06)","(-0.0236143, 0.989105, 0.145308)","(-0.292591, 0.61087, 0.735682)","(-0.155046, -0.160981, 0.974703)","(0.991956, 0.12568, 0.0151096)","(-0.677638, 0.433604, 0.593965)","(0.105348, -0.99178, 0.0726251)","(-0.0895124, -0.995475, 0.031907)","(0.0338713, -0.918068, -0.394973)","(-0.0442131, -0.853125, -0.51983)",0
24.4,"(0.046204, -0.0303361, -4.76912e-06)","(-0.0352689, 0.991414, 0.125914)","(-0.337208, 0.814711, 0.471738)","(0.0281576, -0.107516, 0.993805)","(0.889958, 0.0415577, -0.454146)","(-0.750393, 0.41839, 0.511723)","(0.109773, -0.993022, 0.0430919)","(-0.0832808, -0.995257, 0.0502669)","(0.0307367, -0.917427, -0.396715)","(-0.0422224, -0.85957, -0.509271)",0
24.4333,"(0.046204, -0.0303361, -4.76912e-06)","(-0.0391988, 0.994006, 0.10206)","(-0.367028, 0.920911, 0.131199)","(0.391251, -0.0086014, 0.920244)","(0.653817, 0.0249088, -0.756242)","(-0.813491, 0.49387, 0.307123)","(0.108916, -0.993403, 0.0358893)","(-0.0731838, -0.995772, 0.0555109)","(0.0399988, -0.923423, -0.381695)","(-0.0509654, -0.867953, -0.494024)",0
24.4667,"(0.046204, -0.0303361, -4.76912e-06)","(-0.0380278, 0.994974, 0.092633)","(-0.375982, 0.926591, 0.00813324)","(0.659758, 0.121095, 0.741657)","(0.664373, 0.063969, -0.744659)","(-0.83629, 0.535432, 0.118028)","(0.120578, -0.987502, 0.101488)","(-0.0668242, -0.996266, 0.0546742)","(0.053897, -0.948362, -0.312578)","(-0.0536321, -0.87308, -0.484619)",0
24.5,"(0.0446558, -0.0316257, -1.16055e-05)","(-0.0354545, 0.99343, 0.108807)","(-0.378119, 0.920703, 0.0966078)","(0.815828, 0.181838, 0.548962)","(0.751161, 0.0511545, -0.658134)","(-0.82228, 0.563133, 0.082077)","(0.13411, -0.975373, 0.175105)","(-0.0572569, -0.996516, 0.0606483)","(0.06328, -0.956784, -0.28383)","(-0.052201, -0.871545, -0.487528)",0
24.5333,"(0.0446558, -0.0316257, -1.16055e-05)","(-0.0345242, 0.988056, 0.150177)","(-0.365208, 0.87307, 0.323066)","(0.789204, 0.223208, 0.572133)","(0.904098, 0.00444354, -0.427303)","(-0.848424, 0.485316, 0.211295)","(0.153269, -0.960302, 0.233085)","(-0.0489806, -0.996496, 0.0677975)","(0.0573854, -0.960275, -0.273091)","(-0.0482195, -0.870528, -0.489751)",0
24.5667,"(0.0446558, -0.0316257, -1.16055e-05)","(-0.0355553, 0.973637, 0.225317)","(-0.336559, 0.778968, 0.52909)","(0.761664, 0.236922, 0.603106)","(0.990958, -0.065331, -0.117191)","(-0.853303, 0.362792, 0.374508)","(0.169816, -0.960758, 0.219334)","(-0.0410343, -0.99699, 0.0657826)","(0.0384238, -0.953238, -0.299768)","(-0.0453453, -0.875781, -0.480574)",0
24.6,"(0.0425843, -0.0315453, 1.50757e-05)","(-0.0370613, 0.962053, 0.270336)","(-0.340445, 0.700468, 0.62725)","(0.721962, 0.263306, 0.639875)","(0.99042, -0.0545019, 0.126877)","(-0.851883, 0.262712, 0.453077)","(0.182961, -0.961543, 0.204841)","(-0.0365916, -0.997452, 0.0612358)","(0.0235885, -0.943611, -0.330215)","(-0.0473432, -0.876619, -0.47885)",0
24.6333,"(0.0425843, -0.0315453, 1.50757e-05)","(-0.0384634, 0.953092, 0.300226)","(-0.38786, 0.705686, 0.592935)","(0.725421, 0.334936, 0.601317)","(0.991014, -0.00850064, 0.133484)","(-0.854689, 0.203426, 0.477624)","(0.19064, -0.967798, 0.164387)","(-0.0352312, -0.998144, 0.0496785)","(0.0127032, -0.932628, -0.360615)","(-0.049347, -0.879154, -0.473975)",0
24.6667,"(0.0425843, -0.0315453, 1.50757e-05)","(-0.0403451, 0.957455, 0.28575)","(-0.50419, 0.801245, 0.322179)","(0.795567, 0.479771, 0.36999)","(0.975285, 0.0670789, -0.210524)","(-0.940695, 0.294119, 0.169079)","(0.193364, -0.967958, 0.160213)","(-0.0282427, -0.998331, 0.0503711)","(0.00558849, -0.924243, -0.381764)","(-0.0590808, -0.877804, -0.475363)",0
24.7,"(0.0406453, -0.0330125, 2.6478e-05)","(-0.0432907, 0.960533, 0.274776)","(-0.563826, 0.822813, 0.0712673)","(0.805343, 0.565021, 0.179372)","(0.860619, 0.118683, -0.495226)","(-0.918573, 0.378381, -0.114243)","(0.197085, -0.966104, 0.166734)","(-0.0204117, -0.998472, 0.0513602)","(-0.00135375, -0.925808, -0.377991)","(-0.0689401, -0.874291, -0.480482)",0
24.7333,"(0.0406453, -0.0330125, 2.6478e-05)","(-0.0459691, 0.965369, 0.256808)","(-0.581696, 0.797429, -0.160426)","(0.790023, 0.613074, -0.00195989)","(0.701764, 0.145385, -0.697417)","(-0.783051, 0.463827, -0.414362)","(0.219074, -0.957076, 0.189768)","(-0.00437392, -0.99826, 0.0587976)","(-0.0276213, -0.934655, -0.354482)","(-0.0879408, -0.871207, -0.482975)",0
24.7667,"(0.0387808, -0.0345595, 2.10418e-05)","(-0.0478019, 0.966757, 0.251189)","(-0.605198, 0.783598, -0.14039)","(0.773595, 0.633676, -0.00239058)","(0.723815, 0.176369, -0.667072)","(-0.753697, 0.516169, -0.406829)","(0.244673, -0.951603, 0.185977)","(0.0102282, -0.99798, 0.0627055)","(-0.0580923, -0.940004, -0.336182)","(-0.104125, -0.874483, -0.473748)",0
24.8,"(0.0387808, -0.0345595, 2.10418e-05)","(-0.0503003, 0.967648, 0.247239)","(-0.630688, 0.763457, -0.139159)","(0.758181, 0.651578, -0.0246507)","(0.726395, 0.208817, -0.654787)","(-0.701986, 0.549264, -0.453348)","(0.273183, -0.943753, 0.186285)","(0.0263554, -0.99742, 0.0667751)","(-0.0909897, -0.944247, -0.316414)","(-0.121432, -0.877244, -0.464433)",0
24.8333,"(0.0358248, -0.0361341, 1.77625e-05)","(-0.0529808, 0.967959, 0.245457)","(-0.665101, 0.744345, -0.0599273)","(0.753369, 0.65751, -0.0107784)","(0.785043, 0.258813, -0.562782)","(-0.711891, 0.596804, -0.370185)","(0.286481, -0.940955, 0.180369)","(0.0408167, -0.996735, 0.0696608)","(-0.105596, -0.945193, -0.308966)","(-0.135398, -0.879758, -0.455733)",0
24.8667,"(0.0335219, -0.0369792, 1.69259e-05)","(-0.055412, 0.971762, 0.229364)","(-0.687704, 0.725416, -0.0288904)","(0.750565, 0.660796, 0.000442234)","(0.788483, 0.292442, -0.541085)","(-0.687467, 0.65427, -0.315152)","(0.299857, -0.936802, 0.180242)","(0.0574777, -0.9955, 0.0753391)","(-0.116609, -0.947093, -0.299027)","(-0.152257, -0.880923, -0.448099)",0
24.9,"(0.030452, -0.0382358, 1.5985e-05)","(-0.052289, 0.975495, 0.213716)","(-0.703204, 0.710878, 0.0124969)","(0.756678, 0.653633, 0.0142524)","(0.797293, 0.329635, -0.505633)","(-0.622623, 0.728956, -0.284539)","(0.308404, -0.940215, 0.144512)","(0.075079, -0.99392, 0.0805399)","(-0.115138, -0.94782, -0.29729)","(-0.159919, -0.884519, -0.438238)",0
24.9333,"(0.0265981, -0.0395694, 1.93709e-05)","(-0.0426282, 0.984173, 0.172008)","(-0.740244, 0.671807, 0.0267256)","(0.779087, 0.626585, 0.0203651)","(0.779333, 0.378901, -0.499073)","(-0.519603, 0.828225, -0.209895)","(0.318807, -0.937468, 0.139699)","(0.107196, -0.990267, 0.0887696)","(-0.0977578, -0.949992, -0.296576)","(-0.16975, -0.879828, -0.443945)",0
24.9667,"(0.0224738, -0.0415418, 1.78483e-05)","(-0.0254388, 0.988397, 0.149749)","(-0.800728, 0.556409, 0.22191)","(0.815107, 0.554568, 0.167495)","(0.854725, 0.471096, -0.217977)","(-0.438711, 0.89746, 0.0458139)","(0.321863, -0.932305, 0.164959)","(0.126568, -0.987172, 0.0973283)","(-0.0679072, -0.938732, -0.337891)","(-0.137458, -0.867157, -0.478691)",0
25,"(0.0180401, -0.0440476, 1.50191e-05)","(-0.00719395, 0.991707, 0.128317)","(-0.847527, 0.320272, 0.423229)","(0.837111, 0.397952, 0.375338)","(0.825147, 0.529111, 0.197924)","(-0.327985, 0.874716, 0.356789)","(0.305362, -0.882457, 0.357805)","(0.135379, -0.985196, 0.105171)","(-0.0110956, -0.933666, -0.357973)","(-0.0847305, -0.840784, -0.534699)",1
25.0333,"(0.0137021, -0.0466905, 1.12772e-05)","(0.00777896, 0.990276, 0.138898)","(-0.826503, 0.00680691, 0.562891)","(0.813255, 0.117194, 0.569984)","(0.654457, 0.539017, 0.530233)","(-0.208241, 0.810448, 0.547549)","(0.260286, -0.782594, 0.565506)","(0.11957, -0.987296, 0.104638)","(0.0509728, -0.911845, -0.407358)","(-0.0166226, -0.80109, -0.598313)",0
25.0667,"(0.00924004, -0.0495044, 7.34767e-06)","(0.0150423, 0.987179, 0.158907)","(-0.778045, -0.309053, 0.546929)","(0.760123, -0.201717, 0.617675)","(0.455314, 0.56694, 0.68649)","(-0.0986029, 0.769674, 0.630777)","(0.186484, -0.686322, 0.702984)","(0.121005, -0.98784, 0.0976225)","(0.0714233, -0.9149, -0.397311)","(0.0110043, -0.780889, -0.624572)",0
25.1,"(0.00474337, -0.0536607, -3.77381e-06)","(0.0190079, 0.982589, 0.184817)","(-0.656178, -0.574088, 0.489748)","(0.665811, -0.476474, 0.574167)","(0.223702, 0.562177, 0.796188)","(0.0328004, 0.706382, 0.70707)","(0.0919382, -0.693206, 0.714851)","(0.159159, -0.980308, 0.116896)","(0.0165745, -0.912427, -0.408903)","(-0.00141603, -0.800307, -0.599589)",0
25.1333,"(-0.000303829, -0.0571612, -8.83788e-06)","(0.0207508, 0.979007, 0.202767)","(-0.483829, -0.765904, 0.42344)","(0.507689, -0.683301, 0.52474)","(-0.0736907, 0.406141, 0.910834)","(0.198487, 0.568907, 0.79809)","(-0.0274469, -0.850093, 0.525918)","(0.227014, -0.966229, 0.121925)","(-0.138805, -0.904137, -0.404065)","(-0.0149363, -0.842585, -0.538356)",0
25.1667,"(-0.00613493, -0.06073, -1.29553e-05)","(0.0236212, 0.978933, 0.202812)","(-0.364425, -0.886653, 0.284676)","(0.317328, -0.862149, 0.394971)","(-0.33745, 0.109213, 0.934987)","(0.372343, 0.34036, 0.863432)","(-0.160624, -0.936898, 0.310519)","(0.288116, -0.951089, 0.111443)","(-0.311007, -0.855598, -0.413796)","(-0.0138464, -0.862527, -0.505822)",0
25.2,"(-0.0131241, -0.0639659, -1.37889e-05)","(0.0308884, 0.98116, 0.190711)","(-0.285489, -0.95358, 0.0958188)","(0.142959, -0.968803, 0.202446)","(-0.541047, -0.261799, 0.799205)","(0.528647, -0.0205533, 0.848593)","(-0.285999, -0.955373, 0.0739333)","(0.325605, -0.93659, 0.129536)","(-0.437834, -0.769743, -0.46454)","(0.0092727, -0.855845, -0.51715)",0
25.2333,"(-0.0211577, -0.0663436, -1.2965e-05)","(0.0430716, 0.981851, 0.184699)","(-0.232269, -0.97039, -0.0662862)","(0.038445, -0.999258, 0.0025342)","(-0.590722, -0.566616, 0.57445)","(0.569192, -0.41805, 0.707993)","(-0.393835, -0.918599, 0.0327019)","(0.344786, -0.925304, 0.157906)","(-0.517772, -0.689208, -0.506858)","(0.0483743, -0.845167, -0.532308)",0
25.2667,"(-0.0308964, -0.0670145, -8.2335e-06)","(0.0574367, 0.979369, 0.193744)","(-0.201803, -0.969507, -0.139038)","(0.00862045, -0.994643, -0.103007)","(-0.562205, -0.733894, 0.381216)","(0.514691, -0.694151, 0.503237)","(-0.467296, -0.88408, 0.0060641)","(0.36859, -0.916533, 0.15527)","(-0.559096, -0.629818, -0.539205)","(0.101606, -0.839827, -0.53326)",0
25.3,"(-0.0432037, -0.0665548, -5.4847e-06)","(0.0730444, 0.97473, 0.211107)","(-0.181301, -0.970716, -0.157608)","(-0.00928662, -0.989203, -0.146259)","(-0.474426, -0.825882, 0.304693)","(0.386045, -0.836284, 0.389355)","(-0.487219, -0.873197, 0.0120426)","(0.399547, -0.913335, 0.078625)","(-0.601658, -0.620713, -0.502715)","(0.173629, -0.83461, -0.522761)",0
25.3333,"(-0.057733, -0.063851, -1.73659e-06)","(0.0978108, 0.970472, 0.220491)","(-0.190794, -0.965903, -0.17501)","(-0.0357153, -0.983114, -0.179476)","(-0.307168, -0.900243, 0.308562)","(0.258401, -0.901446, 0.347311)","(-0.475433, -0.879724, 0.00706755)","(0.428759, -0.90341, 0.00401127)","(-0.588489, -0.667018, -0.456911)","(0.271699, -0.81851, -0.506183)",0
25.3667,"(-0.0734626, -0.0599012, -1.26152e-06)","(0.134517, 0.966811, 0.217213)","(-0.195948, -0.96072, -0.196525)","(-0.0726664, -0.977428, -0.198376)","(-0.151592, -0.935529, 0.319071)","(0.154892, -0.933861, 0.322355)","(-0.449206, -0.893427, -0.00128394)","(0.439844, -0.898031, -0.00876112)","(-0.5381, -0.728219, -0.424434)","(0.388869, -0.79882, -0.458986)",0
25.4,"(-0.0897479, -0.055463, -2.49296e-06)","(0.173288, 0.963905, 0.202135)","(-0.198946, -0.961155, -0.191317)","(-0.1099, -0.970564, -0.214308)","(-0.0116958, -0.929868, 0.367708)","(0.0937174, -0.944591, 0.314588)","(-0.414057, -0.91025, -0.00118027)","(0.433916, -0.900935, 0.00581721)","(-0.480115, -0.768524, -0.422919)","(0.47087, -0.775332, -0.420883)",0
25.4333,"(-0.105899, -0.0492697, -5.55776e-06)","(0.198783, 0.960831, 0.193103)","(-0.191863, -0.963352, -0.187459)","(-0.137226, -0.969359, -0.203747)","(0.027903, -0.921021, 0.388513)","(0.0302611, -0.946081, 0.322513)","(-0.374834, -0.927074, -0.00579196)","(0.41411, -0.909869, 0.0255358)","(-0.404077, -0.805642, -0.433201)","(0.504765, -0.766687, -0.396742)",0
25.4667,"(-0.120573, -0.0425767, -7.94791e-06)","(0.213314, 0.957975, 0.191785)","(-0.185186, -0.96744, -0.17253)","(-0.15776, -0.96864, -0.191958)","(0.049937, -0.910032, 0.411519)","(-0.0219828, -0.939866, 0.340836)","(-0.330125, -0.943728, -0.019868)","(0.400688, -0.915682, 0.0312427)","(-0.318825, -0.841857, -0.435462)","(0.480617, -0.786581, -0.387682)",0
25.5,"(-0.133241, -0.0350703, -8.63448e-06)","(0.220236, 0.952389, 0.210833)","(-0.185021, -0.968997, -0.163743)","(-0.175616, -0.964641, -0.196535)","(0.048978, -0.927581, 0.370398)","(-0.060897, -0.935881, 0.347013)","(-0.273925, -0.961155, -0.0338455)","(0.37355, -0.927593, 0.00562226)","(-0.21909, -0.884755, -0.41135)","(0.463444, -0.815506, -0.346656)",0
25.5333,"(-0.144166, -0.0278605, -8.36412e-06)","(0.225371, 0.942975, 0.244963)","(-0.194095, -0.968571, -0.155557)","(-0.188956, -0.959108, -0.210731)","(0.0330557, -0.942959, 0.331263)","(-0.0812926, -0.937158, 0.339301)","(-0.225139, -0.97356, -0.0386432)","(0.31152, -0.949097, -0.0465827)","(-0.162285, -0.91558, -0.367935)","(0.449279, -0.839585, -0.305362)",0
25.5667,"(-0.153248, -0.0210379, -7.67401e-06)","(0.223279, 0.932784, 0.282949)","(-0.20705, -0.966635, -0.150822)","(-0.197136, -0.954991, -0.221654)","(0.017723, -0.954669, 0.29714)","(-0.111648, -0.939683, 0.323311)","(-0.183954, -0.981831, -0.0465712)","(0.218594, -0.969352, -0.112128)","(-0.129731, -0.934572, -0.331279)","(0.431547, -0.852261, -0.295668)",0
25.6,"(-0.160694, -0.0160509, -6.62436e-06)","(0.217674, 0.92615, 0.307999)","(-0.221607, -0.957866, -0.182712)","(-0.203689, -0.954856, -0.216242)","(-0.000202944, -0.959284, 0.282445)","(-0.153205, -0.940508, 0.303272)","(-0.157367, -0.985944, -0.0561243)","(0.109876, -0.983731, -0.142126)","(-0.114526, -0.942802, -0.313063)","(0.366718, -0.87661, -0.311564)",0
25.6333,"(-0.166766, -0.0119247, -5.90323e-06)","(0.209682, 0.925627, 0.315036)","(-0.228412, -0.951243, -0.207281)","(-0.213808, -0.954464, -0.208047)","(-0.0010813, -0.961368, 0.275263)","(-0.195672, -0.93626, 0.291769)","(-0.137168, -0.988439, -0.0646043)","(0.0240799, -0.989499, -0.142519)","(-0.0953827, -0.942748, -0.319576)","(0.266224, -0.911984, -0.312106)",0
25.6667,"(-0.172119, -0.0102181, -5.98598e-06)","(0.199786, 0.929611, 0.309693)","(-0.223673, -0.946431, -0.232893)","(-0.215737, -0.955592, -0.200752)","(0.00695203, -0.961424, 0.274985)","(-0.217621, -0.931212, 0.292377)","(-0.120374, -0.99074, -0.0628122)","(-0.0461236, -0.990864, -0.126733)","(-0.0781474, -0.940649, -0.330262)","(0.180961, -0.940029, -0.289135)",0
25.7,"(-0.176999, -0.00947663, -5.57472e-06)","(0.186932, 0.933353, 0.306446)","(-0.207656, -0.950356, -0.231737)","(-0.210297, -0.957876, -0.195574)","(0.0167497, -0.958789, 0.283624)","(-0.214087, -0.931754, 0.293259)","(-0.098285, -0.993525, -0.0569872)","(-0.0940881, -0.987908, -0.12323)","(-0.056078, -0.940454, -0.335264)","(0.138756, -0.948107, -0.286077)",0
25.7333,"(-0.181694, -0.00878544, -6.10971e-06)","(0.173984, 0.938162, 0.299302)","(-0.18873, -0.952295, -0.239825)","(-0.193056, -0.963988, -0.182913)","(0.0235449, -0.953754, 0.299666)","(-0.200319, -0.935605, 0.290716)","(-0.0734118, -0.995956, -0.0517997)","(-0.134063, -0.983425, -0.122075)","(-0.0342501, -0.939486, -0.34087)","(0.124337, -0.943325, -0.3077)",0
25.7667,"(-0.186065, -0.00811642, -7.90116e-06)","(0.162908, 0.943374, 0.288975)","(-0.175259, -0.953973, -0.243353)","(-0.172004, -0.969903, -0.172343)","(0.0314181, -0.948921, 0.313945)","(-0.186556, -0.940022, 0.285578)","(-0.0501227, -0.998136, -0.0348328)","(-0.174665, -0.978907, -0.105989)","(-0.0237029, -0.93957, -0.341534)","(0.115779, -0.927178, -0.356281)",0
25.8,"(-0.189867, -0.00778259, -9.48106e-06)","(0.155957, 0.952151, 0.262843)","(-0.173504, -0.951305, -0.254784)","(-0.148945, -0.976008, -0.158821)","(0.038111, -0.941239, 0.335585)","(-0.179044, -0.942028, 0.283774)","(-0.0339965, -0.999198, -0.0211389)","(-0.21703, -0.974293, -0.0604311)","(-0.00430643, -0.935968, -0.352058)","(0.106221, -0.906404, -0.408839)",0
25.8333,"(-0.19311, -0.00701282, -1.05005e-05)","(0.150413, 0.959481, 0.23827)","(-0.178995, -0.948568, -0.261113)","(-0.126549, -0.981025, -0.146885)","(0.0341412, -0.93643, 0.349191)","(-0.17263, -0.944824, 0.2784)","(-0.0279472, -0.999531, -0.0124969)","(-0.262782, -0.964846, 0.00432373)","(0.0102857, -0.929163, -0.369526)","(0.103671, -0.877893, -0.4675)",0
25.8667,"(-0.195908, -0.00624149, -1.27897e-05)","(0.147597, 0.965221, 0.215786)","(-0.188984, -0.944619, -0.26829)","(-0.104359, -0.985021, -0.137272)","(0.0218835, -0.930998, 0.364369)","(-0.17231, -0.946579, 0.272575)","(-0.0316343, -0.999306, -0.0196627)","(-0.293699, -0.954503, 0.0516213)","(0.0316823, -0.915058, -0.402076)","(0.0955331, -0.853214, -0.512737)",0
25.9,"(-0.19834, -0.005854, -1.39538e-05)","(0.146099, 0.966558, 0.210763)","(-0.198637, -0.941828, -0.271114)","(-0.0853214, -0.988783, -0.12259)","(0.0117795, -0.932745, 0.360345)","(-0.17713, -0.95093, 0.253688)","(-0.0408871, -0.99878, -0.0277016)","(-0.322929, -0.943278, 0.0770954)","(0.0492979, -0.906188, -0.419991)","(0.102775, -0.841787, -0.529935)",0
25.9333,"(-0.200624, -0.0062117, -1.3489e-05)","(0.145585, 0.966227, 0.212628)","(-0.202938, -0.942084, -0.267011)","(-0.0699683, -0.991245, -0.111975)","(0.00162343, -0.937296, 0.348531)","(-0.184779, -0.953057, 0.239875)","(-0.049447, -0.998181, -0.0344938)","(-0.333, -0.940015, 0.0740464)","(0.0701761, -0.903489, -0.422828)","(0.0831596, -0.84624, -0.526272)",0
25.9667,"(-0.202697, -0.00786912, -1.32948e-05)","(0.145859, 0.96389, 0.222805)","(-0.202491, -0.94378, -0.261297)","(-0.052783, -0.993653, -0.0993335)","(-0.00631585, -0.94489, 0.327325)","(-0.195271, -0.952951, 0.23185)","(-0.0550841, -0.997811, -0.0366012)","(-0.346646, -0.934943, 0.0756141)","(0.0925243, -0.896863, -0.432524)","(0.0818695, -0.848552, -0.52274)",0
26,"(-0.204436, -0.0102779, -1.26381e-05)","(0.145473, 0.962266, 0.229963)","(-0.196643, -0.944386, -0.263566)","(-0.0321755, -0.995395, -0.0902972)","(-0.0407922, -0.9456, 0.322764)","(-0.205212, -0.946354, 0.249604)","(-0.0670147, -0.997186, -0.0336106)","(-0.347269, -0.934929, 0.0728845)","(0.115854, -0.886321, -0.448344)","(0.0685023, -0.846726, -0.527601)",0
26.0333,"(-0.205349, -0.0138785, -1.06199e-05)","(0.14625, 0.962977, 0.226465)","(-0.180558, -0.941366, -0.285008)","(-0.00816421, -0.996724, -0.0804644)","(-0.0978126, -0.932934, 0.346508)","(-0.210312, -0.938396, 0.274193)","(-0.0780006, -0.996657, -0.0243084)","(-0.358958, -0.930157, 0.0771819)","(0.135108, -0.873407, -0.467874)","(0.0928142, -0.841057, -0.532925)",0
26.0667,"(-0.205484, -0.0180238, -8.60859e-06)","(0.142969, 0.966681, 0.212338)","(-0.158361, -0.93746, -0.309984)","(0.0181158, -0.997437, -0.0692218)","(-0.195149, -0.906369, 0.374715)","(-0.208015, -0.933621, 0.291688)","(-0.0916702, -0.995642, -0.0171577)","(-0.367393, -0.926844, 0.077345)","(0.148193, -0.864947, -0.479485)","(0.100706, -0.837611, -0.536904)",0
26.1,"(-0.204857, -0.0224147, -8.25431e-06)","(0.13494, 0.970359, 0.200488)","(-0.133134, -0.936994, -0.322982)","(0.0520969, -0.996446, -0.0661945)","(-0.338184, -0.847485, 0.409146)","(-0.202016, -0.934572, 0.292855)","(-0.102747, -0.994649, -0.0107891)","(-0.372086, -0.925325, 0.0729726)","(0.154572, -0.852406, -0.499511)","(0.0930757, -0.828378, -0.552383)",0
26.1333,"(-0.203581, -0.0273884, -8.97124e-06)","(0.118429, 0.972708, 0.199532)","(-0.117942, -0.939501, -0.321602)","(0.0952494, -0.993475, -0.0627224)","(-0.518993, -0.743415, 0.421877)","(-0.196118, -0.937796, 0.286489)","(-0.114996, -0.993331, -0.00831576)","(-0.367418, -0.927104, 0.0740393)","(0.156516, -0.847016, -0.508002)","(0.070432, -0.809987, -0.582204)",0
26.1667,"(-0.200919, -0.0324531, -7.90013e-06)","(0.0930995, 0.972921, 0.21156)","(-0.121146, -0.956099, -0.266831)","(0.133341, -0.988838, -0.0664771)","(-0.653806, -0.535257, 0.534825)","(-0.178276, -0.940368, 0.289699)","(-0.117289, -0.993023, -0.012193)","(-0.319513, -0.944814, 0.0723777)","(0.142321, -0.849416, -0.50817)","(0.0131819, -0.769652, -0.638328)",0
26.2,"(-0.196994, -0.0365298, -5.60754e-06)","(0.0632975, 0.971813, 0.227094)","(-0.125987, -0.984589, -0.121291)","(0.170853, -0.982422, -0.0752027)","(-0.652168, -0.264983, 0.710254)","(-0.1428, -0.946416, 0.289664)","(-0.114569, -0.993354, -0.0110632)","(-0.235709, -0.969929, 0.0606639)","(0.102074, -0.858536, -0.502491)","(-0.0314343, -0.720511, -0.692731)",0
26.2333,"(-0.192071, -0.040492, -1.1028e-06)","(0.0305205, 0.9722, 0.232153)","(-0.130295, -0.988408, 0.0779281)","(0.20637, -0.971631, -0.115515)","(-0.51723, -0.0113845, 0.855771)","(-0.0931979, -0.961697, 0.257785)","(-0.122944, -0.992411, 0.00224966)","(-0.124429, -0.991476, 0.0386398)","(0.0538748, -0.870311, -0.489547)","(-0.0578722, -0.670905, -0.739282)",0
26.2667,"(-0.186068, -0.0445318, 4.32946e-06)","(0.00110419, 0.972866, 0.231365)","(-0.128604, -0.952683, 0.27542)","(0.240566, -0.951317, -0.192673)","(-0.380103, 0.160224, 0.910961)","(-0.0359881, -0.986134, 0.162003)","(-0.156186, -0.987507, 0.0208844)","(-0.0291138, -0.999573, 0.00253683)","(0.0140592, -0.877548, -0.479283)","(-0.0143112, -0.662809, -0.748652)",0
26.3,"(-0.17928, -0.0472858, 1.06049e-05)","(-0.0251414, 0.975012, 0.220725)","(-0.138491, -0.91112, 0.388176)","(0.263411, -0.932665, -0.246476)","(-0.30513, 0.268734, 0.913607)","(0.013461, -0.996577, 0.0815703)","(-0.204963, -0.977599, 0.0478608)","(0.0446782, -0.997947, -0.0458908)","(-0.00663689, -0.886047, -0.463547)","(0.0633982, -0.673771, -0.736215)",0
26.3333,"(-0.172202, -0.0495359, 1.43271e-05)","(-0.0438197, 0.976767, 0.209777)","(-0.170078, -0.869242, 0.46421)","(0.276694, -0.922649, -0.268625)","(-0.249238, 0.35685, 0.900299)","(0.054271, -0.998114, 0.0286786)","(-0.247253, -0.966852, 0.063742)","(0.106119, -0.989416, -0.0989668)","(-0.0346714, -0.890976, -0.452724)","(0.142456, -0.690666, -0.709004)",0
26.3667,"(-0.164685, -0.0512232, 1.64304e-05)","(-0.053383, 0.9817, 0.182797)","(-0.218497, -0.827862, 0.516628)","(0.283187, -0.930509, -0.23229)","(-0.22825, 0.400719, 0.887314)","(0.0785459, -0.995387, 0.0550923)","(-0.280918, -0.954369, 0.101312)","(0.17707, -0.976056, -0.126336)","(-0.0659719, -0.90058, -0.429656)","(0.205034, -0.706089, -0.67779)",0
26.4,"(-0.156131, -0.0518092, 1.61047e-05)","(-0.0584837, 0.987503, 0.146349)","(-0.283195, -0.770065, 0.571665)","(0.282578, -0.937568, -0.202771)","(-0.232387, 0.40816, 0.882837)","(0.103012, -0.991459, 0.0799854)","(-0.305858, -0.945096, 0.115088)","(0.249541, -0.961293, -0.116815)","(-0.114139, -0.902531, -0.415223)","(0.258701, -0.730268, -0.632284)",0
26.4333,"(-0.146123, -0.0506775, 1.57757e-05)","(-0.0633927, 0.991122, 0.11687)","(-0.352806, -0.721472, 0.595824)","(0.255004, -0.952425, -0.16691)","(-0.246056, 0.408422, 0.879004)","(0.144099, -0.982422, 0.118674)","(-0.334302, -0.934483, 0.122407)","(0.308648, -0.947094, -0.0880269)","(-0.147816, -0.896461, -0.417742)","(0.301501, -0.762675, -0.57221)",0
26.4667,"(-0.134875, -0.048306, 1.69211e-05)","(-0.069963, 0.991747, 0.107439)","(-0.431624, -0.687469, 0.584026)","(0.204909, -0.967924, -0.14538)","(-0.26152, 0.409678, 0.87394)","(0.185613, -0.96238, 0.198424)","(-0.352308, -0.930709, 0.0982896)","(0.328524, -0.942876, -0.0552914)","(-0.190606, -0.869656, -0.455376)","(0.332183, -0.777618, -0.533821)",0
26.5,"(-0.122793, -0.0451447, 1.6571e-05)","(-0.076822, 0.988973, 0.126616)","(-0.53646, -0.654714, 0.532504)","(0.136652, -0.982166, -0.12914)","(-0.28079, 0.41101, 0.867311)","(0.19788, -0.932223, 0.30299)","(-0.355807, -0.932783, 0.0575868)","(0.316513, -0.948479, -0.0143862)","(-0.237113, -0.845311, -0.478777)","(0.33433, -0.786184, -0.519748)",0
26.5333,"(-0.11029, -0.0420403, 1.56907e-05)","(-0.0815773, 0.982298, 0.168631)","(-0.65642, -0.588403, 0.472118)","(0.0836417, -0.990382, -0.11022)","(-0.315287, 0.396951, 0.861988)","(0.153628, -0.901756, 0.404024)","(-0.343123, -0.939287, -0.00256512)","(0.287325, -0.957486, 0.0258053)","(-0.295878, -0.827155, -0.477777)","(0.323146, -0.792275, -0.517569)",0
26.5667,"(-0.0985875, -0.0387839, 1.3911e-05)","(-0.0882501, 0.97251, 0.215491)","(-0.759595, -0.507167, 0.407182)","(0.040688, -0.994047, -0.101071)","(-0.365924, 0.379643, 0.849689)","(0.0979257, -0.892766, 0.439749)","(-0.32702, -0.943456, -0.0543011)","(0.257535, -0.964981, 0.0498696)","(-0.332219, -0.826833, -0.453847)","(0.283477, -0.80658, -0.518719)",0
26.6,"(-0.0879091, -0.0354304, 1.2534e-05)","(-0.091741, 0.964736, 0.246715)","(-0.817861, -0.449248, 0.359555)","(0.0246701, -0.994918, -0.0976142)","(-0.419341, 0.36367, 0.831803)","(0.0606765, -0.892768, 0.446413)","(-0.312572, -0.946932, -0.0749589)","(0.234455, -0.970658, 0.0534155)","(-0.342946, -0.831739, -0.436576)","(0.226962, -0.826392, -0.515329)",0
26.6333,"(-0.0781707, -0.0325701, 8.12265e-06)","(-0.0953717, 0.963102, 0.251671)","(-0.833206, -0.431307, 0.346036)","(0.0226427, -0.993666, -0.110072)","(-0.445606, 0.364369, 0.817723)","(0.05078, -0.888367, 0.456317)","(-0.297184, -0.95245, -0.0672368)","(0.20946, -0.976536, 0.050044)","(-0.341269, -0.838927, -0.423955)","(0.160848, -0.845616, -0.508981)",0
26.6667,"(-0.0693848, -0.0303539, 4.98337e-06)","(-0.0977323, 0.96609, 0.238996)","(-0.832056, -0.428495, 0.352242)","(0.0377384, -0.992613, -0.115306)","(-0.452881, 0.362819, 0.814409)","(0.042791, -0.8722, 0.487274)","(-0.281326, -0.958265, -0.0508213)","(0.183082, -0.981592, 0.0543912)","(-0.345484, -0.850033, -0.397598)","(0.0959903, -0.865629, -0.491398)",0
26.7,"(-0.0619601, -0.028181, 2.4184e-06)","(-0.101307, 0.968873, 0.225879)","(-0.818667, -0.439798, 0.369272)","(0.0393962, -0.992226, -0.118052)","(-0.43846, 0.367031, 0.820391)","(-0.000767778, -0.863498, 0.504352)","(-0.268981, -0.962342, -0.039329)","(0.149623, -0.987041, 0.0579841)","(-0.353253, -0.861492, -0.364751)","(0.0419459, -0.881101, -0.471065)",0
26.7333,"(-0.0551697, -0.026703, 7.18248e-07)","(-0.103346, 0.971564, 0.213034)","(-0.807957, -0.455835, 0.373389)","(0.0306792, -0.992349, -0.119596)","(-0.431461, 0.373172, 0.82133)","(-0.065228, -0.854583, 0.515202)","(-0.263216, -0.96429, -0.0293454)","(0.110829, -0.991908, 0.0619347)","(-0.3569, -0.86781, -0.345727)","(0.00422368, -0.88522, -0.465153)",0
26.7667,"(-0.0492883, -0.0258591, -1.74289e-06)","(-0.102299, 0.973412, 0.204951)","(-0.800798, -0.472644, 0.367872)","(0.0217496, -0.991913, -0.12504)","(-0.429672, 0.378654, 0.819758)","(-0.105152, -0.855433, 0.507127)","(-0.261458, -0.964922, -0.0237748)","(0.0687283, -0.995477, 0.0655935)","(-0.357801, -0.87032, -0.338412)","(-0.0118275, -0.888639, -0.458456)",0
26.8,"(-0.0441667, -0.025118, -2.11737e-06)","(-0.100624, 0.975794, 0.194168)","(-0.807999, -0.470883, 0.354128)","(0.0230477, -0.989814, -0.14049)","(-0.442248, 0.378614, 0.813061)","(-0.10937, -0.860591, 0.497415)","(-0.260627, -0.965383, -0.0104692)","(0.0287451, -0.997124, 0.0701238)","(-0.358149, -0.871586, -0.334764)","(-0.0124671, -0.888754, -0.458214)",0
26.8333,"(-0.039465, -0.024305, -2.92052e-06)","(-0.0992671, 0.977638, 0.185392)","(-0.816763, -0.459587, 0.348825)","(0.0304125, -0.987884, -0.152184)","(-0.465119, 0.369637, 0.804384)","(-0.0825053, -0.870833, 0.484606)","(-0.259163, -0.965812, 0.00650992)","(0.00559657, -0.997054, 0.0765029)","(-0.360043, -0.871362, -0.333313)","(-0.0174983, -0.88988, -0.455859)",0
26.8667,"(-0.0352641, -0.0235116, 3.40026e-07)","(-0.0979498, 0.979858, 0.174021)","(-0.823721, -0.457653, 0.33472)","(0.0409928, -0.982303, -0.182758)","(-0.48976, 0.360443, 0.793862)","(-0.058046, -0.88676, 0.458571)","(-0.259295, -0.965618, 0.0186551)","(-0.0138406, -0.996839, 0.0782378)","(-0.364021, -0.86896, -0.335258)","(-0.0346765, -0.890124, -0.454397)",0
26.9,"(-0.0314895, -0.0227029, 5.90908e-06)","(-0.0916975, 0.981385, 0.168746)","(-0.826148, -0.453975, 0.333746)","(0.0413001, -0.982063, -0.183975)","(-0.499007, 0.347716, 0.793779)","(-0.0370218, -0.908807, 0.415572)","(-0.261904, -0.964974, 0.0151839)","(-0.0380378, -0.996543, 0.0738573)","(-0.372692, -0.864325, -0.337704)","(-0.0401069, -0.892307, -0.449643)",0
26.9333,"(-0.0280618, -0.0221685, 1.31964e-05)","(-0.0815643, 0.982993, 0.164536)","(-0.816928, -0.44522, 0.366616)","(0.0356734, -0.982467, -0.18299)","(-0.488678, 0.329989, 0.807651)","(-0.0292413, -0.932954, 0.358805)","(-0.267047, -0.963662, 0.00648487)","(-0.0631406, -0.99633, 0.0577875)","(-0.387796, -0.855342, -0.343518)","(-0.0456982, -0.888875, -0.455865)",0
26.9667,"(-0.0251441, -0.0223847, 2.21853e-05)","(-0.0669656, 0.982762, 0.172322)","(-0.799506, -0.431143, 0.418216)","(0.0284027, -0.986405, -0.161857)","(-0.472488, 0.314705, 0.823235)","(-0.04066, -0.958282, 0.282917)","(-0.273176, -0.961961, 0.00255216)","(-0.0872136, -0.995763, 0.0291569)","(-0.406269, -0.846085, -0.345086)","(-0.0390514, -0.881156, -0.47121)",0
27,"(-0.0226377, -0.0230409, 3.38081e-05)","(-0.0529006, 0.980949, 0.186926)","(-0.780162, -0.41711, 0.466227)","(0.0245024, -0.989243, -0.144218)","(-0.467469, 0.310663, 0.827624)","(-0.0579551, -0.979174, 0.194574)","(-0.284201, -0.958734, 0.00771193)","(-0.102602, -0.994722, 0.00133807)","(-0.420922, -0.837096, -0.34942)","(-0.0441806, -0.866776, -0.496736)",0
27.0333,"(-0.0197614, -0.0239504, 4.17272e-05)","(-0.039353, 0.978307, 0.203389)","(-0.778287, -0.40715, 0.478015)","(0.0191847, -0.992146, -0.123606)","(-0.474327, 0.322399, 0.81919)","(-0.0773175, -0.98974, 0.120154)","(-0.299605, -0.953953, 0.0145009)","(-0.121241, -0.99229, -0.0256931)","(-0.430609, -0.831354, -0.351321)","(-0.0452958, -0.85635, -0.514405)",0
27.0667,"(-0.016332, -0.0250324, 4.64311e-05)","(-0.0294313, 0.975753, 0.216887)","(-0.781716, -0.399028, 0.479268)","(0.00613056, -0.993925, -0.109893)","(-0.477372, 0.334832, 0.812406)","(-0.112575, -0.990298, 0.0814714)","(-0.315466, -0.948753, 0.0186675)","(-0.140249, -0.98896, -0.0478438)","(-0.438476, -0.826554, -0.352911)","(-0.053184, -0.851989, -0.520851)",0
27.1,"(-0.0123133, -0.0261047, 4.93353e-05)","(-0.0243085, 0.975259, 0.219727)","(-0.786725, -0.395029, 0.474359)","(0.00502635, -0.993672, -0.112212)","(-0.478448, 0.342325, 0.808641)","(-0.160525, -0.986135, 0.0420716)","(-0.329534, -0.943866, 0.0228803)","(-0.160798, -0.984922, -0.0638222)","(-0.455431, -0.818785, -0.349535)","(-0.071283, -0.851285, -0.519839)",0
27.1333,"(-0.00771451, -0.0267958, 4.7829e-05)","(-0.0227006, 0.975509, 0.218783)","(-0.789069, -0.395976, 0.469652)","(0.0120267, -0.992295, -0.123309)","(-0.479597, 0.344388, 0.807083)","(-0.189932, -0.981495, 0.0243621)","(-0.34228, -0.93928, 0.0244634)","(-0.177118, -0.981804, -0.068479)","(-0.475287, -0.810353, -0.342681)","(-0.0972437, -0.852425, -0.513727)",0
27.1667,"(-0.00314593, -0.0271594, 4.43019e-05)","(-0.0226546, 0.976081, 0.216223)","(-0.792339, -0.407138, 0.454353)","(0.0219073, -0.991034, -0.131803)","(-0.48649, 0.35131, 0.799943)","(-0.220238, -0.974596, -0.0407269)","(-0.351185, -0.936133, 0.0180185)","(-0.189664, -0.97968, -0.0652238)","(-0.485023, -0.803845, -0.344364)","(-0.114598, -0.852861, -0.509407)",0
27.2,"(0.0012959, -0.02705, 3.98673e-05)","(-0.0222639, 0.976237, 0.215558)","(-0.78511, -0.445311, 0.430465)","(0.0296069, -0.989507, -0.141421)","(-0.488014, 0.363505, 0.79354)","(0, 0, 0)","(-0.323545, -0.946103, 0.0144294)","(-0.196398, -0.978981, -0.055001)","(-0.489572, -0.792666, -0.363317)","(-0.129384, -0.850572, -0.509693)",0
27.2333,"(0.00534315, -0.0254479, 3.60547e-05)","(-0.0201764, 0.976223, 0.215828)","(-0.765944, -0.520285, 0.37767)","(0.04382, -0.988109, -0.147377)","(-0.489171, 0.390632, 0.779819)","(0, 0, 0)","(-0.24402, -0.969114, 0.0356734)","(-0.204118, -0.978467, -0.0306229)","(-0.497908, -0.765268, -0.407986)","(-0.14075, -0.843038, -0.519111)",0
27.2667,"(0.00908658, -0.0217887, 3.21924e-05)","(-0.0166581, 0.977195, 0.211689)","(-0.716441, -0.620577, 0.318741)","(0.0607412, -0.986968, -0.14901)","(-0.480805, 0.400587, 0.779972)","(0, 0, 0)","(-0.104444, -0.985814, 0.131384)","(-0.214433, -0.976735, 0.00264367)","(-0.506499, -0.726587, -0.464252)","(-0.157661, -0.83458, -0.527844)",0
27.3,"(0.0127342, -0.0167718, 2.98114e-05)","(-0.0126664, 0.978383, 0.206413)","(-0.626347, -0.732786, 0.265921)","(0.0687213, -0.986146, -0.150977)","(-0.468777, 0.399329, 0.787899)","(0, 0, 0)","(0.0616622, -0.966535, 0.249015)","(-0.218585, -0.975138, 0.0364079)","(-0.496716, -0.703121, -0.508817)","(-0.181087, -0.825723, -0.534217)",0
27.3333,"(0.0165369, -0.0111951, 2.34281e-05)","(-0.0108064, 0.976883, 0.213502)","(-0.52321, -0.824383, 0.215971)","(0.0533354, -0.986893, -0.15231)","(-0.455707, 0.341256, 0.822116)","(0, 0, 0)","(0.178027, -0.924641, 0.336668)","(-0.212573, -0.976149, 0.0441101)","(-0.409534, -0.777543, -0.477188)","(-0.208516, -0.758861, -0.61697)",0
27.3667,"(0.0207275, -0.00658629, 1.62363e-05)","(-0.0119497, 0.97533, 0.220429)","(-0.420521, -0.894476, 0.151902)","(0.0238574, -0.990842, -0.132901)","(-0.457395, 0.200833, 0.866288)","(-0.181536, -0.732408, 0.65622)","(0.265396, -0.901164, 0.342736)","(-0.208361, -0.977659, 0.0277157)","(-0.255328, -0.882447, -0.395088)","(-0.259449, -0.702203, -0.663021)",0
27.4,"(0.025309, -0.00357306, 1.13667e-05)","(-0.0164113, 0.976618, 0.214356)","(-0.348891, -0.935605, 0.0540271)","(-0.000962613, -0.992522, -0.122061)","(-0.524028, -0.0832918, 0.847619)","(-0.163716, -0.700724, 0.694394)","(0.311134, -0.902492, 0.297831)","(-0.224904, -0.974001, -0.0272072)","(-0.0495907, -0.947962, -0.314497)","(-0.290047, -0.711927, -0.639557)",0
27.4333,"(0.030542, -0.00259038, 6.58119e-06)","(-0.0207213, 0.982257, 0.186392)","(-0.262594, -0.962406, -0.0694168)","(-0.0174081, -0.992994, -0.116876)","(-0.525463, -0.483256, 0.700251)","(-0.163716, -0.700724, 0.694394)","(0.353134, -0.903673, 0.24222)","(-0.261464, -0.962817, -0.0679724)","(0.116975, -0.955695, -0.270119)","(-0.331323, -0.783798, -0.525248)",0
27.4667,"(0.0359846, -0.00303212, 7.27922e-07)","(-0.0250952, 0.985342, 0.168735)","(-0.193731, -0.968067, -0.159107)","(-0.0226882, -0.985465, -0.168359)","(-0.419328, -0.795023, 0.438295)","(-0.145441, -0.667093, 0.73064)","(0.368624, -0.908476, 0.196947)","(-0.299134, -0.950287, -0.0864499)","(0.234491, -0.943521, -0.234056)","(-0.352869, -0.835583, -0.421051)",0
27.5,"(0.0419499, -0.0041594, -1.05314e-06)","(-0.0289098, 0.983464, 0.178779)","(-0.143576, -0.967543, -0.207957)","(-0.0435655, -0.979585, -0.196255)","(-0.232363, -0.931087, 0.28122)","(0, 0, 0)","(0.371521, -0.912713, 0.170078)","(-0.328864, -0.940561, -0.084809)","(0.296528, -0.944884, -0.138802)","(-0.380153, -0.845019, -0.376066)",0
27.5333,"(0.0482699, -0.00517595, -2.02991e-06)","(-0.0349928, 0.977305, 0.208927)","(-0.131496, -0.976181, -0.172568)","(-0.0554442, -0.971321, -0.231218)","(-0.102969, -0.976129, 0.191232)","(0, 0, 0)","(0.372803, -0.915645, 0.150371)","(-0.346917, -0.932184, -0.103348)","(0.293797, -0.954255, -0.0554965)","(-0.393941, -0.856383, -0.333795)",0
27.5667,"(0.0554867, -0.00619833, -6.62506e-06)","(-0.0438663, 0.96775, 0.248062)","(-0.129931, -0.983757, -0.123853)","(-0.075677, -0.966308, -0.246011)","(0.00229139, -0.990025, 0.140872)","(0, 0, 0)","(0.364503, -0.921141, 0.136517)","(-0.362442, -0.922502, -0.132765)","(0.265618, -0.964053, 0.00703844)","(-0.402536, -0.858202, -0.318518)",0
27.6,"(0.0630822, -0.00719467, -1.11254e-05)","(-0.0611204, 0.958346, 0.278995)","(-0.138099, -0.987862, -0.0711206)","(-0.0576515, -0.960061, -0.273787)","(0.0668781, -0.994525, 0.0802972)","(0, 0, 0)","(0.345725, -0.929674, 0.127202)","(-0.370063, -0.916389, -0.152593)","(0.225156, -0.973999, 0.0251341)","(-0.41167, -0.853684, -0.318984)",0
27.6333,"(0.0710554, -0.0079522, -1.30814e-05)","(-0.0840109, 0.94789, 0.307323)","(-0.148383, -0.987493, -0.0533009)","(-0.0260237, -0.956853, -0.289406)","(0.117664, -0.990878, 0.0656959)","(0, 0, 0)","(0.328444, -0.937379, 0.115955)","(-0.370248, -0.915361, -0.158213)","(0.19326, -0.980915, 0.021365)","(-0.415306, -0.849441, -0.325532)",0
27.6667,"(0.0786044, -0.00862154, -1.20662e-05)","(-0.104984, 0.940593, 0.322899)","(-0.152392, -0.986753, -0.0556325)","(0.0373216, -0.956603, -0.288993)","(0.129356, -0.988942, 0.0725266)","(0, 0, 0)","(0.314323, -0.943496, 0.104956)","(-0.354966, -0.922121, -0.153921)","(0.156537, -0.987653, 0.00607369)","(-0.420287, -0.843011, -0.335696)",0
27.7,"(0.0858812, -0.00918101, -1.07713e-05)","(-0.11525, 0.942981, 0.312256)","(-0.145075, -0.987816, -0.0563321)","(0.11831, -0.961412, -0.248376)","(0.141916, -0.987049, 0.0747881)","(0, 0, 0)","(0.315709, -0.944667, 0.0890652)","(-0.303598, -0.94085, -0.15043)","(0.120562, -0.992394, -0.0248675)","(-0.46955, -0.808826, -0.35401)",0
27.7333,"(0.092341, -0.00963366, -8.4199e-06)","(-0.11371, 0.953041, 0.280682)","(-0.140665, -0.988663, -0.0525228)","(0.24427, -0.950921, -0.189952)","(0.135094, -0.989745, 0.0464182)","(0, 0, 0)","(0.319928, -0.94584, 0.0550667)","(-0.230433, -0.962869, -0.140653)","(0.0575234, -0.990791, -0.12257)","(-0.511602, -0.780325, -0.359661)",0
27.7667,"(0.097837, -0.0105264, -3.40939e-06)","(-0.103645, 0.966302, 0.235625)","(-0.143962, -0.988739, -0.0408616)","(0.407694, -0.906325, -0.111177)","(0.10511, -0.994442, 0.00611685)","(-0.039743, -0.754354, 0.655263)","(0.320935, -0.947004, 0.013579)","(-0.138761, -0.985057, -0.102018)","(-0.01185, -0.978359, -0.206573)","(-0.553914, -0.769579, -0.31769)",0
27.8,"(0.102729, -0.011789, -8.57562e-07)","(-0.077667, 0.978459, 0.191275)","(-0.160659, -0.986335, -0.0365042)","(0.583432, -0.812161, -0.00119261)","(0.044377, -0.998039, -0.0441381)","(-0.109657, -0.641849, 0.75895)","(0.296988, -0.954573, -0.0242637)","(-0.064008, -0.996558, -0.052672)","(-0.0861309, -0.95678, -0.277766)","(-0.545145, -0.790714, -0.278547)",0
27.8333,"(0.108477, -0.0152179, 3.09274e-06)","(-0.0390088, 0.988412, 0.1467)","(-0.183475, -0.982742, -0.0235665)","(0.68533, -0.709592, 0.163713)","(-0.0423407, -0.995914, -0.0797698)","(-0.122443, -0.494992, 0.860227)","(0.271694, -0.961759, -0.0346655)","(-0.0210416, -0.999755, 0.00683535)","(-0.122027, -0.956958, -0.263328)","(-0.446449, -0.872754, -0.197446)",0
27.8667,"(0.114236, -0.0242378, 6.25588e-06)","(-0.00647156, 0.992119, 0.12513)","(-0.181348, -0.983213, 0.0201431)","(0.712105, -0.619031, 0.33122)","(-0.110444, -0.985689, -0.127353)","(-0.12831, -0.206102, 0.970082)","(0.242488, -0.967864, -0.0666297)","(0.0373946, -0.999278, -0.00676201)","(-0.144543, -0.951856, -0.270328)","(-0.291467, -0.941539, -0.168973)",0
27.9,"(0.119317, -0.0369729, 7.51913e-06)","(0.016437, 0.992029, 0.12493)","(-0.18465, -0.980576, 0.0661402)","(0.696554, -0.622421, 0.356939)","(-0.155559, -0.976202, -0.1511)","(-0.0292, 0.18624, 0.98207)","(0.229274, -0.969208, -0.0898293)","(0.191578, -0.981266, 0.0203544)","(-0.180961, -0.94773, -0.262793)","(-0.146076, -0.98109, -0.126981)",0
27.9333,"(0.124936, -0.0524521, 6.8292e-06)","(0.0351276, 0.990774, 0.130896)","(-0.196278, -0.975768, 0.0967061)","(0.71432, -0.675237, 0.183856)","(-0.186943, -0.973502, -0.131707)","(0.218449, 0.545968, 0.808826)","(0.213217, -0.967653, -0.134855)","(0.391699, -0.916108, 0.0855527)","(-0.225602, -0.918159, -0.32571)","(-0.0821074, -0.988715, -0.125305)",0
27.9667,"(0.131557, -0.0714301, 7.85589e-06)","(0.0568836, 0.990924, 0.121798)","(-0.24289, -0.965663, 0.0921921)","(0.660342, -0.750862, -0.0124882)","(-0.211451, -0.973338, -0.0888887)","(0.446519, 0.677034, 0.585018)","(0.20537, -0.965961, -0.157298)","(0.528614, -0.831471, 0.170949)","(-0.292111, -0.870974, -0.395064)","(-0.0422656, -0.991927, -0.119557)",0
28,"(0.138481, -0.0921461, 2.42516e-07)","(0.0662168, 0.991145, 0.115097)","(-0.271135, -0.958221, 0.091094)","(0.574133, -0.793056, -0.203553)","(-0.244958, -0.968961, -0.0333141)","(0.720266, 0.564654, 0.402967)","(0.228171, -0.956969, -0.1793)","(0.553307, -0.809309, 0.197157)","(-0.398791, -0.783494, -0.476553)","(-0.0129996, -0.993697, -0.111339)",0
28.0333,"(0.145002, -0.10892, -4.54076e-06)","(0.0613716, 0.991148, 0.117724)","(-0.315743, -0.943568, 0.0999234)","(0.469783, -0.857137, -0.211234)","(-0.263656, -0.964231, 0.0272715)","(0.900894, 0.182067, 0.394008)","(0.252682, -0.950392, -0.181405)","(0.548259, -0.82314, 0.147828)","(-0.509791, -0.671668, -0.537564)","(-0.0264312, -0.986461, -0.16185)",0
28.0667,"(0.151546, -0.122795, -6.18026e-06)","(0.0518054, 0.987109, 0.151434)","(-0.362321, -0.925825, 0.107576)","(0.395503, -0.879265, -0.265463)","(-0.271925, -0.958282, 0.0880491)","(0.919456, -0.256851, 0.297706)","(0.309959, -0.937413, -0.158692)","(0.550531, -0.833126, 0.053069)","(-0.6213, -0.559799, -0.54828)","(-0.0628816, -0.973565, -0.219584)",0
28.1,"(0.15748, -0.135274, -7.37906e-06)","(0.0510448, 0.980058, 0.192042)","(-0.409314, -0.906312, 0.105169)","(0.344101, -0.90787, -0.239511)","(-0.258999, -0.959077, 0.114415)","(0.772057, -0.576676, 0.267155)","(0.349141, -0.929038, -0.122431)","(0.56602, -0.823036, -0.0472547)","(-0.666606, -0.491285, -0.560603)","(-0.0990951, -0.953516, -0.284584)",0
28.1333,"(0.162407, -0.144544, -8.93101e-06)","(0.054016, 0.971214, 0.232002)","(-0.421707, -0.901228, 0.0997525)","(0.311519, -0.916309, -0.251664)","(-0.24122, -0.963535, 0.115813)","(0.68431, -0.685909, 0.247484)","(0.402909, -0.914131, -0.0450362)","(0.586498, -0.800194, -0.12534)","(-0.712672, -0.435123, -0.550242)","(-0.140794, -0.93457, -0.326734)",0
28.1667,"(0.166021, -0.150412, -6.43842e-06)","(0.05965, 0.968745, 0.24078)","(-0.417267, -0.90317, 0.100857)","(0.293467, -0.929549, -0.223193)","(-0.235038, -0.965094, 0.115545)","(0.667471, -0.711241, 0.220494)","(0.446746, -0.892411, 0.0634172)","(0.647493, -0.749611, -0.13724)","(-0.739564, -0.379249, -0.556071)","(-0.205663, -0.91765, -0.34003)",0
28.2,"(0.169069, -0.154258, -5.50523e-06)","(0.0635872, 0.969702, 0.235871)","(-0.414804, -0.903612, 0.106874)","(0.293068, -0.934948, -0.199958)","(-0.231659, -0.965194, 0.121391)","(0.686482, -0.699909, 0.197154)","(0.474287, -0.868338, 0.145055)","(0.687903, -0.714806, -0.125868)","(-0.763013, -0.323048, -0.559868)","(-0.255106, -0.905924, -0.337968)",0
28.2333,"(0.171961, -0.15701, -4.89056e-06)","(0.0697864, 0.971468, 0.226672)","(-0.413635, -0.903553, 0.111792)","(0.306226, -0.932679, -0.190617)","(-0.235223, -0.963636, 0.126788)","(0.736662, -0.653275, 0.174818)","(0.485378, -0.857463, 0.170777)","(0.702564, -0.703141, -0.109529)","(-0.769464, -0.304119, -0.561638)","(-0.265852, -0.906926, -0.326814)",0
28.2667,"(0.174009, -0.156937, -3.3319e-06)","(0.0811683, 0.973344, 0.214509)","(-0.414295, -0.902341, 0.118913)","(0.339291, -0.920927, -0.191768)","(-0.235761, -0.963288, 0.128428)","(0.79141, -0.589215, 0.162774)","(0.483516, -0.862847, 0.147336)","(0.671376, -0.734774, -0.096755)","(-0.770891, -0.290502, -0.566865)","(-0.245022, -0.911904, -0.329234)",0
28.3,"(0.174009, -0.156937, -3.3319e-06)","(0.100039, 0.973748, 0.204468)","(-0.42133, -0.89856, 0.122765)","(0.398592, -0.892273, -0.212071)","(-0.238301, -0.963125, 0.124908)","(0.86344, -0.474634, 0.170862)","(0.483025, -0.867261, 0.120605)","(0.638355, -0.764075, -0.093232)","(-0.764204, -0.300342, -0.570778)","(-0.233411, -0.901657, -0.364054)",0
28.3333,"(0.17598, -0.153136, 3.241e-07)","(0.126446, 0.970795, 0.203885)","(-0.430089, -0.893287, 0.130621)","(0.497809, -0.827808, -0.258689)","(-0.235905, -0.964123, 0.121717)","(0.92417, -0.332284, 0.188407)","(0.461334, -0.887191, 0.00789163)","(0.595292, -0.792202, -0.134324)","(-0.746443, -0.339871, -0.572111)","(-0.22287, -0.886312, -0.405931)",0
28.3667,"(0.176782, -0.149138, 1.64621e-06)","(0.152875, 0.965372, 0.21139)","(-0.4402, -0.887653, 0.135262)","(0.608378, -0.729884, -0.311682)","(-0.244496, -0.962338, 0.11886)","(0.970951, -0.146417, 0.189251)","(0.392966, -0.908225, -0.143894)","(0.546807, -0.818576, -0.175885)","(-0.703821, -0.41691, -0.575171)","(-0.208359, -0.879455, -0.427954)",0
28.4,"(0.177488, -0.142827, 3.29241e-06)","(0.167527, 0.961149, 0.219378)","(-0.444744, -0.884298, 0.142196)","(0.714035, -0.606666, -0.349443)","(-0.249436, -0.961471, 0.115561)","(0.986476, -0.00101708, 0.163901)","(0.280569, -0.917518, -0.281854)","(0.492039, -0.841702, -0.222343)","(-0.653566, -0.503352, -0.565232)","(-0.174776, -0.890376, -0.420339)",0
28.4333,"(0.178663, -0.134951, 4.0967e-06)","(0.173285, 0.959592, 0.221712)","(-0.456902, -0.878114, 0.141974)","(0.78571, -0.502968, -0.360116)","(-0.257974, -0.960459, 0.104723)","(0.982685, 0.124472, 0.13725)","(0.194294, -0.925771, -0.324343)","(0.449048, -0.858868, -0.246377)","(-0.610939, -0.569092, -0.550352)","(-0.146944, -0.906498, -0.395814)",0
28.4667,"(0.18022, -0.125792, 5.21392e-06)","(0.173379, 0.959882, 0.220376)","(-0.461253, -0.875931, 0.141385)","(0.837819, -0.417457, -0.351838)","(-0.267159, -0.960205, 0.0814361)","(0.957717, 0.258168, 0.126994)","(0.12914, -0.936564, -0.325839)","(0.421327, -0.868303, -0.261789)","(-0.584507, -0.620151, -0.523225)","(-0.126154, -0.91423, -0.385056)",0
28.5,"(0.181589, -0.11531, 6.91004e-06)","(0.174886, 0.961738, 0.210891)","(-0.457459, -0.878111, 0.140188)","(0.872848, -0.34939, -0.34068)","(-0.287799, -0.956536, 0.0470148)","(0.90842, 0.401025, 0.118121)","(0.110127, -0.943965, -0.311129)","(0.412241, -0.872343, -0.262822)","(-0.589392, -0.637766, -0.495855)","(-0.122987, -0.915364, -0.383384)",0
28.5333,"(0.182657, -0.10373, 8.02726e-06)","(0.174314, 0.966429, 0.188758)","(-0.440023, -0.88772, 0.135397)","(0.903554, -0.272362, -0.330769)","(-0.312062, -0.949989, 0.0117412)","(0.8443, 0.52785, 0.0923724)","(0.0920627, -0.953453, -0.287143)","(0.411394, -0.885377, -0.216476)","(-0.595097, -0.658598, -0.460552)","(-0.142758, -0.932131, -0.332795)",0
28.5667,"(0.183442, -0.092208, 8.43666e-06)","(0.176469, 0.970953, 0.161582)","(-0.415862, -0.900656, 0.12601)","(0.92309, -0.191076, -0.333759)","(-0.339143, -0.940681, -0.0100082)","(0.770342, 0.635704, 0.049532)","(0.0857428, -0.960792, -0.263678)","(0.385549, -0.908063, -0.163628)","(-0.59837, -0.67816, -0.426676)","(-0.167649, -0.949009, -0.266977)",0
28.6,"(0.183973, -0.0813962, 8.0049e-06)","(0.180399, 0.973685, 0.139262)","(-0.394733, -0.911642, 0.114433)","(0.933215, -0.128245, -0.335654)","(-0.354908, -0.93474, -0.0173783)","(0.685216, 0.728252, 0.011344)","(0.0735927, -0.964698, -0.252869)","(0.348426, -0.931752, -0.102169)","(-0.58063, -0.715508, -0.388481)","(-0.168933, -0.967488, -0.188223)",0
28.6333,"(0.184366, -0.0709226, 7.98516e-06)","(0.183218, 0.974715, 0.127913)","(-0.376989, -0.91971, 0.109603)","(0.92918, -0.0951387, -0.357174)","(-0.362866, -0.931604, -0.0210072)","(0.590861, 0.803091, -0.0769891)","(0.0677742, -0.965661, -0.25081)","(0.29457, -0.953389, -0.0653972)","(-0.554545, -0.751635, -0.357106)","(-0.145078, -0.975869, -0.163195)",0
28.6667,"(0.18494, -0.0604157, 9.2335e-06)","(0.18151, 0.975348, 0.125501)","(-0.375304, -0.920544, 0.108378)","(0.900873, -0.080537, -0.426546)","(-0.353223, -0.935367, -0.0179733)","(0.501865, 0.826908, -0.253682)","(0.057733, -0.965286, -0.254736)","(0.261656, -0.963985, -0.0476366)","(-0.523471, -0.783655, -0.334459)","(-0.109331, -0.980978, -0.1604)",0
28.7,"(0.185591, -0.0510062, 1.11949e-05)","(0.173953, 0.976365, 0.128262)","(-0.365525, -0.924136, 0.111197)","(0.860895, -0.0946635, -0.499899)","(-0.338238, -0.940924, -0.0160203)","(0.404256, 0.817702, -0.409804)","(0.0475434, -0.967642, -0.247808)","(0.225956, -0.972997, -0.0471328)","(-0.498468, -0.805729, -0.319892)","(-0.080497, -0.981775, -0.172158)",0
28.7333,"(0.186498, -0.0421976, 1.27133e-05)","(0.160311, 0.977921, 0.134059)","(-0.340828, -0.932493, 0.119553)","(0.820738, -0.123682, -0.557756)","(-0.317162, -0.948348, 0.00660801)","(0.329775, 0.799307, -0.502352)","(0.0436593, -0.971417, -0.233332)","(0.200148, -0.978412, -0.0514856)","(-0.476317, -0.821216, -0.314208)","(-0.0624322, -0.981318, -0.181984)",0
28.7667,"(0.187374, -0.0335688, 1.50628e-05)","(0.139452, 0.980056, 0.141574)","(-0.298141, -0.946078, 0.12668)","(0.804705, -0.188241, -0.563041)","(-0.287649, -0.95725, 0.0305008)","(0.296797, 0.836413, -0.460787)","(0.0529933, -0.981996, -0.181313)","(0.161335, -0.985943, -0.0434465)","(-0.466968, -0.83558, -0.28939)","(-0.0399893, -0.984791, -0.16908)",0
28.8,"(0.188378, -0.0251114, 1.56168e-05)","(0.115146, 0.982265, 0.147976)","(-0.257291, -0.957751, 0.128509)","(0.777217, -0.286084, -0.560438)","(-0.249792, -0.966859, 0.0527973)","(0.293952, 0.865938, -0.404652)","(0.059384, -0.989044, -0.135149)","(0.130307, -0.991353, -0.0154454)","(-0.45485, -0.848935, -0.269112)","(-0.0311344, -0.988628, -0.147122)",0
28.8333,"(0.189496, -0.0176426, 1.54875e-05)","(0.0873396, 0.985355, 0.146446)","(-0.229638, -0.966883, 0.111369)","(0.724998, -0.431924, -0.536488)","(-0.206769, -0.977024, 0.051682)","(0.31114, 0.897455, -0.312676)","(0.063548, -0.99329, -0.0966239)","(0.0331408, -0.999291, 0.0178749)","(-0.382665, -0.890202, -0.247201)","(-0.0712924, -0.990425, -0.118221)",0
28.8667,"(0.190833, -0.0118, 1.47779e-05)","(0.0542122, 0.988343, 0.142262)","(-0.208314, -0.973856, 0.0906118)","(0.638045, -0.572918, -0.514455)","(-0.153213, -0.987191, 0.0444987)","(0.387017, 0.88414, -0.261752)","(0.0377751, -0.995723, -0.0843096)","(-0.0190867, -0.999156, 0.0363703)","(-0.321739, -0.916135, -0.239126)","(-0.105145, -0.987341, -0.11875)",0
28.9,"(0.19198, -0.00689833, 1.2996e-05)","(0.0194722, 0.990715, 0.134552)","(-0.197576, -0.978388, 0.0610019)","(0.529567, -0.732123, -0.428434)","(-0.0958333, -0.994821, 0.0338555)","(0.527055, 0.849678, -0.0161441)","(-0.00342675, -0.996926, -0.0782686)","(-0.0609852, -0.997363, 0.0393397)","(-0.272122, -0.931619, -0.240906)","(-0.120881, -0.984575, -0.12649)",0
28.9333,"(0.193015, -0.00260851, 1.02095e-05)","(-0.0101284, 0.992146, 0.124678)","(-0.192357, -0.980771, 0.0329787)","(0.406875, -0.87539, -0.261045)","(-0.0324752, -0.998905, 0.0336894)","(0.627473, 0.699348, 0.34233)","(-0.0631021, -0.995695, -0.0678958)","(-0.0235791, -0.998926, 0.0398764)","(-0.2965, -0.923843, -0.242078)","(-0.0818135, -0.985809, -0.146585)",0
28.9667,"(0.193744, 0.00139438, 5.14872e-06)","(-0.0301838, 0.99316, 0.112796)","(-0.198935, -0.97997, 0.00916109)","(0.253855, -0.962509, -0.0955725)","(0.0198644, -0.998596, 0.0491063)","(0.636394, 0.420314, 0.646791)","(-0.102486, -0.992451, -0.067361)","(-0.020639, -0.998567, 0.0493801)","(-0.302502, -0.920234, -0.248319)","(-0.0505299, -0.98752, -0.149166)",0
29,"(0.194107, 0.00411658, 2.98023e-08)","(-0.038993, 0.993818, 0.103947)","(-0.210934, -0.977499, 0.00178705)","(0.122486, -0.99193, -0.0327544)","(0.0572534, -0.995424, 0.0765068)","(0.682175, 0.0992912, 0.724416)","(-0.118047, -0.990988, -0.0633016)","(-0.0230209, -0.997451, 0.0675384)","(-0.305622, -0.920903, -0.241937)","(-0.031999, -0.990059, -0.136964)",0
29.0333,"(0.194107, 0.00411658, 2.98023e-08)","(-0.0456739, 0.992893, 0.109896)","(-0.226574, -0.973938, 0.0104665)","(0.0252916, -0.996021, -0.0854538)","(0.0795028, -0.988148, 0.131314)","(0.726638, -0.265777, 0.633529)","(-0.108481, -0.992938, -0.0480288)","(-0.0231437, -0.996564, 0.079532)","(-0.320833, -0.919982, -0.225167)","(-0.0280062, -0.991523, -0.126876)",0
29.0667,"(0.194056, 0.00685683, -6.17057e-06)","(-0.0554572, 0.991024, 0.121635)","(-0.24092, -0.970279, 0.0227242)","(-0.0227542, -0.990101, -0.138502)","(0.100832, -0.978788, 0.178343)","(0.638599, -0.593087, 0.490346)","(-0.0905194, -0.995542, -0.0264912)","(-0.0204007, -0.996343, 0.0829694)","(-0.341849, -0.917627, -0.202731)","(-0.0419035, -0.991964, -0.11938)",0
29.1,"(0.194219, 0.00407994, -7.88607e-06)","(-0.0737063, 0.988109, 0.13494)","(-0.254101, -0.966044, 0.0468145)","(-0.0359784, -0.98319, -0.179004)","(0.131608, -0.964771, 0.227807)","(0.497558, -0.775965, 0.387705)","(-0.076256, -0.997068, -0.006369)","(-0.016314, -0.99696, 0.0761862)","(-0.359838, -0.914752, -0.183697)","(-0.0576204, -0.990145, -0.127641)",0
29.1333,"(0.194836, -0.00231234, -7.53216e-06)","(-0.106314, 0.984656, 0.13838)","(-0.265817, -0.962116, 0.060619)","(-0.111089, -0.972232, -0.205971)","(0.191899, -0.957422, 0.21568)","(0.353617, -0.853957, 0.381722)","(-0.0712278, -0.99746, 0.000497422)","(-0.00858642, -0.997169, 0.0747034)","(-0.371811, -0.910439, -0.181267)","(-0.0722376, -0.988053, -0.136139)",0
29.1667,"(0.195511, -0.00878313, -7.60071e-06)","(-0.143038, 0.980706, 0.133252)","(-0.274184, -0.959343, 0.0669681)","(-0.185821, -0.957063, -0.222488)","(0.246166, -0.950505, 0.189585)","(0.257666, -0.879169, 0.400838)","(-0.0674835, -0.99772, -0.00105876)","(-0.000982633, -0.998008, 0.0630877)","(-0.382111, -0.905661, -0.183763)","(-0.0831407, -0.980969, -0.175461)",0
29.2,"(0.196145, -0.0143495, -5.16511e-06)","(-0.177266, 0.976464, 0.12286)","(-0.276776, -0.959375, 0.0547289)","(-0.25104, -0.938599, -0.236666)","(0.297954, -0.942462, 0.151619)","(0.198717, -0.888747, 0.413086)","(-0.0423459, -0.999077, -0.00726293)","(0.00409768, -0.99901, 0.0442911)","(-0.410613, -0.883636, -0.224912)","(-0.0958348, -0.968118, -0.231438)",0
29.2333,"(0.196644, -0.0202446, -1.29268e-06)","(-0.194826, 0.974745, 0.109157)","(-0.270724, -0.960601, 0.0628829)","(-0.236941, -0.939082, -0.248964)","(0.324776, -0.922079, 0.210453)","(0.170196, -0.902625, 0.395349)","(0.044226, -0.999009, -0.00502411)","(0.0125542, -0.999589, 0.0257786)","(-0.461992, -0.837882, -0.290718)","(-0.121542, -0.951173, -0.283721)",0
29.2667,"(0.196839, -0.0238019, 2.31639e-06)","(-0.200708, 0.975075, 0.0945751)","(-0.25939, -0.958031, 0.122039)","(-0.212039, -0.942906, -0.25684)","(0.357766, -0.842313, 0.403129)","(0.151005, -0.916587, 0.370223)","(0.17387, -0.984681, 0.0131173)","(0.032498, -0.999281, 0.0195516)","(-0.535837, -0.73427, -0.416804)","(-0.16018, -0.93752, -0.308866)",0
29.3,"(0.196839, -0.0238019, 2.31639e-06)","(-0.20736, 0.974802, 0.0822335)","(-0.232624, -0.95096, 0.203867)","(-0.170918, -0.950476, -0.259583)","(0.376904, -0.671773, 0.637703)","(0.133167, -0.927463, 0.349398)","(0.345513, -0.936354, 0.0621404)","(0.0417154, -0.999072, 0.0107318)","(-0.597652, -0.649551, -0.469995)","(-0.208274, -0.928874, -0.306293)",0
29.3333,"(0.19523, -0.0258906, 1.38015e-05)","(-0.217455, 0.973516, 0.0705755)","(-0.185061, -0.936163, 0.298916)","(-0.124679, -0.960446, -0.248994)","(0.375739, -0.352864, 0.856917)","(0.13702, -0.933803, 0.330512)","(0.471505, -0.874489, 0.113804)","(0.0422218, -0.999107, 0.00130044)","(-0.635194, -0.587265, -0.501647)","(-0.247461, -0.916993, -0.312869)",0
29.3667,"(0.193326, -0.0267105, 1.96755e-05)","(-0.225993, 0.972672, 0.0532661)","(-0.143752, -0.921026, 0.362004)","(-0.0957868, -0.965121, -0.243652)","(0.363127, 0.0527727, 0.930244)","(0.13841, -0.937287, 0.319901)","(0.560332, -0.811066, 0.16793)","(0.0375168, -0.999295, -0.00152236)","(-0.64854, -0.58166, -0.490986)","(-0.27979, -0.899246, -0.336265)",0
29.4,"(0.190522, -0.0270048, 2.41328e-05)","(-0.226652, 0.973195, 0.0389895)","(-0.129318, -0.898568, 0.419347)","(-0.0839211, -0.970739, -0.224997)","(0.30757, 0.444329, 0.841411)","(0.138241, -0.939603, 0.313106)","(0.588633, -0.783263, 0.200027)","(0.0468927, -0.998888, 0.00477922)","(-0.669847, -0.522628, -0.527414)","(-0.282259, -0.890909, -0.355825)",0
29.4333,"(0.186722, -0.0266108, 2.85015e-05)","(-0.220867, 0.97476, 0.0325809)","(-0.172504, -0.829571, 0.531087)","(0, 0, 0)","(0.269471, 0.622852, 0.734466)","(0, 0, 0)","(0.596823, -0.77285, 0.215651)","(0.0575385, -0.998279, 0.0113246)","(-0.699794, -0.45815, -0.548075)","(-0.249537, -0.899164, -0.359492)",0
29.4667,"(0.182486, -0.0256264, 3.03082e-05)","(-0.214497, 0.975954, 0.0387989)","(-0.254863, -0.679544, 0.687942)","(0, 0, 0)","(0.273868, 0.669356, 0.690622)","(0, 0, 0)","(0.584141, -0.78111, 0.220559)","(0.0684407, -0.997582, 0.0120577)","(-0.747808, -0.34702, -0.566004)","(-0.168616, -0.932888, -0.318259)",0
29.5,"(0.177752, -0.0245798, 2.2532e-05)","(-0.21182, 0.976307, 0.0442279)","(-0.315134, -0.467634, 0.825839)","(0, 0, 0)","(0.283557, 0.636536, 0.717228)","(0, 0, 0)","(0.562075, -0.796287, 0.223602)","(0.0833769, -0.995427, 0.0466134)","(-0.776248, -0.298907, -0.555062)","(-0.0965549, -0.953355, -0.285991)",0
29.5333,"(0.172341, -0.0236722, 1.50129e-05)","(-0.209811, 0.976503, 0.0492125)","(-0.483882, -0.0560772, 0.873335)","(0, 0, 0)","(0.349776, 0.830368, 0.433757)","(0, 0, 0)","(0.476967, -0.856626, 0.196708)","(0.0958548, -0.99286, 0.0710016)","(-0.754284, -0.263283, -0.601447)","(-0.0470345, -0.963187, -0.264687)",0
29.5667,"(0.16657, -0.0242443, 6.44811e-06)","(-0.206735, 0.976757, 0.0566297)","(-0.492658, 0.315125, 0.811162)","(0, 0, 0)","(0.350924, 0.929969, 0.109592)","(0, 0, 0)","(0.345438, -0.931542, 0.113585)","(0.100398, -0.989922, 0.0998738)","(-0.684132, -0.26491, -0.679548)","(-0.0116822, -0.959193, -0.282511)",0
29.6,"(0.160456, -0.0272207, 9.66713e-07)","(-0.19561, 0.97827, 0.0687291)","(-0.443095, 0.652303, 0.614953)","(0, 0, 0)","(0.282937, 0.947083, -0.151595)","(0, 0, 0)","(0.187228, -0.981433, 0.041652)","(0.0913404, -0.992115, 0.0858181)","(-0.57529, -0.23001, -0.784944)","(0.0533058, -0.949909, -0.307947)",0
29.6333,"(0.153524, -0.0321005, -1.14776e-06)","(-0.178673, 0.97914, 0.0967479)","(-0.326676, 0.705432, 0.629006)","(0, 0, 0)","(0.219732, 0.970386, 0.100342)","(0, 0, 0)","(0.0451564, -0.998926, -0.0103714)","(0.0911656, -0.992252, 0.0844147)","(-0.497578, -0.262209, -0.826839)","(0.119978, -0.9401, -0.319087)",0
29.6667,"(0.146097, -0.0382455, 2.20388e-06)","(-0.155618, 0.979997, 0.124051)","(-0.262322, 0.721627, 0.640657)","(0, 0, 0)","(0.102409, 0.931767, 0.348313)","(0, 0, 0)","(-0.0482233, -0.997048, -0.0597545)","(0.1006, -0.976408, 0.191066)","(-0.441115, -0.369181, -0.818)","(0.165874, -0.950787, -0.261705)",0
29.7,"(0.138214, -0.0449298, 3.96576e-06)","(-0.137014, 0.979547, 0.147358)","(-0.231086, 0.64669, 0.726906)","(0, 0, 0)","(0.0276368, 0.866159, 0.499003)","(0, 0, 0)","(-0.136422, -0.975002, -0.175383)","(0.119569, -0.946027, 0.301226)","(-0.379782, -0.539161, -0.751712)","(0.200152, -0.964817, -0.170493)",0
29.7333,"(0.129426, -0.0500399, 4.72926e-06)","(-0.11479, 0.982083, 0.149455)","(-0.230819, 0.581866, 0.779842)","(0, 0, 0)","(0.0345724, 0.852993, 0.520777)","(0, 0, 0)","(-0.153715, -0.94953, -0.273432)","(0.152689, -0.908759, 0.388386)","(-0.331321, -0.656609, -0.677563)","(0.239735, -0.965481, -0.101853)",0
29.7667,"(0.119987, -0.0529142, 4.62774e-06)","(-0.0897159, 0.983268, 0.158539)","(-0.261374, 0.521511, 0.812225)","(0, 0, 0)","(0.11169, 0.833771, 0.540694)","(0, 0, 0)","(-0.153724, -0.932908, -0.325656)","(0.191326, -0.908389, 0.371784)","(-0.297083, -0.717657, -0.629849)","(0.294515, -0.949514, -0.108094)",0
29.8,"(0.110355, -0.054258, -4.35486e-07)","(-0.0584762, 0.983765, 0.169668)","(-0.281063, 0.409745, 0.867821)","(0.212948, -0.972299, 0.0963746)","(0.200779, 0.763003, 0.614422)","(0.254984, -0.849724, 0.461468)","(-0.123574, -0.935858, -0.33)","(0.22962, -0.901115, 0.367785)","(-0.267292, -0.720633, -0.639721)","(0.326152, -0.936368, -0.12977)",0
29.8333,"(0.101029, -0.0536006, -1.00505e-05)","(-0.0340712, 0.981291, 0.189491)","(-0.296347, 0.196575, 0.934632)","(0.221514, -0.955326, 0.195663)","(0.24466, 0.66987, 0.701011)","(0.261251, -0.761254, 0.593498)","(-0.102682, -0.935404, -0.338343)","(0.243044, -0.875682, 0.417265)","(-0.214842, -0.70074, -0.680299)","(0.341721, -0.932051, -0.120446)",0
29.8667,"(0.0924632, -0.051497, -1.91345e-05)","(-0.0182701, 0.981839, 0.188835)","(-0.346447, -0.132731, 0.928632)","(0.219408, -0.931193, 0.291101)","(0.263375, 0.579479, 0.771257)","(0.258499, -0.624681, 0.736852)","(-0.0949505, -0.940245, -0.326992)","(0.238644, -0.847638, 0.473877)","(-0.153555, -0.708464, -0.688839)","(0.33466, -0.938348, -0.0866349)",0
29.9,"(0.0851829, -0.0494197, -2.56407e-05)","(-0.00726512, 0.983519, 0.180661)","(-0.397054, -0.475799, 0.784833)","(0.178094, -0.90952, 0.375574)","(0.236168, 0.53852, 0.808839)","(0.295989, -0.28854, 0.910569)","(-0.089799, -0.949016, -0.302168)","(0.229278, -0.828278, 0.51126)","(-0.110394, -0.724884, -0.679968)","(0.310571, -0.945599, -0.096895)",0
29.9333,"(0.0792627, -0.0465114, -3.08101e-05)","(-0.00313283, 0.984482, 0.175458)","(-0.393393, -0.707189, 0.587474)","(0.136601, -0.904465, 0.404084)","(0.177024, 0.502797, 0.846084)","(0.318396, 0.0886117, 0.943807)","(-0.0847679, -0.960827, -0.263866)","(0.222801, -0.831105, 0.509533)","(-0.0748422, -0.753753, -0.652882)","(0.253477, -0.959386, -0.123808)",0
29.9667,"(0.0745409, -0.0429951, -2.93547e-05)","(-0.000278771, 0.984478, 0.175508)","(-0.344374, -0.843594, 0.412015)","(0.118993, -0.902967, 0.412907)","(0.0479149, 0.415077, 0.908524)","(0.308574, 0.361532, 0.879816)","(-0.0717088, -0.968219, -0.239603)","(0.211158, -0.861928, 0.460968)","(-0.0533262, -0.783231, -0.61944)","(0.165957, -0.960492, -0.223411)",0
30,"(0.0708328, -0.0383392, -2.08444e-05)","(-0.00301712, 0.985633, 0.168874)","(-0.286779, -0.917906, 0.274237)","(0.149646, -0.877061, 0.456475)","(-0.156105, 0.14113, 0.977606)","(0.252265, 0.518567, 0.816977)","(-0.0646698, -0.972422, -0.224082)","(0.171085, -0.931596, 0.320716)","(-0.0352266, -0.8261, -0.562421)","(0.0804067, -0.942667, -0.323903)",0
30.0333,"(0.0677649, -0.0316856, -1.36917e-05)","(-0.00430449, 0.988947, 0.148204)","(-0.241796, -0.960655, 0.136665)","(0.185433, -0.768018, 0.612995)","(-0.342448, -0.323802, 0.881976)","(0.167411, 0.57716, 0.799287)","(-0.0542697, -0.975994, -0.210928)","(0.0970826, -0.987563, 0.123669)","(-0.0259001, -0.876241, -0.481176)","(0.0289327, -0.901176, -0.432488)",0
30.0667,"(0.0655317, -0.0245072, -6.81274e-06)","(0.00330304, 0.993088, 0.117321)","(-0.193385, -0.981123, 8.00338e-06)","(0.13405, -0.626829, 0.767539)","(-0.401407, -0.722492, 0.562919)","(0.0820364, 0.566912, 0.819684)","(-0.0400975, -0.980307, -0.193367)","(0.00863317, -0.999488, -0.0307933)","(-0.012042, -0.903462, -0.428498)","(0.0116014, -0.885255, -0.464961)",0
30.1,"(0.0637239, -0.0186897, -3.95161e-06)","(0.0146133, 0.994976, 0.0990428)","(-0.152643, -0.987096, -0.0483913)","(0.0539206, -0.505942, 0.86088)","(-0.305432, -0.900921, 0.308307)","(-0.110485, 0.528651, 0.841618)","(-0.018989, -0.983404, -0.180432)","(-0.0643391, -0.994954, -0.076993)","(-0.0016758, -0.918919, -0.394443)","(-0.0108273, -0.880161, -0.474552)",0
30.1333,"(0.0619704, -0.0130998, -1.84147e-06)","(0.0269617, 0.997011, 0.0724009)","(-0.125868, -0.986922, -0.100711)","(-0.0292902, -0.53253, 0.845904)","(-0.202907, -0.94943, 0.239606)","(-0.315878, 0.460257, 0.829689)","(0.00374192, -0.987368, -0.1584)","(-0.115442, -0.991326, -0.0628185)","(0.0127242, -0.920656, -0.390167)","(-0.0187445, -0.885995, -0.463316)",0
30.1667,"(0.0605024, -0.00817311, -3.65953e-06)","(0.0297542, 0.99769, 0.0610748)","(-0.117901, -0.988396, -0.0957742)","(-0.0534147, -0.594869, 0.802046)","(-0.113878, -0.950082, 0.290475)","(-0.494189, 0.401009, 0.771342)","(0.0275522, -0.991275, -0.128895)","(-0.143227, -0.988839, -0.0410318)","(0.0258343, -0.920277, -0.390413)","(-0.0269258, -0.879737, -0.474697)",0
30.2,"(0.0594914, -0.00564492, -4.29765e-06)","(0.0312003, 0.998453, 0.0460283)","(-0.114958, -0.985369, -0.125825)","(-0.0519865, -0.632298, 0.772979)","(-0.0608786, -0.937959, 0.341359)","(-0.558017, 0.379641, 0.737896)","(0.0426095, -0.995698, -0.082281)","(-0.158313, -0.987226, -0.0179208)","(0.0339515, -0.927376, -0.372586)","(-0.0141695, -0.888782, -0.458111)",0
30.2333,"(0.0594914, -0.00564492, -4.29765e-06)","(0.0303755, 0.998652, 0.0420802)","(-0.113746, -0.983698, -0.139284)","(0.0142563, -0.652936, 0.757279)","(-0.0311686, -0.929809, 0.36672)","(-0.587007, 0.34235, 0.733634)","(0.0492702, -0.997671, -0.0471694)","(-0.173665, -0.984787, -0.00594349)","(0.0347393, -0.927631, -0.37188)","(-0.00898182, -0.893486, -0.449001)",0
30.2667,"(0.0574457, -0.00298032, -4.55629e-06)","(0.0299118, 0.999025, 0.0324794)","(-0.115768, -0.983891, -0.136222)","(0.173512, -0.662221, 0.728943)","(-0.00603329, -0.923148, 0.384397)","(-0.583502, 0.318048, 0.747242)","(0.0469417, -0.998793, -0.0144429)","(-0.187778, -0.982197, -0.00524213)","(0.0366941, -0.9227, -0.383768)","(-0.0116024, -0.910761, -0.412772)",0
30.3,"(0.0574457, -0.00298032, -4.55629e-06)","(0.0303826, 0.999224, 0.0250667)","(-0.130225, -0.979814, -0.151674)","(0.365094, -0.62403, 0.690864)","(0.0145145, -0.922326, 0.38614)","(-0.571617, 0.257899, 0.778937)","(0.0454175, -0.998966, -0.00218027)","(-0.197422, -0.980305, -0.00513053)","(0.0426026, -0.902672, -0.428214)","(-0.0141993, -0.910768, -0.412675)",0
30.3333,"(0.0574457, -0.00298032, -4.55629e-06)","(0.0340598, 0.999201, 0.020923)","(-0.172261, -0.969806, -0.172636)","(0.509495, -0.57207, 0.642768)","(0.0257, -0.920848, 0.389074)","(-0.516073, 0.249449, 0.819417)","(0.050156, -0.99874, -0.00152349)","(-0.195869, -0.980584, -0.00951761)","(0.0410463, -0.885519, -0.462787)","(-0.0200694, -0.904214, -0.426607)",0
30.3667,"(0.0574457, -0.00298032, -4.55629e-06)","(0.0358986, 0.999093, 0.0229)","(-0.246357, -0.945604, -0.212463)","(0.571877, -0.551837, 0.606986)","(0.0476052, -0.928703, 0.367756)","(-0.425988, 0.277765, 0.861035)","(0.0588281, -0.998073, -0.0197187)","(-0.190176, -0.98151, -0.0216899)","(0.0280244, -0.876308, -0.480935)","(-0.0153264, -0.890439, -0.454844)",0
30.4,"(0.056902, -0.00511584, -5.3129e-07)","(0.0359912, 0.9991, 0.0224466)","(-0.330559, -0.912207, -0.242091)","(0.615988, -0.548687, 0.565245)","(0.057619, -0.941014, 0.333425)","(-0.287837, 0.349768, 0.891523)","(0.0686137, -0.997042, -0.0346449)","(-0.181453, -0.98289, -0.0316445)","(0.0133861, -0.875009, -0.483922)","(-0.0177216, -0.884547, -0.466115)",0
30.4333,"(0.056902, -0.00511584, -5.3129e-07)","(0.03266, 0.999119, 0.0263746)","(-0.425514, -0.90016, -0.0929983)","(0.644994, -0.542125, 0.538594)","(0.0696903, -0.865153, 0.496643)","(-0.152321, 0.434461, 0.887717)","(0.0730365, -0.996569, -0.0389407)","(-0.174225, -0.984196, -0.0316988)","(0.00391963, -0.878834, -0.477112)","(-0.0261507, -0.883815, -0.467105)",0
30.4667,"(0.056902, -0.00511584, -5.3129e-07)","(0.0277273, 0.99944, 0.0187338)","(-0.496761, -0.861066, 0.108599)","(0.669399, -0.533819, 0.516665)","(0.00402762, -0.66428, 0.747473)","(-0.0793424, 0.490086, 0.868055)","(0.0712003, -0.99719, -0.0233059)","(-0.169047, -0.985427, -0.0189046)","(0.000628387, -0.884065, -0.467364)","(-0.0361498, -0.881285, -0.471201)",0
30.5,"(0.056902, -0.00511584, -5.3129e-07)","(0.0194436, 0.999749, 0.0111394)","(-0.515142, -0.778823, 0.35786)","(0.600625, -0.562401, 0.568291)","(-0.0931925, -0.315528, 0.944329)","(-0.0152469, 0.519744, 0.854186)","(0.0636664, -0.99791, -0.0110716)","(-0.166277, -0.986063, -0.00559206)","(0.00158046, -0.891993, -0.452047)","(-0.046678, -0.87864, -0.475198)",0
30.5333,"(0.0594082, -0.00364618, -9.90547e-06)","(0.0122648, 0.999635, -0.0240907)","(-0.543839, -0.732075, 0.41025)","(0.423305, -0.618588, 0.661938)","(-0.290488, -0.0607805, 0.954946)","(0.0540374, 0.529774, 0.846416)","(0.0537881, -0.998543, 0.00441522)","(-0.164358, -0.986355, 0.00950177)","(0.00332652, -0.916143, -0.400839)","(-0.0557361, -0.901104, -0.430006)",0
30.5667,"(0.0594082, -0.00364618, -9.90547e-06)","(0.00798158, 0.998048, -0.0619335)","(-0.626861, -0.701609, 0.338807)","(0.181828, -0.628163, 0.756538)","(-0.501745, 0.170374, 0.848071)","(0.120652, 0.551066, 0.825693)","(0.04746, -0.998825, 0.0098038)","(-0.163349, -0.986292, 0.0233542)","(0.00357023, -0.939784, -0.341749)","(-0.0604753, -0.929009, -0.365083)",0
30.6,"(0.0607085, -0.00119051, -2.19879e-05)","(0.01467, 0.996033, -0.0877653)","(-0.758528, -0.640429, 0.120356)","(-0.0210389, -0.586322, 0.809805)","(-0.678949, 0.370134, 0.634057)","(0.114183, 0.602337, 0.790033)","(0.0462123, -0.998563, 0.0271294)","(-0.158995, -0.98623, 0.045504)","(0.00195351, -0.958223, -0.286015)","(-0.0655184, -0.954457, -0.291065)",0
30.6333,"(0.0607085, -0.00119051, -2.19879e-05)","(0.0252537, 0.996045, -0.0851806)","(-0.860754, -0.502802, -0.0793184)","(-0.127027, -0.545598, 0.828364)","(-0.722279, 0.507838, 0.469482)","(0.0331998, 0.650475, 0.758802)","(0.0503641, -0.997635, 0.0467851)","(-0.154864, -0.985858, 0.0640344)","(0.00316028, -0.96191, -0.273348)","(-0.0695679, -0.961267, -0.266693)",0
30.6667,"(0.0607085, -0.00119051, -2.19879e-05)","(0.0348625, 0.997109, -0.0675109)","(-0.899525, -0.414919, -0.136742)","(-0.1833, -0.550661, 0.814355)","(-0.677652, 0.584509, 0.446247)","(-0.0388171, 0.680353, 0.731856)","(0.0540763, -0.996358, 0.0659323)","(-0.148484, -0.985257, 0.0849818)","(0.0057081, -0.957254, -0.289192)","(-0.0777117, -0.955654, -0.284052)",0
30.7,"(0.0607085, -0.00119051, -2.19879e-05)","(0.0276842, 0.998103, -0.0549937)","(-0.904753, -0.424814, 0.0309093)","(-0.167232, -0.575434, 0.800568)","(-0.514893, 0.619187, 0.592868)","(-0.0839473, 0.679279, 0.729063)","(0.0553262, -0.995466, 0.077376)","(-0.14561, -0.98213, 0.119241)","(0.0172547, -0.949905, -0.312062)","(-0.0824154, -0.940687, -0.329113)",0
30.7333,"(0.0607085, -0.00119051, -2.19879e-05)","(0.0148744, 0.999303, -0.0342532)","(-0.827448, -0.469466, 0.308111)","(-0.065669, -0.607083, 0.79192)","(-0.254086, 0.622636, 0.740111)","(-0.0979924, 0.686998, 0.720021)","(0.0524464, -0.997051, 0.0560199)","(-0.142824, -0.978976, 0.145626)","(0.0289321, -0.933296, -0.357941)","(-0.086204, -0.924467, -0.371388)",0
30.7667,"(0.0607085, -0.00119051, -2.19879e-05)","(0.00201741, 0.999972, -0.00714522)","(-0.688644, -0.464332, 0.556924)","(0.108934, -0.602163, 0.790906)","(0.0201433, 0.609773, 0.79232)","(-0.0668521, 0.693641, 0.717212)","(0.0501236, -0.998257, 0.0311422)","(-0.141832, -0.976708, 0.161012)","(0.0416596, -0.920809, -0.387782)","(-0.0892405, -0.916822, -0.389197)",0
30.8,"(0.0607085, -0.00119051, -2.19879e-05)","(-0.000664146, 0.999897, 0.0143187)","(-0.593463, -0.452308, 0.665747)","(0.321976, -0.584405, 0.74485)","(0.184545, 0.614564, 0.766977)","(-0.0302957, 0.7114, 0.702134)","(0.0495053, -0.998764, 0.00445415)","(-0.140503, -0.978602, 0.150321)","(0.0478348, -0.911225, -0.409122)","(-0.0929222, -0.917331, -0.38713)",0
30.8333,"(0.0607085, -0.00119051, -2.19879e-05)","(0.000427292, 0.999799, 0.020022)","(-0.547368, -0.459447, 0.699497)","(0.458495, -0.547946, 0.699669)","(0.2418, 0.629268, 0.738617)","(0.0220272, 0.716887, 0.696841)","(0.0496727, -0.998746, 0.00631835)","(-0.139406, -0.97974, 0.143793)","(0.0532144, -0.912014, -0.406693)","(-0.0946392, -0.912027, -0.399063)",0
30.8667,"(0.0607085, -0.00119051, -2.19879e-05)","(0.000941065, 0.99992, 0.0126183)","(-0.531562, -0.46326, 0.709107)","(0.522316, -0.529831, 0.668181)","(0.220111, 0.636886, 0.738869)","(0.0513906, 0.719097, 0.693007)","(0.049065, -0.99876, 0.00845192)","(-0.139294, -0.980397, 0.139354)","(0.0582569, -0.91924, -0.389364)","(-0.092, -0.909747, -0.404841)",0
30.9,"(0.0607085, -0.00119051, -2.19879e-05)","(-0.00271544, 0.99998, 0.00575632)","(-0.523448, -0.465808, 0.71346)","(0.47345, -0.555409, 0.683642)","(0.166952, 0.6446, 0.746068)","(0.086191, 0.713416, 0.69542)","(0.0470138, -0.998842, 0.0101909)","(-0.139653, -0.981672, 0.129681)","(0.0628399, -0.925725, -0.37294)","(-0.0869656, -0.910858, -0.403454)",0
30.9333,"(0.0613893, -0.00378746, -1.59982e-05)","(-0.00788585, 0.999964, -0.00303064)","(-0.579249, -0.486374, 0.654149)","(0.327961, -0.616072, 0.716168)","(0.136933, 0.663122, 0.73588)","(0.0850702, 0.716818, 0.692052)","(0.0470341, -0.998841, 0.0102273)","(-0.139824, -0.983813, 0.11208)","(0.0630952, -0.930547, -0.360695)","(-0.0822994, -0.916309, -0.391925)",0
30.9667,"(0.0611811, -0.00588701, -1.15729e-05)","(-0.0123102, 0.999924, -0.00115476)","(-0.634511, -0.527591, 0.56484)","(0.136717, -0.653405, 0.744561)","(0.107856, 0.685932, 0.719628)","(0.0312, 0.711559, 0.701934)","(0.0491688, -0.99869, 0.0141649)","(-0.140344, -0.985548, 0.094865)","(0.0529876, -0.927839, -0.369197)","(-0.080172, -0.916818, -0.391175)",0
31,"(0.060612, -0.00918062, -5.1769e-06)","(-0.00749223, 0.999931, 0.00903438)","(-0.713438, -0.545778, 0.439468)","(-0.0704595, -0.639335, 0.765694)","(0.0373449, 0.723355, 0.689465)","(-0.0845354, 0.706122, 0.703026)","(0.0587394, -0.997868, 0.0284392)","(-0.140757, -0.986299, 0.0860295)","(0.0268265, -0.924891, -0.379286)","(-0.083183, -0.914283, -0.396443)",0
31.0333,"(0.0596169, -0.0128645, 3.32049e-06)","(0.0115428, 0.99949, 0.0297724)","(-0.773154, -0.550672, 0.314631)","(-0.223192, -0.612328, 0.758446)","(-0.0827237, 0.728739, 0.679776)","(-0.211626, 0.687403, 0.69476)","(0.0705973, -0.9961, 0.0529134)","(-0.141544, -0.984886, 0.0998284)","(-0.00412872, -0.916511, -0.399987)","(-0.0867444, -0.903979, -0.418686)",0
31.0667,"(0.0582594, -0.0163726, 9.76592e-06)","(0.0360542, 0.997855, 0.054633)","(-0.815669, -0.534884, 0.220414)","(-0.336417, -0.598488, 0.727074)","(-0.163099, 0.694111, 0.701148)","(-0.33301, 0.676128, 0.657233)","(0.0815365, -0.994136, 0.0710302)","(-0.141169, -0.981369, 0.130329)","(-0.0332062, -0.905936, -0.42211)","(-0.0838794, -0.887554, -0.453003)",0
31.1,"(0.056584, -0.0187507, 1.20466e-05)","(0.0575158, 0.995394, 0.076698)","(-0.822261, -0.533851, 0.197205)","(-0.376601, -0.613796, 0.693849)","(-0.182802, 0.633005, 0.752255)","(-0.410271, 0.65589, 0.633629)","(0.0594505, -0.994965, 0.0806819)","(-0.139374, -0.972636, 0.185886)","(-0.0376414, -0.885323, -0.463451)","(-0.0782704, -0.858895, -0.506135)",0
31.1333,"(0.0543673, -0.0205064, 1.35402e-05)","(0.0643482, 0.993106, 0.0979806)","(-0.807591, -0.541062, 0.234625)","(-0.368034, -0.616886, 0.695703)","(-0.174369, 0.584257, 0.792615)","(-0.448509, 0.640748, 0.623122)","(0.00479336, -0.995948, 0.0898079)","(-0.134813, -0.955073, 0.263934)","(-0.0276624, -0.874751, -0.483782)","(-0.0682788, -0.866083, -0.495215)",0
31.1667,"(0.0518625, -0.0210199, 1.18842e-05)","(0.0646285, 0.99144, 0.113447)","(-0.778831, -0.563134, 0.276229)","(-0.343968, -0.609788, 0.714034)","(-0.182711, 0.560472, 0.807767)","(-0.425045, 0.633515, 0.646525)","(-0.0585523, -0.996142, 0.065369)","(-0.122897, -0.951958, 0.280485)","(-0.0278585, -0.870139, -0.492018)","(-0.0584082, -0.859769, -0.507333)",0
31.2,"(0.0491037, -0.0203852, 9.46529e-06)","(0.0589537, 0.990829, 0.121585)","(-0.707343, -0.599652, 0.374278)","(-0.298854, -0.596047, 0.745261)","(-0.161996, 0.548046, 0.820611)","(-0.40937, 0.623518, 0.666064)","(-0.114243, -0.992431, 0.0450472)","(-0.10468, -0.968375, 0.226479)","(-0.0471686, -0.88266, -0.467638)","(-0.0464573, -0.861848, -0.505035)",0
31.2333,"(0.0460715, -0.0191537, 6.60415e-06)","(0.0523659, 0.991312, 0.120655)","(-0.598202, -0.649108, 0.469908)","(-0.192301, -0.588547, 0.78526)","(-0.125938, 0.555122, 0.82218)","(-0.361326, 0.622308, 0.694389)","(-0.147526, -0.988903, 0.0175091)","(-0.0878181, -0.99065, 0.104407)","(-0.0752153, -0.901113, -0.427011)","(-0.028217, -0.852367, -0.522183)",0
31.2667,"(0.0427263, -0.0172849, 5.97686e-06)","(0.045843, 0.99245, 0.113762)","(-0.485175, -0.686091, 0.542111)","(-0.0417266, -0.568049, 0.821936)","(-0.0792302, 0.573703, 0.815222)","(-0.324245, 0.640739, 0.69593)","(-0.179672, -0.983357, 0.0269776)","(-0.0783686, -0.996708, 0.0207874)","(-0.080661, -0.919798, -0.384011)","(-0.00453789, -0.873742, -0.486369)",0
31.3,"(0.0395127, -0.0148948, 5.86119e-06)","(0.0439824, 0.992984, 0.109769)","(-0.398076, -0.712404, 0.577941)","(0.142285, -0.527717, 0.837418)","(-0.0464794, 0.609203, 0.791651)","(-0.27085, 0.665349, 0.695666)","(-0.190351, -0.98114, 0.0336342)","(-0.0737319, -0.997067, -0.0205024)","(-0.0722825, -0.933664, -0.350781)","(0.0283456, -0.897422, -0.440262)",0
31.3333,"(0.0368262, -0.0126692, 7.05156e-06)","(0.047479, 0.993037, 0.107809)","(-0.323031, -0.710512, 0.625159)","(0.297291, -0.475664, 0.827866)","(-0.0117685, 0.621773, 0.783109)","(-0.230701, 0.686218, 0.689842)","(-0.192201, -0.980927, 0.0290191)","(-0.0657779, -0.997158, -0.036735)","(-0.0608686, -0.935759, -0.347347)","(0.0491265, -0.903386, -0.426006)",0
31.3667,"(0.0345954, -0.0115572, 7.6165e-06)","(0.0513484, 0.993037, 0.106026)","(-0.217973, -0.662718, 0.716445)","(0.411939, -0.43598, 0.800142)","(0.00955914, 0.622894, 0.782248)","(-0.188709, 0.697898, 0.690888)","(-0.185908, -0.982319, 0.0220597)","(-0.0566058, -0.9973, -0.046787)","(-0.0514333, -0.932079, -0.358584)","(0.053408, -0.897218, -0.438347)",0
31.4,"(0.0345954, -0.0115572, 7.6165e-06)","(0.0540749, 0.992859, 0.106335)","(-0.107951, -0.600226, 0.792512)","(0.475467, -0.412616, 0.776968)","(-0.00616461, 0.615326, 0.788249)","(-0.129724, 0.715043, 0.686939)","(-0.186463, -0.982371, 0.0133902)","(-0.0501673, -0.997503, -0.0497031)","(-0.0404443, -0.924316, -0.379479)","(0.0477647, -0.889964, -0.453522)",0
31.4333,"(0.0320457, -0.0127798, 5.4955e-06)","(0.0477119, 0.992123, 0.115825)","(0.0202709, -0.527412, 0.849368)","(0.515094, -0.402405, 0.756801)","(-0.0327001, 0.616899, 0.786363)","(-0.074194, 0.734123, 0.674951)","(-0.199301, -0.979647, 0.0239005)","(-0.045186, -0.998678, -0.0245139)","(-0.0227077, -0.915167, -0.402436)","(0.0420884, -0.889672, -0.454657)",0
31.4667,"(0.0318984, -0.0148446, 4.07207e-06)","(0.0313013, 0.992441, 0.118665)","(0.10156, -0.507306, 0.85576)","(0.573873, -0.399618, 0.714825)","(-0.0540746, 0.624058, 0.779505)","(-0.0156072, 0.749331, 0.662011)","(-0.227966, -0.968683, 0.0984137)","(-0.0396051, -0.997349, 0.0610395)","(-0.00431867, -0.906557, -0.422062)","(0.0373157, -0.905628, -0.422427)",0
31.5,"(0.0320895, -0.0173946, 9.68715e-07)","(0.00508143, 0.994002, 0.109247)","(0.149821, -0.5076, 0.848467)","(0.630398, -0.39531, 0.668078)","(-0.0622319, 0.642808, 0.763495)","(0.0423764, 0.750602, 0.659395)","(-0.259982, -0.935053, 0.241007)","(-0.0360896, -0.986945, 0.156964)","(0.0117882, -0.905408, -0.424379)","(0.0310855, -0.914254, -0.403946)",0
31.5333,"(0.0332803, -0.0206252, -4.30101e-06)","(-0.0260173, 0.995974, 0.0857865)","(0.187838, -0.495188, 0.848237)","(0.67885, -0.386144, 0.624543)","(-0.0688474, 0.65963, 0.74843)","(0.0963407, 0.731162, 0.675367)","(-0.281297, -0.881367, 0.379557)","(-0.0394127, -0.970325, 0.23857)","(0.0209019, -0.904602, -0.425745)","(0.0234951, -0.912656, -0.408053)",0
31.5667,"(0.0349526, -0.0241544, -8.11608e-06)","(-0.0611144, 0.995896, 0.0667475)","(0.246025, -0.469581, 0.847918)","(0.713806, -0.373156, 0.592652)","(-0.0710331, 0.694037, 0.716427)","(0.143701, 0.693794, 0.705692)","(-0.301961, -0.83303, 0.463552)","(-0.0502295, -0.953925, 0.29581)","(0.0292065, -0.900531, -0.433809)","(0.00663721, -0.898608, -0.438703)",0
31.6,"(0.0366321, -0.0270277, -1.07387e-05)","(-0.0900005, 0.994265, 0.05777)","(0.293019, -0.43797, 0.849896)","(0.743302, -0.363665, 0.561472)","(-0.0437479, 0.733785, 0.677972)","(0.201697, 0.651264, 0.731556)","(-0.325601, -0.830494, 0.451956)","(-0.0607862, -0.939623, 0.336768)","(0.0351857, -0.896962, -0.440705)","(-0.0106128, -0.888411, -0.458926)",0
31.6333,"(0.0381311, -0.0297, -1.42609e-05)","(-0.106548, 0.992682, 0.0568296)","(0.329034, -0.428399, 0.841552)","(0.762725, -0.363778, 0.534711)","(0.0442065, 0.733711, 0.678022)","(0.233389, 0.626335, 0.743797)","(-0.353764, -0.83626, 0.418953)","(-0.0688681, -0.943645, 0.323715)","(0.0502703, -0.886329, -0.46032)","(-0.0228393, -0.85745, -0.514061)",0
31.6667,"(0.0393683, -0.0316554, -1.77159e-05)","(-0.106772, 0.992589, 0.0580169)","(0.354949, -0.441176, 0.824242)","(0.76468, -0.367579, 0.529293)","(0.233418, 0.674461, 0.700442)","(0.254973, 0.606509, 0.753084)","(-0.365249, -0.843714, 0.393371)","(-0.0727858, -0.962116, 0.262746)","(0.0625902, -0.87288, -0.483904)","(-0.0209542, -0.819487, -0.572715)",0
31.7,"(0.0393683, -0.0316554, -1.77159e-05)","(-0.10223, 0.993456, 0.0509325)","(0.361614, -0.520953, 0.773203)","(0.764049, -0.378533, 0.522438)","(0.464158, 0.520267, 0.716854)","(0.255254, 0.585146, 0.769707)","(-0.363925, -0.832951, 0.416835)","(-0.0728214, -0.979339, 0.188661)","(0.0889494, -0.844725, -0.527757)","(-0.0219887, -0.760486, -0.648982)",0
31.7333,"(0.0393683, -0.0316554, -1.77159e-05)","(-0.0922707, 0.995262, 0.0306662)","(0.333757, -0.684062, 0.648587)","(0.768687, -0.403099, 0.496621)","(0.644007, 0.262098, 0.718721)","(0.25002, 0.553573, 0.794385)","(-0.339867, -0.815516, 0.468428)","(-0.0706074, -0.982345, 0.17324)","(0.116471, -0.827903, -0.548644)","(-0.0273053, -0.737439, -0.674862)",0
31.7667,"(0.0393683, -0.0316554, -1.77159e-05)","(-0.0725373, 0.997245, 0.0155022)","(0.26116, -0.851547, 0.454603)","(0.766683, -0.443164, 0.464546)","(0.705776, -0.130868, 0.696243)","(0.234887, 0.525144, 0.817956)","(-0.289477, -0.822133, 0.490205)","(-0.0673988, -0.971391, 0.227721)","(0.132464, -0.831334, -0.539757)","(-0.0330543, -0.744901, -0.666355)",0
31.8,"(0.0371241, -0.0267281, -2.07213e-05)","(-0.0462481, 0.99848, 0.0299668)","(0.178833, -0.954518, 0.238566)","(0.76216, -0.499178, 0.412229)","(0.550024, -0.535684, 0.640716)","(0.214223, 0.482332, 0.849391)","(-0.215477, -0.893073, 0.394957)","(-0.0702142, -0.981269, 0.179393)","(0.114436, -0.864208, -0.489948)","(-0.0283547, -0.765721, -0.642548)",0
31.8333,"(0.0361444, -0.0219503, -1.83324e-05)","(-0.0219398, 0.997076, 0.0731966)","(0.0851733, -0.994398, 0.0625945)","(0.73492, -0.558877, 0.38412)","(0.255923, -0.825405, 0.503199)","(0.215359, 0.446275, 0.868596)","(-0.116371, -0.966103, 0.230441)","(-0.071777, -0.993776, 0.0851903)","(0.0627643, -0.904581, -0.421656)","(0.00361991, -0.790456, -0.612508)",0
31.8667,"(0.0353972, -0.0172907, -1.66246e-05)","(-0.00677019, 0.992479, 0.122227)","(-0.0375336, -0.998578, -0.0378622)","(0.697162, -0.614938, 0.368532)","(-0.0757632, -0.906498, 0.415358)","(0.227163, 0.421508, 0.877911)","(-0.0438003, -0.997097, 0.0622799)","(-0.0667835, -0.995168, -0.0719749)","(0.016077, -0.927347, -0.373857)","(0.041493, -0.786622, -0.616039)",0
31.9,"(0.0351686, -0.0131709, -1.47939e-05)","(0.00318283, 0.988313, 0.152404)","(-0.219136, -0.97019, -0.103488)","(0.653112, -0.650575, 0.387554)","(-0.36685, -0.865407, 0.341309)","(0.245508, 0.432258, 0.867686)","(0.00378485, -0.99999, -0.00258977)","(-0.0459742, -0.994027, -0.0989809)","(-0.0240608, -0.935518, -0.352458)","(0.076693, -0.792641, -0.604845)",0
31.9333,"(0.0354269, -0.0104892, -1.29658e-05)","(0.00869868, 0.985737, 0.168066)","(-0.424218, -0.896762, -0.125927)","(0.627162, -0.662379, 0.409784)","(-0.552787, -0.768124, 0.323129)","(0.270791, 0.443978, 0.85414)","(0.00781911, -0.999916, -0.0103175)","(0.00260979, -0.996175, -0.0873455)","(-0.0385463, -0.935434, -0.351393)","(0.0879813, -0.796276, -0.598502)",0
31.9667,"(0.0354269, -0.0104892, -1.29658e-05)","(0.0118544, 0.984878, 0.172844)","(-0.651577, -0.746353, -0.13566)","(0.620288, -0.662781, 0.419481)","(-0.675636, -0.656655, 0.335142)","(0.31044, 0.443906, 0.84058)","(0.00482156, -0.999985, 0.00268723)","(0.0691242, -0.997377, -0.0214845)","(-0.0446685, -0.935738, -0.349856)","(0.0904794, -0.821451, -0.563055)",0
32,"(0.0354269, -0.0104892, -1.29658e-05)","(0.0144455, 0.985272, 0.170383)","(-0.827326, -0.547781, -0.12437)","(0.618438, -0.658542, 0.428785)","(-0.765868, -0.510103, 0.391461)","(0.34432, 0.440271, 0.82922)","(-0.0127245, -0.999601, 0.0252207)","(0.13659, -0.990401, 0.0212064)","(-0.0346731, -0.933502, -0.356891)","(0.103637, -0.844072, -0.526119)",0
32.0333,"(0.0386914, -0.0108495, -1.00339e-05)","(0.0160585, 0.98619, 0.164836)","(-0.94398, -0.309425, -0.114704)","(0.609593, -0.659944, 0.439169)","(-0.85049, -0.27858, 0.446161)","(0.361471, 0.428014, 0.828337)","(-0.0277039, -0.999516, 0.0141671)","(0.16995, -0.98388, 0.0556626)","(-0.0339264, -0.931514, -0.36212)","(0.13856, -0.868389, -0.476132)",0
32.0667,"(0.0413876, -0.0117167, -8.82637e-06)","(0.0178644, 0.987508, 0.156552)","(-0.987646, -0.0722667, -0.139041)","(0.584197, -0.665269, 0.464899)","(-0.904634, 0.0212465, 0.425659)","(0.373209, 0.414768, 0.829869)","(-0.0619731, -0.99807, -0.00397778)","(0.176054, -0.983559, 0.0402178)","(-0.024604, -0.92789, -0.372042)","(0.198803, -0.871441, -0.448406)",0
32.1,"(0.0447891, -0.0129211, -8.64053e-06)","(0.015418, 0.989745, 0.142009)","(-0.972382, 0.178469, -0.150409)","(0.555562, -0.674462, 0.486263)","(-0.877611, 0.297158, 0.37616)","(0.389716, 0.399241, 0.829897)","(-0.117416, -0.99302, -0.0111544)","(0.160408, -0.985646, 0.0526364)","(-0.0119325, -0.924653, -0.380623)","(0.252681, -0.865585, -0.432336)",0
32.1333,"(0.048807, -0.0148947, -8.224e-06)","(0.0142465, 0.994849, 0.100361)","(-0.918261, 0.379011, -0.114665)","(0.535743, -0.69666, 0.477121)","(-0.78296, 0.529291, 0.32684)","(0.421437, 0.38875, 0.819307)","(-0.18529, -0.981779, 0.0421536)","(0.144015, -0.987548, 0.0633204)","(-0.00129062, -0.918227, -0.396053)","(0.2766, -0.852287, -0.443959)",0
32.1667,"(0.0532161, -0.0180843, -1.14684e-05)","(0.0123275, 0.998013, 0.0617983)","(-0.841848, 0.536426, -0.0594855)","(0.511016, -0.72759, 0.457684)","(-0.564377, 0.742242, 0.361325)","(0.433911, 0.371468, 0.820812)","(-0.252331, -0.961043, 0.11281)","(0.131881, -0.988329, 0.0762435)","(0.0117693, -0.906404, -0.422248)","(0.269184, -0.837768, -0.475063)",0
32.2,"(0.0575757, -0.0223179, -1.45891e-05)","(0.00611941, 0.99946, 0.0322851)","(-0.755482, 0.650383, 0.0790524)","(0.473146, -0.762711, 0.440913)","(-0.243373, 0.909693, 0.336495)","(0.443735, 0.341366, 0.828594)","(-0.309599, -0.935237, 0.171697)","(0.124918, -0.989422, 0.0737487)","(0.0293181, -0.886194, -0.462385)","(0.25152, -0.827113, -0.502615)",0
32.2333,"(0.0616867, -0.0268755, -2.15577e-05)","(-0.00499839, 0.999521, 0.0305413)","(-0.64074, 0.739235, 0.207327)","(0.439302, -0.779011, 0.447386)","(0.153569, 0.946766, 0.282933)","(0.44515, 0.334763, 0.830527)","(-0.363785, -0.897384, 0.249726)","(0.121935, -0.988924, 0.0846299)","(0.0628367, -0.874629, -0.480703)","(0.236313, -0.822845, -0.516801)",0
32.2667,"(0.0651886, -0.0314753, -2.86291e-05)","(-0.022453, 0.999492, 0.0226041)","(-0.514553, 0.79178, 0.329119)","(0.430941, -0.800947, 0.415661)","(0.478189, 0.865749, 0.147696)","(0.458845, 0.367892, 0.808775)","(-0.399895, -0.851908, 0.338138)","(0.119258, -0.987953, 0.0986275)","(0.0803344, -0.880265, -0.467632)","(0.228492, -0.826594, -0.514328)",0
32.3,"(0.0683117, -0.0359331, -3.73241e-05)","(-0.033986, 0.999409, 0.00517217)","(-0.410374, 0.867739, 0.280396)","(0.436497, -0.821308, 0.36732)","(0.650196, 0.757351, -0.0605384)","(0.460559, 0.443739, 0.768753)","(-0.425244, -0.802967, 0.417626)","(0.123875, -0.982971, 0.135733)","(0.0873382, -0.894449, -0.438557)","(0.218777, -0.851366, -0.476772)",0
32.3333,"(0.0707172, -0.0394853, -4.36097e-05)","(-0.0429086, 0.999, -0.0125285)","(-0.315466, 0.926015, 0.207309)","(0.437662, -0.843042, 0.312621)","(0.698056, 0.67203, -0.24717)","(0.449717, 0.493582, 0.7444)","(-0.441723, -0.775589, 0.450935)","(0.131181, -0.978662, 0.15815)","(0.0832195, -0.90152, -0.42466)","(0.209156, -0.867195, -0.451913)",0
32.3667,"(0.0721295, -0.0416204, -5.03624e-05)","(-0.0446558, 0.998769, -0.0215801)","(-0.247607, 0.955222, 0.161994)","(0.435533, -0.847184, 0.304286)","(0.688126, 0.640965, -0.340068)","(0.439971, 0.525101, 0.728488)","(-0.453144, -0.754653, 0.474509)","(0.140044, -0.972973, 0.183605)","(0.0836119, -0.903816, -0.419672)","(0.195942, -0.884745, -0.422886)",0
32.4,"(0.0721295, -0.0416204, -5.03624e-05)","(-0.0445974, 0.9989, -0.0144678)","(-0.214985, 0.953947, 0.209203)","(0.438269, -0.842584, 0.313006)","(0.713689, 0.624165, -0.317908)","(0.435429, 0.523782, 0.732157)","(-0.456033, -0.738748, 0.496272)","(0.147242, -0.972224, 0.181933)","(0.0824262, -0.90179, -0.424241)","(0.180697, -0.881951, -0.435328)",0
32.4333,"(0.0726363, -0.044667, -5.17977e-05)","(-0.0383747, 0.99923, -0.00817325)","(-0.195013, 0.942748, 0.270548)","(0.429186, -0.83852, 0.335683)","(0.739951, 0.612136, -0.278858)","(0.439343, 0.51957, 0.73282)","(-0.455221, -0.73642, 0.500459)","(0.153033, -0.969968, 0.18906)","(0.0837894, -0.898573, -0.430751)","(0.168008, -0.882673, -0.438932)",0
32.4667,"(0.0726363, -0.044667, -5.17977e-05)","(-0.0277729, 0.999614, 0.000401616)","(-0.189878, 0.924409, 0.330777)","(0.408812, -0.842787, 0.350118)","(0.757931, 0.607086, -0.23872)","(0.435515, 0.500716, 0.748071)","(-0.453437, -0.749044, 0.48304)","(0.156971, -0.969326, 0.189124)","(0.0833878, -0.892978, -0.442309)","(0.160197, -0.877298, -0.452422)",0
32.5,"(0.0726363, -0.044667, -5.17977e-05)","(-0.0161819, 0.99986, 0.00425578)","(-0.184194, 0.917026, 0.353746)","(0.386334, -0.850997, 0.355739)","(0.777469, 0.591797, -0.212882)","(0.42732, 0.478174, 0.767299)","(-0.450523, -0.759842, 0.468688)","(0.156695, -0.97045, 0.183502)","(0.0820146, -0.89089, -0.446754)","(0.15868, -0.873524, -0.460191)",0
32.5333,"(0.0726363, -0.044667, -5.17977e-05)","(-0.00917368, 0.999933, 0.00701098)","(-0.177864, 0.918159, 0.354046)","(0.382612, -0.862972, 0.329982)","(0.794775, 0.564332, -0.223296)","(0.420129, 0.457698, 0.783584)","(-0.449677, -0.764828, 0.461334)","(0.152509, -0.976514, 0.152189)","(0.0814556, -0.8897, -0.449221)","(0.161503, -0.865164, -0.474772)",0
32.5667,"(0.0726363, -0.044667, -5.17977e-05)","(-0.0069908, 0.999967, 0.00426278)","(-0.164876, 0.935263, 0.313208)","(0.39828, -0.871311, 0.286688)","(0.788906, 0.526764, -0.316462)","(0.421651, 0.444916, 0.790102)","(-0.449831, -0.766313, 0.458711)","(0.146778, -0.983126, 0.109179)","(0.0810229, -0.888065, -0.452521)","(0.167173, -0.857567, -0.486449)",0
32.6,"(0.0726363, -0.044667, -5.17977e-05)","(-0.00850911, 0.999964, 0.000430448)","(-0.156108, 0.947, 0.280751)","(0.424785, -0.872408, 0.241789)","(0.771434, 0.496751, -0.397654)","(0.435127, 0.443424, 0.783607)","(-0.449183, -0.764318, 0.462658)","(0.139932, -0.987684, 0.0699909)","(0.0828552, -0.885669, -0.456865)","(0.1745, -0.851438, -0.494574)",0
32.6333,"(0.0726363, -0.044667, -5.17977e-05)","(-0.0111731, 0.999938, 6.58212e-05)","(-0.160486, 0.954062, 0.253)","(0.453421, -0.863372, 0.221358)","(0.755945, 0.47462, -0.450869)","(0.445819, 0.448748, 0.774513)","(-0.447351, -0.760046, 0.471389)","(0.136787, -0.989074, 0.0549759)","(0.0838768, -0.882712, -0.462369)","(0.178624, -0.850848, -0.494116)",0
32.6667,"(0.0726363, -0.044667, -5.17977e-05)","(-0.013954, 0.999898, 0.00299618)","(-0.166546, 0.957743, 0.234501)","(0.482743, -0.847293, 0.221479)","(0.755784, 0.466624, -0.459404)","(0.439338, 0.461726, 0.770579)","(-0.445639, -0.755765, 0.479818)","(0.135742, -0.989234, 0.0546845)","(0.0843832, -0.880653, -0.466187)","(0.180849, -0.852797, -0.48993)",0
32.7,"(0.0726363, -0.044667, -5.17977e-05)","(-0.0158668, 0.999855, 0.00611107)","(-0.174851, 0.959593, 0.220475)","(0.517038, -0.82636, 0.22316)","(0.752763, 0.462757, -0.468193)","(0.415691, 0.484792, 0.76953)","(-0.444963, -0.754154, 0.48297)","(0.134027, -0.989308, 0.0575085)","(0.0844255, -0.879648, -0.468073)","(0.183152, -0.853213, -0.488347)",0
32.7333,"(0.0726363, -0.044667, -5.17977e-05)","(-0.016913, 0.999808, 0.00984332)","(-0.180412, 0.960134, 0.213527)","(0.570097, -0.78992, 0.225866)","(0.743724, 0.460687, -0.484399)","(0.366928, 0.509349, 0.778414)","(-0.442565, -0.75479, 0.484177)","(0.128818, -0.989894, 0.0592957)","(0.0807639, -0.882175, -0.463944)","(0.188717, -0.851688, -0.48889)",0
32.7667,"(0.0726363, -0.044667, -5.17977e-05)","(-0.0179846, 0.999704, 0.016388)","(-0.182872, 0.962274, 0.201462)","(0.651183, -0.723419, 0.229404)","(0.735853, 0.450987, -0.505105)","(0.285542, 0.536653, 0.794021)","(-0.439395, -0.757109, 0.483445)","(0.119432, -0.991122, 0.0584201)","(0.0753617, -0.885448, -0.458587)","(0.198436, -0.848103, -0.491269)",0
32.8,"(0.0722184, -0.0422715, -4.45079e-05)","(-0.017772, 0.998792, 0.0458141)","(-0.174245, 0.963903, 0.20132)","(0.753117, -0.611749, 0.24203)","(0.742321, 0.442964, -0.502735)","(0.182129, 0.571301, 0.800278)","(-0.434425, -0.759911, 0.483539)","(0.110431, -0.992091, 0.0596603)","(0.0678054, -0.887708, -0.455387)","(0.207733, -0.83988, -0.501446)",0
32.8333,"(0.0722184, -0.0422715, -4.45079e-05)","(-0.0129105, 0.994742, 0.1016)","(-0.152857, 0.945859, 0.28633)","(0.859885, -0.438666, 0.261093)","(0.811013, 0.442556, -0.382625)","(0.14969, 0.630669, 0.761478)","(-0.42789, -0.759344, 0.490211)","(0.107452, -0.992296, 0.061667)","(0.0588957, -0.88657, -0.458829)","(0.211175, -0.829679, -0.516757)",0
32.8667,"(0.0722184, -0.0422715, -4.45079e-05)","(-0.00643904, 0.988046, 0.154023)","(-0.127665, 0.898572, 0.419845)","(0.930133, -0.240707, 0.277332)","(0.879948, 0.443214, -0.171034)","(0.27968, 0.684162, 0.673573)","(-0.420006, -0.752254, 0.50765)","(0.109628, -0.99164, 0.0680646)","(0.0484847, -0.883481, -0.465951)","(0.209594, -0.814938, -0.540321)",0
32.9,"(0.0722184, -0.0422715, -4.45079e-05)","(0.00224225, 0.983029, 0.183438)","(-0.110647, 0.814424, 0.569624)","(0.959152, -0.0529993, 0.277881)","(0.901524, 0.426747, 0.071708)","(0.536204, 0.64756, 0.541435)","(-0.412587, -0.743732, 0.525961)","(0.114173, -0.990472, 0.0770089)","(0.0433148, -0.880369, -0.472307)","(0.205257, -0.805384, -0.556081)",0
32.9333,"(0.0722184, -0.0422715, -4.45079e-05)","(0.0113809, 0.983086, 0.182792)","(-0.111515, 0.742401, 0.66061)","(0.963992, 0.0549986, 0.26018)","(0.882466, 0.407321, 0.235251)","(0.781247, 0.472417, 0.408015)","(-0.406308, -0.736065, 0.541407)","(0.117379, -0.989418, 0.0852842)","(0.0443722, -0.880852, -0.471307)","(0.203937, -0.801728, -0.561819)",0
32.9667,"(0.0722184, -0.0422715, -4.45079e-05)","(0.0196162, 0.984187, 0.176041)","(-0.11767, 0.698541, 0.705829)","(0.978133, 0.0806495, 0.191707)","(0.85804, 0.392102, 0.331699)","(0.900593, 0.289032, 0.324644)","(-0.400941, -0.735337, 0.546375)","(0.119143, -0.989905, 0.076771)","(0.0497291, -0.882962, -0.466803)","(0.205503, -0.806476, -0.554405)",0
33,"(0.070142, -0.041691, -1.30226e-05)","(0.0253798, 0.986252, 0.163289)","(-0.123653, 0.703117, 0.70024)","(0.995275, 0.0210615, 0.0947864)","(0.857436, 0.363581, 0.36416)","(0.948756, 0.0756783, 0.306813)","(-0.396165, -0.735412, 0.549748)","(0.119103, -0.99082, 0.0639487)","(0.0560278, -0.884555, -0.463059)","(0.209764, -0.811621, -0.545224)",0
33.0333,"(0.070142, -0.041691, -1.30226e-05)","(0.0276599, 0.987885, 0.152702)","(-0.129996, 0.726746, 0.674493)","(0.996803, -0.0795453, 0.00751195)","(0.865318, 0.331074, 0.376318)","(0.931492, -0.178105, 0.317178)","(-0.393133, -0.737758, 0.54878)","(0.116408, -0.992051, 0.0478004)","(0.0614303, -0.885773, -0.460036)","(0.214119, -0.811837, -0.543207)",0
33.0667,"(0.070142, -0.041691, -1.30226e-05)","(0.0291263, 0.990402, 0.135116)","(-0.144098, 0.737758, 0.659506)","(0.970145, -0.23521, -0.0591243)","(0.893069, 0.304237, 0.331462)","(0.838756, -0.427577, 0.337144)","(-0.397212, -0.746447, 0.533891)","(0.112834, -0.992942, 0.0365299)","(0.0675512, -0.887355, -0.456111)","(0.215268, -0.811732, -0.54291)",0
33.1,"(0.070142, -0.041691, -1.30226e-05)","(0.0280721, 0.991379, 0.127984)","(-0.164594, 0.739442, 0.652789)","(0.895636, -0.435145, -0.0921156)","(0.899836, 0.30447, 0.3124)","(0.725332, -0.586614, 0.360245)","(-0.404096, -0.76039, 0.508443)","(0.108099, -0.993974, 0.0181644)","(0.069976, -0.889545, -0.451456)","(0.213772, -0.808822, -0.547821)",0
33.1333,"(0.070142, -0.041691, -1.30226e-05)","(0.0234858, 0.992931, 0.116347)","(-0.197076, 0.758523, 0.621131)","(0.733432, -0.66848, -0.123334)","(0.915133, 0.319063, 0.246436)","(0.657524, -0.655488, 0.371479)","(-0.412236, -0.775572, 0.478069)","(0.102715, -0.994694, -0.0058546)","(0.0714986, -0.892319, -0.445707)","(0.212867, -0.810621, -0.54551)",0
33.1667,"(0.0693379, -0.0396927, -1.06517e-05)","(0.0155296, 0.994327, 0.10523)","(-0.227681, 0.810112, 0.540259)","(0.529547, -0.838852, -0.126125)","(0.926381, 0.350948, 0.136574)","(0.584524, -0.735394, 0.342823)","(-0.418138, -0.786304, 0.454848)","(0.0964244, -0.995059, -0.0236817)","(0.074104, -0.897392, -0.434967)","(0.213676, -0.819132, -0.532321)",0
33.2,"(0.0693379, -0.0396927, -1.06517e-05)","(0.00549416, 0.996048, 0.0886482)","(-0.262825, 0.869764, 0.417652)","(0.345379, -0.930112, -0.124921)","(0.908112, 0.415891, -0.0486484)","(0.514788, -0.803695, 0.29844)","(-0.42603, -0.805102, 0.412686)","(0.0909141, -0.995568, -0.02406)","(0.0776861, -0.898027, -0.433027)","(0.2145, -0.834928, -0.506838)",0
33.2333,"(0.0693379, -0.0396927, -1.06517e-05)","(-0.00456424, 0.9966, 0.0822616)","(-0.305886, 0.900905, 0.307902)","(0.20995, -0.970684, -0.117016)","(0.822142, 0.545925, -0.161396)","(0.429506, -0.870504, 0.240307)","(-0.432741, -0.834704, 0.340595)","(0.0868039, -0.996219, 0.00364208)","(0.0819465, -0.888934, -0.450645)","(0.212996, -0.842503, -0.494794)",0
33.2667,"(0.0693379, -0.0396927, -1.06517e-05)","(-0.0111874, 0.995013, 0.0991206)","(-0.353559, 0.904993, 0.236608)","(0.110014, -0.988887, -0.100002)","(0.709019, 0.705115, 0.0102365)","(0.326755, -0.918807, 0.221416)","(-0.41263, -0.873501, 0.258326)","(0.0869431, -0.995778, 0.0294591)","(0.0679867, -0.879662, -0.470715)","(0.210374, -0.843034, -0.495011)",0
33.3,"(0.0693379, -0.0396927, -1.06517e-05)","(-0.0134573, 0.990248, 0.138664)","(-0.417004, 0.880261, 0.226381)","(0.0444098, -0.995845, -0.0794953)","(0.476571, 0.847307, 0.234418)","(0.184939, -0.957734, 0.220323)","(-0.373171, -0.90741, 0.193265)","(0.0899072, -0.99484, 0.0470107)","(0.0433207, -0.878735, -0.47534)","(0.207328, -0.841104, -0.499559)",0
33.3333,"(0.0693379, -0.0396927, -1.06517e-05)","(-0.0151376, 0.985908, 0.166602)","(-0.501608, 0.83661, 0.220164)","(0.0194299, -0.99906, -0.0387445)","(0.156439, 0.897391, 0.412573)","(0.0316994, -0.956236, 0.290876)","(-0.334435, -0.931421, 0.143556)","(0.0911627, -0.994881, 0.0436067)","(0.017673, -0.897954, -0.439734)","(0.209676, -0.855995, -0.472556)",0
33.3667,"(0.0693379, -0.0396927, -1.06517e-05)","(-0.016962, 0.982412, 0.185953)","(-0.611396, 0.762574, 0.211367)","(0.0214696, -0.999747, 0.00668043)","(-0.185911, 0.888091, 0.420395)","(-0.06216, -0.930398, 0.361243)","(-0.309977, -0.94563, 0.0984798)","(0.0909836, -0.994813, 0.0454986)","(0.00118474, -0.915673, -0.401923)","(0.222966, -0.868671, -0.442376)",0
33.4,"(0.0693379, -0.0396927, -1.06517e-05)","(-0.0187367, 0.982072, 0.187572)","(-0.74663, 0.64868, 0.147509)","(0.0166897, -0.999133, 0.0381492)","(-0.512975, 0.721993, 0.464309)","(-0.0873882, -0.905085, 0.416155)","(-0.287652, -0.95632, 0.0520381)","(0.0906178, -0.994897, 0.0443593)","(-0.013011, -0.925937, -0.377455)","(0.242577, -0.873368, -0.422355)",0
33.4333,"(0.0680147, -0.0377535, 2.74031e-05)","(-0.0145125, 0.980134, 0.197803)","(-0.883455, 0.462189, 0.0767401)","(0.0155072, -0.998956, 0.0429731)","(-0.741951, 0.419874, 0.522699)","(-0.0554568, -0.89178, 0.449057)","(-0.251419, -0.967584, 0.0238595)","(0.0926082, -0.994871, 0.0406974)","(-0.0227736, -0.927062, -0.374216)","(0.264782, -0.864731, -0.426768)",0
33.4667,"(0.0661659, -0.0368415, 2.91423e-05)","(-0.00568682, 0.977975, 0.208647)","(-0.988368, 0.145105, -0.0455252)","(0.00755854, -0.999551, 0.028995)","(-0.878158, 0.028457, 0.477523)","(-0.0325128, -0.890462, 0.453895)","(-0.217866, -0.97595, 0.00750125)","(0.0979515, -0.994597, 0.0343848)","(-0.0279166, -0.928089, -0.37131)","(0.279303, -0.857146, -0.432771)",0
33.5,"(0.0641731, -0.035537, 2.55902e-05)","(0.00534786, 0.974388, 0.224808)","(-0.955597, -0.241145, -0.169363)","(0.00642671, -0.999965, -0.00531855)","(-0.837539, -0.36417, 0.407318)","(-0.00499368, -0.899123, 0.437667)","(-0.196776, -0.980399, 0.00981658)","(0.106616, -0.994296, 0.0030684)","(-0.0226711, -0.934157, -0.356143)","(0.292119, -0.858648, -0.421176)",0
33.5333,"(0.0617115, -0.0342599, 2.08217e-05)","(0.0137945, 0.97243, 0.232787)","(-0.778215, -0.558099, -0.287936)","(0.0242189, -0.999042, -0.0364374)","(-0.7148, -0.62993, 0.303726)","(-0.00063161, -0.915766, 0.401711)","(-0.194566, -0.980719, 0.0182693)","(0.115114, -0.993053, -0.0243764)","(-0.0187289, -0.93974, -0.341376)","(0.297549, -0.868986, -0.395383)",0
33.5667,"(0.0589597, -0.0332837, 1.52945e-05)","(0.0189729, 0.971928, 0.234513)","(-0.566892, -0.752702, -0.334775)","(0.0779806, -0.995203, -0.059073)","(-0.542992, -0.789097, 0.287202)","(-0.0228738, -0.926586, 0.375386)","(-0.200176, -0.979632, 0.0158639)","(0.121345, -0.991212, -0.0526767)","(-0.00566256, -0.943717, -0.330706)","(0.301721, -0.878663, -0.370022)",0
33.6,"(0.056315, -0.0324608, 8.05035e-06)","(0.0240661, 0.973367, 0.227987)","(-0.392922, -0.861455, -0.321725)","(0.158847, -0.986169, -0.0473108)","(-0.375612, -0.876933, 0.299841)","(-0.0771777, -0.914818, 0.396424)","(-0.202287, -0.979326, -0.000536304)","(0.123112, -0.990818, -0.0558869)","(0.0074478, -0.943214, -0.332101)","(0.303688, -0.884166, -0.354999)",0
33.6333,"(0.0540395, -0.0317212, 7.75419e-07)","(0.0322885, 0.976456, 0.213286)","(-0.246031, -0.926369, -0.285146)","(0.241699, -0.970072, -0.0232669)","(-0.214024, -0.921226, 0.324864)","(-0.12394, -0.879839, 0.458827)","(-0.2015, -0.979326, -0.0178257)","(0.123088, -0.990502, -0.061286)","(0.0216713, -0.940827, -0.338194)","(0.309233, -0.886991, -0.342961)",0
33.6667,"(0.0515515, -0.0308405, -2.90563e-06)","(0.045567, 0.984475, 0.16951)","(-0.153499, -0.955138, -0.253279)","(0.30949, -0.946981, 0.0862699)","(-0.0860671, -0.93147, 0.353493)","(-0.170666, -0.742094, 0.648205)","(-0.196147, -0.980313, -0.0226361)","(0.115135, -0.991202, -0.0652934)","(0.0336397, -0.939962, -0.339616)","(0.321249, -0.887786, -0.329598)",0
33.7,"(0.0492439, -0.0295757, -6.2732e-06)","(0.0660268, 0.990336, 0.121967)","(-0.101131, -0.963875, -0.246411)","(0.365937, -0.900768, 0.233894)","(-0.0607741, -0.921163, 0.384401)","(-0.216501, -0.44737, 0.867749)","(-0.181058, -0.983432, -0.00891264)","(0.100932, -0.992596, -0.0675784)","(0.0287116, -0.953354, -0.300485)","(0.343621, -0.884511, -0.315541)",0
33.7333,"(0.0475185, -0.0284005, -9.12556e-06)","(0.0851488, 0.992292, 0.0900378)","(-0.0952275, -0.96848, -0.23017)","(0.420553, -0.807017, 0.414558)","(-0.054979, -0.913811, 0.402402)","(-0.286667, -0.0208671, 0.957803)","(-0.151019, -0.988457, -0.0120518)","(0.0898014, -0.993443, -0.0707636)","(0.0116709, -0.963747, -0.266562)","(0.379485, -0.871781, -0.309821)",0
33.7667,"(0.0475185, -0.0284005, -9.12556e-06)","(0.107422, 0.989602, 0.0956491)","(-0.0856474, -0.969243, -0.230724)","(0.524387, -0.65606, 0.542774)","(-0.0887952, -0.914785, 0.39406)","(-0.38234, 0.280365, 0.880461)","(-0.111874, -0.993119, -0.0346236)","(0.0983615, -0.99239, -0.0740704)","(-0.0246405, -0.971327, -0.236467)","(0.407109, -0.860742, -0.30559)",0
33.8,"(0.0457716, -0.0245864, -7.38874e-06)","(0.128068, 0.984908, 0.116427)","(-0.0972389, -0.964435, -0.245785)","(0.652798, -0.414656, 0.633968)","(-0.0919902, -0.941913, 0.323014)","(-0.538526, 0.40726, 0.737651)","(-0.0834157, -0.993946, -0.0715026)","(0.136522, -0.987409, -0.0799077)","(-0.0524768, -0.969781, -0.238267)","(0.418792, -0.85401, -0.308674)",0
33.8333,"(0.0456933, -0.0219457, -3.15672e-06)","(0.149425, 0.978592, 0.141531)","(-0.127334, -0.948293, -0.290734)","(0.748613, -0.129111, 0.650315)","(-0.0946046, -0.959179, 0.266506)","(-0.650575, 0.46607, 0.599609)","(-0.073825, -0.993207, -0.0899449)","(0.177513, -0.980512, -0.0841768)","(-0.0664944, -0.968387, -0.240428)","(0.424736, -0.843983, -0.327555)",0
33.8667,"(0.0468987, -0.0192673, 4.05898e-06)","(0.160492, 0.973097, 0.165303)","(-0.183348, -0.930273, -0.317767)","(0.760298, 0.0962221, 0.642409)","(-0.0914514, -0.963951, 0.249871)","(-0.634396, 0.550403, 0.542769)","(-0.0838478, -0.992908, -0.0842796)","(0.203869, -0.974813, -0.0904268)","(-0.0703391, -0.965747, -0.249768)","(0.437736, -0.821197, -0.366091)",0
33.9,"(0.049569, -0.0167519, 7.03866e-06)","(0.161199, 0.970136, 0.181246)","(-0.204387, -0.928084, -0.311267)","(0.730916, 0.332395, 0.596049)","(-0.104166, -0.945312, 0.309085)","(-0.443711, 0.744287, 0.499157)","(-0.169987, -0.985427, 0.0061031)","(0.20537, -0.977502, -0.0480987)","(-0.0532969, -0.949219, -0.31007)","(0.452283, -0.798145, -0.398)",0
33.9333,"(0.0541939, -0.0147384, 9.99924e-06)","(0.15, 0.970632, 0.188079)","(-0.198285, -0.93434, -0.296126)","(0.652404, 0.523027, 0.548463)","(-0.124243, -0.931123, 0.342891)","(-0.12393, 0.8403, 0.527766)","(-0.30537, -0.938163, 0.163094)","(0.188908, -0.981972, -0.00668472)","(-0.0553342, -0.931616, -0.359206)","(0.477691, -0.768543, -0.425621)",0
33.9667,"(0.0596823, -0.0152449, 1.30126e-05)","(0.126329, 0.974856, 0.183564)","(-0.182667, -0.945101, -0.270957)","(0.56308, 0.687765, 0.458171)","(-0.145726, -0.922894, 0.356415)","(0.189703, 0.857686, 0.4779)","(-0.462433, -0.829048, 0.31438)","(0.158075, -0.986932, 0.0312741)","(-0.115005, -0.921833, -0.370132)","(0.515074, -0.751748, -0.411793)",0
34,"(0.0663864, -0.0171584, 1.5418e-05)","(0.0987693, 0.980193, 0.171658)","(-0.18316, -0.952966, -0.24147)","(0.496581, 0.757049, 0.424599)","(-0.157608, -0.921695, 0.354454)","(0.373338, 0.814774, 0.443578)","(-0.57123, -0.755846, 0.319989)","(0.132597, -0.99094, 0.0213538)","(-0.253499, -0.909586, -0.329229)","(0.550497, -0.733347, -0.398943)",0
34.0333,"(0.0730135, -0.0205622, 1.52908e-05)","(0.0710633, 0.985334, 0.155133)","(-0.190911, -0.96229, -0.193779)","(0.449747, 0.802101, 0.39289)","(-0.167016, -0.911929, 0.374822)","(0.448637, 0.822166, 0.350383)","(-0.629446, -0.744685, 0.221903)","(0.112996, -0.99355, 0.00945528)","(-0.413751, -0.869631, -0.269355)","(0.570668, -0.7339, -0.368414)",0
34.0667,"(0.0787455, -0.0240922, 1.73058e-05)","(0.0524161, 0.989665, 0.133477)","(-0.197721, -0.967064, -0.160294)","(0.412047, 0.822646, 0.391754)","(-0.153764, -0.903908, 0.399133)","(0.399072, 0.864201, 0.306427)","(-0.643588, -0.759229, 0.0967761)","(0.111334, -0.993782, 0.0010567)","(-0.505209, -0.826472, -0.248409)","(0.569988, -0.737549, -0.362127)",0
34.1,"(0.0828055, -0.0273872, 1.90439e-05)","(0.0371475, 0.995026, 0.0924268)","(-0.204584, -0.968408, -0.142588)","(0.380526, 0.819756, 0.428019)","(-0.139649, -0.894079, 0.425584)","(0.302403, 0.896577, 0.323577)","(-0.630491, -0.774901, 0.0448283)","(0.100493, -0.994921, 0.00572566)","(-0.507763, -0.829253, -0.233489)","(0.581632, -0.742845, -0.33149)",0
34.1333,"(0.0856248, -0.0294492, 1.73084e-05)","(0.0255127, 0.997964, 0.0584522)","(-0.20905, -0.967631, -0.141383)","(0.367247, 0.787755, 0.494543)","(-0.131408, -0.889045, 0.438555)","(0.148321, 0.908656, 0.390313)","(-0.622107, -0.782179, 0.0343263)","(0.101025, -0.994302, 0.0340153)","(-0.45663, -0.854338, -0.248184)","(0.591808, -0.751974, -0.290343)",0
34.1667,"(0.0856248, -0.0294492, 1.73084e-05)","(0.0181018, 0.999201, 0.0356251)","(-0.203903, -0.966292, -0.157173)","(0.341189, 0.718181, 0.60647)","(-0.130495, -0.883119, 0.450635)","(0.0415344, 0.884034, 0.465574)","(-0.61332, -0.788069, 0.052772)","(0.102155, -0.992655, 0.0648084)","(-0.273857, -0.925005, -0.263379)","(0.600937, -0.762745, -0.238946)",0
34.2,"(0.0856248, -0.0294492, 1.73084e-05)","(0.0134918, 0.999334, 0.033895)","(-0.124245, -0.960869, -0.247576)","(0.312015, 0.541666, 0.780541)","(-0.146785, -0.920266, 0.362719)","(-0.0169217, 0.80912, 0.5874)","(-0.557253, -0.826825, 0.0763429)","(0.110938, -0.991089, 0.0737271)","(-0.0396745, -0.965012, -0.259186)","(0.601539, -0.768849, -0.216844)",0
34.2333,"(0.0844349, -0.0241832, 7.90134e-06)","(0.0175875, 0.999682, 0.0180799)","(0.0161194, -0.848641, -0.528723)","(0.26275, 0.29484, 0.918712)","(-0.0474907, -0.996409, -0.0701005)","(-0.0206001, 0.761578, 0.647746)","(-0.447335, -0.888077, 0.105885)","(0.110408, -0.992107, 0.0594511)","(0.212435, -0.949267, -0.23187)","(0.597213, -0.77238, -0.216253)",0
34.2667,"(0.080321, -0.017429, 1.03617e-05)","(0.0256394, 0.999641, 0.00777607)","(0.127723, -0.702199, -0.700431)","(0.19809, 0.0323848, 0.979649)","(-0.0480605, -0.902263, -0.428499)","(-0.0112261, 0.672797, 0.739742)","(-0.248941, -0.960001, 0.128165)","(0.0841221, -0.995469, 0.044338)","(0.288328, -0.934426, -0.209079)","(0.617521, -0.763379, -0.189526)",0
34.3,"(0.0757848, -0.00900079, 1.08259e-05)","(0.0399565, 0.999198, -0.00251506)","(0.133363, -0.603007, -0.78651)","(0.165473, -0.175839, 0.970412)","(-0.0398717, -0.761572, -0.646853)","(-0.00880886, 0.60682, 0.79479)","(-0.0613227, -0.992064, 0.109767)","(0.0514004, -0.998033, 0.0358988)","(0.28088, -0.942653, -0.18031)","(0.642793, -0.745721, -0.175263)",0
34.3333,"(0.0713053, -0.000265551, 4.93675e-06)","(0.0495305, 0.998702, -0.0118963)","(0.0835008, -0.702727, -0.706542)","(0.13101, -0.367915, 0.920584)","(-0.169564, -0.847886, -0.502331)","(-0.0318352, 0.537458, 0.842689)","(0.0833034, -0.994782, 0.0589046)","(-0.0132438, -0.997496, 0.0694682)","(0.221158, -0.963125, -0.153232)","(0.697498, -0.705089, -0.127851)",0
34.3667,"(0.0671056, 0.00656704, 3.38629e-06)","(0.0558042, 0.998065, -0.0274179)","(0.0601385, -0.78298, -0.619133)","(0.0960368, -0.548847, 0.830388)","(-0.187496, -0.922201, -0.338217)","(-0.072737, 0.51482, 0.854207)","(0.14338, -0.989664, -0.0026681)","(-0.0783964, -0.99131, 0.105632)","(0.202156, -0.972245, -0.117785)","(0.720682, -0.679536, -0.137288)",0
34.4,"(0.0638803, 0.00985877, -2.33129e-06)","(0.0562495, 0.997827, -0.0343206)","(0.0569495, -0.826732, -0.559707)","(0.0503354, -0.68732, 0.724609)","(-0.194296, -0.958712, -0.207656)","(-0.165968, 0.544314, 0.8223)","(0.174681, -0.983022, -0.05617)","(-0.126335, -0.983734, 0.127694)","(0.271671, -0.95264, -0.136643)","(0.631204, -0.764567, -0.130459)",0
34.4333,"(0.0616473, 0.0109958, -1.06107e-05)","(0.059865, 0.998164, -0.00915412)","(0.0644346, -0.878799, -0.472822)","(0.0279332, -0.862241, 0.505728)","(-0.174662, -0.984256, 0.0270679)","(-0.51446, 0.582389, 0.629408)","(0.168768, -0.980627, -0.0994363)","(-0.13322, -0.986108, 0.0992136)","(0.310548, -0.932815, -0.182798)","(0.498938, -0.853373, -0.151047)",0
34.4667,"(0.0587518, 0.00965879, -1.7577e-05)","(0.0665049, 0.997489, 0.0243338)","(0, 0, 0)","(0.0469627, -0.959393, 0.278135)","(0, 0, 0)","(-0.891511, 0.0864367, 0.444677)","(0.151442, -0.980395, -0.126063)","(-0.112697, -0.991348, 0.0672974)","(0.326641, -0.915935, -0.233171)","(0.335138, -0.930259, -0.149334)",1
34.5,"(0.0551236, 0.00654318, -1.72202e-05)","(0.080929, 0.994767, 0.0623702)","(0, 0, 0)","(0.0633086, -0.993612, 0.0934196)","(0, 0, 0)","(-0.8108, -0.579248, 0.0841107)","(0.119591, -0.985092, -0.123657)","(-0.101263, -0.993835, 0.0451418)","(0.268805, -0.9308, -0.2477)","(0.287205, -0.946837, -0.144957)",0
34.5333,"(0.0507763, 0.00349027, -2.16819e-05)","(0.0939416, 0.98974, 0.107654)","(0, 0, 0)","(0.0700926, -0.997423, 0.0153263)","(0, 0, 0)","(-0.410484, -0.900743, 0.142002)","(0.11342, -0.986012, -0.122134)","(-0.0875691, -0.995588, 0.0336925)","(0.269587, -0.930343, -0.248567)","(0.243436, -0.961522, -0.127332)",0
34.5667,"(0.046089, 0.000849366, -2.38582e-05)","(0.107476, 0.983173, 0.147718)","(0, 0, 0)","(0.061109, -0.997978, -0.0174898)","(0, 0, 0)","(-0.300145, -0.943372, 0.141291)","(0.126685, -0.984787, -0.118932)","(-0.0740399, -0.996985, 0.0232218)","(0.281068, -0.927619, -0.246016)","(0.233468, -0.966112, -0.110093)",0
34.6,"(0.041182, -0.00146357, -2.48645e-05)","(0.115533, 0.976007, 0.18456)","(0, 0, 0)","(0.0595927, -0.996327, -0.0614849)","(0, 0, 0)","(-0.243229, -0.954819, 0.170766)","(0.140758, -0.98152, -0.129635)","(-0.0608653, -0.997963, 0.0191292)","(0.28235, -0.921126, -0.267967)","(0.251863, -0.962547, -0.100342)",0
34.6333,"(0.0369241, -0.00303209, -2.08601e-05)","(0.127604, 0.972202, 0.196316)","(0, 0, 0)","(0.0602256, -0.997709, -0.0308171)","(0, 0, 0)","(-0.225096, -0.963291, 0.146296)","(0.147708, -0.981616, -0.120882)","(-0.0604372, -0.998012, 0.0178448)","(0.277572, -0.920592, -0.274709)","(0.272643, -0.957099, -0.098114)",0
34.6667,"(0.0331374, -0.00357919, -1.64054e-05)","(0.140744, 0.968279, 0.20646)","(0, 0, 0)","(0.0642928, -0.997922, 0.00429484)","(0, 0, 0)","(-0.223749, -0.96686, 0.122953)","(0.141317, -0.983363, -0.114134)","(-0.0897632, -0.995417, 0.0329825)","(0.281748, -0.923399, -0.260675)","(0.322253, -0.943003, -0.083055)",0
34.7,"(0.0302966, -0.00499562, -1.39166e-05)","(0.153717, 0.96663, 0.204936)","(0, 0, 0)","(0.0732987, -0.994655, 0.0727181)","(0, 0, 0)","(-0.239001, -0.967966, 0.076942)","(0.130251, -0.986658, -0.0976744)","(-0.146333, -0.98762, 0.0565003)","(0.300366, -0.926014, -0.228643)","(0.378922, -0.922927, -0.0679957)",0
34.7333,"(0.0279227, -0.00719882, -1.24834e-05)","(0.156703, 0.964814, 0.211136)","(0, 0, 0)","(0.0907104, -0.988208, 0.123354)","(0, 0, 0)","(-0.246296, -0.966754, 0.0687354)","(0.11796, -0.98723, -0.107058)","(-0.231104, -0.969959, 0.0759567)","(0.319332, -0.919994, -0.227241)","(0.425172, -0.902647, -0.0667578)",0
34.7667,"(0.0257797, -0.00967556, -1.20986e-05)","(0.147992, 0.965646, 0.213604)","(0, 0, 0)","(0.124974, -0.980504, 0.151635)","(0, 0, 0)","(-0.248085, -0.964586, 0.0895938)","(0.107382, -0.986693, -0.122093)","(-0.314599, -0.946074, 0.0772782)","(0.329995, -0.911729, -0.244649)","(0.426493, -0.901374, -0.0750247)",0
34.8,"(0.0231243, -0.0123681, -1.33023e-05)","(0.132, 0.96699, 0.217961)","(0, 0, 0)","(0.155322, -0.973703, 0.166669)","(0, 0, 0)","(-0.230476, -0.96636, 0.114148)","(0.102807, -0.984494, -0.142136)","(-0.411231, -0.909013, 0.0677111)","(0.331238, -0.908648, -0.254243)","(0.408767, -0.906358, -0.106888)",0
34.8333,"(0.0198333, -0.0147995, -1.46918e-05)","(0.119388, 0.970868, 0.207754)","(0, 0, 0)","(0.175217, -0.968404, 0.177464)","(0, 0, 0)","(-0.198201, -0.974368, 0.106414)","(0.113971, -0.982355, -0.148287)","(-0.496237, -0.866559, 0.0531388)","(0.313948, -0.918453, -0.240586)","(0.398183, -0.905793, -0.144877)",0
34.8667,"(0.0157327, -0.016081, -1.58552e-05)","(0.113289, 0.974031, 0.196033)","(0, 0, 0)","(0.173676, -0.970221, 0.168841)","(0, 0, 0)","(-0.161688, -0.983712, 0.0785286)","(0.135072, -0.979223, -0.151254)","(-0.552266, -0.832997, 0.0334353)","(0.297654, -0.925216, -0.235323)","(0.378318, -0.907682, -0.181627)",0
34.9,"(0.0106296, -0.0167444, -1.72783e-05)","(0.110971, 0.978135, 0.175888)","(0, 0, 0)","(0.168093, -0.974703, 0.147303)","(0, 0, 0)","(-0.135029, -0.988738, 0.0645286)","(0.15916, -0.975567, -0.15145)","(-0.56117, -0.827673, 0.00678658)","(0.299283, -0.925284, -0.232978)","(0.283247, -0.939621, -0.19205)",0
34.9333,"(0.00525839, -0.0188129, -1.90914e-05)","(0.108008, 0.981259, 0.159576)","(0, 0, 0)","(0.166109, -0.979257, 0.11603)","(0, 0, 0)","(-0.123275, -0.990819, 0.0555079)","(0.188516, -0.971244, -0.145423)","(-0.545413, -0.838022, -0.0156453)","(0.326375, -0.918798, -0.222014)","(0.112723, -0.977185, -0.180007)",0
34.9667,"(2.23398e-05, -0.0225054, -2.08724e-05)","(0.102262, 0.983551, 0.148899)","(0, 0, 0)","(0.180206, -0.97874, 0.0979456)","(0, 0, 0)","(-0.119154, -0.991205, 0.0575733)","(0.217566, -0.965115, -0.145663)","(-0.531121, -0.84674, -0.0306824)","(0.365112, -0.905093, -0.217945)","(-0.0549016, -0.984873, -0.164347)",0
35,"(-0.00558567, -0.0275292, -2.29102e-05)","(0.0959433, 0.98334, 0.154393)","(0, 0, 0)","(0.199483, -0.976774, 0.0782238)","(0, 0, 0)","(-0.121038, -0.991403, 0.0496904)","(0.245121, -0.956967, -0.155338)","(-0.528626, -0.848176, -0.0339484)","(0.406513, -0.885495, -0.225048)","(-0.154613, -0.976656, -0.14912)",0
35.0333,"(-0.0115957, -0.0328337, -2.33218e-05)","(0.0906765, 0.981608, 0.167998)","(0, 0, 0)","(0.213036, -0.97463, 0.0686382)","(0, 0, 0)","(-0.124101, -0.991905, 0.0268955)","(0.265588, -0.949575, -0.166645)","(-0.525025, -0.850405, -0.0340419)","(0.450153, -0.8626, -0.230833)","(-0.185142, -0.972468, -0.14152)",0
35.0667,"(-0.0176194, -0.0380117, -2.22117e-05)","(0.0888554, 0.978836, 0.184349)","(0, 0, 0)","(0.21426, -0.974212, 0.0707303)","(0, 0, 0)","(-0.12576, -0.991988, 0.0119886)","(0.279475, -0.943221, -0.179523)","(-0.522395, -0.85216, -0.0304464)","(0.482545, -0.844419, -0.232608)","(-0.188356, -0.973959, -0.126201)",0
35.1,"(-0.0238396, -0.0410274, -2.12941e-05)","(0.0889016, 0.977118, 0.193228)","(0, 0, 0)","(0.211103, -0.973764, 0.0849687)","(0, 0, 0)","(-0.1257, -0.992067, -0.00148243)","(0.289152, -0.939565, -0.183325)","(-0.515088, -0.856659, -0.0286207)","(0.516226, -0.828432, -0.217282)","(-0.168404, -0.979084, -0.114166)",0
35.1333,"(-0.0297568, -0.0420653, -2.01941e-05)","(0.0889558, 0.977125, 0.193167)","(0, 0, 0)","(0.205408, -0.973748, 0.0980945)","(0, 0, 0)","(-0.119454, -0.992828, -0.00471991)","(0.289766, -0.939004, -0.185224)","(-0.5041, -0.863228, -0.0268598)","(0.55321, -0.809163, -0.198025)","(-0.140993, -0.98511, -0.0983881)",0
35.1667,"(-0.0346006, -0.0416039, -1.72589e-05)","(0.0868277, 0.977915, 0.190114)","(0, 0, 0)","(0.189312, -0.976535, 0.102661)","(0, 0, 0)","(-0.0979393, -0.995138, -0.0103705)","(0.270157, -0.945612, -0.1812)","(-0.489877, -0.871303, -0.029178)","(0.596411, -0.781997, -0.181036)","(-0.108817, -0.989606, -0.0940107)",0
35.2,"(-0.0383554, -0.0406308, -1.37515e-05)","(0.0785847, 0.978637, 0.189987)","(0, 0, 0)","(0.164238, -0.980856, 0.104629)","(0, 0, 0)","(-0.0542182, -0.998254, -0.0234462)","(0.187194, -0.967937, -0.167498)","(-0.473506, -0.880077, -0.035449)","(0.671109, -0.717594, -0.186202)","(-0.0845326, -0.991397, -0.0999334)",0
35.2333,"(-0.0415295, -0.039405, -1.06487e-05)","(0.0625188, 0.979532, 0.191331)","(0, 0, 0)","(0.138989, -0.984668, 0.105409)","(0, 0, 0)","(-0.00516895, -0.999424, -0.0335336)","(0.0104543, -0.989553, -0.143789)","(-0.468352, -0.882407, -0.0447568)","(0.781379, -0.584596, -0.218392)","(-0.0716924, -0.989954, -0.121866)",0
35.2667,"(-0.0444327, -0.038795, -7.18758e-06)","(0.0438838, 0.98099, 0.189032)","(0, 0, 0)","(0.122834, -0.986335, 0.109794)","(0, 0, 0)","(0.0348389, -0.998586, -0.0401404)","(-0.244326, -0.966363, -0.0802943)","(-0.473665, -0.879074, -0.0535726)","(0.885425, -0.397786, -0.240392)","(-0.0506271, -0.988266, -0.144109)",0
35.3,"(-0.0471517, -0.0383489, -4.51244e-06)","(0.0298547, 0.982216, 0.185366)","(0, 0, 0)","(0.121973, -0.985926, 0.114331)","(0, 0, 0)","(0.0479456, -0.998086, -0.0390532)","(-0.42276, -0.906092, -0.0164995)","(-0.477114, -0.876356, -0.0660515)","(0.934129, -0.21781, -0.282776)","(0.00903879, -0.983902, -0.178477)",0
35.3333,"(-0.0498746, -0.0379883, -3.84748e-06)","(0.0248622, 0.982939, 0.182246)","(0, 0, 0)","(0.122089, -0.985285, 0.119611)","(0, 0, 0)","(0.0538533, -0.997935, -0.0349996)","(-0.494537, -0.868564, 0.03208)","(-0.46712, -0.880973, -0.0754042)","(0.926201, -0.184358, -0.328883)","(0.0791287, -0.976854, -0.198732)",0
35.3667,"(-0.0524988, -0.0373501, -3.78229e-06)","(0.0253508, 0.984176, 0.175372)","(0, 0, 0)","(0.123799, -0.984817, 0.121692)","(0, 0, 0)","(0.0526404, -0.998134, -0.0309453)","(-0.475497, -0.878568, 0.0449599)","(-0.447146, -0.890462, -0.0844837)","(0.91814, -0.143475, -0.369369)","(0.141103, -0.966762, -0.213215)",0
35.4,"(-0.0544453, -0.0366506, -3.97377e-06)","(0.0275689, 0.985194, 0.16921)","(0, 0, 0)","(0.117115, -0.985226, 0.124958)","(0, 0, 0)","(0.0504766, -0.998255, -0.0306545)","(-0.426443, -0.903535, 0.0420851)","(-0.433118, -0.89774, -0.0804447)","(0.900855, -0.234019, -0.365643)","(0.147006, -0.9707, -0.190081)",0
35.4333,"(-0.0544453, -0.0366506, -3.97377e-06)","(0.0295532, 0.986157, 0.163162)","(0, 0, 0)","(0.113165, -0.985526, 0.126224)","(0, 0, 0)","(0.0372671, -0.998769, -0.0327355)","(-0.369241, -0.929333, 0.000958664)","(-0.426291, -0.903542, -0.0434544)","(0.760844, -0.556667, -0.333525)","(0.342596, -0.915272, -0.211908)",0
35.4667,"(-0.0567878, -0.0356877, -4.92297e-06)","(0.0351833, 0.984928, 0.169351)","(0, 0, 0)","(0.0977073, -0.987282, 0.125408)","(0, 0, 0)","(0.020301, -0.998963, -0.0407564)","(-0.255603, -0.96577, -0.0442225)","(-0.422931, -0.906089, -0.0115278)","(0.587124, -0.774507, -0.235426)","(0.416529, -0.886759, -0.200404)",0
35.5,"(-0.0567878, -0.0356877, -4.92297e-06)","(0.0489943, 0.981266, 0.186325)","(0, 0, 0)","(0.088776, -0.989086, 0.117595)","(0, 0, 0)","(-0.00870967, -0.998612, -0.0519466)","(-0.117336, -0.987179, -0.10821)","(-0.423073, -0.905989, 0.0138936)","(0.487057, -0.85144, -0.19449)","(0.453001, -0.86991, -0.195057)",0
35.5333,"(-0.0574457, -0.0386942, -1.25542e-05)","(0.0665845, 0.975731, 0.208605)","(0, 0, 0)","(0.0844812, -0.99, 0.112972)","(0, 0, 0)","(-0.0412945, -0.997395, -0.0591354)","(0.0477865, -0.988029, -0.146679)","(-0.424659, -0.905339, 0.00512537)","(0.620719, -0.7519, -0.222159)","(0.239449, -0.959351, -0.149363)",0
35.5667,"(-0.0564519, -0.0407698, -1.75335e-05)","(0.0821695, 0.970153, 0.228147)","(0, 0, 0)","(0.0851764, -0.99054, 0.107586)","(0, 0, 0)","(-0.0762089, -0.994912, -0.0658929)","(0.166312, -0.969328, -0.180953)","(-0.427041, -0.904232, 0.00120382)","(0.609273, -0.753508, -0.247005)","(0.0954719, -0.987033, -0.129038)",0
35.6,"(-0.0533252, -0.0427543, -2.333e-05)","(0.0891423, 0.96765, 0.236022)","(0, 0, 0)","(0.0813932, -0.990977, 0.106486)","(0, 0, 0)","(-0.0976349, -0.992813, -0.069205)","(0.23333, -0.953707, -0.189738)","(-0.42535, -0.905029, -0.000388246)","(0.564093, -0.790166, -0.23966)","(-0.0292775, -0.993577, -0.109309)",0
35.6333,"(-0.0484179, -0.0426043, -3.03015e-05)","(0.0864722, 0.968875, 0.231955)","(0, 0, 0)","(0.0720844, -0.992456, 0.0991722)","(0, 0, 0)","(-0.108636, -0.990741, -0.0814267)","(0.257344, -0.948908, -0.182615)","(-0.428435, -0.90356, 0.00474471)","(0.53922, -0.813211, -0.218927)","(-0.110706, -0.99064, -0.0798476)",0
35.6667,"(-0.0418895, -0.0394508, -3.63898e-05)","(0.0710595, 0.973318, 0.21818)","(0, 0, 0)","(0.0772838, -0.993502, 0.0835482)","(0, 0, 0)","(-0.110521, -0.991666, -0.0662129)","(0.267136, -0.946979, -0.17852)","(-0.430426, -0.902388, 0.0207236)","(0.510296, -0.835537, -0.203655)","(-0.161235, -0.986012, -0.0422355)",0
35.7,"(-0.0338175, -0.0338723, -4.02145e-05)","(0.0415744, 0.978356, 0.202712)","(0, 0, 0)","(0.104811, -0.992487, 0.0631203)","(0, 0, 0)","(-0.106174, -0.994129, -0.0208525)","(0.267689, -0.948138, -0.171396)","(-0.425746, -0.903748, 0.0445022)","(0.480785, -0.853563, -0.20069)","(-0.192831, -0.981041, -0.0193618)",0
35.7333,"(-0.0256428, -0.0275337, -4.23938e-05)","(0.0103534, 0.97768, 0.209846)","(0, 0, 0)","(0.132044, -0.989842, 0.0527069)","(0, 0, 0)","(-0.089362, -0.99419, 0.0600098)","(0.25945, -0.950774, -0.169453)","(-0.414264, -0.907127, 0.0741971)","(0.441075, -0.868486, -0.226243)","(-0.161244, -0.986802, -0.0148871)",0
35.7667,"(-0.0187295, -0.019926, -4.30765e-05)","(-0.0173961, 0.971986, 0.234393)","(0, 0, 0)","(0.159155, -0.985898, 0.0517249)","(0, 0, 0)","(-0.0641116, -0.982353, 0.175704)","(0.250797, -0.954614, -0.160662)","(-0.390567, -0.915394, 0.0975272)","(0.37406, -0.890285, -0.259753)","(-0.0316022, -0.998951, -0.0331336)",0
35.8,"(-0.0130807, -0.013004, -4.00398e-05)","(-0.0334512, 0.963822, 0.26444)","(0, 0, 0)","(0.172639, -0.98355, 0.0531491)","(0, 0, 0)","(-0.0398005, -0.963144, 0.266025)","(0.24976, -0.958186, -0.139639)","(-0.357443, -0.925193, 0.127485)","(0.307094, -0.905058, -0.294215)","(0.161145, -0.985123, -0.059702)",0
35.8333,"(-0.00818236, -0.00846288, -3.44615e-05)","(-0.0365076, 0.956335, 0.289985)","(0, 0, 0)","(0.180152, -0.982184, 0.0534816)","(0, 0, 0)","(-0.0274924, -0.942112, 0.334168)","(0.258753, -0.959154, -0.114324)","(-0.312705, -0.938005, 0.149541)","(0.278126, -0.907846, -0.313786)","(0.325249, -0.938216, -0.118168)",0
35.8667,"(-0.00444729, -0.00572419, -2.83057e-05)","(-0.0367065, 0.9508, 0.307623)","(-0.121557, -0.95511, -0.270164)","(0.180914, -0.982071, 0.052988)","(0.0488662, -0.913328, 0.404283)","(-0.0290841, -0.937314, 0.34727)","(0.271648, -0.957021, -0.101575)","(-0.280348, -0.942333, 0.182793)","(0.2883, -0.901887, -0.321688)","(0.493014, -0.841363, -0.221461)",0
35.9,"(-0.00155343, -0.00445496, -2.19461e-05)","(-0.0334562, 0.946785, 0.320123)","(-0.123477, -0.956934, -0.262736)","(0.171667, -0.98405, 0.0466415)","(0.0417739, -0.918021, 0.394324)","(-0.0247976, -0.925417, 0.378138)","(0.274452, -0.955517, -0.107997)","(-0.248659, -0.942146, 0.224787)","(0.311604, -0.895873, -0.316724)","(0.604493, -0.731211, -0.316099)",0
35.9333,"(0.0011924, -0.00669146, -1.70428e-05)","(-0.0351811, 0.950253, 0.309487)","(-0.116796, -0.957683, -0.263061)","(0.165099, -0.98614, 0.0164325)","(0.0198916, -0.923639, 0.382746)","(-0.00255345, -0.919062, 0.394105)","(0.275206, -0.955779, -0.103675)","(-0.206306, -0.939265, 0.274261)","(0.30799, -0.898943, -0.311519)","(0.645986, -0.628633, -0.433039)",0
35.9667,"(0.00406007, -0.0112954, -1.38083e-05)","(-0.0345093, 0.956847, 0.288536)","(-0.116324, -0.958712, -0.259501)","(0.149768, -0.988199, -0.0321265)","(-0.0198801, -0.932187, 0.36143)","(0.0362696, -0.913863, 0.4044)","(0.263071, -0.959424, -0.101484)","(-0.108495, -0.968092, 0.225893)","(0.300941, -0.896629, -0.324795)","(0.506223, -0.572991, -0.64453)",0
36,"(0.00646304, -0.0156579, -1.25539e-05)","(-0.0347821, 0.964864, 0.260438)","(-0.125084, -0.958955, -0.254479)","(0.132961, -0.986085, -0.0997841)","(-0.0526951, -0.936398, 0.346961)","(0.0881286, -0.918798, 0.384763)","(0.24284, -0.964393, -0.10476)","(-0.000652196, -0.98788, 0.155216)","(0.293912, -0.88916, -0.350728)","(0.279003, -0.444753, -0.851089)",0
36.0333,"(0.00892869, -0.0198738, -1.368e-05)","(-0.0355575, 0.969344, 0.243123)","(-0.149536, -0.957631, -0.246135)","(0.120317, -0.980907, -0.15279)","(-0.0413998, -0.939255, 0.340713)","(0.129058, -0.922214, 0.364508)","(0.214049, -0.971192, -0.104737)","(0.0669376, -0.99519, 0.0715297)","(0.294203, -0.882676, -0.366506)","(0.111583, -0.324686, -0.939217)",0
36.0667,"(0.0113046, -0.0224242, -1.80744e-05)","(-0.0345496, 0.981079, 0.190501)","(-0.174912, -0.959463, -0.220989)","(0.119604, -0.976522, -0.179162)","(0.0113746, -0.923863, 0.382555)","(0.148323, -0.923307, 0.354266)","(0.175412, -0.981234, -0.080069)","(0.0555778, -0.995181, 0.0807775)","(0.309263, -0.881056, -0.357907)","(0.105285, -0.327744, -0.938882)",0
36.1,"(0.0135871, -0.0217111, -2.80992e-05)","(-0.0330887, 0.993766, 0.10646)","(-0.214329, -0.968035, -0.130271)","(0.130564, -0.978932, -0.156985)","(0.130886, -0.870156, 0.475076)","(0.12994, -0.918049, 0.374568)","(0.15367, -0.987915, -0.0202189)","(0.00712592, -0.996856, 0.0789096)","(0.304539, -0.901755, -0.306747)","(0.141528, -0.378157, -0.914859)",0
36.1333,"(0.0157326, -0.0193751, -3.49749e-05)","(-0.0329641, 0.999452, 0.0031587)","(-0.245264, -0.956766, 0.15635)","(0.168391, -0.984469, 0.0496432)","(0.303442, -0.718203, 0.626185)","(0.0441026, -0.843554, 0.535231)","(0.136536, -0.989171, 0.0538432)","(-0.0342166, -0.996406, 0.077488)","(0.286233, -0.922429, -0.259222)","(0.109247, -0.524214, -0.84455)",0
36.1667,"(0.0179986, -0.0169892, -3.52321e-05)","(-0.0350622, 0.998778, -0.0348169)","(-0.273995, -0.762114, 0.586608)","(0.208121, -0.888402, 0.409179)","(0.500909, -0.490198, 0.713299)","(-0.13587, -0.671835, 0.728133)","(0.129232, -0.985797, 0.107251)","(-0.055815, -0.995053, 0.0821787)","(0.251591, -0.937533, -0.240279)","(0.0290024, -0.644037, -0.764444)",1
36.2,"(0.0197637, -0.0142895, -3.22516e-05)","(-0.0374457, 0.999296, -0.00235574)","(-0.256647, -0.41148, 0.874538)","(0.267313, -0.571424, 0.775899)","(0.644836, -0.225645, 0.730254)","(-0.366523, -0.391197, 0.844172)","(0.11167, -0.985659, 0.126518)","(-0.0699894, -0.993621, 0.0884206)","(0.213728, -0.939405, -0.268028)","(-0.0599832, -0.779229, -0.623862)",0
36.2333,"(0.0214378, -0.0117441, -2.19612e-05)","(-0.0377119, 0.998161, 0.0474611)","(-0.33405, -0.155957, 0.929563)","(0.373986, -0.209524, 0.903457)","(0.736815, 0.103585, 0.668112)","(-0.586187, -0.0738328, 0.806805)","(0.0955421, -0.990844, 0.0953965)","(-0.0788517, -0.994629, 0.0670455)","(0.154917, -0.942328, -0.296679)","(-0.100887, -0.845752, -0.523952)",0
36.2667,"(0.0228179, -0.00941316, -8.89745e-06)","(-0.036395, 0.996257, 0.0784043)","(-0.460267, -0.0822054, 0.883967)","(0.487417, 0.0279553, 0.872721)","(0.68457, 0.427283, 0.590588)","(-0.680687, 0.269517, 0.681195)","(0.0831426, -0.995197, 0.0516707)","(-0.0890301, -0.995267, 0.0389439)","(0.0823587, -0.936517, -0.340813)","(-0.119161, -0.890112, -0.439889)",0
36.3,"(0.0240951, -0.00711799, -2.79761e-07)","(-0.0354879, 0.996701, 0.0729853)","(-0.709898, -0.0756424, 0.700231)","(0.660666, 0.127177, 0.739829)","(0.491584, 0.727918, 0.477997)","(-0.573121, 0.594252, 0.564266)","(0.0788993, -0.99683, 0.0102886)","(-0.101044, -0.994842, 0.00891864)","(0.0230226, -0.915893, -0.400761)","(-0.121024, -0.900748, -0.417141)",0
36.3333,"(0.025188, -0.00477802, 1.20038e-06)","(-0.0354452, 0.996561, 0.0748976)","(-0.858804, -0.123929, 0.49709)","(0.764545, 0.0531014, 0.64238)","(0.190911, 0.802408, 0.565415)","(-0.326134, 0.731238, 0.599106)","(0.0781726, -0.996857, -0.0128469)","(-0.119473, -0.992758, 0.0125546)","(-0.00473721, -0.831487, -0.555524)","(-0.123399, -0.887039, -0.444899)",0
36.3667,"(0.0264145, -0.00275556, 2.19713e-06)","(-0.0357405, 0.996001, 0.0818808)","(-0.944608, -0.168745, 0.281498)","(0.866107, -0.00558588, 0.499827)","(-0.223514, 0.711173, 0.666539)","(0.0192464, 0.691891, 0.721745)","(0.0807941, -0.996379, -0.0264884)","(-0.138796, -0.990221, 0.0140887)","(-0.0315085, -0.689371, -0.723723)","(-0.125465, -0.877398, -0.463067)",0
36.4,"(0.0264145, -0.00275556, 2.19713e-06)","(-0.0391165, 0.994043, 0.101724)","(-0.926404, -0.314022, 0.207764)","(0.911195, -0.167403, 0.376431)","(-0.534216, 0.434744, 0.72499)","(0.363827, 0.578664, 0.729916)","(0.0761326, -0.996516, -0.0340649)","(-0.155044, -0.98765, 0.0225511)","(-0.0428338, -0.523195, -0.851136)","(-0.121319, -0.873351, -0.47174)",0
36.4333,"(0.0284228, -0.00519388, -1.57936e-06)","(-0.0443834, 0.991616, 0.121358)","(-0.870689, -0.476471, 0.121969)","(0.921585, -0.332093, 0.200985)","(-0.710987, 0.129667, 0.691147)","(0.62356, 0.392582, 0.676056)","(0.0579242, -0.998093, -0.0213345)","(-0.164257, -0.986255, 0.0179278)","(-0.0245948, -0.412835, -0.910474)","(-0.109157, -0.860849, -0.497014)",0
36.4667,"(0.0289515, -0.0101346, -4.177e-07)","(-0.0464848, 0.985156, 0.165248)","(-0.755446, -0.655208, 0.00207283)","(0.826693, -0.562623, 0.00589473)","(-0.734778, -0.194909, 0.649701)","(0.771042, 0.145409, 0.61996)","(0.0426572, -0.99909, -0.000553977)","(-0.162809, -0.986606, 0.0100636)","(0.0160945, -0.376806, -0.926152)","(-0.0894692, -0.833177, -0.545721)",0
36.5,"(0.0290539, -0.0170639, -9.11766e-07)","(-0.0402778, 0.966977, 0.251662)","(-0.61651, -0.777121, -0.126486)","(0.64265, -0.759579, -0.100202)","(-0.675741, -0.516601, 0.52583)","(0.788518, -0.19496, 0.583292)","(0.0371006, -0.999141, -0.0184605)","(-0.15882, -0.986184, 0.047093)","(0.0557524, -0.359914, -0.931318)","(-0.0573925, -0.799311, -0.598171)",0
36.5333,"(0.0288214, -0.0259006, -8.45316e-07)","(-0.0278448, 0.930804, 0.364457)","(-0.460362, -0.854525, -0.240528)","(0.452486, -0.88196, -0.131919)","(-0.581952, -0.722351, 0.373551)","(0.748488, -0.457153, 0.480393)","(0.057404, -0.994226, -0.0906644)","(-0.157713, -0.956927, 0.243755)","(0.0944295, -0.404754, -0.909537)","(-0.0191787, -0.83555, -0.54908)",0
36.5667,"(0.0286633, -0.0333537, -3.07276e-06)","(-0.0180476, 0.880014, 0.474605)","(-0.283393, -0.920007, -0.270695)","(0.255258, -0.961394, -0.102786)","(-0.425046, -0.858318, 0.287447)","(0.63484, -0.669225, 0.386156)","(0.0874098, -0.981131, -0.172456)","(-0.161065, -0.913465, 0.373685)","(0.135997, -0.505955, -0.851771)","(0.0324716, -0.871233, -0.489794)",0
36.6,"(0.0283439, -0.0396964, -6.30438e-06)","(-0.010927, 0.800904, 0.598693)","(-0.126144, -0.962095, -0.241786)","(0.0897109, -0.993921, -0.0638158)","(-0.189791, -0.946881, 0.259608)","(0.414704, -0.852908, 0.317125)","(0.111898, -0.97156, -0.208685)","(-0.171279, -0.882282, 0.438454)","(0.179484, -0.660986, -0.728617)","(0.0837122, -0.900336, -0.427069)",0
36.6333,"(0.0280812, -0.043134, -9.91262e-06)","(-0.00531107, 0.699219, 0.714888)","(-0.00867405, -0.985336, -0.170406)","(-0.0418091, -0.999066, -0.0109411)","(0.0809746, -0.960643, 0.265723)","(0.0883901, -0.949553, 0.300893)","(0.116898, -0.971168, -0.207768)","(-0.182053, -0.923314, 0.338153)","(0.215573, -0.783198, -0.583206)","(0.124252, -0.914827, -0.384257)",0
36.6667,"(0.0280812, -0.043134, -9.91262e-06)","(-0.00249903, 0.591781, 0.806095)","(0.0610044, -0.988025, -0.141725)","(-0.122962, -0.992331, 0.0126558)","(0.255178, -0.930776, 0.261802)","(-0.129564, -0.953663, 0.27155)","(0.108111, -0.975976, -0.189165)","(-0.184643, -0.941756, 0.281072)","(0.25377, -0.877564, -0.406794)","(0.149983, -0.938022, -0.312443)",0
36.7,"(0.0275248, -0.0397569, -1.36924e-05)","(-0.00296916, 0.521558, 0.853211)","(0.0834774, -0.983555, -0.160157)","(-0.1602, -0.987084, 0.000521602)","(0.32753, -0.912722, 0.244259)","(-0.23468, -0.93778, 0.255918)","(0.0996267, -0.987463, -0.122436)","(-0.178671, -0.953846, 0.24136)","(0.272967, -0.914541, -0.298504)","(0.154708, -0.962528, -0.222723)",0
36.7333,"(0.0271917, -0.0353524, -1.6953e-05)","(-0.00716956, 0.455953, 0.889975)","(0.0772429, -0.973186, -0.216663)","(-0.202228, -0.977422, -0.0612339)","(0.321132, -0.921362, 0.219011)","(-0.233302, -0.950726, 0.204182)","(0.0935567, -0.995569, -0.00946116)","(-0.177034, -0.955555, 0.23574)","(0.268288, -0.946251, -0.180639)","(0.162616, -0.972274, -0.168049)",0
36.7667,"(0.0272577, -0.0308209, -2.08535e-05)","(-0.0132106, 0.407353, 0.913175)","(0.0757168, -0.966255, -0.246207)","(-0.233351, -0.96742, -0.0982099)","(0.26129, -0.951849, 0.160347)","(-0.224517, -0.956057, 0.18854)","(0.0875788, -0.990491, 0.106101)","(-0.181659, -0.948816, 0.258356)","(0.255614, -0.960186, -0.112717)","(0.171141, -0.979768, -0.103759)",0
36.8,"(0.0276086, -0.0280439, -2.5725e-05)","(-0.0220611, 0.378516, 0.925332)","(0.0679343, -0.960981, -0.268142)","(-0.239176, -0.963898, -0.117028)","(0.212113, -0.970529, 0.114373)","(-0.211404, -0.959896, 0.184142)","(0.081319, -0.984062, 0.158143)","(-0.188231, -0.941298, 0.280226)","(0.242313, -0.969481, -0.0372818)","(0.181109, -0.98244, -0.0448526)",0
36.8333,"(0.0276086, -0.0280439, -2.5725e-05)","(-0.027981, 0.387629, 0.921391)","(0.0719375, -0.957572, -0.27907)","(-0.245677, -0.960867, -0.127971)","(0.173842, -0.980729, 0.0891561)","(-0.183777, -0.963986, 0.19224)","(0.0741019, -0.9834, 0.165632)","(-0.192843, -0.931549, 0.308266)","(0.232738, -0.972496, 0.00918525)","(0.191081, -0.981511, -0.0111809)",0
36.8667,"(0.0284491, -0.0316764, -3.17182e-05)","(-0.0288648, 0.403877, 0.914358)","(0.0560846, -0.953165, -0.297205)","(-0.235799, -0.963413, -0.127417)","(0.163882, -0.980654, 0.107051)","(-0.167931, -0.969523, 0.178394)","(0.0568348, -0.982615, 0.176741)","(-0.192985, -0.926396, 0.323339)","(0.236484, -0.971573, 0.0109864)","(0.193225, -0.9811, -0.0103519)",0
36.9,"(0.0283886, -0.0382422, -3.1836e-05)","(-0.0241437, 0.434273, 0.900458)","(0.042099, -0.95101, -0.306279)","(-0.231671, -0.965853, -0.116002)","(0.171059, -0.976926, 0.127883)","(-0.165091, -0.970848, 0.173779)","(0.0353528, -0.977088, 0.209881)","(-0.194261, -0.915185, 0.353128)","(0.241681, -0.970212, 0.0167276)","(0.194275, -0.980941, -0.00351212)",0
36.9333,"(0.0277249, -0.0458472, -2.97163e-05)","(-0.0147347, 0.457679, 0.888995)","(0.028932, -0.951897, -0.305048)","(-0.229841, -0.967919, -0.101516)","(0.199961, -0.971686, 0.125867)","(-0.175638, -0.97043, 0.165579)","(0.0112237, -0.967174, 0.253867)","(-0.191863, -0.908366, 0.371564)","(0.254164, -0.966945, -0.0204638)","(0.191193, -0.981161, -0.0277058)",0
36.9667,"(0.0266025, -0.0519562, -2.3781e-05)","(-0.0012046, 0.482172, 0.876075)","(0.023985, -0.959825, -0.279571)","(-0.250814, -0.963441, -0.0941956)","(0.248994, -0.958967, 0.135586)","(-0.177061, -0.970963, 0.160871)","(-0.00284173, -0.960613, 0.277876)","(-0.181942, -0.904639, 0.38539)","(0.261611, -0.962983, -0.064981)","(0.190081, -0.980097, -0.0572601)",0
37,"(0.0251439, -0.0590035, -1.8541e-05)","(0.0132989, 0.498202, 0.866959)","(0.0190843, -0.976389, -0.215177)","(-0.267273, -0.960448, -0.0781314)","(0.316194, -0.937017, 0.148395)","(-0.194639, -0.969576, 0.148453)","(-0.00702847, -0.960424, 0.278455)","(-0.158582, -0.909512, 0.38424)","(0.27058, -0.947905, -0.168113)","(0.171988, -0.980936, -0.0904729)",0
37.0333,"(0.0232662, -0.0625551, -1.45477e-05)","(0.0297635, 0.54077, 0.840644)","(0.0241459, -0.985392, -0.168582)","(-0.278007, -0.958085, -0.0691777)","(0.382426, -0.908548, 0.168196)","(-0.228899, -0.962739, 0.144013)","(0.00116251, -0.964139, 0.265395)","(-0.134146, -0.922979, 0.360713)","(0.275391, -0.929379, -0.245794)","(0.147992, -0.978624, -0.142804)",0
37.0667,"(0.0213054, -0.0659119, -1.22206e-05)","(0.0490288, 0.592256, 0.804257)","(0.0475382, -0.991496, -0.121144)","(-0.28391, -0.958252, -0.033882)","(0.456489, -0.874469, 0.164081)","(-0.275219, -0.950291, 0.145606)","(0.0365254, -0.952871, 0.30117)","(-0.10303, -0.9265, 0.361915)","(0.260772, -0.908569, -0.326345)","(0.106456, -0.972596, -0.206696)",0
37.1,"(0.0194449, -0.0697365, -1.18918e-05)","(0.0734095, 0.664852, 0.743359)","(0.0909391, -0.989325, -0.113868)","(-0.293055, -0.956095, -0.000952759)","(0.515592, -0.840716, 0.165413)","(-0.319155, -0.933971, 0.160742)","(0.0985023, -0.928641, 0.357662)","(-0.0735742, -0.922761, 0.378285)","(0.227398, -0.900038, -0.371783)","(0.069272, -0.951889, -0.298511)",0
37.1333,"(0.0173572, -0.0736938, -1.20257e-05)","(0.0974921, 0.718365, 0.688801)","(0.173362, -0.984015, -0.0407357)","(-0.289945, -0.955741, 0.0499195)","(0.670127, -0.672022, 0.315146)","(-0.376265, -0.90868, 0.180902)","(0.17788, -0.902842, 0.391452)","(-0.0251799, -0.910143, 0.413528)","(0.167586, -0.865794, -0.471503)","(0.0247884, -0.920618, -0.389677)",0
37.1667,"(0.0151397, -0.0764071, -1.19293e-05)","(0.122613, 0.770893, 0.625052)","(0.211617, -0.975487, 0.060353)","(-0.286914, -0.955845, 0.0635708)","(0.719159, -0.351129, 0.599598)","(-0.423149, -0.882445, 0.205513)","(0.229929, -0.900152, 0.369944)","(0.0177179, -0.910882, 0.412286)","(0.116502, -0.819336, -0.561351)","(-0.00608611, -0.886312, -0.463049)",0
37.2,"(0.0131665, -0.0782558, -9.33543e-06)","(0.150784, 0.813109, 0.562243)","(0.214016, -0.957475, 0.19349)","(-0.298494, -0.954114, 0.0238512)","(0.606857, 0.164338, 0.777636)","(-0.449897, -0.872336, 0.191372)","(0.261336, -0.910414, 0.320702)","(0.0630574, -0.912434, 0.404337)","(0.0379648, -0.784507, -0.618956)","(-0.0327291, -0.860892, -0.507734)",0
37.2333,"(0.0113211, -0.0790989, -5.45477e-06)","(0.172654, 0.847861, 0.501321)","(0.179125, -0.942643, 0.281669)","(-0.309662, -0.950468, -0.0268313)","(0.375891, 0.486651, 0.788592)","(-0.43386, -0.889266, 0.144816)","(0.262174, -0.941212, 0.213039)","(0.089983, -0.911061, 0.402331)","(-0.0322641, -0.771068, -0.635935)","(-0.0488087, -0.86187, -0.504775)",0
37.2667,"(0.00964174, -0.0775233, -3.28081e-06)","(0.189525, 0.870332, 0.454535)","(0.186871, -0.924287, 0.332824)","(-0.316928, -0.945886, -0.069692)","(0.220785, 0.672699, 0.706208)","(-0.400669, -0.913239, 0.0738852)","(0.254518, -0.95952, 0.120592)","(0.111273, -0.904574, 0.411539)","(-0.112324, -0.77953, -0.616212)","(-0.0621264, -0.877121, -0.476235)",0
37.3,"(0.00841376, -0.0746634, -2.50028e-06)","(0.202527, 0.888627, 0.411492)","(0.192965, -0.907661, 0.372713)","(-0.310713, -0.947741, -0.0724198)","(0.114031, 0.714456, 0.690326)","(-0.35547, -0.934026, 0.0351639)","(0.229177, -0.972445, 0.0427579)","(0.130415, -0.885616, 0.445731)","(-0.149091, -0.796608, -0.585823)","(-0.0753731, -0.914377, -0.397787)",0
37.3333,"(0.00766594, -0.0707324, -2.92836e-06)","(0.214025, 0.91177, 0.350527)","(0.174579, -0.899229, 0.401134)","(-0.304209, -0.9492, -0.0804729)","(0.0294698, 0.693053, 0.720284)","(-0.312885, -0.949453, 0.025334)","(0.201856, -0.978033, 0.0520142)","(0.141973, -0.849039, 0.508897)","(-0.15662, -0.829987, -0.535343)","(-0.0781669, -0.940797, -0.329836)",0
37.3667,"(0.00725231, -0.067086, -4.46774e-06)","(0.220009, 0.932938, 0.284995)","(0.133461, -0.900341, 0.414214)","(-0.292209, -0.95216, -0.0894746)","(-0.0501457, 0.645058, 0.762486)","(-0.274859, -0.961182, 0.0241312)","(0.177138, -0.982172, 0.0629288)","(0.150164, -0.803681, 0.575802)","(-0.138383, -0.858555, -0.493694)","(-0.0769006, -0.954637, -0.28767)",0
37.4,"(0.00719608, -0.0634561, -3.46608e-06)","(0.215853, 0.947306, 0.236683)","(0.0941309, -0.908462, 0.407229)","(-0.279146, -0.95498, -0.100448)","(-0.104526, 0.597185, 0.795264)","(-0.248373, -0.968478, 0.0190173)","(0.144072, -0.986933, 0.0721578)","(0.14256, -0.768133, 0.624218)","(-0.0975662, -0.874881, -0.474409)","(-0.0633975, -0.956185, -0.285815)",0
37.4333,"(0.00762035, -0.0598734, 5.26942e-07)","(0.206912, 0.953401, 0.219577)","(0.0387495, -0.919861, 0.390326)","(-0.267311, -0.956865, -0.113817)","(-0.106906, 0.576662, 0.809958)","(-0.229333, -0.973075, 0.0230595)","(0.111048, -0.991591, 0.0664454)","(0.135945, -0.759853, 0.635722)","(-0.0568147, -0.887783, -0.456742)","(-0.0529778, -0.95882, -0.279031)",0
37.4667,"(0.00864947, -0.0568762, 4.05239e-06)","(0.187617, 0.958979, 0.212508)","(-0.0240832, -0.930107, 0.366497)","(-0.248909, -0.960657, -0.123217)","(-0.0642931, 0.563271, 0.823767)","(-0.21495, -0.975339, 0.0501009)","(0.0698327, -0.99709, 0.030562)","(0.127994, -0.771915, 0.622707)","(-0.0205902, -0.891096, -0.453348)","(-0.0485075, -0.958655, -0.280405)",0
37.5,"(0.0101515, -0.0544821, 9.08424e-06)","(0.156296, 0.967462, 0.198969)","(-0.06493, -0.935548, 0.34718)","(-0.230347, -0.96444, -0.129598)","(-0.00970557, 0.548971, 0.835785)","(-0.212223, -0.973375, 0.0866199)","(0.0395836, -0.999195, 0.00659154)","(0.11796, -0.797422, 0.59178)","(0.00136424, -0.888277, -0.459307)","(-0.0549361, -0.952915, -0.298219)",0
37.5333,"(0.012188, -0.0527145, 1.15612e-05)","(0.108602, 0.975293, 0.19238)","(-0.0552869, -0.944047, 0.325145)","(-0.199202, -0.971495, -0.128511)","(0.0374555, 0.505283, 0.86214)","(-0.241578, -0.963901, 0.111959)","(0.0183808, -0.999115, -0.0378403)","(0.0908618, -0.804957, 0.586335)","(0.0128592, -0.868735, -0.49511)","(-0.0605855, -0.946055, -0.318291)",0
37.5667,"(0.014823, -0.0511207, 8.83998e-06)","(0.0578938, 0.979515, 0.192871)","(-0.0347957, -0.954022, 0.297709)","(-0.169062, -0.982334, -0.0802351)","(0.0832492, 0.396743, 0.914147)","(-0.299272, -0.888847, 0.346968)","(0.0117097, -0.997067, -0.0756269)","(0.0461363, -0.821419, 0.568456)","(0.0206278, -0.832671, -0.553384)","(-0.0550041, -0.93263, -0.356617)",0
37.6,"(0.0178566, -0.0502745, 4.80649e-06)","(0.0141996, 0.975561, 0.219269)","(-0.0147201, -0.961991, 0.272684)","(-0.140691, -0.985317, 0.0967241)","(0.12521, 0.224776, 0.966332)","(-0.421428, -0.62899, 0.653277)","(0.00947695, -0.992459, -0.122211)","(0.00158906, -0.832554, 0.553942)","(0.0412522, -0.773986, -0.631857)","(-0.0435449, -0.918086, -0.393982)",0
37.6333,"(0.020908, -0.0498191, 1.34e-06)","(-0.0128421, 0.97561, 0.219133)","(-0.0190821, -0.977921, 0.208103)","(-0.119424, -0.953382, 0.277129)","(0.156523, -0.0139244, 0.987576)","(-0.419565, -0.209016, 0.883333)","(0.00465418, -0.99221, -0.124492)","(-0.0392622, -0.866444, 0.497728)","(0.0892868, -0.709138, -0.699394)","(-0.0332783, -0.897103, -0.440566)",0
37.6667,"(0.0240925, -0.0488439, -4.11996e-06)","(-0.0283376, 0.977194, 0.210447)","(-0.0245666, -0.99304, 0.115183)","(-0.109624, -0.905893, 0.409072)","(0.179631, -0.263683, 0.947736)","(-0.404121, 0.0789851, 0.911289)","(-0.00511294, -0.994222, -0.107225)","(-0.0783178, -0.877412, 0.473301)","(0.153483, -0.666335, -0.729685)","(-0.0123146, -0.892159, -0.451554)",0
37.7,"(0.0269333, -0.0460113, -1.06891e-05)","(-0.0399768, 0.986898, 0.156316)","(-0.0484951, -0.998801, -0.00670805)","(-0.0953354, -0.88496, 0.455804)","(0.206538, -0.521003, 0.828189)","(-0.320407, 0.276737, 0.905956)","(-0.0117991, -0.99348, -0.113394)","(-0.119304, -0.896926, 0.425782)","(0.208611, -0.665678, -0.716487)","(0.02296, -0.893507, -0.448462)",0
37.7333,"(0.0293134, -0.0406275, -1.63777e-05)","(-0.0550085, 0.996043, 0.0698036)","(-0.0690281, -0.994863, -0.0740492)","(-0.079832, -0.851521, 0.518208)","(0.221311, -0.701285, 0.677658)","(-0.227928, 0.417236, 0.879752)","(-0.00565979, -0.989794, -0.142395)","(-0.147476, -0.90612, 0.396481)","(0.235026, -0.715525, -0.657865)","(0.0668162, -0.925249, -0.373429)",0
37.7667,"(0.0311469, -0.0331959, -2.18933e-05)","(-0.0679584, 0.997247, -0.0296572)","(-0.0935777, -0.988813, -0.116153)","(-0.0742064, -0.821619, 0.565187)","(0.212321, -0.831276, 0.513711)","(-0.1265, 0.529782, 0.838647)","(0.0122793, -0.986846, -0.161196)","(-0.150302, -0.934221, 0.323483)","(0.242262, -0.791533, -0.561056)","(0.116016, -0.949777, -0.290628)",0
37.8,"(0.0325909, -0.0249945, -2.79023e-05)","(-0.076965, 0.992321, -0.0968243)","(-0.106047, -0.987473, -0.11684)","(-0.0773915, -0.81471, 0.574682)","(0.190006, -0.896987, 0.39914)","(-0.0415589, 0.579346, 0.814021)","(0.0439077, -0.988057, -0.147698)","(-0.139043, -0.963857, 0.22726)","(0.234363, -0.873964, -0.425748)","(0.175874, -0.960507, -0.215628)",0
37.8333,"(0.0334364, -0.0164584, -3.3397e-05)","(-0.079909, 0.989914, -0.116985)","(-0.120505, -0.984839, -0.124782)","(-0.0909365, -0.82626, 0.5559)","(0.168521, -0.932847, 0.31843)","(0.00625646, 0.608727, 0.793355)","(0.0745939, -0.990479, -0.115701)","(-0.119091, -0.983901, 0.133249)","(0.215884, -0.931243, -0.293565)","(0.237779, -0.950463, -0.200202)",0
37.8667,"(0.0339236, -0.00865698, -3.64628e-05)","(-0.0806351, 0.990378, -0.11247)","(-0.125898, -0.985825, -0.110899)","(-0.0939466, -0.839527, 0.535134)","(0.15696, -0.938198, 0.308461)","(0.0239894, 0.627213, 0.778478)","(0.103655, -0.990114, -0.0945001)","(-0.105083, -0.989154, 0.102628)","(0.192292, -0.96232, -0.192259)","(0.276786, -0.942935, -0.185101)",0
37.9,"(0.034149, -0.00352309, -3.74167e-05)","(-0.0811619, 0.991766, -0.0990598)","(-0.128552, -0.984582, -0.118626)","(-0.101138, -0.852692, 0.51253)","(0.153336, -0.936451, 0.31551)","(0.0374052, 0.622571, 0.781669)","(0.118572, -0.989505, -0.082591)","(-0.0899226, -0.987868, 0.126613)","(0.179829, -0.969049, -0.169132)","(0.291129, -0.943966, -0.155476)",0
37.9333,"(0.0343233, -0.000736344, -4.27337e-05)","(-0.0805515, 0.992083, -0.096352)","(-0.124135, -0.986231, -0.109263)","(-0.101562, -0.857698, 0.504023)","(0.158352, -0.927107, 0.339702)","(0.0479081, 0.615402, 0.786756)","(0.127916, -0.988633, -0.0790097)","(-0.0691373, -0.988439, 0.134935)","(0.175304, -0.969437, -0.171638)","(0.287391, -0.948539, -0.132964)",0
37.9667,"(0.0343233, -0.000736344, -4.27337e-05)","(-0.0825111, 0.990493, -0.110068)","(-0.118733, -0.98893, -0.0889925)","(-0.0981278, -0.859357, 0.501873)","(0.172129, -0.91283, 0.370287)","(0.05828, 0.598935, 0.798674)","(0.129692, -0.989083, -0.0699627)","(-0.0447338, -0.990916, 0.126827)","(0.176061, -0.965129, -0.193724)","(0.272974, -0.953954, -0.124328)",0
38,"(0.0343233, -0.000736344, -4.27337e-05)","(-0.0873713, 0.987397, -0.131961)","(-0.110049, -0.99227, -0.0573472)","(-0.085745, -0.859821, 0.503344)","(0.184717, -0.891064, 0.414591)","(0.0601939, 0.584079, 0.809462)","(0.128718, -0.989995, -0.0578047)","(-0.0228287, -0.993311, 0.113192)","(0.173108, -0.963867, -0.202471)","(0.249597, -0.958906, -0.134912)",0
38.0333,"(0.0343233, -0.000736344, -4.27337e-05)","(-0.092416, 0.986054, -0.138408)","(-0.101152, -0.994175, 0.0372023)","(-0.0643396, -0.861361, 0.503902)","(0.208599, -0.804009, 0.556827)","(0.0404883, 0.54944, 0.834552)","(0.127501, -0.990646, -0.0486198)","(-0.00318484, -0.994051, 0.108866)","(0.171792, -0.95778, -0.230531)","(0.221435, -0.964896, -0.141214)",0
38.0667,"(0.0343233, -0.000736344, -4.27337e-05)","(-0.0959002, 0.991427, -0.0887394)","(-0.0732601, -0.990237, 0.118588)","(-0.0461457, -0.895213, 0.443244)","(0.22744, -0.620662, 0.750367)","(-0.00589092, 0.462348, 0.886679)","(0.127803, -0.989726, -0.0641067)","(0.00957149, -0.994009, 0.108878)","(0.167984, -0.941605, -0.291823)","(0.185559, -0.971453, -0.147805)",0
38.1,"(0.0343233, -0.000736344, -4.27337e-05)","(-0.0889246, 0.995561, -0.030824)","(-0.0308016, -0.969111, 0.244695)","(-0.0400684, -0.923533, 0.381419)","(0.232612, -0.331981, 0.914156)","(-0.121302, 0.322474, 0.938774)","(0.132721, -0.987431, -0.0858251)","(0.0155132, -0.993489, 0.112871)","(0.162268, -0.921806, -0.352054)","(0.146426, -0.976464, -0.158362)",0
38.1333,"(0.0317237, -0.00256402, -3.93067e-05)","(-0.075704, 0.996742, 0.0278121)","(0.0277945, -0.952401, 0.303578)","(-0.0480367, -0.948433, 0.313316)","(0.216234, -0.0657062, 0.974128)","(-0.287899, 0.154298, 0.945149)","(0.139064, -0.984722, -0.1048)","(0.0111789, -0.992556, 0.121276)","(0.155705, -0.905846, -0.393954)","(0.0951203, -0.979943, -0.175114)",0
38.1667,"(0.0317237, -0.00256402, -3.93067e-05)","(-0.0527627, 0.998008, 0.0345777)","(0.0941562, -0.929571, 0.356415)","(-0.0557905, -0.953314, 0.296782)","(0.169296, 0.16617, 0.971456)","(-0.474065, -0.060491, 0.878409)","(0.145032, -0.984773, -0.0958532)","(0.00100526, -0.990973, 0.134062)","(0.14995, -0.901781, -0.405346)","(0.043549, -0.979405, -0.197152)",0
38.2,"(0.027853, -0.00405533, -3.32423e-05)","(-0.0279129, 0.999068, 0.0329291)","(0.149773, -0.906691, 0.394309)","(-0.0673997, -0.964808, 0.25417)","(0.0886082, 0.379683, 0.920863)","(-0.583884, -0.322545, 0.745013)","(0.146832, -0.986584, -0.0713655)","(-0.0256255, -0.981576, 0.189345)","(0.144062, -0.891774, -0.428934)","(-0.0361568, -0.971463, -0.234417)",0
38.2333,"(0.0254405, -0.00375859, -3.78592e-05)","(0.00223314, 0.999995, 0.00223424)","(0.180026, -0.876772, 0.445938)","(-0.0851808, -0.978306, 0.188844)","(0.00556695, 0.527852, 0.849318)","(-0.598989, -0.569155, 0.563271)","(0.141625, -0.988529, -0.0524681)","(-0.051172, -0.960903, 0.272116)","(0.120911, -0.864178, -0.488444)","(-0.113982, -0.970118, -0.214194)",0
38.2667,"(0.023012, -0.00356829, -3.7663e-05)","(0.0295057, 0.99891, -0.0361663)","(0.192452, -0.844274, 0.500163)","(-0.113114, -0.987553, 0.10929)","(-0.0502784, 0.615845, 0.786261)","(-0.565606, -0.728289, 0.386892)","(0.124244, -0.990987, -0.0500847)","(-0.0683645, -0.92152, 0.382266)","(0.0974474, -0.841569, -0.531287)","(-0.180002, -0.973503, -0.14104)",0
38.3,"(0.0210066, -0.00260499, -3.39499e-05)","(0.0546083, 0.996365, -0.0653751)","(0.190092, -0.824792, 0.532526)","(-0.140357, -0.986316, 0.0864936)","(-0.0726538, 0.666628, 0.741842)","(-0.545101, -0.786971, 0.289037)","(0.092606, -0.994169, -0.0552518)","(-0.0794097, -0.893001, 0.442994)","(0.054509, -0.822239, -0.566526)","(-0.211986, -0.975794, -0.0537335)",0
38.3333,"(0.0210066, -0.00260499, -3.39499e-05)","(0.0678907, 0.995515, -0.0658865)","(0.181105, -0.816881, 0.547638)","(-0.154147, -0.982683, 0.102827)","(-0.0764845, 0.700366, 0.709675)","(-0.529215, -0.811174, 0.248853)","(0.0533458, -0.997885, -0.0371446)","(-0.100642, -0.891788, 0.441119)","(0.0208273, -0.847904, -0.52974)","(-0.218413, -0.975345, -0.0315986)",0
38.3667,"(0.0185876, -0.000450492, -2.51455e-05)","(0.0760299, 0.996576, -0.0324776)","(0.155353, -0.820279, 0.550462)","(-0.159599, -0.981969, 0.10132)","(-0.0743169, 0.70555, 0.704753)","(-0.523278, -0.805969, 0.276757)","(0.0175622, -0.999808, -0.00865607)","(-0.135976, -0.914341, 0.381432)","(-0.00496559, -0.868177, -0.496229)","(-0.211477, -0.973898, -0.0824694)",0
38.4,"(0.0185876, -0.000450492, -2.51455e-05)","(0.0770752, 0.997021, 0.00281266)","(0.12844, -0.829903, 0.542922)","(-0.140239, -0.988132, 0.0626719)","(-0.061464, 0.685797, 0.725193)","(-0.512361, -0.815588, 0.268892)","(-0.00658331, -0.999925, 0.010322)","(-0.158683, -0.93735, 0.310153)","(0.00197482, -0.909799, -0.415044)","(-0.191018, -0.972527, -0.133052)",0
38.4333,"(0.0185876, -0.000450492, -2.51455e-05)","(0.0785691, 0.996207, 0.0374055)","(0.0890916, -0.856577, 0.50827)","(-0.108082, -0.994104, -0.00868764)","(-0.0304185, 0.672027, 0.739902)","(-0.491643, -0.819084, 0.295615)","(-0.015272, -0.999849, 0.00831642)","(-0.168022, -0.944822, 0.281213)","(0.0219139, -0.924446, -0.380682)","(-0.173669, -0.974545, -0.141778)",0
38.4667,"(0.0185035, -0.0034153, -1.77357e-05)","(0.0795371, 0.992607, 0.0916809)","(-3.78699e-05, -0.890557, 0.454871)","(-0.040495, -0.9972, -0.0628738)","(0.0655228, 0.580542, 0.81159)","(-0.446919, -0.817134, 0.364081)","(-0.0128223, -0.999554, -0.0269551)","(-0.170742, -0.945008, 0.27894)","(0.0380981, -0.888724, -0.456857)","(-0.160587, -0.979821, -0.119011)",0
38.5,"(0.0188395, -0.00624192, -2.14842e-05)","(0.0755309, 0.988618, 0.130113)","(-0.123688, -0.915731, 0.38228)","(0.056488, -0.991247, -0.119326)","(0.209863, 0.352924, 0.911812)","(-0.36759, -0.781383, 0.5043)","(-0.00572032, -0.998083, -0.06163)","(-0.172367, -0.936107, 0.306584)","(0.0411821, -0.849843, -0.525425)","(-0.151319, -0.983861, -0.0954993)",0
38.5333,"(0.019348, -0.00905187, -2.47871e-05)","(0.069234, 0.982585, 0.172433)","(-0.257099, -0.943365, 0.209673)","(0.157722, -0.975107, -0.155856)","(0.295434, -0.227672, 0.927838)","(-0.293441, -0.769502, 0.567237)","(-0.000300904, -0.999169, -0.0407683)","(-0.17166, -0.943103, 0.284763)","(0.0302593, -0.861209, -0.507349)","(-0.148015, -0.979349, -0.13772)",0
38.5667,"(0.0199133, -0.0118862, -2.44088e-05)","(0.062553, 0.983689, 0.168652)","(-0.323414, -0.945517, -0.0374343)","(0.265288, -0.955458, -0.129314)","(0.139377, -0.737123, 0.661229)","(-0.230498, -0.78475, 0.575359)","(0.00307989, -0.999153, 0.041046)","(-0.150404, -0.951315, 0.269033)","(0.00224413, -0.933568, -0.358393)","(-0.115564, -0.977364, -0.177214)",0
38.6,"(0.0199133, -0.0118862, -2.44088e-05)","(0.063566, 0.983225, 0.170964)","(-0.32563, -0.915463, -0.236417)","(0.359143, -0.931542, -0.0569794)","(-0.0659622, -0.938419, 0.339145)","(-0.228326, -0.790843, 0.567833)","(0.00549166, -0.993896, 0.110182)","(-0.106968, -0.965189, 0.238679)","(-0.0200153, -0.961788, -0.273061)","(-0.0664069, -0.964148, -0.256921)",0
38.6333,"(0.0199133, -0.0118862, -2.44088e-05)","(0.0713159, 0.979719, 0.187255)","(-0.293589, -0.898116, -0.327405)","(0.465303, -0.885011, 0.015753)","(-0.180878, -0.935622, 0.303142)","(-0.264891, -0.763288, 0.589257)","(0.00588212, -0.991968, 0.126351)","(-0.035618, -0.978278, 0.204214)","(-0.0320058, -0.95739, -0.287018)","(0.0144301, -0.928151, -0.371924)",0
38.6667,"(0.0225675, -0.0103579, -9.39822e-06)","(0.0810539, 0.971283, 0.223697)","(-0.276115, -0.909003, -0.312209)","(0.544263, -0.835851, 0.0716229)","(-0.180468, -0.934159, 0.307862)","(-0.344155, -0.71756, 0.605529)","(-0.00333422, -0.996022, 0.0890463)","(0.0408032, -0.990405, 0.132033)","(-0.0400023, -0.94025, -0.338128)","(0.0830644, -0.858998, -0.505195)",0
38.7,"(0.0245763, -0.00669433, -6.5294e-06)","(0.0884968, 0.960786, 0.26279)","(-0.256408, -0.913664, -0.315394)","(0.597168, -0.797128, 0.08932)","(-0.171758, -0.931955, 0.319311)","(-0.430004, -0.690422, 0.581734)","(-0.0241579, -0.997146, 0.0715351)","(0.100921, -0.993451, 0.0535644)","(-0.061536, -0.932607, -0.355609)","(0.166635, -0.810902, -0.560955)",0
38.7333,"(0.027643, -0.00305742, -5.39435e-06)","(0.0890674, 0.963708, 0.251663)","(-0.233344, -0.919039, -0.317677)","(0.619771, -0.778881, 0.0960677)","(-0.16364, -0.931272, 0.325506)","(-0.493189, -0.666742, 0.558766)","(-0.0757743, -0.991612, 0.104713)","(0.116603, -0.993004, 0.018604)","(-0.0654075, -0.936638, -0.344137)","(0.275526, -0.794118, -0.541721)",0
38.7667,"(0.0316629, -0.00204734, -7.25625e-06)","(0.0798763, 0.975921, 0.202971)","(-0.202681, -0.923342, -0.32613)","(0.631611, -0.770868, 0.0826373)","(-0.138727, -0.917651, 0.372386)","(-0.537044, -0.650434, 0.53714)","(-0.173516, -0.967405, 0.184445)","(0.105581, -0.994407, -0.00268784)","(-0.0444994, -0.944216, -0.326308)","(0.382283, -0.788185, -0.482311)",0
38.8,"(0.0369307, -0.0043707, -1.15609e-05)","(0.059083, 0.98972, 0.130244)","(-0.163913, -0.926195, -0.339551)","(0.637119, -0.769312, 0.0473121)","(-0.101926, -0.889424, 0.445574)","(-0.621107, -0.662749, 0.418319)","(-0.292466, -0.919926, 0.26115)","(0.109053, -0.993704, -0.0256691)","(-0.0700111, -0.945996, -0.316529)","(0.452202, -0.769735, -0.450579)",0
38.8333,"(0.0427146, -0.0114048, -1.78987e-05)","(0.0262596, 0.997173, 0.0703965)","(-0.105027, -0.938812, -0.328027)","(0.61873, -0.785378, 0.0188371)","(-0.0958493, -0.856386, 0.507361)","(-0.664463, -0.696701, 0.270364)","(-0.390564, -0.880649, 0.268175)","(0.14826, -0.988585, -0.0267915)","(-0.190159, -0.935681, -0.297221)","(0.444833, -0.800707, -0.401239)",0
38.8667,"(0.0479442, -0.02062, -2.03738e-05)","(-0.0106201, 0.999878, 0.0114449)","(-0.0266, -0.948502, -0.315652)","(0.557136, -0.829881, 0.0299565)","(-0.120607, -0.834539, 0.537585)","(-0.644509, -0.74957, 0.150842)","(-0.479159, -0.81046, 0.336988)","(0.1952, -0.98055, -0.0204574)","(-0.315064, -0.929941, -0.189591)","(0.402498, -0.824522, -0.397691)",0
38.9,"(0.0517103, -0.0297322, -2.31778e-05)","(-0.0366361, 0.999261, -0.0116662)","(0.0507872, -0.949035, -0.311052)","(0.479198, -0.876104, 0.0530164)","(-0.162402, -0.832253, 0.530076)","(-0.575169, -0.808674, 0.123397)","(-0.540847, -0.734831, 0.409278)","(0.230275, -0.97291, -0.0204776)","(-0.336546, -0.937283, -0.0907574)","(0.374256, -0.841709, -0.389176)",0
38.9333,"(0.054095, -0.0356395, -2.50869e-05)","(-0.0452754, 0.998908, -0.0115525)","(0.111804, -0.935878, -0.334115)","(0.43024, -0.899056, 0.0811891)","(-0.183747, -0.860645, 0.474897)","(-0.544767, -0.83257, 0.100279)","(-0.561243, -0.635998, 0.529634)","(0.234653, -0.967832, -0.0907682)","(-0.26582, -0.963644, -0.02701)","(0.387767, -0.803141, -0.452329)",0
38.9667,"(0.0542687, -0.0382983, -2.08447e-05)","(-0.0369813, 0.999207, 0.014724)","(0.153374, -0.913753, -0.376207)","(0.441167, -0.892928, 0.08973)","(-0.218143, -0.887804, 0.405239)","(-0.579148, -0.814639, 0.0308483)","(-0.535368, -0.629725, 0.562874)","(0.224257, -0.963875, -0.143715)","(-0.0863307, -0.992818, -0.082825)","(0.429013, -0.764163, -0.481667)",0
39,"(0.050955, -0.0380914, -1.24007e-05)","(-0.0226824, 0.999226, 0.0321252)","(0.14664, -0.908636, -0.390995)","(0.458384, -0.872867, 0.167291)","(-0.278854, -0.89772, 0.341085)","(-0.587478, -0.798804, 0.129543)","(-0.4655, -0.642737, 0.608439)","(0.204015, -0.965646, -0.160952)","(0.129613, -0.980903, -0.145019)","(0.466093, -0.71356, -0.523057)",0
39.0333,"(0.0456965, -0.0365456, -2.60416e-06)","(0.00536931, 0.998593, 0.0527566)","(0.0962047, -0.918, -0.384735)","(0.487132, -0.836685, 0.25032)","(-0.384606, -0.873034, 0.299816)","(-0.576631, -0.777366, 0.251393)","(-0.36642, -0.693607, 0.620199)","(0.17729, -0.977288, -0.116085)","(0.319627, -0.928532, -0.188855)","(0.533702, -0.675686, -0.508538)",0
39.0667,"(0.039863, -0.0344833, 7.71042e-06)","(0.0458971, 0.995161, 0.0868837)","(0.00613087, -0.927544, -0.373665)","(0.497562, -0.814793, 0.297565)","(-0.531682, -0.800061, 0.27788)","(-0.513512, -0.769795, 0.379107)","(-0.241249, -0.816573, 0.524411)","(0.128321, -0.989542, -0.0658837)","(0.375733, -0.89772, -0.230049)","(0.616033, -0.597297, -0.513556)",0
39.1,"(0.0339963, -0.0317739, 1.77527e-05)","(0.0921431, 0.988402, 0.120707)","(-0.149204, -0.903074, -0.402736)","(0.511248, -0.816502, 0.268234)","(-0.675563, -0.683295, 0.276989)","(-0.450353, -0.812915, 0.36926)","(-0.117911, -0.943847, 0.308624)","(0.0423936, -0.999076, 0.00699976)","(0.347144, -0.892136, -0.289111)","(0.693071, -0.493349, -0.525604)",0
39.1333,"(0.0284914, -0.0289798, 2.37238e-05)","(0.121977, 0.982001, 0.144205)","(-0.362781, -0.823496, -0.436171)","(0.491524, -0.844279, 0.213535)","(-0.815768, -0.513892, 0.265403)","(-0.300034, -0.892289, 0.337344)","(-0.0282994, -0.997004, 0.0719924)","(-0.0797693, -0.993562, 0.080443)","(0.312589, -0.889843, -0.332367)","(0.741839, -0.410339, -0.530375)",0
39.1667,"(0.0250744, -0.0261562, 2.85862e-05)","(0.128595, 0.980276, 0.150074)","(-0.597016, -0.676566, -0.431081)","(0.454121, -0.874955, 0.168008)","(-0.918737, -0.26768, 0.290294)","(-0.113768, -0.946862, 0.300848)","(0.0259907, -0.999209, -0.0301108)","(-0.203757, -0.967517, 0.149648)","(0.325929, -0.885177, -0.332012)","(0.769894, -0.391262, -0.50416)",0
39.2,"(0.0230304, -0.0226305, 3.01233e-05)","(0.11734, 0.980223, 0.159353)","(-0.794583, -0.53847, -0.280513)","(0.422602, -0.897266, 0.127753)","(-0.896634, 0.0569679, 0.439092)","(0.0272868, -0.959891, 0.279042)","(0.0513751, -0.997131, -0.0555836)","(-0.302878, -0.940059, 0.156696)","(0.365114, -0.879471, -0.305322)","(0.764449, -0.465175, -0.446352)",0
39.2333,"(0.0218217, -0.018897, 2.83409e-05)","(0.0982447, 0.981072, 0.166871)","(-0.929976, -0.3674, -0.0127156)","(0.383308, -0.921597, 0.0611079)","(-0.696942, 0.348397, 0.626811)","(0.0924911, -0.97079, 0.221387)","(0.0554751, -0.995265, -0.0798138)","(-0.368718, -0.91687, 0.152961)","(0.387707, -0.871476, -0.300356)","(0.720917, -0.593023, -0.358612)",0
39.2667,"(0.0208424, -0.0145641, 2.6042e-05)","(0.0770802, 0.982616, 0.168894)","(-0.943695, -0.186345, 0.273341)","(0.336261, -0.941734, -0.00811223)","(-0.344685, 0.513284, 0.785959)","(0.130481, -0.98345, 0.125704)","(0.034216, -0.994732, -0.0966305)","(-0.397224, -0.908008, 0.133168)","(0.369591, -0.882384, -0.291205)","(0.622186, -0.742054, -0.249481)",0
39.3,"(0.0197533, -0.00819174, 2.10632e-05)","(0.0627563, 0.984736, 0.162345)","(-0.867948, -0.105343, 0.485354)","(0.266719, -0.961885, -0.0603179)","(-0.0507967, 0.573184, 0.817851)","(0.160761, -0.986621, -0.027122)","(0.0264423, -0.995762, -0.088087)","(-0.398385, -0.908959, 0.122813)","(0.33857, -0.903086, -0.264207)","(0.492884, -0.860345, -0.129893)",0
39.3333,"(0.0181823, -3.25322e-05, 9.16682e-06)","(0.0547453, 0.98778, 0.145925)","(-0.669118, -0.185251, 0.719697)","(0.196837, -0.978101, -0.0676318)","(0.207105, 0.510311, 0.83468)","(0.141756, -0.980932, -0.132957)","(0.0466091, -0.997086, -0.060399)","(-0.371212, -0.923339, 0.0982171)","(0.320961, -0.922478, -0.214521)","(0.38508, -0.919367, -0.0804789)",0
39.3667,"(0.0159982, 0.00837448, -1.96993e-06)","(0.0466353, 0.995911, 0.0773675)","(-0.278113, -0.365586, 0.888257)","(0.151288, -0.987299, -0.0484951)","(0.43285, 0.478941, 0.763712)","(0.0827651, -0.984664, -0.153582)","(0.10304, -0.994457, -0.0209088)","(-0.322794, -0.941607, 0.0958117)","(0.3052, -0.940149, -0.151568)","(0.29469, -0.954512, -0.045435)",0
39.4,"(0.0131504, 0.0166135, -8.26288e-06)","(0.0353688, 0.999248, 0.0158773)","(0.142566, -0.474504, 0.868631)","(0.112913, -0.993251, -0.0265171)","(0.584743, 0.414882, 0.6971)","(0.0147113, -0.995414, -0.094528)","(0.153525, -0.988104, 0.00892686)","(-0.268019, -0.958135, 0.10071)","(0.292496, -0.949954, -0.109696)","(0.231733, -0.971464, -0.0505657)",0
39.4333,"(0.0100226, 0.0229959, -1.3892e-05)","(0.0253767, 0.999309, -0.02714)","(0.289952, -0.638037, 0.713328)","(0.0916394, -0.995744, -0.00978508)","(0.676312, 0.27555, 0.683135)","(-0.00763483, -0.99987, -0.0141785)","(0.183323, -0.982665, 0.0275977)","(-0.220641, -0.96808, 0.118909)","(0.287418, -0.953089, -0.0949288)","(0.187133, -0.981316, -0.0447237)",0
39.4667,"(0.00670383, 0.0258107, -1.57466e-05)","(0.023323, 0.999697, 0.00789047)","(0.257766, -0.814904, 0.519122)","(0.0638914, -0.997451, -0.0317827)","(0.639861, -0.0321574, 0.767818)","(-0.0130647, -0.999506, 0.0286018)","(0.185672, -0.982046, 0.0333273)","(-0.187104, -0.975679, 0.114207)","(0.288922, -0.950231, -0.116552)","(0.169441, -0.98404, -0.0543508)",0
39.5,"(0.00357801, 0.0265176, -1.08622e-05)","(0.0224178, 0.998691, 0.0459681)","(0.110741, -0.947862, 0.29882)","(0.055841, -0.997399, -0.045574)","(0.549407, -0.382739, 0.74274)","(-0.00575335, -0.997179, 0.0748455)","(0.180278, -0.983345, 0.023076)","(-0.151776, -0.983867, 0.0947044)","(0.285354, -0.946361, -0.151571)","(0.172203, -0.98273, -0.0677354)",0
39.5333,"(0.00044291, 0.0258329, -7.0177e-06)","(0.0233125, 0.996691, 0.0778646)","(0.00176097, -0.994019, 0.109195)","(0.0515749, -0.997108, -0.055813)","(0.449662, -0.647637, 0.615119)","(-0.00944373, -0.98951, 0.144159)","(0.171269, -0.985157, 0.0115252)","(-0.116044, -0.99027, 0.0768025)","(0.271054, -0.945341, -0.181274)","(0.189628, -0.977956, -0.0874242)",0
39.5667,"(-0.00198947, 0.0239338, -4.89596e-06)","(0.0249169, 0.994732, 0.0994361)","(-0.106968, -0.99379, -0.0306547)","(0.0510728, -0.997565, -0.0474976)","(0.289018, -0.823524, 0.488137)","(-0.0114279, -0.971423, 0.237081)","(0.164684, -0.986345, -0.00132925)","(-0.0902021, -0.993305, 0.0721659)","(0.251657, -0.945612, -0.206121)","(0.218537, -0.968631, -0.118301)",0
39.6,"(-0.0043287, 0.0187995, -3.1624e-06)","(0.029391, 0.991744, 0.124817)","(-0.219575, -0.963582, -0.152634)","(0.0412271, -0.997824, -0.0514582)","(0.0334909, -0.917576, 0.396147)","(-0.0518215, -0.940371, 0.336179)","(0.156168, -0.987719, 0.00482662)","(-0.0895781, -0.992541, 0.0826883)","(0.219471, -0.95423, -0.20317)","(0.260021, -0.956895, -0.129386)",0
39.6333,"(-0.0062609, 0.013812, -3.08994e-06)","(0.0367522, 0.988611, 0.145934)","(-0.340855, -0.916088, -0.21119)","(0.00981656, -0.999289, -0.0364054)","(-0.233845, -0.896917, 0.375309)","(-0.119297, -0.894682, 0.430479)","(0.151652, -0.988261, 0.018465)","(-0.0909008, -0.991212, 0.0960998)","(0.190625, -0.959752, -0.20625)","(0.274578, -0.951944, -0.135682)",0
39.6667,"(-0.00791408, 0.00741135, -5.44339e-06)","(0.044446, 0.985649, 0.162849)","(-0.492022, -0.836881, -0.239885)","(-0.0538008, -0.997727, 0.0405869)","(-0.421255, -0.834695, 0.354724)","(-0.31771, -0.802973, 0.504276)","(0.130254, -0.990006, 0.0540493)","(-0.0940809, -0.98993, 0.105773)","(0.183328, -0.959553, -0.213657)","(0.282126, -0.949522, -0.137157)",0
39.7,"(-0.00967916, -0.000401223, -1.11823e-05)","(0.0451874, 0.989221, 0.139286)","(-0.682014, -0.694678, -0.228648)","(-0.137934, -0.973225, 0.183866)","(-0.575212, -0.736216, 0.356535)","(-0.512504, -0.625023, 0.5888)","(0.105412, -0.990952, 0.0830792)","(-0.0968907, -0.985593, 0.138628)","(0.196152, -0.953249, -0.229872)","(0.269309, -0.949901, -0.158622)",0
39.7333,"(-0.0120523, -0.00929195, -1.34728e-05)","(0.0380175, 0.99562, 0.085408)","(-0.849215, -0.495485, -0.182563)","(-0.213068, -0.852025, 0.478179)","(-0.722564, -0.593786, 0.354006)","(-0.657582, -0.327205, 0.678618)","(0.0810367, -0.992221, 0.0945028)","(-0.109104, -0.957444, 0.267205)","(0.222937, -0.925963, -0.304783)","(0.206872, -0.964195, -0.165929)",0
39.7667,"(-0.0146022, -0.0164344, -1.65342e-05)","(0.0263988, 0.999522, 0.0161188)","(-0.959882, -0.265355, -0.0906326)","(-0.293289, -0.565558, 0.770796)","(-0.855611, -0.328051, 0.400389)","(-0.681353, -0.0546163, 0.729914)","(0.0566761, -0.995138, 0.0805459)","(-0.132494, -0.882846, 0.450587)","(0.204745, -0.894491, -0.397449)","(0.0962534, -0.977319, -0.188635)",1
39.8,"(-0.0176653, -0.0246203, -2.03247e-05)","(0.0215138, 0.999549, -0.0209594)","(-0.998816, -0.0303649, -0.0379993)","(-0.302761, -0.144634, 0.942028)","(-0.900532, -0.00807892, 0.434715)","(-0.698583, 0.184407, 0.691358)","(0.0351994, -0.99602, 0.0818835)","(-0.168199, -0.793682, 0.584618)","(0.189311, -0.898814, -0.395341)","(-0.0373028, -0.992944, -0.112568)",0
39.8333,"(-0.0209695, -0.0327513, -2.64213e-05)","(0.0227785, 0.999143, -0.0345726)","(-0.976902, 0.213635, -0.00466941)","(-0.180868, 0.255603, 0.949712)","(-0.80472, 0.3599, 0.472121)","(-0.738851, 0.371105, 0.562477)","(0.0165775, -0.998348, 0.0550167)","(-0.2198, -0.750595, 0.623133)","(0.175476, -0.928769, -0.326492)","(-0.138897, -0.990245, -0.0110817)",0
39.8667,"(-0.02402, -0.040449, -2.59642e-05)","(0.0275099, 0.998732, -0.0421725)","(-0.898319, 0.41031, 0.157065)","(0.043299, 0.596933, 0.801122)","(-0.527123, 0.652305, 0.544647)","(-0.677118, 0.625581, 0.387505)","(0.0222619, -0.9995, -0.0224455)","(-0.264713, -0.733347, 0.626202)","(0.223583, -0.93396, -0.278799)","(-0.197424, -0.973737, 0.113399)",0
39.9,"(-0.0269868, -0.0465573, -2.99733e-05)","(0.0301604, 0.998637, -0.042599)","(-0.699049, 0.478374, 0.531497)","(0.287896, 0.778038, 0.558366)","(-0.178084, 0.749008, 0.638179)","(-0.480311, 0.834722, 0.269334)","(0.0327156, -0.993125, -0.112394)","(-0.293141, -0.711569, 0.638543)","(0.270865, -0.905633, -0.326283)","(-0.221703, -0.966376, 0.130253)",0
39.9333,"(-0.0301564, -0.0518407, -3.52108e-05)","(0.0313082, 0.999229, 0.0236682)","(-0.29088, 0.406503, 0.866109)","(0.444747, 0.819026, 0.362485)","(0.0858387, 0.698302, 0.710638)","(-0.135008, 0.956607, 0.258217)","(0.0415803, -0.985605, -0.163873)","(-0.301304, -0.704774, 0.642268)","(0.317341, -0.862278, -0.394679)","(-0.225171, -0.968327, 0.107891)",0
39.9667,"(-0.0331632, -0.0566305, -4.40296e-05)","(0.0283615, 0.993629, 0.109076)","(0.171041, 0.32776, 0.929149)","(0.610262, 0.746845, 0.264202)","(0.271506, 0.652141, 0.707812)","(0.233251, 0.917908, 0.320997)","(0.0454524, -0.982519, -0.180528)","(-0.299585, -0.696883, 0.651616)","(0.326852, -0.839157, -0.434722)","(-0.220388, -0.973266, 0.0646766)",0
40,"(-0.0359715, -0.0591964, -5.14123e-05)","(0.0285425, 0.991215, 0.129144)","(0.516479, 0.341685, 0.785176)","(0.764568, 0.623211, 0.164447)","(0.410163, 0.576409, 0.706767)","(0.513154, 0.811415, 0.279782)","(0.0647408, -0.977903, -0.198783)","(-0.294055, -0.671059, 0.680596)","(0.347679, -0.819116, -0.456255)","(-0.212904, -0.970632, 0.112005)",0
40.0333,"(-0.0383601, -0.0599689, -5.95115e-05)","(0.027341, 0.996064, 0.0843142)","(0.714498, 0.246864, 0.654638)","(0.869528, 0.484038, 0.0981212)","(0.581774, 0.498489, 0.642688)","(0.684556, 0.689967, 0.23522)","(0.0849481, -0.973159, -0.213882)","(-0.285244, -0.637598, 0.715615)","(0.35967, -0.813836, -0.456408)","(-0.209127, -0.968135, 0.13777)",0
40.0667,"(-0.0406145, -0.0600846, -6.68214e-05)","(0.0250875, 0.998896, 0.0397186)","(0.778609, 0.059989, 0.624636)","(0.927027, 0.371446, 0.051473)","(0.714051, 0.357577, 0.601889)","(0.812501, 0.541562, 0.215759)","(0.102953, -0.976461, -0.189538)","(-0.276011, -0.647325, 0.710485)","(0.358195, -0.811509, -0.461681)","(-0.21686, -0.972283, 0.0873966)",0
40.1,"(-0.0406145, -0.0600846, -6.68214e-05)","(0.0208961, 0.998522, 0.0501734)","(0.746585, -0.229212, 0.624558)","(0.984047, 0.166325, 0.0631543)","(0.849122, 0.193423, 0.491507)","(0.909152, 0.306326, 0.282147)","(0.111308, -0.980423, -0.162422)","(-0.266062, -0.67709, 0.68612)","(0.336607, -0.802652, -0.492387)","(-0.221004, -0.974617, -0.0357747)",0
40.1333,"(-0.0440246, -0.0565375, -7.05301e-05)","(0.0184605, 0.997657, 0.0658732)","(0.659279, -0.456142, 0.597733)","(0.993852, -0.0940144, 0.0584838)","(0.900085, -0.103146, 0.42333)","(0.944332, 0.0473539, 0.325567)","(0.122681, -0.983133, -0.135644)","(-0.24584, -0.68992, 0.680862)","(0.321964, -0.787264, -0.525884)","(-0.235199, -0.964344, -0.121334)",0
40.1667,"(-0.0460666, -0.0527233, -6.73853e-05)","(0.0206458, 0.998124, 0.0576403)","(0.585733, -0.64532, 0.490386)","(0.927331, -0.374005, 0.0133193)","(0.851907, -0.376391, 0.364122)","(0.917577, -0.173872, 0.357521)","(0.142606, -0.983036, -0.115344)","(-0.226642, -0.691766, 0.685633)","(0.312852, -0.77326, -0.551537)","(-0.239571, -0.961917, -0.131608)",0
40.2,"(-0.0479131, -0.048657, -5.94811e-05)","(0.0246832, 0.998568, 0.0474564)","(0.48967, -0.796198, 0.355376)","(0.827353, -0.560318, -0.0391259)","(0.74386, -0.58941, 0.315067)","(0.858342, -0.347981, 0.377039)","(0.161082, -0.982061, -0.0980275)","(-0.214247, -0.719497, 0.660623)","(0.310765, -0.773614, -0.55222)","(-0.241054, -0.963792, -0.114008)",0
40.2333,"(-0.0492432, -0.0452361, -4.92161e-05)","(0.0245378, 0.998227, 0.0542354)","(0.395403, -0.897663, 0.19457)","(0.667394, -0.739604, -0.0870161)","(0.660187, -0.69509, 0.284611)","(0.794147, -0.471866, 0.382979)","(0.170526, -0.982722, -0.0719673)","(-0.22046, -0.822774, 0.52387)","(0.29688, -0.79328, -0.531572)","(-0.232499, -0.962622, -0.138933)",0
40.2667,"(-0.0502851, -0.0418794, -4.20097e-05)","(0.0206703, 0.996443, 0.0816914)","(0.249973, -0.963381, 0.0970091)","(0.450572, -0.886517, -0.105226)","(0.569375, -0.776729, 0.269266)","(0.705627, -0.591885, 0.389567)","(0.168899, -0.983599, -0.0632946)","(-0.217446, -0.897379, 0.383964)","(0.246155, -0.819675, -0.517243)","(-0.243191, -0.952954, -0.180933)",0
40.3,"(-0.0502851, -0.0418794, -4.20097e-05)","(0.0153727, 0.994338, 0.105148)","(0.0639579, -0.995003, 0.0766775)","(0.213561, -0.966525, -0.1422)","(0.488893, -0.831963, 0.262339)","(0.58422, -0.70927, 0.394492)","(0.144239, -0.987489, -0.0637287)","(-0.185505, -0.930167, 0.316823)","(0.160013, -0.837561, -0.522386)","(-0.269269, -0.937475, -0.220534)",0
40.3333,"(-0.0502851, -0.0418794, -4.20097e-05)","(0.00511572, 0.994687, 0.10282)","(-0.186427, -0.977129, 0.102298)","(0.00832486, -0.971251, -0.23791)","(0.486625, -0.824717, 0.288164)","(0.472497, -0.789812, 0.391079)","(0.106013, -0.990901, -0.0829308)","(-0.136596, -0.91333, 0.383627)","(0.071656, -0.824718, -0.560986)","(-0.308932, -0.918883, -0.245388)",0
40.3667,"(-0.0502851, -0.0418794, -4.20097e-05)","(-0.00565435, 0.997146, 0.0752863)","(-0.385093, -0.909481, 0.156676)","(-0.131319, -0.938657, -0.318871)","(0.552029, -0.751096, 0.362103)","(0.447837, -0.774873, 0.446109)","(0.0690393, -0.993113, -0.094659)","(-0.0875822, -0.906193, 0.413695)","(0.000850481, -0.783279, -0.62167)","(-0.356146, -0.898951, -0.255042)",0
40.4,"(-0.0504628, -0.0457015, -1.483e-05)","(-0.0255809, 0.998751, 0.0429229)","(-0.482215, -0.8402, 0.248059)","(-0.167433, -0.939656, -0.29835)","(0.661434, -0.573928, 0.482817)","(0.45014, -0.672635, 0.587313)","(0.0511837, -0.995665, -0.0776662)","(-0.058915, -0.942194, 0.329848)","(-0.09439, -0.747245, -0.657812)","(-0.388761, -0.87481, -0.289088)",0
40.4333,"(-0.0504628, -0.0457015, -1.483e-05)","(-0.051073, 0.998438, 0.022673)","(-0.450015, -0.810798, 0.37429)","(-0.0939593, -0.975955, -0.196683)","(0.731355, -0.341599, 0.59028)","(0.457522, -0.420635, 0.783415)","(0.148159, -0.98878, -0.0190487)","(-0.0509534, -0.985762, 0.16024)","(-0.338916, -0.562278, -0.754307)","(-0.402642, -0.853315, -0.33126)",0
40.4667,"(-0.0504628, -0.0457015, -1.483e-05)","(-0.0822022, 0.9966, 0.00550859)","(-0.367168, -0.799434, 0.475493)","(0.0532857, -0.997403, -0.0484583)","(0.797323, -0.0834048, 0.597763)","(0.403864, -0.174789, 0.897966)","(0.269046, -0.961712, 0.0521876)","(-0.0807557, -0.995598, 0.0475735)","(-0.559043, -0.428372, -0.709907)","(-0.374382, -0.870692, -0.318958)",0
40.5,"(-0.0498868, -0.0416429, 7.83894e-06)","(-0.108305, 0.994081, 0.00853574)","(-0.167411, -0.791718, 0.587499)","(0.24303, -0.958077, 0.151737)","(0.831795, 0.133855, 0.538702)","(0.347074, -0.0316464, 0.937303)","(0.420459, -0.901524, 0.102318)","(-0.109252, -0.994004, 0.0044934)","(-0.720299, -0.333913, -0.608006)","(-0.34202, -0.893539, -0.290878)",0
40.5333,"(-0.0499264, -0.0370502, 8.73022e-06)","(-0.12147, 0.992499, 0.013789)","(0.113732, -0.710792, 0.694146)","(0.521022, -0.78718, 0.329974)","(0.880121, 0.217781, 0.421851)","(0.230999, -0.0335559, 0.972375)","(0.529716, -0.841042, 0.10977)","(-0.102934, -0.994666, 0.00660487)","(-0.691311, -0.557529, -0.459619)","(-0.326951, -0.916647, -0.229918)",0
40.5667,"(-0.0500861, -0.0321627, 2.42144e-07)","(-0.135979, 0.990467, 0.0220313)","(0.389816, -0.541402, 0.744934)","(0.784316, -0.565074, 0.256006)","(0.917043, 0.181166, 0.355261)","(0.451916, -0.0829981, 0.888191)","(0.616365, -0.779984, 0.108259)","(-0.0607466, -0.997932, -0.0210149)","(-0.448197, -0.840148, -0.305402)","(-0.321646, -0.925533, -0.19983)",1
40.6,"(-0.0503608, -0.0283939, -8.25152e-06)","(-0.155655, 0.987488, 0.0252897)","(0.590183, -0.379612, 0.712445)","(0.933779, -0.353369, 0.0564625)","(0.961951, 0.075014, 0.262722)","(0.73915, -0.0838991, 0.668295)","(0.703718, -0.689232, 0.172453)","(-0.00438913, -0.998442, -0.0556217)","(-0.0423901, -0.990294, -0.132368)","(-0.321252, -0.923431, -0.209936)",0
40.6333,"(-0.050812, -0.0260111, -1.69199e-05)","(-0.180633, 0.982929, 0.0349579)","(0.689144, -0.299351, 0.659901)","(0.959241, -0.262665, -0.104232)","(0.974916, -0.0192929, 0.221735)","(0.931709, -0.0685132, 0.356685)","(0.74463, -0.616438, 0.255987)","(0.0242755, -0.996054, -0.0853631)","(0.312438, -0.949831, 0.0142465)","(-0.313982, -0.920592, -0.232217)",0
40.6667,"(-0.050812, -0.0260111, -1.69199e-05)","(-0.192296, 0.979844, 0.0541039)","(0.774518, -0.22626, 0.590702)","(0.974479, -0.212825, -0.0713929)","(0.978524, -0.0512172, 0.19967)","(0.94644, -0.049814, 0.319016)","(0.779447, -0.525418, 0.341171)","(0.0573992, -0.99263, -0.106729)","(0.453033, -0.888519, 0.0727713)","(-0.329275, -0.906365, -0.264726)",0
40.7,"(-0.0511877, -0.0240239, -2.54471e-05)","(-0.194185, 0.97856, 0.0686494)","(0.799603, -0.200182, 0.566182)","(0.981477, -0.181178, -0.0622612)","(0.979171, -0.0592998, 0.194186)","(0.950404, -0.0278925, 0.309766)","(0.791544, -0.503336, 0.34657)","(0.0724609, -0.990423, -0.117519)","(0.48143, -0.873829, 0.0681737)","(-0.339489, -0.897597, -0.281188)",0
40.7333,"(-0.0511877, -0.0240239, -2.54471e-05)","(-0.188694, 0.978992, 0.0772601)","(0.827511, -0.173063, 0.534111)","(0.984386, -0.153948, -0.0853461)","(0.984037, 0.00558027, 0.177879)","(0.948851, 0.0366315, 0.313593)","(0.791102, -0.52077, 0.320867)","(0.0880752, -0.988503, -0.1229)","(0.410522, -0.91133, 0.0307977)","(-0.344946, -0.896987, -0.276454)",0
40.7667,"(-0.0511877, -0.0240239, -2.54471e-05)","(-0.17467, 0.981532, 0.0780076)","(0.8164, -0.13534, 0.561404)","(0.987322, -0.113878, -0.110573)","(0.97695, 0.143666, 0.15789)","(0.924638, 0.190126, 0.329996)","(0.776937, -0.583126, 0.237346)","(0.064259, -0.990709, -0.119859)","(0.29439, -0.955321, -0.0264034)","(-0.319454, -0.908038, -0.270952)",0
40.8,"(-0.0511877, -0.0240239, -2.54471e-05)","(-0.146882, 0.98623, 0.076004)","(0.773147, -0.08996, 0.627814)","(0.992044, -0.106058, -0.0678238)","(0.908645, 0.385704, 0.159991)","(0.831651, 0.406989, 0.377777)","(0.735302, -0.662366, 0.143536)","(0.00308829, -0.993572, -0.113157)","(0.106051, -0.991044, -0.0811526)","(-0.297734, -0.923533, -0.241747)",0
40.8333,"(-0.0488185, -0.0204226, 3.75919e-06)","(-0.112465, 0.990879, 0.0742327)","(0.693558, -0.0232543, 0.720026)","(0.997701, -0.0620153, -0.0273108)","(0.693043, 0.668938, 0.268726)","(0.590361, 0.713926, 0.376541)","(0.649889, -0.757709, 0.0593393)","(-0.0706117, -0.992737, -0.0974073)","(-0.102853, -0.987578, -0.118786)","(-0.282533, -0.932535, -0.22484)",0
40.8667,"(-0.047554, -0.0166103, 6.6191e-06)","(-0.0706717, 0.995647, 0.0607696)","(0.497335, 0.0882418, 0.863059)","(0.981956, 0.124658, -0.14221)","(0.418135, 0.855964, 0.30412)","(0.234704, 0.961291, 0.144337)","(0.516736, -0.856086, 0.0100882)","(-0.117349, -0.989874, -0.0798705)","(-0.262551, -0.958814, -0.108365)","(-0.288741, -0.941724, -0.17258)",0
40.9,"(-0.0461233, -0.0126721, 1.04178e-06)","(-0.0389737, 0.998519, 0.0379553)","(0.142755, 0.404428, 0.90336)","(0.851078, 0.408957, -0.329272)","(0.30702, 0.947553, 0.0887782)","(-0.150163, 0.974839, -0.164742)","(0.364543, -0.930976, -0.0197813)","(-0.132189, -0.990528, -0.037156)","(-0.313284, -0.946838, -0.0731438)","(-0.293578, -0.948483, -0.119127)",0
40.9333,"(-0.0443208, -0.00913844, -7.16709e-06)","(-0.0214482, 0.999649, 0.0155402)","(-0.379557, 0.673336, 0.634472)","(0.635393, 0.622718, -0.456616)","(0.423177, 0.852438, -0.307036)","(-0.321179, 0.841731, -0.433973)","(0.21802, -0.975753, -0.0193133)","(-0.148274, -0.988943, 0.00258808)","(-0.276236, -0.960253, -0.0401074)","(-0.292522, -0.952309, -0.0868239)",0
40.9667,"(-0.0422906, -0.0068532, -1.73708e-05)","(-0.0300937, 0.999452, 0.013789)","(-0.62849, 0.748738, 0.210693)","(0.546058, 0.698581, -0.46239)","(0.526607, 0.607353, -0.594817)","(-0.391824, 0.769917, -0.503689)","(0.096805, -0.995271, -0.00798363)","(-0.163435, -0.986365, 0.0193271)","(-0.214247, -0.97667, -0.0146213)","(-0.298633, -0.94906, -0.100521)",0
41,"(-0.040224, -0.00742008, -2.6343e-05)","(-0.0434352, 0.998947, 0.014797)","(-0.690747, 0.721512, -0.0478396)","(0.548632, 0.695522, -0.463953)","(0.557995, 0.466856, -0.686067)","(-0.420994, 0.763533, -0.489674)","(0.00797426, -0.999869, 0.0140774)","(-0.179753, -0.983542, 0.0182889)","(-0.149781, -0.988709, 0.00443742)","(-0.306833, -0.943643, -0.12406)",0
41.0333,"(-0.0380181, -0.00938762, -3.11447e-05)","(-0.0460534, 0.998764, 0.0186831)","(-0.655919, 0.750433, -0.0813616)","(0.610481, 0.67317, -0.417318)","(0.56796, 0.425119, -0.704766)","(-0.469127, 0.785499, -0.403622)","(-0.0606053, -0.998141, -0.00645076)","(-0.179862, -0.983131, 0.0332069)","(-0.0856854, -0.99504, -0.0505266)","(-0.326792, -0.932375, -0.154544)",0
41.0667,"(-0.0356909, -0.0126825, -2.4024e-05)","(-0.0401756, 0.998765, 0.029234)","(-0.667089, 0.74465, -0.022131)","(0.731598, 0.60654, -0.311246)","(0.623416, 0.422985, -0.657599)","(-0.497849, 0.824285, -0.269631)","(-0.0917505, -0.995458, -0.0253945)","(-0.166118, -0.983611, 0.0701057)","(-0.064358, -0.991265, -0.115113)","(-0.35862, -0.911259, -0.20248)",0
41.1,"(-0.0333845, -0.0164485, -1.57906e-05)","(-0.0400027, 0.997351, 0.0607578)","(-0.69889, 0.684619, 0.207001)","(0.8949, 0.446201, -0.00769455)","(0.830042, 0.409025, -0.379116)","(-0.538229, 0.842795, 0.00260176)","(-0.111293, -0.992283, -0.0546567)","(-0.121188, -0.977319, 0.17367)","(-0.0479124, -0.97143, -0.232439)","(-0.387854, -0.870754, -0.302253)",1
41.1333,"(-0.031105, -0.0222041, -4.70746e-06)","(-0.0475887, 0.994501, 0.0932947)","(-0.736532, 0.50301, 0.452218)","(0.946763, 0.14111, 0.289358)","(0.924529, 0.375874, 0.06296)","(-0.483395, 0.799161, 0.357312)","(-0.100016, -0.993925, -0.0459386)","(-0.0565322, -0.947832, 0.313717)","(-0.0468023, -0.946695, -0.318713)","(-0.414979, -0.811532, -0.411348)",0
41.1667,"(-0.0285101, -0.027316, 3.23355e-06)","(-0.0558017, 0.992251, 0.111016)","(-0.735976, 0.30465, 0.604589)","(0.888867, -0.141308, 0.43583)","(0.844019, 0.377433, 0.38102)","(-0.355538, 0.719983, 0.596002)","(-0.080045, -0.996251, -0.0328057)","(0.0409299, -0.898738, 0.436572)","(-0.0509348, -0.906609, -0.418887)","(-0.407391, -0.741011, -0.533794)",0
41.2,"(-0.0257527, -0.0319366, 9.81507e-06)","(-0.0554331, 0.993483, 0.0995965)","(-0.788224, 0.142156, 0.598744)","(0.843615, -0.315421, 0.434538)","(0.696052, 0.478535, 0.535272)","(-0.236401, 0.708831, 0.664584)","(-0.0556853, -0.998377, -0.0118973)","(0.130965, -0.858874, 0.49516)","(-0.0712077, -0.874285, -0.480162)","(-0.361942, -0.694454, -0.621877)",0
41.2333,"(-0.022983, -0.0369212, 1.42284e-05)","(-0.0416792, 0.995388, 0.0864032)","(-0.84696, 0.0106326, 0.531551)","(0.761768, -0.444833, 0.470991)","(0.565707, 0.571705, 0.594247)","(-0.224588, 0.709481, 0.667979)","(-0.0310209, -0.99951, -0.00406305)","(0.213373, -0.859527, 0.464419)","(-0.11397, -0.854961, -0.506016)","(-0.250632, -0.664129, -0.704356)",0
41.2667,"(-0.0205368, -0.0407308, 1.70545e-05)","(-0.0164004, 0.996659, 0.080015)","(-0.863769, -0.0836367, 0.496899)","(0.582565, -0.552835, 0.595812)","(0.399514, 0.471651, 0.786088)","(-0.31253, 0.630516, 0.710475)","(-0.0250491, -0.999683, 0.00240354)","(0.280395, -0.858472, 0.429423)","(-0.156333, -0.847941, -0.506513)","(-0.113803, -0.685154, -0.719453)",0
41.3,"(-0.0180832, -0.0422502, 1.87733e-05)","(0.0257902, 0.996372, 0.0810987)","(-0.940912, -0.233988, 0.244814)","(0.340743, -0.647663, 0.681489)","(0.0637426, 0.127391, 0.989802)","(-0.461857, 0.490561, 0.738944)","(-0.0297751, -0.999496, 0.0110114)","(0.334141, -0.883263, 0.328932)","(-0.204315, -0.856572, -0.473856)","(0.0373085, -0.741788, -0.669596)",0
41.3333,"(-0.0150573, -0.0435551, 1.73763e-05)","(0.0715754, 0.995229, 0.0662995)","(-0.893732, -0.444175, -0.0628667)","(0.116872, -0.72, 0.684062)","(-0.320814, -0.355232, 0.878003)","(-0.607332, 0.334219, 0.720726)","(-0.043834, -0.998882, 0.0177291)","(0.38335, -0.891783, 0.240344)","(-0.23594, -0.872581, -0.427708)","(0.174824, -0.809182, -0.560946)",0
41.3667,"(-0.0115735, -0.0454196, 1.35196e-05)","(0.11313, 0.992247, 0.0514613)","(-0.672242, -0.646047, -0.361543)","(-0.0858842, -0.794334, 0.60138)","(-0.556745, -0.605021, 0.569196)","(-0.736284, 0.129151, 0.664233)","(-0.0628654, -0.997807, 0.0207166)","(0.415038, -0.898012, 0.146003)","(-0.247411, -0.891456, -0.379597)","(0.294427, -0.841448, -0.453077)",0
41.4,"(-0.00716523, -0.045989, 6.67885e-06)","(0.141667, 0.988253, 0.0573195)","(-0.399698, -0.859641, -0.31821)","(-0.219801, -0.851189, 0.476619)","(-0.535645, -0.733549, 0.418318)","(-0.838256, -0.0532677, 0.542668)","(-0.0905607, -0.995841, 0.00995764)","(0.438886, -0.892672, 0.102544)","(-0.22833, -0.907618, -0.35227)","(0.370293, -0.837681, -0.401464)",0
41.4333,"(-0.00155369, -0.0473241, 2.86469e-06)","(0.157829, 0.984526, 0.0761548)","(-0.198676, -0.948599, -0.24635)","(-0.319528, -0.86726, 0.381789)","(-0.476945, -0.814778, 0.329636)","(-0.880761, -0.260728, 0.395323)","(-0.11957, -0.992808, 0.00585718)","(0.43501, -0.897886, 0.0675863)","(-0.223567, -0.916284, -0.332328)","(0.410831, -0.813459, -0.411706)",0
41.4667,"(0.00470136, -0.0490978, 2.11876e-06)","(0.170631, 0.981492, 0.0869417)","(-0.0944821, -0.978214, -0.184851)","(-0.391772, -0.864859, 0.313899)","(-0.41084, -0.86844, 0.277529)","(-0.855859, -0.419861, 0.302028)","(-0.146696, -0.989165, -0.00574598)","(0.408806, -0.911783, 0.0391019)","(-0.222012, -0.920148, -0.32255)","(0.421334, -0.792549, -0.440845)",0
41.5,"(0.0112185, -0.0509456, 3.38885e-06)","(0.180598, 0.980376, 0.0790415)","(-0.110888, -0.978133, -0.175952)","(-0.454421, -0.846187, 0.278333)","(-0.396665, -0.882089, 0.254119)","(-0.781176, -0.587375, 0.211554)","(-0.17439, -0.984454, -0.0209523)","(0.377847, -0.925654, 0.0199225)","(-0.228714, -0.91706, -0.326635)","(0.419497, -0.778211, -0.467345)",0
41.5333,"(0.0179272, -0.0527004, 4.9511e-06)","(0.186462, 0.980177, 0.0669741)","(-0.143144, -0.974818, -0.170994)","(-0.492065, -0.837428, 0.237879)","(-0.382737, -0.896028, 0.225047)","(-0.702557, -0.693031, 0.161618)","(-0.207285, -0.97754, -0.0380616)","(0.360621, -0.932541, 0.0178805)","(-0.234268, -0.913062, -0.333821)","(0.403936, -0.787841, -0.46491)",0
41.5667,"(0.0239192, -0.0555423, 5.32586e-06)","(0.185742, 0.980459, 0.064804)","(-0.156194, -0.976575, -0.148004)","(-0.493376, -0.84318, 0.213606)","(-0.294584, -0.929681, 0.221164)","(-0.673253, -0.736534, 0.0651757)","(-0.234623, -0.970929, -0.0474212)","(0.352413, -0.935567, 0.0228021)","(-0.241773, -0.907274, -0.344092)","(0.385252, -0.796956, -0.465233)",0
41.6,"(0.0293112, -0.0588897, 5.34365e-06)","(0.181241, 0.979178, 0.0914481)","(-0.163777, -0.975327, -0.148033)","(-0.474852, -0.859228, 0.190377)","(-0.328789, -0.910509, 0.25074)","(-0.733921, -0.677161, 0.0530443)","(-0.2641, -0.963355, -0.0468896)","(0.350891, -0.935788, 0.0343042)","(-0.243194, -0.901377, -0.358297)","(0.36462, -0.801942, -0.473225)",0
41.6333,"(0.0342533, -0.0621539, 5.27073e-06)","(0.172556, 0.977792, 0.118941)","(-0.186728, -0.969488, -0.158829)","(-0.430599, -0.881472, 0.193884)","(-0.473078, -0.824891, 0.309439)","(-0.798972, -0.585069, 0.139062)","(-0.286614, -0.956758, -0.049667)","(0.349036, -0.935738, 0.0506833)","(-0.244908, -0.889111, -0.386654)","(0.34981, -0.801559, -0.484908)",0
41.6667,"(0.0385397, -0.0656589, 3.31337e-06)","(0.157728, 0.979079, 0.128555)","(-0.225464, -0.957418, -0.180325)","(-0.320713, -0.914145, 0.247956)","(-0.691787, -0.533988, 0.486094)","(-0.864437, -0.342672, 0.367864)","(-0.315576, -0.947468, -0.0521077)","(0.330048, -0.941432, 0.0690968)","(-0.245347, -0.878595, -0.409727)","(0.343492, -0.794913, -0.500126)",0
41.7,"(0.0417866, -0.0697362, 4.02331e-06)","(0.129456, 0.986572, 0.0995871)","(-0.274254, -0.954444, -0.117569)","(-0.129659, -0.921203, 0.366843)","(-0.683309, -0.150207, 0.714511)","(-0.762138, -0.0226107, 0.647019)","(-0.336776, -0.940198, -0.0510868)","(0.293165, -0.952768, 0.0792966)","(-0.25418, -0.872374, -0.41756)","(0.336894, -0.790622, -0.511292)",0
41.7333,"(0.0444954, -0.0725195, 1.57089e-06)","(0.0951112, 0.992568, 0.0759176)","(-0.307426, -0.948749, 0.0732521)","(0.108539, -0.863543, 0.492456)","(-0.431379, 0.235654, 0.87085)","(-0.484031, 0.289952, 0.825616)","(-0.355535, -0.934428, -0.0209741)","(0.255568, -0.963915, 0.0745128)","(-0.243246, -0.873198, -0.422322)","(0.335317, -0.779964, -0.528412)",0
41.7667,"(0.046544, -0.0745068, -2.3785e-06)","(0.0559503, 0.996797, 0.0571495)","(-0.321787, -0.894922, 0.30914)","(0.293411, -0.743977, 0.60034)","(-0.0442148, 0.408058, 0.911885)","(-0.216883, 0.317823, 0.923011)","(-0.368609, -0.929087, 0.0304053)","(0.234743, -0.967449, 0.0945403)","(-0.230531, -0.865929, -0.443872)","(0.321841, -0.770702, -0.549942)",0
41.8,"(0.0479896, -0.0760591, -7.41854e-06)","(0.00922572, 0.996656, 0.0811857)","(-0.263625, -0.797982, 0.541966)","(0.402511, -0.612342, 0.680458)","(0.293413, 0.412002, 0.862649)","(-0.0219241, 0.153421, 0.987918)","(-0.387129, -0.918344, 0.0823159)","(0.228757, -0.965682, 0.123)","(-0.212443, -0.858108, -0.467461)","(0.302688, -0.760345, -0.574679)",0
41.8333,"(0.0479896, -0.0760591, -7.41854e-06)","(-0.0435189, 0.995594, 0.0830565)","(-0.172256, -0.750328, 0.638229)","(0.445084, -0.586996, 0.676266)","(0.594675, 0.307422, 0.742868)","(0.107978, -0.0253217, 0.993831)","(-0.398658, -0.911534, 0.100888)","(0.225236, -0.958871, 0.172729)","(-0.211972, -0.854365, -0.474477)","(0.28896, -0.77894, -0.556556)",0
41.8667,"(0.0502933, -0.0776452, -1.88956e-05)","(-0.0990862, 0.990144, 0.098978)","(-0.0310522, -0.723153, 0.68999)","(0.534894, -0.783389, 0.316527)","(0.773904, 0.192387, 0.603374)","(0.611189, -0.132537, 0.780309)","(-0.400169, -0.914174, 0.0644279)","(0.223186, -0.957656, 0.181889)","(-0.211519, -0.837944, -0.503101)","(0.291538, -0.796668, -0.529457)",0
41.9,"(0.0502933, -0.0776452, -1.88956e-05)","(-0.145366, 0.985574, 0.086674)","(0.0786629, -0.803052, 0.590694)","(0.398746, -0.908021, -0.128454)","(0.904042, 0.082023, 0.4195)","(0.869361, -0.314144, 0.381479)","(-0.386911, -0.922073, 0.00903276)","(0.22542, -0.958701, 0.173432)","(-0.217017, -0.822736, -0.525365)","(0.304389, -0.822472, -0.480507)",0
41.9333,"(0.0502933, -0.0776452, -1.88956e-05)","(-0.184243, 0.977539, 0.102338)","(0.219032, -0.879135, 0.423258)","(0.214971, -0.899156, -0.381191)","(0.969435, -0.0858324, 0.229844)","(0.862543, -0.498543, 0.0864521)","(-0.361776, -0.929873, -0.0667365)","(0.230817, -0.96213, 0.145012)","(-0.232114, -0.798564, -0.555355)","(0.314596, -0.835431, -0.450648)",0
41.9667,"(0.0502933, -0.0776452, -1.88956e-05)","(-0.210524, 0.97159, 0.108133)","(0.282256, -0.934787, 0.21565)","(0.0345304, -0.968896, -0.245049)","(0.960519, -0.272289, 0.0571063)","(0.635915, -0.719576, 0.278966)","(-0.334737, -0.935485, -0.11322)","(0.241196, -0.962553, 0.123762)","(-0.262602, -0.797144, -0.543692)","(0.318133, -0.850163, -0.419542)",0
42,"(0.0502933, -0.0776452, -1.88956e-05)","(-0.225271, 0.968065, 0.110018)","(0.329906, -0.938692, 0.100099)","(-0.0576905, -0.979246, -0.194289)","(0.906174, -0.420314, -0.0467501)","(0.499772, -0.794425, 0.345132)","(-0.305627, -0.940683, -0.147337)","(0.257771, -0.959188, 0.116247)","(-0.296109, -0.791536, -0.534594)","(0.314196, -0.858312, -0.405686)",0
42.0333,"(0.0495739, -0.0753356, -3.06563e-05)","(-0.226539, 0.968683, 0.101656)","(0.310548, -0.948041, 0.0691262)","(-0.0930407, -0.977331, -0.190179)","(0.868056, -0.49395, -0.0499187)","(0.442815, -0.814782, 0.374225)","(-0.284984, -0.945846, -0.155432)","(0.273708, -0.955759, 0.107743)","(-0.315442, -0.790747, -0.524611)","(0.312216, -0.858766, -0.406253)",0
42.0667,"(0.0495739, -0.0753356, -3.06563e-05)","(-0.223231, 0.96993, 0.0969765)","(0.302285, -0.951279, 0.0607673)","(-0.0438564, -0.980863, -0.189695)","(0.858168, -0.513049, -0.0181143)","(0.422975, -0.8273, 0.369685)","(-0.268195, -0.950436, -0.157297)","(0.28615, -0.95305, 0.0990627)","(-0.322655, -0.790653, -0.520348)","(0.321287, -0.855565, -0.405935)",0
42.1,"(0.0468228, -0.0749271, -2.9e-05)","(-0.217337, 0.968353, 0.122707)","(0.305939, -0.95067, 0.0512654)","(0.0367497, -0.969896, -0.240732)","(0.870501, -0.492165, -0.00116117)","(0.465432, -0.805235, 0.367382)","(-0.258931, -0.952849, -0.158221)","(0.289863, -0.95336, 0.0841628)","(-0.318876, -0.78913, -0.524968)","(0.348431, -0.844966, -0.405743)",0
42.1333,"(0.0468228, -0.0749271, -2.9e-05)","(-0.213087, 0.966142, 0.14548)","(0.32611, -0.944679, 0.0351263)","(0.137273, -0.950394, -0.279118)","(0.903859, -0.427788, 0.00610268)","(0.540837, -0.771059, 0.3361)","(-0.257201, -0.954101, -0.153423)","(0.291392, -0.953345, 0.0788917)","(-0.312776, -0.789428, -0.52818)","(0.37181, -0.834961, -0.405706)",0
42.1667,"(0.0430624, -0.0744681, -2.71927e-05)","(-0.189715, 0.971527, 0.141927)","(0.349816, -0.924539, 0.151185)","(0.247298, -0.937497, -0.244832)","(0.965109, -0.196736, 0.172796)","(0.663141, -0.526108, 0.532405)","(-0.26487, -0.954358, -0.138)","(0.295681, -0.951194, 0.0883295)","(-0.288204, -0.792462, -0.537533)","(0.387906, -0.821561, -0.417813)",0
42.2,"(0.0405319, -0.0738132, -2.27323e-05)","(-0.152575, 0.982443, 0.107363)","(0.307803, -0.863959, 0.398537)","(0.359859, -0.931392, -0.0548679)","(0.899999, 0.0873166, 0.427056)","(0.654454, -0.0587367, 0.753817)","(-0.273906, -0.956724, -0.0982551)","(0.304668, -0.947013, 0.1017)","(-0.250135, -0.796319, -0.550735)","(0.387509, -0.817896, -0.425303)",0
42.2333,"(0.0377996, -0.0725756, -1.66642e-05)","(-0.0979715, 0.991295, 0.0879487)","(0.160432, -0.649968, 0.742835)","(0.537085, -0.819711, 0.199032)","(0.644901, 0.44363, 0.622331)","(0.365243, 0.472141, 0.802297)","(-0.288451, -0.957107, -0.0272339)","(0.316221, -0.940976, 0.120704)","(-0.200794, -0.822342, -0.532386)","(0.389071, -0.82583, -0.408202)",1
42.2667,"(0.0350747, -0.0709192, -1.14197e-05)","(-0.0477208, 0.994225, 0.0961255)","(-0.0608162, -0.39061, 0.918545)","(0.68107, -0.601281, 0.417858)","(0.423102, 0.628877, 0.652302)","(0.0852311, 0.71595, 0.69293)","(-0.299331, -0.953421, 0.037286)","(0.320996, -0.938915, 0.124099)","(-0.164843, -0.849, -0.502021)","(0.386938, -0.837552, -0.385728)",0
42.3,"(0.0329305, -0.0680257, -5.60442e-06)","(-0.00619828, 0.995427, 0.0953264)","(-0.308832, -0.237866, 0.920892)","(0.714557, -0.459029, 0.52792)","(0.290145, 0.720139, 0.63025)","(-0.0762919, 0.751409, 0.655411)","(-0.307819, -0.948706, 0.0721397)","(0.322273, -0.938399, 0.124691)","(-0.143515, -0.877993, -0.456654)","(0.386673, -0.846492, -0.365973)",0
42.3333,"(0.0314824, -0.0637432, 4.93391e-07)","(0.0200522, 0.997142, 0.0728403)","(-0.464715, -0.273505, 0.842161)","(0.636034, -0.457753, 0.621227)","(0.302862, 0.683737, 0.663911)","(-0.133296, 0.670985, 0.729391)","(-0.309024, -0.948375, 0.0713454)","(0.317692, -0.94119, 0.115038)","(-0.131178, -0.885231, -0.446271)","(0.383554, -0.845397, -0.37174)",0
42.3667,"(0.0307028, -0.0595222, 4.58187e-06)","(0.0297004, 0.998334, 0.0494661)","(-0.51687, -0.469306, 0.715959)","(0.48077, -0.614398, 0.6256)","(0.293495, 0.66028, 0.691297)","(-0.0881655, 0.60751, 0.789403)","(-0.307062, -0.949271, 0.067805)","(0.312017, -0.943778, 0.109217)","(-0.125899, -0.883424, -0.451345)","(0.379628, -0.846517, -0.373218)",0
42.4,"(0.030375, -0.0561937, 4.46069e-06)","(0.0284963, 0.998, 0.056431)","(-0.435314, -0.700593, 0.565395)","(0.346669, -0.764301, 0.54375)","(0.222118, 0.537096, 0.813751)","(-0.0275645, 0.436364, 0.899348)","(-0.30418, -0.950225, 0.0674308)","(0.297903, -0.950239, 0.0911034)","(-0.124601, -0.876481, -0.465032)","(0.369099, -0.830455, -0.417265)",0
42.4333,"(0.0304152, -0.0537187, 8.38342e-07)","(0.0242524, 0.997477, 0.0667212)","(-0.322454, -0.8784, 0.352755)","(0.241644, -0.899275, 0.364572)","(0.0348656, 0.283648, 0.958295)","(0.0651035, 0.145587, 0.987201)","(-0.302567, -0.951294, 0.0590998)","(0.285087, -0.955816, 0.0717021)","(-0.131503, -0.864809, -0.484575)","(0.350576, -0.811217, -0.468)",0
42.4667,"(0.0304152, -0.0537187, 8.38342e-07)","(0.0268172, 0.995141, 0.094735)","(-0.212761, -0.970402, 0.114251)","(0.193134, -0.96646, 0.169277)","(-0.178245, -0.31319, 0.932813)","(0.133949, -0.434354, 0.890727)","(-0.299642, -0.953274, 0.0385223)","(0.279531, -0.959556, 0.0333812)","(-0.140101, -0.855643, -0.498243)","(0.327799, -0.782023, -0.530083)",0
42.5,"(0.031702, -0.0616418, 6.02991e-07)","(0.032028, 0.991873, 0.123135)","(-0.139563, -0.989051, -0.0479539)","(0.139135, -0.989946, 0.0254815)","(-0.27994, -0.715204, 0.640404)","(0.15285, -0.781775, 0.604536)","(-0.297313, -0.954591, 0.0190089)","(0.286459, -0.958075, -0.00579988)","(-0.148592, -0.841323, -0.519708)","(0.312478, -0.761834, -0.567421)",0
42.5333,"(0.0330974, -0.0679912, -8.86992e-07)","(0.0338697, 0.98483, 0.170183)","(-0.0860493, -0.985743, -0.144589)","(0.0874137, -0.993762, -0.0692533)","(-0.268868, -0.877855, 0.396335)","(0.118119, -0.905734, 0.407056)","(-0.303471, -0.952597, 0.021574)","(0.294243, -0.954499, -0.0485031)","(-0.159021, -0.829375, -0.535583)","(0.301581, -0.738699, -0.602804)",0
42.5667,"(0.0351237, -0.0737173, -2.48582e-07)","(0.0277405, 0.980607, 0.194009)","(-0.0828275, -0.983063, -0.163482)","(0.0582049, -0.99412, -0.0913066)","(-0.236166, -0.898514, 0.369999)","(0.0979681, -0.913275, 0.395387)","(-0.314406, -0.948853, 0.0287429)","(0.300209, -0.951475, -0.0676083)","(-0.172209, -0.820317, -0.545366)","(0.291821, -0.731354, -0.61641)",0
42.6,"(0.0373798, -0.0754214, 5.90278e-06)","(0.0177454, 0.980933, 0.193535)","(-0.0964784, -0.972914, -0.210074)","(0.0621865, -0.991259, -0.116355)","(-0.25399, -0.897759, 0.359885)","(0.0924838, -0.915679, 0.391125)","(-0.326815, -0.944316, 0.0381888)","(0.299, -0.952485, -0.0580683)","(-0.192008, -0.818964, -0.540768)","(0.273904, -0.736002, -0.619094)",0
42.6333,"(0.0396459, -0.0683867, 1.02518e-05)","(0.00841951, 0.984048, 0.177703)","(-0.153172, -0.951893, -0.265402)","(0.148346, -0.975667, -0.161453)","(-0.26039, -0.901864, 0.344731)","(0.0726899, -0.926067, 0.370291)","(-0.322812, -0.946257, 0.0197587)","(0.292833, -0.955384, -0.0386021)","(-0.211053, -0.825178, -0.523964)","(0.26071, -0.746484, -0.612203)",0
42.6667,"(0.0412791, -0.05375, 1.40137e-05)","(-0.00283651, 0.986539, 0.163501)","(-0.271719, -0.903231, -0.33218)","(0.319149, -0.924329, -0.20919)","(-0.227364, -0.906305, 0.356255)","(0.00509048, -0.931614, 0.363413)","(-0.292957, -0.956124, -0.00161616)","(0.280578, -0.959743, -0.0130329)","(-0.209085, -0.846454, -0.489693)","(0.268547, -0.780016, -0.565206)",0
42.7,"(0.0421686, -0.0357158, 1.72927e-05)","(-0.00942757, 0.988186, 0.152968)","(-0.431544, -0.842724, -0.321848)","(0.55206, -0.822401, -0.137424)","(-0.184516, -0.830865, 0.524992)","(-0.0363351, -0.896654, 0.441238)","(-0.216932, -0.975909, -0.0232682)","(0.262214, -0.964829, 0.0186972)","(-0.149053, -0.87839, -0.454107)","(0.326055, -0.808269, -0.490296)",0
42.7333,"(0.0421435, -0.0153472, 1.50505e-05)","(-0.0129351, 0.98956, 0.143537)","(-0.633762, -0.756538, -0.161233)","(0.750965, -0.658708, -0.0464245)","(-0.178616, -0.695978, 0.695494)","(0.0591543, -0.819469, 0.570063)","(-0.114174, -0.993423, -0.00867687)","(0.239255, -0.969667, 0.0500324)","(-0.0299732, -0.9014, -0.431948)","(0.429558, -0.796402, -0.425704)",0
42.7667,"(0.0415742, 0.00202346, 7.46548e-06)","(-0.0114045, 0.989119, 0.146672)","(-0.785673, -0.600753, -0.147695)","(0.849171, -0.513813, 0.122083)","(-0.465411, -0.558588, 0.686565)","(0.309337, -0.637789, 0.705362)","(-0.00618002, -0.994232, 0.107074)","(0.217322, -0.974968, 0.0470041)","(0.112917, -0.910563, -0.397648)","(0.542147, -0.684242, -0.48774)",1
42.8,"(0.0405118, 0.0135874, 7.9181e-07)","(-0.00710311, 0.984625, 0.174536)","(-0.897171, -0.397079, -0.193424)","(0.911058, -0.378612, 0.163178)","(-0.803867, -0.378066, 0.459199)","(0.614365, -0.411104, 0.673461)","(0.0909405, -0.983616, 0.155659)","(0.179712, -0.97822, 0.103871)","(0.208908, -0.922089, -0.325744)","(0.65151, -0.47883, -0.588436)",0
42.8333,"(0.0393885, 0.020468, -6.08014e-06)","(-0.000882303, 0.97469, 0.223558)","(-0.922604, -0.226276, -0.312413)","(0.940547, -0.27493, 0.199463)","(-0.96241, -0.160453, 0.21914)","(0.794736, -0.174223, 0.581413)","(0.159624, -0.974687, 0.156543)","(0.116442, -0.980544, 0.158033)","(0.248393, -0.936573, -0.247247)","(0.717695, -0.263538, -0.644563)",0
42.8667,"(0.0384744, 0.0228038, -1.44668e-05)","(0.00407644, 0.960929, 0.276765)","(-0.95421, -0.136052, -0.266407)","(0.970145, -0.184189, 0.157777)","(-0.971539, -0.0187132, 0.236139)","(0.873751, -0.0241878, 0.485772)","(0.198645, -0.979077, 0.044148)","(0.0533732, -0.975065, 0.215405)","(0.253278, -0.950232, -0.181409)","(0.770879, -0.131909, -0.623174)",0
42.9,"(0.0384744, 0.0228038, -1.44668e-05)","(0.00461802, 0.953413, 0.301632)","(-0.973304, -0.111397, -0.200673)","(0.977555, -0.147711, 0.150226)","(-0.956031, -0.0335446, 0.291342)","(0.886074, 0.0195114, 0.463133)","(0.202982, -0.978718, -0.0301623)","(-0.0199833, -0.967003, 0.253981)","(0.262093, -0.94198, -0.209719)","(0.796657, -0.118343, -0.592733)",0
42.9333,"(0.037424, 0.019026, -2.09941e-05)","(0.00173864, 0.951771, 0.306805)","(-0.973334, -0.125046, -0.192312)","(0.972919, -0.167271, 0.159528)","(-0.953382, -0.11496, 0.27901)","(0.886691, -0.0227909, 0.4618)","(0.192099, -0.978469, -0.0754759)","(-0.0901826, -0.928905, 0.359168)","(0.278765, -0.929799, -0.240341)","(0.798961, -0.184804, -0.572283)",0
42.9667,"(0.0371918, 0.016476, -2.58964e-05)","(-0.00242806, 0.954997, 0.296607)","(-0.965237, -0.184402, -0.185237)","(0.960406, -0.223469, 0.166379)","(-0.901265, -0.335216, 0.274504)","(0.855, -0.167479, 0.490842)","(0.17468, -0.980132, -0.0939615)","(-0.172148, -0.853528, 0.491788)","(0.280797, -0.91372, -0.293716)","(0.77318, -0.287905, -0.565069)",0
43,"(0.0365273, 0.0108504, -3.481e-05)","(-0.0059974, 0.956788, 0.290723)","(-0.928701, -0.278987, -0.244295)","(0.932927, -0.327912, 0.148731)","(-0.765005, -0.602937, 0.22635)","(0.755988, -0.417974, 0.503765)","(0.165873, -0.983137, -0.0769973)","(-0.240349, -0.793597, 0.55896)","(0.284645, -0.910891, -0.298755)","(0.699782, -0.47644, -0.532268)",0
43.0333,"(0.0356479, 0.00459199, -3.83765e-05)","(-0.00818837, 0.958477, 0.285051)","(-0.867461, -0.374636, -0.327352)","(0.889734, -0.444956, 0.101917)","(-0.435166, -0.883988, 0.170868)","(0.497585, -0.699118, 0.513461)","(0.170607, -0.981655, -0.0851249)","(-0.254798, -0.760184, 0.597661)","(0.301598, -0.87349, -0.382169)","(0.500359, -0.764049, -0.407273)",0
43.0667,"(0.0341568, -0.00344988, -3.603e-05)","(-0.00910926, 0.969098, 0.24651)","(-0.757721, -0.50194, -0.417031)","(0.800526, -0.599288, -0.00362107)","(-0.0590874, -0.981187, 0.183795)","(0.139635, -0.885635, 0.442892)","(0.189513, -0.97873, -0.0785609)","(-0.272358, -0.822753, 0.498897)","(0.296501, -0.875191, -0.382266)","(0.21367, -0.970114, -0.114993)",0
43.1,"(0.0321567, -0.0140146, -3.53174e-05)","(-0.00742693, 0.978457, 0.206317)","(-0.620158, -0.639619, -0.454194)","(0.658183, -0.745556, -0.1046)","(0.256904, -0.935337, 0.243196)","(-0.183114, -0.915756, 0.357575)","(0.204018, -0.976983, -0.0622953)","(-0.263897, -0.91327, 0.310318)","(0.284103, -0.889081, -0.358916)","(-0.0556823, -0.998419, -0.00772939)",0
43.1333,"(0.0296941, -0.0248597, -3.13946e-05)","(-0.00450876, 0.987289, 0.15887)","(-0.448945, -0.768729, -0.455526)","(0.488741, -0.853746, -0.179584)","(0.369456, -0.863361, 0.34367)","(-0.308949, -0.90851, 0.281354)","(0.209205, -0.977415, -0.0298944)","(-0.269138, -0.959473, 0.0835276)","(0.265706, -0.921062, -0.284684)","(-0.149272, -0.986272, -0.070605)",0
43.1667,"(0.02745, -0.0337288, -2.23783e-05)","(-0.00164114, 0.989741, 0.142864)","(-0.334778, -0.844441, -0.418142)","(0.383305, -0.908111, -0.16856)","(0.341812, -0.861641, 0.375153)","(-0.303502, -0.903088, 0.303839)","(0.202187, -0.979061, -0.0236475)","(-0.267959, -0.963342, 0.0130767)","(0.282487, -0.904293, -0.320085)","(-0.189037, -0.951289, -0.243544)",0
43.2,"(0.024569, -0.0418823, -1.68893e-05)","(-0.000514832, 0.992129, 0.125216)","(-0.271761, -0.894526, -0.354921)","(0.353266, -0.925039, -0.139665)","(0.243579, -0.834086, 0.494945)","(-0.2675, -0.8876, 0.374979)","(0.182305, -0.982785, -0.02999)","(-0.274612, -0.961348, 0.0199519)","(0.311662, -0.871046, -0.379666)","(-0.184726, -0.941194, -0.282896)",0
43.2333,"(0.0210095, -0.0465931, -1.92883e-05)","(0.00182739, 0.993185, 0.116533)","(-0.251163, -0.932258, -0.260409)","(0.366029, -0.925537, -0.0969712)","(0.131188, -0.754084, 0.643542)","(-0.308738, -0.826472, 0.47077)","(0.167602, -0.985478, -0.0272376)","(-0.275704, -0.960813, 0.0287279)","(0.343219, -0.846068, -0.407884)","(-0.18014, -0.941429, -0.285062)",0
43.2667,"(0.016865, -0.0470764, -2.12041e-05)","(0.0267391, 0.995392, 0.0920839)","(-0.25053, -0.952588, -0.172661)","(0.394059, -0.918925, -0.0171329)","(0.011269, -0.644733, 0.764325)","(-0.372529, -0.696603, 0.613161)","(0.157715, -0.987309, -0.0186255)","(-0.28026, -0.942148, 0.183878)","(0.365887, -0.838868, -0.403022)","(-0.169197, -0.96723, -0.189309)",0
43.3,"(0.012005, -0.0461652, -2.19897e-05)","(0.0682829, 0.994358, 0.0811754)","(-0.283504, -0.950575, -0.126617)","(0.434438, -0.884497, 0.170084)","(-0.0931694, -0.621511, 0.777845)","(-0.454173, -0.416457, 0.787585)","(0.167573, -0.985734, -0.015739)","(-0.276071, -0.901202, 0.334095)","(0.367931, -0.839971, -0.398843)","(-0.157985, -0.973427, -0.165772)",0
43.3333,"(0.00596828, -0.0435874, -2.12807e-05)","(0.123262, 0.990132, 0.0666754)","(-0.348524, -0.922327, -0.166865)","(0.474962, -0.795879, 0.375484)","(-0.192529, -0.739822, 0.644667)","(-0.467354, -0.0503327, 0.882636)","(0.178636, -0.983846, -0.0116729)","(-0.27347, -0.876171, 0.396911)","(0.35452, -0.842983, -0.404592)","(-0.159224, -0.976856, -0.142831)",0
43.3667,"(-0.00073576, -0.0399701, -2.31452e-05)","(0.17416, 0.981598, 0.0783204)","(-0.397992, -0.886155, -0.237344)","(0.517171, -0.644915, 0.562689)","(-0.270232, -0.837057, 0.475721)","(-0.479359, 0.23548, 0.845437)","(0.151423, -0.988458, -0.00464821)","(-0.275084, -0.911792, 0.304901)","(0.332122, -0.805402, -0.490941)","(-0.152691, -0.964555, -0.215218)",0
43.4,"(-0.00706779, -0.03671, -1.35157e-05)","(0.226109, 0.971466, 0.0716103)","(-0.44803, -0.843368, -0.296649)","(0.604933, -0.468694, 0.643725)","(-0.309774, -0.896725, 0.316109)","(-0.510145, 0.338622, 0.790624)","(0.0647741, -0.996832, 0.0461593)","(-0.272007, -0.93696, 0.219357)","(0.345053, -0.714603, -0.608507)","(-0.137985, -0.959918, -0.243964)",0
43.4333,"(-0.0131142, -0.0333456, -5.39431e-06)","(0.273429, 0.958678, 0.0785656)","(-0.491464, -0.823062, -0.28466)","(0.673839, -0.239406, 0.699018)","(-0.335949, -0.914867, 0.223959)","(-0.57225, 0.370752, 0.731487)","(-0.0673576, -0.984192, 0.163798)","(-0.262549, -0.947161, 0.184266)","(0.353171, -0.556875, -0.751772)","(-0.117073, -0.955069, -0.272282)",0
43.4667,"(-0.0184854, -0.0301339, -2.20491e-07)","(0.314575, 0.94607, 0.0774247)","(-0.532924, -0.806544, -0.255889)","(0.746821, 0.0416829, 0.663718)","(-0.362807, -0.914088, 0.181148)","(-0.741741, 0.422501, 0.520878)","(-0.206433, -0.935484, 0.2868)","(-0.250008, -0.956123, 0.152724)","(0.394563, -0.454689, -0.798485)","(-0.10443, -0.949649, -0.295399)",0
43.5,"(-0.0229238, -0.0265113, 2.43499e-06)","(0.345952, 0.934404, 0.0848927)","(-0.561622, -0.80098, -0.207394)","(0.755665, 0.346229, 0.555963)","(-0.398272, -0.908207, 0.128606)","(-0.850353, 0.4934, 0.182914)","(-0.316077, -0.845389, 0.430596)","(-0.236552, -0.962294, 0.134291)","(0.411252, -0.442044, -0.797163)","(-0.0892456, -0.947889, -0.305846)",0
43.5333,"(-0.0263728, -0.021387, 8.5931e-06)","(0.366239, 0.92702, 0.0806369)","(-0.581765, -0.791644, -0.186682)","(0.700612, 0.544279, 0.461415)","(-0.448842, -0.882861, 0.138192)","(-0.810368, 0.58557, 0.0202887)","(-0.453496, -0.753612, 0.475826)","(-0.225117, -0.965116, 0.133694)","(0.433191, -0.479013, -0.763474)","(-0.0672832, -0.94828, -0.310223)",0
43.5667,"(-0.0290061, -0.0153246, 1.25931e-05)","(0.381766, 0.920425, 0.0841027)","(-0.605964, -0.778211, -0.164908)","(0.618566, 0.677875, 0.397318)","(-0.48503, -0.863345, 0.139215)","(-0.731859, 0.677888, -0.0696436)","(-0.572457, -0.658214, 0.488926)","(-0.217646, -0.966557, 0.135637)","(0.42586, -0.512977, -0.745317)","(-0.0411465, -0.947685, -0.316545)",0
43.6,"(-0.0308084, -0.00932844, 1.76077e-05)","(0.392315, 0.913968, 0.103688)","(-0.62675, -0.763907, -0.153723)","(0.530533, 0.76522, 0.364655)","(-0.517277, -0.836653, 0.180101)","(-0.618764, 0.785577, 0.000437315)","(-0.700162, -0.565751, 0.435544)","(-0.218679, -0.966591, 0.133719)","(0.409791, -0.536119, -0.738003)","(-0.00681092, -0.945067, -0.326806)",0
43.6333,"(-0.0319646, -0.00270694, 2.23871e-05)","(0.403372, 0.905713, 0.130288)","(-0.647131, -0.748844, -0.143018)","(0.463774, 0.851179, 0.245781)","(-0.563309, -0.796219, 0.220723)","(-0.565004, 0.813581, -0.137318)","(-0.786321, -0.457243, 0.415485)","(-0.223262, -0.96583, 0.131629)","(0.3738, -0.595155, -0.711382)","(0.0243066, -0.93865, -0.344014)",0
43.6667,"(-0.0325848, 0.0030455, 2.42274e-05)","(0.410224, 0.899209, 0.152118)","(-0.661896, -0.736182, -0.141172)","(0.336899, 0.934961, 0.111121)","(-0.616753, -0.742359, 0.261759)","(-0.52694, 0.797195, -0.294642)","(-0.849775, -0.326455, 0.413896)","(-0.237529, -0.963145, 0.126223)","(0.338753, -0.669806, -0.660762)","(0.0586132, -0.926601, -0.37145)",0
43.7,"(-0.0325107, 0.00697018, 2.51493e-05)","(0.417956, 0.896833, 0.144922)","(-0.682022, -0.711759, -0.168063)","(0.126408, 0.986585, 0.103303)","(-0.681343, -0.673932, 0.285635)","(-0.555778, 0.71122, -0.430438)","(-0.871144, -0.202787, 0.447198)","(-0.249384, -0.959364, 0.132019)","(0.306583, -0.744868, -0.592603)","(0.0779165, -0.916923, -0.391384)",0
43.7333,"(-0.0322549, 0.00926491, 1.90271e-05)","(0.428729, 0.896119, 0.114731)","(-0.706523, -0.682962, -0.185438)","(-0.176919, 0.980731, 0.0828677)","(-0.737733, -0.601754, 0.30601)","(-0.529813, 0.630008, -0.567792)","(-0.858793, -0.109309, 0.500526)","(-0.262864, -0.953988, 0.144255)","(0.27052, -0.813624, -0.514621)","(0.0811498, -0.912425, -0.401118)",0
43.7667,"(-0.0322549, 0.00926491, 1.90271e-05)","(0.427186, 0.901311, 0.0717637)","(-0.72007, -0.665459, -0.19663)","(-0.384321, 0.901351, 0.19966)","(-0.770772, -0.55368, 0.315196)","(-0.53914, 0.669517, -0.510955)","(-0.822406, -0.0523182, 0.56649)","(-0.272112, -0.948466, 0.162382)","(0.242271, -0.858902, -0.451212)","(0.0595093, -0.915432, -0.398048)",0
43.8,"(-0.0300755, 0.010256, 6.67842e-06)","(0.411011, 0.910641, 0.0424644)","(-0.715588, -0.673052, -0.186911)","(-0.517592, 0.821815, 0.238156)","(-0.781011, -0.547356, 0.300705)","(-0.512926, 0.692489, -0.507312)","(-0.795584, -0.0497289, 0.603799)","(-0.281998, -0.944923, 0.166126)","(0.20935, -0.881749, -0.422719)","(0.0260255, -0.920357, -0.390212)",0
43.8333,"(-0.0281313, 0.0095122, -1.24145e-07)","(0.385456, 0.922485, 0.0210893)","(-0.688152, -0.700582, -0.188763)","(-0.59615, 0.733016, 0.327556)","(-0.751606, -0.590733, 0.293467)","(-0.618519, 0.677242, -0.39847)","(-0.761515, -0.0980641, 0.640685)","(-0.289926, -0.943285, 0.161728)","(0.199137, -0.887677, -0.41518)","(-0.0148095, -0.913083, -0.407505)",0
43.8667,"(-0.0257207, 0.00801188, -6.79968e-06)","(0.365602, 0.930753, 0.00582305)","(-0.649574, -0.725904, -0.226093)","(-0.706345, 0.609927, 0.359258)","(-0.701174, -0.653748, 0.28455)","(-0.788583, 0.547519, -0.279929)","(-0.722081, -0.158388, 0.673434)","(-0.292781, -0.944554, 0.148652)","(0.193486, -0.887825, -0.417527)","(-0.0461587, -0.901904, -0.429463)",0
43.9,"(-0.0223424, 0.00545831, -1.52209e-05)","(0.350202, 0.936669, -0.00307541)","(-0.617969, -0.737668, -0.271957)","(-0.812885, 0.454427, 0.3643)","(-0.612631, -0.755226, 0.233059)","(-0.911965, 0.373109, -0.170616)","(-0.659446, -0.237139, 0.713369)","(-0.291701, -0.949781, 0.113252)","(0.188631, -0.891263, -0.412393)","(-0.0662589, -0.891656, -0.447839)",0
43.9333,"(-0.018364, 0.00218974, -2.12698e-05)","(0.324703, 0.945473, -0.0254723)","(-0.552895, -0.724772, -0.411112)","(-0.918102, 0.212518, 0.334552)","(-0.567639, -0.814999, -0.116458)","(-0.974029, 0.214245, -0.0732584)","(-0.612118, -0.337752, 0.715007)","(-0.282517, -0.955812, 0.0812897)","(0.198048, -0.891355, -0.407754)","(-0.0760539, -0.889736, -0.450094)",0
43.9667,"(-0.0142396, -0.0023031, -2.39084e-05)","(0.294994, 0.954801, -0.0365101)","(-0.423503, -0.780346, -0.460115)","(-0.961603, -0.0810011, 0.262219)","(-0.407168, -0.890517, -0.202964)","(-0.99469, 0.087581, -0.0540442)","(-0.556548, -0.480883, 0.6775)","(-0.267876, -0.961946, 0.0538767)","(0.219175, -0.882028, -0.417119)","(-0.0836715, -0.878861, -0.469683)",0
44,"(-0.00965108, -0.00871118, -2.45047e-05)","(0.266471, 0.96313, -0.0370552)","(-0.290047, -0.835504, -0.466696)","(-0.916669, -0.354611, 0.184305)","(-0.319172, -0.929961, -0.18249)","(-0.996617, -0.0815163, 0.010507)","(-0.508039, -0.628539, 0.588927)","(-0.250915, -0.9664, 0.0557887)","(0.246768, -0.86724, -0.432435)","(-0.100815, -0.866982, -0.488036)",0
44.0333,"(-0.00404067, -0.0146108, -2.24489e-05)","(0.240601, 0.970568, -0.0104219)","(-0.16476, -0.92385, -0.345478)","(-0.819735, -0.560082, 0.119763)","(-0.259245, -0.954747, 0.145772)","(-0.956027, -0.293219, -0.00598566)","(-0.440795, -0.774311, 0.454029)","(-0.241126, -0.96865, 0.0597901)","(0.217475, -0.863893, -0.454305)","(-0.119372, -0.853695, -0.506907)",0
44.0667,"(0.00159351, -0.0218622, -1.90283e-05)","(0.201448, 0.979279, 0.0207825)","(-0.105899, -0.956676, -0.271212)","(-0.720477, -0.691304, 0.0548815)","(-0.314029, -0.928855, 0.196504)","(-0.857084, -0.51132, -0.0629181)","(-0.353305, -0.890482, 0.286736)","(-0.24129, -0.968738, 0.0576637)","(0.128717, -0.899861, -0.416751)","(-0.13543, -0.842767, -0.520963)",0
44.1,"(0.00751389, -0.0315257, -1.77322e-05)","(0.152988, 0.987124, 0.0466964)","(-0.0226129, -0.979623, -0.199569)","(-0.600136, -0.799253, 0.0321023)","(-0.367752, -0.897421, 0.243707)","(-0.71183, -0.69475, -0.103059)","(-0.248823, -0.959573, 0.131552)","(-0.242028, -0.968959, 0.0504)","(0.00927906, -0.946365, -0.322965)","(-0.149413, -0.804871, -0.574333)",0
44.1333,"(0.0136461, -0.0419868, -1.92435e-05)","(0.0861269, 0.991632, 0.0961623)","(0.0496427, -0.985983, -0.159292)","(-0.488831, -0.872247, 0.0151297)","(-0.396592, -0.881884, 0.254941)","(-0.58927, -0.802899, -0.0900823)","(-0.181353, -0.982223, 0.0484727)","(-0.204822, -0.977781, 0.0446251)","(-0.0791543, -0.963401, -0.256112)","(-0.144319, -0.705175, -0.694191)",0
44.1667,"(0.020708, -0.0521117, -1.50213e-05)","(0.0203303, 0.988034, 0.152891)","(0.0879476, -0.986348, -0.139219)","(-0.409985, -0.911955, 0.0158052)","(-0.404196, -0.857766, 0.31759)","(-0.532082, -0.846609, 0.0119349)","(-0.158537, -0.98717, 0.0190198)","(-0.177943, -0.983785, 0.0224436)","(-0.119367, -0.964365, -0.236119)","(-0.0832626, -0.608317, -0.789315)",0
44.2,"(0.0276313, -0.062998, -1.69244e-05)","(-0.0426108, 0.975429, 0.216153)","(0.0852542, -0.986117, -0.142499)","(-0.363478, -0.931602, -0.000625234)","(-0.15506, -0.875681, 0.457317)","(-0.546731, -0.830133, 0.109382)","(-0.168098, -0.974635, 0.147747)","(-0.119446, -0.990753, -0.0643552)","(-0.133238, -0.961725, -0.239442)","(0.0065034, -0.544639, -0.838645)",0
44.2333,"(0.0344515, -0.0716041, -1.84547e-05)","(-0.0823847, 0.9699, 0.229143)","(-0.00258142, -0.991448, -0.130475)","(-0.305183, -0.952209, 0.0126953)","(-0.0885661, -0.872569, 0.480394)","(-0.600062, -0.760039, 0.249531)","(-0.176702, -0.943942, 0.278835)","(-0.0368148, -0.99318, -0.110628)","(-0.148493, -0.955385, -0.255323)","(0.0782587, -0.588782, -0.804494)",0
44.2667,"(0.0414964, -0.0778548, -1.84394e-05)","(-0.101168, 0.972615, 0.209248)","(-0.0484823, -0.99241, -0.113011)","(-0.126622, -0.990607, 0.0516139)","(0.000819207, -0.872616, 0.488406)","(-0.631157, -0.678751, 0.375418)","(-0.193452, -0.899444, 0.391888)","(0.123269, -0.990968, -0.052794)","(-0.163681, -0.938092, -0.305274)","(0.10239, -0.654564, -0.74904)",0
44.3,"(0.0489874, -0.0819363, -1.81895e-05)","(-0.100003, 0.981944, 0.160579)","(-0.119538, -0.991518, -0.0510151)","(0.191975, -0.968126, 0.160864)","(0.120534, -0.844552, 0.521731)","(-0.62789, -0.560644, 0.539844)","(-0.234777, -0.906207, 0.351666)","(0.271853, -0.952237, 0.13907)","(-0.170496, -0.889924, -0.423044)","(0.132614, -0.740335, -0.659028)",0
44.3333,"(0.056071, -0.0849597, -2.09335e-05)","(-0.0808473, 0.987463, 0.135572)","(-0.193604, -0.980648, -0.0290972)","(0.531373, -0.802354, 0.27179)","(0.275741, -0.838177, 0.470558)","(-0.596442, -0.479602, 0.643614)","(-0.276939, -0.927695, 0.250372)","(0.363863, -0.889233, 0.27725)","(-0.176093, -0.853619, -0.490231)","(0.196847, -0.804748, -0.560028)",0
44.3667,"(0.0631555, -0.0870693, -1.79883e-05)","(-0.0526725, 0.990057, 0.130429)","(-0.237699, -0.971337, 0.00202611)","(0.776366, -0.526456, 0.346555)","(0.408089, -0.833592, 0.372273)","(-0.583228, -0.420558, 0.694964)","(-0.30594, -0.947877, 0.0890508)","(0.398407, -0.8506, 0.343149)","(-0.20647, -0.821721, -0.531172)","(0.272036, -0.845447, -0.459582)",0
44.4,"(0.0700152, -0.08825, -1.29294e-05)","(-0.0200493, 0.988404, 0.15052)","(-0.270978, -0.96258, 0.00328114)","(0.936181, -0.159945, 0.313023)","(0.528695, -0.81783, 0.227237)","(-0.573729, -0.544512, 0.611835)","(-0.306707, -0.949846, -0.0610149)","(0.420523, -0.837866, 0.348053)","(-0.263861, -0.809843, -0.523958)","(0.309718, -0.867985, -0.388172)",0
44.4333,"(0.0760881, -0.088528, -8.58679e-06)","(0.0176299, 0.987504, 0.156604)","(-0.315038, -0.948687, 0.0272807)","(0.987595, 0.157005, -0.00221608)","(0.57084, -0.802612, 0.173078)","(-0.436354, -0.870331, 0.228298)","(-0.299981, -0.94228, -0.148727)","(0.42294, -0.831843, 0.359388)","(-0.319727, -0.79143, -0.520973)","(0.314468, -0.884055, -0.345769)",0
44.4667,"(0.0814668, -0.0885702, -3.52785e-06)","(0.054748, 0.986115, 0.156783)","(-0.361963, -0.931572, 0.0340189)","(0.839975, 0.320405, -0.43793)","(0.568282, -0.809014, 0.150171)","(-0.0774392, -0.804299, -0.589157)","(-0.299906, -0.940087, -0.162147)","(0.421079, -0.837493, 0.348279)","(-0.36489, -0.783796, -0.502513)","(0.304035, -0.896661, -0.321809)",1
44.5,"(0.0859134, -0.0877406, -2.4776e-06)","(0.0901142, 0.985392, 0.144507)","(-0.404835, -0.913605, 0.0378715)","(0.611884, 0.225271, -0.758189)","(0.52639, -0.840461, 0.128607)","(0.214549, -0.323825, -0.921469)","(-0.309238, -0.937929, -0.157038)","(0.407695, -0.855051, 0.320425)","(-0.392996, -0.780793, -0.485713)","(0.290439, -0.910319, -0.294898)",0
44.5333,"(0.0890852, -0.0864961, -6.60792e-06)","(0.121289, 0.982708, 0.139904)","(-0.407269, -0.912661, 0.0343801)","(0.492285, -0.0295085, -0.869934)","(0.46615, -0.879678, 0.0941858)","(0.285727, -0.160966, -0.944696)","(-0.326845, -0.93268, -0.152577)","(0.403151, -0.872715, 0.275388)","(-0.425296, -0.788505, -0.444278)","(0.273838, -0.924183, -0.266267)",0
44.5667,"(0.0917259, -0.085541, -1.24665e-05)","(0.15413, 0.979098, 0.132703)","(-0.393146, -0.918975, 0.0303607)","(0.409009, -0.386196, -0.826779)","(0.377842, -0.923183, 0.0704905)","(0.366356, -0.570517, -0.735047)","(-0.340712, -0.927087, -0.156289)","(0.405615, -0.881175, 0.242914)","(-0.443196, -0.799917, -0.404611)","(0.249127, -0.937724, -0.242095)",0
44.6,"(0.0936955, -0.0840676, -1.55417e-05)","(0.182758, 0.974804, 0.127894)","(-0.383833, -0.923337, 0.0109835)","(0.188619, -0.718242, -0.66974)","(0.316556, -0.946418, 0.0639164)","(0.500402, -0.803177, -0.323271)","(-0.348437, -0.923786, -0.15878)","(0.412297, -0.880678, 0.233275)","(-0.453886, -0.808926, -0.373667)","(0.226785, -0.944545, -0.237492)",0
44.6333,"(0.0950227, -0.081411, -1.64583e-05)","(0.208066, 0.969671, 0.128247)","(-0.400234, -0.916374, 0.00850451)","(-0.0758162, -0.865673, -0.494835)","(0.276061, -0.959321, 0.0591078)","(0.441792, -0.881391, 0.167243)","(-0.351508, -0.922905, -0.157123)","(0.414786, -0.882142, 0.223111)","(-0.452543, -0.817169, -0.356985)","(0.209467, -0.944318, -0.253746)",0
44.6667,"(0.0957446, -0.078552, -1.30938e-05)","(0.220139, 0.966451, 0.132329)","(-0.424752, -0.905262, 0.00936165)","(-0.357561, -0.856187, -0.372954)","(0.269587, -0.961276, 0.0571963)","(0.348758, -0.865341, 0.359935)","(-0.36008, -0.922192, -0.141083)","(0.405563, -0.892737, 0.196314)","(-0.453087, -0.829727, -0.325984)","(0.197089, -0.942618, -0.269494)",0
44.7,"(0.0963344, -0.0754021, -6.07055e-06)","(0.218818, 0.966122, 0.136847)","(-0.452616, -0.891415, 0.0227767)","(-0.521403, -0.802079, -0.291218)","(0.288018, -0.956439, 0.0476419)","(0.147759, -0.861427, 0.485913)","(-0.368751, -0.921189, -0.124234)","(0.388916, -0.906652, 0.163481)","(-0.452614, -0.842577, -0.291898)","(0.19523, -0.940197, -0.279134)",0
44.7333,"(0.0967417, -0.0723994, 2.25082e-06)","(0.204179, 0.968503, 0.142523)","(-0.467527, -0.883408, 0.0317664)","(-0.59759, -0.758583, -0.25969)","(0.32351, -0.945351, 0.0406492)","(0.069404, -0.877763, 0.474042)","(-0.375482, -0.920714, -0.106301)","(0.367759, -0.918422, 0.145788)","(-0.451589, -0.853195, -0.261008)","(0.20227, -0.940547, -0.272872)",0
44.7667,"(0.0968102, -0.0702506, 6.5038e-06)","(0.178995, 0.971967, 0.152449)","(-0.487118, -0.872691, 0.0335569)","(-0.577237, -0.773113, -0.262856)","(0.390742, -0.919518, 0.0425126)","(0.0715182, -0.876005, 0.47697)","(-0.377029, -0.920998, -0.0980404)","(0.35585, -0.924145, 0.139019)","(-0.450257, -0.85239, -0.265896)","(0.211792, -0.94017, -0.266878)",0
44.8,"(0.0968102, -0.0702506, 6.5038e-06)","(0.151531, 0.974809, 0.163666)","(-0.483413, -0.874851, 0.0307923)","(-0.530608, -0.805439, -0.264052)","(0.444998, -0.894578, 0.0413141)","(0.0833937, -0.868108, 0.489321)","(-0.37497, -0.921713, -0.0992126)","(0.349664, -0.92994, 0.11378)","(-0.449386, -0.852062, -0.26841)","(0.224009, -0.941284, -0.252596)",0
44.8333,"(0.0968102, -0.0702506, 6.5038e-06)","(0.1159, 0.978101, 0.172872)","(-0.448977, -0.893095, 0.028303)","(-0.47384, -0.840283, -0.26344)","(0.493464, -0.869045, 0.0354116)","(0.0908987, -0.857394, 0.506569)","(-0.371638, -0.922405, -0.105137)","(0.346635, -0.933856, 0.0880781)","(-0.449309, -0.849042, -0.277937)","(0.237215, -0.940139, -0.24468)",0
44.8667,"(0.0968102, -0.0702506, 6.5038e-06)","(0.0797406, 0.9805, 0.179613)","(-0.398001, -0.917015, 0.02605)","(-0.44736, -0.856267, -0.258217)","(0.527656, -0.848988, 0.0282468)","(0.0902718, -0.853583, 0.513077)","(-0.368208, -0.92337, -0.10868)","(0.340301, -0.937954, 0.0666158)","(-0.449085, -0.850193, -0.274762)","(0.258728, -0.934234, -0.245493)",0
44.9,"(0.0968102, -0.0702506, 6.5038e-06)","(0.0372427, 0.982634, 0.181777)","(-0.352875, -0.935321, 0.0255729)","(-0.414883, -0.872634, -0.257648)","(0.573949, -0.81848, 0.0259471)","(0.0876294, -0.847668, 0.52324)","(-0.367237, -0.924201, -0.104829)","(0.334323, -0.940958, 0.0531521)","(-0.44755, -0.850298, -0.276933)","(0.278547, -0.92234, -0.267768)",0
44.9333,"(0.094489, -0.0707731, 1.21104e-05)","(-0.0015471, 0.98326, 0.182202)","(-0.328635, -0.9442, 0.0220393)","(0, 0, 0)","(0.629339, -0.776664, 0.0269349)","(0, 0, 0)","(-0.365968, -0.925081, -0.101451)","(0.337727, -0.940644, 0.0336086)","(-0.445268, -0.848555, -0.285816)","(0.288783, -0.908951, -0.300688)",0
44.9667,"(0.094489, -0.0707731, 1.21104e-05)","(-0.0353669, 0.983231, 0.178901)","(-0.313572, -0.949337, 0.0207965)","(0, 0, 0)","(0.678798, -0.733517, 0.034436)","(0, 0, 0)","(-0.362984, -0.92558, -0.107442)","(0.354176, -0.935055, 0.0152436)","(-0.442816, -0.837728, -0.319571)","(0.281617, -0.901323, -0.329103)",0
45,"(0.0928745, -0.0734323, 1.29223e-05)","(-0.0616393, 0.983113, 0.172304)","(-0.31155, -0.950074, 0.0172266)","(0, 0, 0)","(0.719301, -0.692866, 0.0504317)","(0, 0, 0)","(-0.357718, -0.925444, -0.124863)","(0.376363, -0.926472, 0.00104688)","(-0.440045, -0.821927, -0.361658)","(0.273105, -0.900278, -0.33899)",0
45.0333,"(0.0915345, -0.0749422, 1.2246e-05)","(-0.0856923, 0.98255, 0.165081)","(-0.304365, -0.952399, 0.0172838)","(0, 0, 0)","(0.747665, -0.660584, 0.068005)","(0, 0, 0)","(-0.35221, -0.924171, -0.147836)","(0.389825, -0.920809, -0.0120958)","(-0.438255, -0.810207, -0.389225)","(0.268368, -0.905072, -0.329883)",0
45.0667,"(0.089799, -0.0760507, 9.62094e-06)","(-0.110687, 0.98156, 0.15585)","(-0.27696, -0.960856, 0.0070217)","(0, 0, 0)","(0.77882, -0.621369, 0.0856752)","(0, 0, 0)","(-0.344195, -0.925246, -0.15953)","(0.390318, -0.920369, -0.0239237)","(-0.43538, -0.80489, -0.403232)","(0.273883, -0.905601, -0.323844)",0
45.1,"(0.0874799, -0.0764225, 6.5323e-06)","(-0.132754, 0.979302, 0.15279)","(-0.23017, -0.973141, -0.00425128)","(0, 0, 0)","(0.803559, -0.58693, 0.0990286)","(0, 0, 0)","(-0.333753, -0.92869, -0.16169)","(0.382881, -0.923198, -0.0332891)","(-0.434617, -0.802964, -0.407868)","(0.282797, -0.904643, -0.318823)",0
45.1333,"(0.0849433, -0.0769034, 3.96064e-06)","(-0.149721, 0.976429, 0.155465)","(-0.179711, -0.983485, -0.0214923)","(0, 0, 0)","(0.822611, -0.557874, 0.109944)","(0, 0, 0)","(-0.318381, -0.932799, -0.168878)","(0.377481, -0.925431, -0.0329327)","(-0.42456, -0.796029, -0.431378)","(0.29721, -0.901107, -0.315709)",0
45.1667,"(0.0820154, -0.0775615, 1.8389e-06)","(-0.162527, 0.972719, 0.165537)","(-0.137215, -0.989475, -0.0459504)","(0, 0, 0)","(0.820015, -0.555699, 0.137016)","(0, 0, 0)","(-0.301045, -0.93583, -0.183285)","(0.371369, -0.927967, -0.0310292)","(-0.405705, -0.79137, -0.457314)","(0.319838, -0.892873, -0.316989)",0
45.2,"(0.0783833, -0.0780711, 1.38758e-06)","(-0.172683, 0.97121, 0.164108)","(-0.0945321, -0.992577, -0.0765208)","(0, 0, 0)","(0.799321, -0.570963, 0.187317)","(0, 0, 0)","(-0.283501, -0.940369, -0.187971)","(0.364395, -0.930872, -0.0263159)","(-0.382194, -0.793465, -0.473647)","(0.348703, -0.878623, -0.326233)",0
45.2333,"(0.0737211, -0.0785183, 2.10621e-06)","(-0.179371, 0.972604, 0.147876)","(-0.0604801, -0.992683, -0.104511)","(0, 0, 0)","(0.751156, -0.596689, 0.282359)","(0, 0, 0)","(-0.268167, -0.948128, -0.170706)","(0.357916, -0.933502, -0.0217008)","(-0.355128, -0.805965, -0.473608)","(0.375432, -0.858834, -0.348505)",0
45.2667,"(0.0684418, -0.0789403, 4.75338e-06)","(-0.173548, 0.976856, 0.125035)","(-0.0365348, -0.994205, -0.1011)","(0, 0, 0)","(0.681347, -0.619246, 0.390258)","(0, 0, 0)","(-0.256651, -0.956179, -0.140897)","(0.355675, -0.934461, -0.0166515)","(-0.320542, -0.82631, -0.463103)","(0.401531, -0.841033, -0.362541)",0
45.3,"(0.0624703, -0.0788779, 7.4201e-06)","(-0.157757, 0.980703, 0.115477)","(-0.0293302, -0.995655, -0.0883733)","(0, 0, 0)","(0.602584, -0.637458, 0.480145)","(0, 0, 0)","(-0.247598, -0.961893, -0.116007)","(0.357737, -0.933746, -0.011913)","(-0.272491, -0.84613, -0.458053)","(0.421546, -0.82745, -0.370979)",0
45.3333,"(0.0560819, -0.0783966, 9.48749e-06)","(-0.134142, 0.98453, 0.112723)","(-0.0259545, -0.999159, -0.0317495)","(0, 0, 0)","(0.514505, -0.603838, 0.608822)","(0, 0, 0)","(-0.240207, -0.965767, -0.0979566)","(0.364325, -0.931189, -0.012419)","(-0.22571, -0.861955, -0.453969)","(0.438709, -0.821598, -0.364021)",0
45.3667,"(0.0500978, -0.0770472, 1.13118e-05)","(-0.114843, 0.986601, 0.115886)","(-0.0283527, -0.999431, 0.0182468)","(0.299627, -0.95384, 0.0203069)","(0.439422, -0.526257, 0.727984)","(0, 0, 0)","(-0.230453, -0.969078, -0.0881989)","(0.372568, -0.927927, -0.012064)","(-0.195262, -0.87051, -0.451758)","(0.450753, -0.816995, -0.35964)",0
45.4,"(0.0450744, -0.0752778, 1.25554e-05)","(-0.103031, 0.987934, 0.115631)","(-0.0294436, -0.99647, 0.0786198)","(0.28947, -0.957184, -0.00231458)","(0.373466, -0.425725, 0.824185)","(-0.155995, -0.89548, 0.41687)","(-0.212325, -0.973904, -0.0801848)","(0.378274, -0.925614, -0.0121135)","(-0.182522, -0.877413, -0.443658)","(0.460606, -0.813843, -0.354263)",0
45.4333,"(0.0410533, -0.0734168, 1.23715e-05)","(-0.0977125, 0.987935, 0.12015)","(-0.0281808, -0.993793, 0.107613)","(0.280974, -0.959514, -0.0196482)","(0.352799, -0.404593, 0.843705)","(-0.13546, -0.903957, 0.4056)","(-0.19534, -0.978947, -0.0591972)","(0.379182, -0.925024, -0.0234854)","(-0.170381, -0.886909, -0.429375)","(0.468882, -0.809528, -0.35329)",0
45.4667,"(0.0379955, -0.0717823, 1.14895e-05)","(-0.0949534, 0.988088, 0.121099)","(-0.0213117, -0.993058, 0.115677)","(0.262814, -0.963677, -0.0474914)","(0.328039, -0.435169, 0.838462)","(-0.11139, -0.909226, 0.401124)","(-0.185631, -0.982378, -0.0217772)","(0.380206, -0.923942, -0.0421301)","(-0.149131, -0.898141, -0.413645)","(0.472701, -0.807548, -0.352732)",0
45.5,"(0.0361689, -0.0697127, 1.00724e-05)","(-0.0914861, 0.988959, 0.116578)","(-0.0107822, -0.996603, 0.081649)","(0.248644, -0.966608, -0.0620165)","(0.314249, -0.524002, 0.791625)","(-0.0697167, -0.915654, 0.395875)","(-0.193847, -0.980751, 0.0234837)","(0.389104, -0.919655, -0.0532301)","(-0.118283, -0.900931, -0.417531)","(0.473812, -0.802492, -0.362641)",0
45.5333,"(0.0353747, -0.0677319, 8.84004e-06)","(-0.0897942, 0.990378, 0.105306)","(-0.00486022, -0.999908, 0.0126973)","(0.231452, -0.968526, -0.0915813)","(0.298846, -0.633175, 0.713989)","(-0.0390597, -0.917541, 0.395719)","(-0.203885, -0.97711, 0.0607232)","(0.40203, -0.914327, -0.0487644)","(-0.100017, -0.897402, -0.429729)","(0.474961, -0.792523, -0.382517)",0
45.5667,"(0.0353148, -0.0654531, 7.8803e-06)","(-0.0894506, 0.991622, 0.0931917)","(-0.00455012, -0.99655, -0.0828682)","(0.215972, -0.967274, -0.13318)","(0.292771, -0.746881, 0.597038)","(-0.0181136, -0.918788, 0.394334)","(-0.211522, -0.974397, 0.0762131)","(0.41324, -0.910066, -0.03182)","(-0.0964201, -0.890496, -0.444657)","(0.47685, -0.776753, -0.411424)",0
45.6,"(0.0358199, -0.0626021, 8.93293e-06)","(-0.089863, 0.992226, 0.0860888)","(-0.012876, -0.987307, -0.1583)","(0.200363, -0.962957, -0.180465)","(0.282681, -0.810111, 0.513625)","(-0.00938961, -0.920001, 0.391804)","(-0.210168, -0.97495, 0.0728093)","(0.415937, -0.909384, -0.00411811)","(-0.0996083, -0.884068, -0.456619)","(0.477383, -0.763475, -0.434984)",0
45.6333,"(0.0372735, -0.0592019, 1.09553e-05)","(-0.0913017, 0.991594, 0.0916772)","(-0.0182458, -0.980741, -0.194459)","(0.192195, -0.95908, -0.207909)","(0.275554, -0.831562, 0.48226)","(-0.0044806, -0.913706, 0.40635)","(-0.207308, -0.977048, 0.048992)","(0.400241, -0.915992, 0.0276613)","(-0.102733, -0.875743, -0.471721)","(0.488566, -0.747837, -0.449491)",0
45.6667,"(0.0396027, -0.0558817, 1.23438e-05)","(-0.0976219, 0.989401, 0.107499)","(-0.0242619, -0.979962, -0.197701)","(0.192632, -0.956685, -0.218281)","(0.281247, -0.818476, 0.500996)","(-0.00233189, -0.901871, 0.431999)","(-0.203761, -0.978694, 0.0252903)","(0.367093, -0.928793, 0.0508631)","(-0.104857, -0.867434, -0.486378)","(0.492447, -0.741528, -0.455667)",0
45.7,"(0.0430985, -0.053104, 1.11981e-05)","(-0.106696, 0.985839, 0.129374)","(-0.0344557, -0.980679, -0.192565)","(0.186559, -0.956646, -0.22366)","(0.295548, -0.806766, 0.511644)","(0.0147791, -0.889604, 0.456494)","(-0.20221, -0.979306, 0.0083604)","(0.329545, -0.942593, 0.0540247)","(-0.124632, -0.864062, -0.487712)","(0.476918, -0.745644, -0.465364)",0
45.7333,"(0.0477253, -0.0510195, 9.37602e-06)","(-0.119442, 0.981863, 0.147234)","(-0.0420776, -0.976701, -0.210437)","(0.180127, -0.955379, -0.234106)","(0.321386, -0.801409, 0.504434)","(0.0404269, -0.883746, 0.466218)","(-0.204779, -0.978807, -0.00141686)","(0.301295, -0.952161, 0.0511035)","(-0.157832, -0.861651, -0.482335)","(0.436784, -0.757833, -0.484674)",0
45.7667,"(0.053537, -0.0496396, 4.61243e-06)","(-0.130144, 0.978573, 0.159553)","(-0.0483602, -0.974355, -0.219758)","(0.169539, -0.952982, -0.251159)","(0.350729, -0.806107, 0.476634)","(0.0684506, -0.882764, 0.464803)","(-0.213084, -0.976983, -0.0100004)","(0.279028, -0.959228, 0.0449938)","(-0.20056, -0.857258, -0.47422)","(0.399401, -0.765477, -0.504503)",0
45.8,"(0.0603325, -0.0490015, -1.28333e-06)","(-0.138218, 0.97617, 0.167295)","(-0.0495602, -0.97293, -0.225724)","(0.159643, -0.94987, -0.268814)","(0.371983, -0.811099, 0.451384)","(0.0889339, -0.885508, 0.456033)","(-0.226084, -0.973896, -0.0203316)","(0.258001, -0.965569, 0.0333438)","(-0.230934, -0.852253, -0.469398)","(0.379033, -0.768683, -0.515228)",0
45.8333,"(0.0672852, -0.0491416, -4.81935e-06)","(-0.143795, 0.974091, 0.174553)","(-0.0553105, -0.974807, -0.216082)","(0.148933, -0.94954, -0.27603)","(0.391728, -0.820383, 0.416559)","(0.100921, -0.888044, 0.448545)","(-0.243273, -0.9695, -0.0297982)","(0.235339, -0.971824, 0.0132171)","(-0.261045, -0.847239, -0.462646)","(0.36964, -0.777208, -0.509228)",0
45.8667,"(0.0740724, -0.0494355, -6.72179e-06)","(-0.146124, 0.971609, 0.186077)","(-0.065297, -0.976031, -0.207603)","(0.137827, -0.949514, -0.281827)","(0.408348, -0.828833, 0.382476)","(0.104135, -0.890516, 0.442875)","(-0.25725, -0.965569, -0.0387153)","(0.219076, -0.975615, -0.0134702)","(-0.295141, -0.842145, -0.451313)","(0.353033, -0.797494, -0.489256)",0
45.9,"(0.0807331, -0.0498284, -8.62473e-06)","(-0.148223, 0.968965, 0.197828)","(-0.0781628, -0.976741, -0.199667)","(0.135046, -0.948903, -0.285211)","(0.427448, -0.833319, 0.350526)","(0.098409, -0.889625, 0.445963)","(-0.266829, -0.962635, -0.0462205)","(0.202614, -0.978657, -0.0343146)","(-0.330846, -0.840132, -0.429789)","(0.334659, -0.81889, -0.466286)",0
45.9333,"(0.0870457, -0.0504013, -9.93263e-06)","(-0.14943, 0.967093, 0.205915)","(-0.1039, -0.975331, -0.194766)","(0.127881, -0.947178, -0.294108)","(0.448537, -0.830293, 0.330799)","(0.0940268, -0.888068, 0.449994)","(-0.271748, -0.960939, -0.0524273)","(0.185294, -0.981699, -0.0439598)","(-0.360958, -0.836418, -0.412449)","(0.302334, -0.83522, -0.459349)",0
45.9667,"(0.092294, -0.0510902, -1.11795e-05)","(-0.154772, 0.966638, 0.204098)","(-0.138145, -0.971996, -0.190105)","(0.116928, -0.944736, -0.306272)","(0.479739, -0.827743, 0.291018)","(0.0767485, -0.88719, 0.454978)","(-0.279469, -0.958531, -0.055822)","(0.165876, -0.985398, -0.0384109)","(-0.383027, -0.832098, -0.401128)","(0.269575, -0.841908, -0.467462)",0
46,"(0.096854, -0.0520832, -1.34542e-05)","(-0.16011, 0.967181, 0.197297)","(-0.172248, -0.967893, -0.183065)","(0.0920872, -0.94273, -0.320594)","(0.511959, -0.823794, 0.243438)","(0.057065, -0.884674, 0.462705)","(-0.290304, -0.955079, -0.0595668)","(0.153963, -0.987564, -0.0318373)","(-0.401801, -0.823265, -0.400988)","(0.244798, -0.841466, -0.481674)",0
46.0333,"(0.100291, -0.0529591, -1.5453e-05)","(-0.164102, 0.968079, 0.189456)","(-0.201573, -0.962762, -0.180162)","(0.0682041, -0.942808, -0.326283)","(0.539606, -0.81608, 0.206974)","(0.0396984, -0.879066, 0.475044)","(-0.300592, -0.951709, -0.0624064)","(0.150411, -0.988177, -0.0297168)","(-0.41106, -0.817878, -0.402624)","(0.231748, -0.839081, -0.492174)",0
46.0667,"(0.102683, -0.0535809, -1.69429e-05)","(-0.163534, 0.969479, 0.182666)","(-0.218551, -0.959539, -0.177541)","(0.0521604, -0.944737, -0.323653)","(0.552676, -0.809902, 0.196489)","(0.0355022, -0.874555, 0.483626)","(-0.305369, -0.949999, -0.0652125)","(0.15321, -0.987616, -0.0337785)","(-0.413541, -0.815977, -0.403937)","(0.227861, -0.837537, -0.4966)",0
46.1,"(0.102683, -0.0535809, -1.69429e-05)","(-0.160352, 0.97159, 0.174068)","(-0.238262, -0.956602, -0.167763)","(0.0329091, -0.950199, -0.309901)","(0.558813, -0.805089, 0.198894)","(0.0394567, -0.868697, 0.49377)","(-0.305722, -0.949757, -0.0670579)","(0.153032, -0.987585, -0.0354523)","(-0.408727, -0.817014, -0.40673)","(0.216195, -0.840525, -0.496767)",0
46.1333,"(0.104984, -0.0533417, -1.90627e-05)","(-0.157551, 0.975457, 0.153825)","(-0.257498, -0.956016, -0.140458)","(0.0234154, -0.952542, -0.303505)","(0.569293, -0.79693, 0.20201)","(0, 0, 0)","(-0.303476, -0.950587, -0.0654777)","(0.154948, -0.987358, -0.0333995)","(-0.401898, -0.818622, -0.410288)","(0.203552, -0.846176, -0.492496)",0
46.1667,"(0.104984, -0.0533417, -1.90627e-05)","(-0.15397, 0.97906, 0.133173)","(-0.288266, -0.951302, -0.109213)","(-0.0213426, -0.956493, -0.290974)","(0.588905, -0.782242, 0.203194)","(0, 0, 0)","(-0.299211, -0.952021, -0.0642594)","(0.158269, -0.986931, -0.0302975)","(-0.396007, -0.818758, -0.41571)","(0.191807, -0.848613, -0.493018)",0
46.2,"(0.104984, -0.0533417, -1.90627e-05)","(-0.148961, 0.982269, 0.113835)","(-0.324088, -0.942963, -0.0760808)","(-0.0579761, -0.957435, -0.282768)","(0.614433, -0.76213, 0.204033)","(0, 0, 0)","(-0.286687, -0.955683, -0.0669304)","(0.165157, -0.985844, -0.0289092)","(-0.404016, -0.813079, -0.419134)","(0.18694, -0.85092, -0.490906)",0
46.2333,"(0.103387, -0.0552333, -5.24214e-06)","(-0.137263, 0.984766, 0.106743)","(-0.364145, -0.929459, -0.0591977)","(-0.0939422, -0.957645, -0.272196)","(0.631977, -0.749637, 0.196595)","(0, 0, 0)","(-0.270948, -0.959593, -0.0759549)","(0.172176, -0.984238, -0.040394)","(-0.405271, -0.811262, -0.421438)","(0.190791, -0.853359, -0.485156)",0
46.2667,"(0.101255, -0.0582605, 4.50294e-07)","(-0.122375, 0.986866, 0.105452)","(-0.402206, -0.914338, -0.0470661)","(-0.10775, -0.957889, -0.266154)","(0.646806, -0.740067, 0.184236)","(0, 0, 0)","(-0.250532, -0.964071, -0.0883194)","(0.178172, -0.982198, -0.0595178)","(-0.393636, -0.812006, -0.430925)","(0.198521, -0.851796, -0.484803)",0
46.3,"(0.0982058, -0.0620311, 3.07504e-06)","(-0.110898, 0.988249, 0.105194)","(-0.437512, -0.898069, -0.0453371)","(0, 0, 0)","(0.658025, -0.731957, 0.176754)","(0, 0, 0)","(-0.231721, -0.968189, -0.0944256)","(0.182219, -0.979702, -0.0835537)","(-0.375121, -0.817004, -0.437938)","(0.210881, -0.838554, -0.50235)",0
46.3333,"(0.0937603, -0.0657024, 2.3257e-06)","(-0.10538, 0.988842, 0.105294)","(-0.471443, -0.880737, -0.0452117)","(0, 0, 0)","(0.665045, -0.727432, 0.168992)","(0, 0, 0)","(-0.215083, -0.971795, -0.0967145)","(0.186964, -0.977618, -0.0964724)","(-0.355494, -0.822608, -0.44378)","(0.24305, -0.833093, -0.496872)",0
46.3667,"(0.0877775, -0.0677077, -3.32855e-07)","(-0.0981224, 0.99, 0.101347)","(-0.505606, -0.861349, -0.0494035)","(0, 0, 0)","(0.656599, -0.735669, 0.166342)","(0, 0, 0)","(-0.199199, -0.975297, -0.0954697)","(0.196156, -0.975773, -0.0968981)","(-0.335178, -0.831627, -0.442777)","(0.289645, -0.831729, -0.473638)",0
46.4,"(0.0802923, -0.0678058, -2.70922e-06)","(-0.0846421, 0.991577, 0.0980359)","(-0.533646, -0.842611, -0.0723132)","(0, 0, 0)","(0.628081, -0.762841, 0.153586)","(0, 0, 0)","(-0.183927, -0.978359, -0.0947869)","(0.207522, -0.97478, -0.082083)","(-0.296209, -0.845329, -0.444611)","(0.327421, -0.837694, -0.437108)",0
46.4333,"(0.0718281, -0.0655244, -4.07398e-06)","(-0.0637033, 0.9935, 0.0943351)","(-0.565249, -0.819091, -0.0978951)","(0, 0, 0)","(0.574959, -0.804002, 0.151669)","(0, 0, 0)","(-0.157611, -0.983062, -0.0935277)","(0.223318, -0.972417, -0.0673396)","(-0.253386, -0.861621, -0.439777)","(0.335472, -0.843158, -0.420169)",0
46.4667,"(0.0628353, -0.061346, -5.77029e-06)","(-0.0414513, 0.994935, 0.0915793)","(-0.606119, -0.786726, -0.116974)","(0, 0, 0)","(0.505801, -0.848827, 0.153813)","(0, 0, 0)","(-0.130981, -0.987582, -0.0867492)","(0.234742, -0.968467, -0.0834779)","(-0.21447, -0.89376, -0.39395)","(0.325474, -0.856173, -0.401292)",0
46.5,"(0.0544517, -0.0560443, -1.13236e-05)","(-0.0189194, 0.995434, 0.0935605)","(-0.652969, -0.74562, -0.132972)","(0, 0, 0)","(0.448393, -0.882365, 0.142746)","(0, 0, 0)","(-0.104111, -0.991672, -0.0758106)","(0.235984, -0.965109, -0.113477)","(-0.181057, -0.926394, -0.33017)","(0.277741, -0.880667, -0.383778)",0
46.5333,"(0.0468258, -0.0500123, -1.25516e-05)","(-0.00293949, 0.994756, 0.10223)","(-0.686986, -0.712767, -0.141469)","(0, 0, 0)","(0.443775, -0.887491, 0.124191)","(0, 0, 0)","(-0.0807353, -0.996162, -0.0337992)","(0.221926, -0.963072, -0.152452)","(-0.165237, -0.954732, -0.247355)","(0.195337, -0.890532, -0.410849)",0
46.5667,"(0.0400273, -0.0438117, -1.45954e-05)","(0.00800148, 0.99264, 0.120841)","(-0.705822, -0.691904, -0.151938)","(0, 0, 0)","(0.47755, -0.870115, 0.121843)","(0, 0, 0)","(-0.0638494, -0.997069, 0.0421386)","(0.174823, -0.969453, -0.172042)","(-0.138959, -0.967907, -0.209397)","(0.0966037, -0.872942, -0.478163)",0
46.6,"(0.0343655, -0.0392097, -1.62543e-05)","(0.014181, 0.990881, 0.133991)","(-0.714212, -0.685594, -0.140937)","(0, 0, 0)","(0.521404, -0.839591, 0.152394)","(0, 0, 0)","(-0.0539939, -0.993454, 0.100663)","(0.124759, -0.976052, -0.178209)","(-0.11216, -0.97175, -0.20766)","(0.0146813, -0.818121, -0.574858)",0
46.6333,"(0.0300961, -0.0358377, -1.68063e-05)","(0.0175399, 0.99011, 0.139192)","(-0.717026, -0.684921, -0.129448)","(0, 0, 0)","(0.560366, -0.807057, 0.186142)","(0, 0, 0)","(-0.049323, -0.991709, 0.118664)","(0.0806393, -0.985064, -0.152139)","(-0.0840234, -0.965614, -0.246027)","(-0.0567953, -0.730735, -0.680294)",0
46.6667,"(0.026559, -0.0334979, -1.4545e-05)","(0.0165558, 0.991084, 0.132202)","(-0.713338, -0.691604, -0.113277)","(0, 0, 0)","(0.60565, -0.768359, 0.206912)","(0, 0, 0)","(-0.0429999, -0.995304, 0.0867291)","(0.0543286, -0.995519, -0.0773992)","(-0.0620322, -0.94632, -0.317224)","(-0.139438, -0.577815, -0.804169)",0
46.7,"(0.0239039, -0.0319513, -1.6968e-05)","(0.0113593, 0.992211, 0.124049)","(-0.697187, -0.70964, -0.101691)","(0, 0, 0)","(0.658222, -0.71097, 0.247521)","(0, 0, 0)","(-0.0327718, -0.997427, 0.0637618)","(0.0186505, -0.999751, -0.0122575)","(-0.0498072, -0.929395, -0.365711)","(-0.200998, -0.400736, -0.893874)",0
46.7333,"(0.0239039, -0.0319513, -1.6968e-05)","(0.00134843, 0.994111, 0.108357)","(-0.66478, -0.741505, -0.0907627)","(0, 0, 0)","(0.676785, -0.671247, 0.302308)","(0, 0, 0)","(-0.0267673, -0.998531, 0.047109)","(-0.0400956, -0.998729, 0.0305372)","(-0.0453241, -0.929962, -0.364852)","(-0.22409, -0.317262, -0.921482)",0
46.7667,"(0.0212896, -0.0318617, -2.17817e-05)","(-0.0183931, 0.996322, 0.0836958)","(-0.610052, -0.79049, -0.0544302)","(0, 0, 0)","(0.655952, -0.670321, 0.346982)","(0, 0, 0)","(-0.0273693, -0.999065, 0.0334762)","(-0.0791112, -0.996732, 0.0163367)","(-0.0524958, -0.949093, -0.31059)","(-0.229207, -0.390445, -0.891637)",0
46.8,"(0.0212896, -0.0318617, -2.17817e-05)","(-0.0411623, 0.997326, 0.0603855)","(-0.51969, -0.852583, 0.054996)","(0, 0, 0)","(0.571313, -0.716167, 0.400882)","(0, 0, 0)","(-0.038176, -0.999155, 0.0152031)","(-0.0883559, -0.995964, -0.0157483)","(-0.0563291, -0.968037, -0.244401)","(-0.251841, -0.552216, -0.794754)",0
46.8333,"(0.0192877, -0.0319348, -2.5494e-05)","(-0.059639, 0.997023, 0.0488788)","(-0.428674, -0.890321, 0.153515)","(0, 0, 0)","(0.486132, -0.777505, 0.398952)","(0, 0, 0)","(-0.0498885, -0.998755, 0.000235924)","(-0.063955, -0.994063, -0.0880231)","(-0.0590765, -0.983138, -0.17306)","(-0.290831, -0.718486, -0.631819)",0
46.8667,"(0.0192877, -0.0319348, -2.5494e-05)","(-0.0739347, 0.996333, 0.0430516)","(-0.361837, -0.906068, 0.21935)","(0, 0, 0)","(0.425601, -0.808445, 0.406547)","(0, 0, 0)","(-0.0533598, -0.998543, 0.00798338)","(-0.0390304, -0.991038, -0.127751)","(-0.0701007, -0.993131, -0.0936846)","(-0.32536, -0.834356, -0.444962)",0
46.9,"(0.0178604, -0.0299309, -2.16261e-05)","(-0.0873054, 0.995389, 0.0397385)","(-0.367272, -0.909635, 0.1941)","(0, 0, 0)","(0.439189, -0.822441, 0.36153)","(0, 0, 0)","(-0.0514975, -0.998544, 0.0160777)","(-0.0338723, -0.985673, -0.165232)","(-0.0884747, -0.995413, -0.0364071)","(-0.335658, -0.893515, -0.298269)",0
46.9333,"(0.0173201, -0.0265609, -2.00067e-05)","(-0.100951, 0.994492, 0.0281801)","(-0.389746, -0.905619, 0.167189)","(0, 0, 0)","(0.467037, -0.817462, 0.337093)","(0, 0, 0)","(-0.0421327, -0.998621, 0.0313209)","(-0.0378004, -0.98799, -0.149825)","(-0.107221, -0.99419, -0.00951506)","(-0.342252, -0.91199, -0.226138)",0
46.9667,"(0.0165657, -0.0227288, -1.72134e-05)","(-0.105143, 0.994163, 0.0241684)","(-0.44104, -0.8867, 0.138729)","(0, 0, 0)","(0.529887, -0.794922, 0.295497)","(0, 0, 0)","(-0.0192783, -0.99924, 0.0338918)","(-0.0517618, -0.987419, -0.149414)","(-0.131469, -0.991235, -0.0129956)","(-0.343028, -0.913249, -0.219792)",0
47,"(0.0153587, -0.019246, -1.22633e-05)","(-0.103363, 0.994254, 0.0278342)","(-0.495913, -0.859061, 0.126829)","(0, 0, 0)","(0.604894, -0.755973, 0.250218)","(0, 0, 0)","(0.022578, -0.998809, 0.0432451)","(-0.0611748, -0.987711, -0.143821)","(-0.1541, -0.987977, -0.012455)","(-0.321526, -0.917732, -0.233213)",0
47.0333,"(0.0135679, -0.0161412, -7.73147e-06)","(-0.0962817, 0.994492, 0.0414289)","(-0.558618, -0.820285, 0.122794)","(0, 0, 0)","(0.682716, -0.702262, 0.201811)","(0, 0, 0)","(0.0729261, -0.996559, 0.0393864)","(-0.0625411, -0.98637, -0.152195)","(-0.17551, -0.984143, -0.0256631)","(-0.287794, -0.923514, -0.253567)",0
47.0667,"(0.0112697, -0.0139909, -2.84873e-06)","(-0.0887994, 0.994411, 0.0571162)","(-0.603351, -0.788851, 0.116971)","(0, 0, 0)","(0.731984, -0.663357, 0.155428)","(0, 0, 0)","(0.118221, -0.992501, 0.0310707)","(-0.0585194, -0.985594, -0.158679)","(-0.205806, -0.976967, -0.0563861)","(-0.25551, -0.930653, -0.261916)",0
47.1,"(0.00884149, -0.0120014, 1.09226e-06)","(-0.0802771, 0.994284, 0.0703983)","(-0.626352, -0.771829, 0.109376)","(0, 0, 0)","(0.768353, -0.625127, 0.137295)","(0, 0, 0)","(0.169397, -0.985278, 0.023074)","(-0.0479757, -0.987179, -0.152235)","(-0.264638, -0.95963, -0.0952765)","(-0.24268, -0.937756, -0.248434)",0
47.1333,"(0.00672804, -0.00958967, 3.14154e-06)","(-0.0701621, 0.994089, 0.0828494)","(-0.636318, -0.762841, 0.114772)","(0, 0, 0)","(0.796164, -0.582388, 0.164155)","(0, 0, 0)","(0.232409, -0.972371, 0.0219452)","(-0.042754, -0.988532, -0.144832)","(-0.347086, -0.928406, -0.132639)","(-0.238605, -0.944024, -0.227787)",0
47.1667,"(0.00520275, -0.00682023, 3.70741e-06)","(-0.0607367, 0.994236, 0.08835)","(-0.641025, -0.758159, 0.119509)","(0, 0, 0)","(0.808563, -0.550815, 0.206951)","(0, 0, 0)","(0.287037, -0.957607, 0.0244823)","(-0.0388444, -0.990805, -0.129604)","(-0.413621, -0.898781, -0.145292)","(-0.239069, -0.951712, -0.192588)",0
47.2,"(0.00441234, -0.00347372, 3.64706e-06)","(-0.0524378, 0.995002, 0.0849817)","(-0.641603, -0.755583, 0.132065)","(0, 0, 0)","(0.79279, -0.5435, 0.275847)","(0, 0, 0)","(0.302681, -0.952449, 0.0350007)","(-0.044245, -0.993677, -0.103194)","(-0.43316, -0.890405, -0.139828)","(-0.234303, -0.956755, -0.172402)",0
47.2333,"(0.00420473, -0.000195706, 3.09907e-06)","(-0.0476687, 0.996893, 0.0626996)","(-0.630904, -0.761106, 0.150593)","(0, 0, 0)","(0.753368, -0.566078, 0.334653)","(0, 0, 0)","(0.265427, -0.963139, 0.0437305)","(-0.0517091, -0.996044, -0.0722728)","(-0.398566, -0.907174, -0.134832)","(-0.253714, -0.953225, -0.164291)",0
47.2667,"(0.00442861, 0.00210428, 1.92337e-06)","(-0.0445339, 0.998323, 0.0369833)","(-0.588315, -0.786031, 0.189841)","(0, 0, 0)","(0.680751, -0.615174, 0.397668)","(0, 0, 0)","(0.209034, -0.976664, 0.0493261)","(-0.0575503, -0.997934, -0.0285545)","(-0.344887, -0.929727, -0.129074)","(-0.278398, -0.947342, -0.158232)",0
47.3,"(0.00442861, 0.00210428, 1.92337e-06)","(-0.0435415, 0.998971, 0.0126682)","(-0.523933, -0.819625, 0.231754)","(0, 0, 0)","(0.595465, -0.67614, 0.433884)","(0, 0, 0)","(0.158523, -0.986281, 0.0460528)","(-0.0610275, -0.998122, 0.0052435)","(-0.30523, -0.942894, -0.133362)","(-0.301295, -0.941774, -0.149274)",0
47.3333,"(0.00516602, 0.0044011, -4.64208e-06)","(-0.0422298, 0.999107, -0.000942335)","(-0.458009, -0.854611, 0.244678)","(0, 0, 0)","(0.51719, -0.750157, 0.412043)","(0, 0, 0)","(0.0944512, -0.994719, 0.040174)","(-0.0577308, -0.99755, 0.039523)","(-0.247546, -0.960383, -0.128002)","(-0.294952, -0.946565, -0.13045)",0
47.3667,"(0.00516602, 0.0044011, -4.64208e-06)","(-0.0409488, 0.999133, -0.00747446)","(-0.428609, -0.874117, 0.228504)","(0, 0, 0)","(0.483641, -0.826956, 0.286767)","(0, 0, 0)","(0.0307385, -0.999252, 0.0234725)","(-0.0519766, -0.996999, 0.0573689)","(-0.18968, -0.974386, -0.120804)","(-0.286838, -0.949717, -0.125545)",0
47.4,"(0.00516602, 0.0044011, -4.64208e-06)","(-0.0400517, 0.999162, -0.00838145)","(-0.430274, -0.87299, 0.229682)","(0, 0, 0)","(0.472826, -0.848842, 0.236437)","(0, 0, 0)","(-0.0138696, -0.999807, 0.0138842)","(-0.0622671, -0.994896, 0.0794029)","(-0.128617, -0.987482, -0.0913069)","(-0.267328, -0.957099, -0.111796)",0
47.4333,"(0.00516602, 0.0044011, -4.64208e-06)","(-0.040231, 0.999173, -0.00588357)","(-0.446153, -0.862841, 0.237599)","(0, 0, 0)","(0.482273, -0.847859, 0.220336)","(0, 0, 0)","(-0.0131303, -0.999796, 0.0153746)","(-0.0790769, -0.992712, 0.0909414)","(-0.116235, -0.99117, -0.0638109)","(-0.250285, -0.961928, -0.109783)",0
47.4667,"(0.00516602, 0.0044011, -4.64208e-06)","(-0.0438531, 0.999032, -0.00337416)","(-0.483688, -0.844203, 0.231013)","(0, 0, 0)","(0.52363, -0.811557, 0.259204)","(0, 0, 0)","(-0.00435821, -0.999801, 0.0194449)","(-0.0922792, -0.991729, 0.0892026)","(-0.12309, -0.990862, -0.0551478)","(-0.23491, -0.965636, -0.111194)",0
47.5,"(0.00516602, 0.0044011, -4.64208e-06)","(-0.0506953, 0.998708, -0.00347255)","(-0.542062, -0.819525, 0.18587)","(0, 0, 0)","(0.595247, -0.775802, 0.209316)","(0, 0, 0)","(-0.00154409, -0.999893, 0.0145641)","(-0.0674415, -0.995984, 0.05889)","(-0.153438, -0.984858, -0.0806955)","(-0.262153, -0.952706, -0.153711)",0
47.5333,"(0.00516602, 0.0044011, -4.64208e-06)","(-0.0510352, 0.998658, 0.00877462)","(-0.605513, -0.784393, 0.134464)","(0, 0, 0)","(0.679336, -0.716953, 0.156462)","(0, 0, 0)","(0.00165593, -0.999996, -0.00207156)","(-0.0345911, -0.999163, 0.0218323)","(-0.185407, -0.971615, -0.146931)","(-0.300484, -0.92967, -0.213125)",0
47.5667,"(0.00516602, 0.0044011, -4.64208e-06)","(-0.0409574, 0.998803, 0.0267419)","(-0.643708, -0.75799, 0.105318)","(0, 0, 0)","(0.734471, -0.66142, 0.151904)","(0, 0, 0)","(0.0264618, -0.999548, -0.0143012)","(-0.00390291, -0.99977, -0.0210696)","(-0.224544, -0.953244, -0.202251)","(-0.33791, -0.903016, -0.265291)",0
47.6,"(0.00516602, 0.0044011, -4.64208e-06)","(-0.0173349, 0.998258, 0.0563873)","(-0.656065, -0.743931, 0.127068)","(0, 0, 0)","(0.753414, -0.611663, 0.241321)","(0, 0, 0)","(0.103289, -0.994604, -0.00971519)","(-0.0119833, -0.998692, -0.0496984)","(-0.285593, -0.933455, -0.217022)","(-0.350207, -0.895835, -0.27356)",0
47.6333,"(0.00516602, 0.0044011, -4.64208e-06)","(0.0148705, 0.9973, 0.0719081)","(-0.659903, -0.733784, 0.161523)","(0, 0, 0)","(0.740246, -0.563952, 0.366053)","(0, 0, 0)","(0.207307, -0.977879, 0.0278749)","(-0.0304138, -0.997416, -0.0650925)","(-0.333382, -0.929646, -0.156887)","(-0.363028, -0.899066, -0.244727)",0
47.6667,"(0.00516602, 0.0044011, -4.64208e-06)","(0.0482992, 0.995519, 0.0812982)","(-0.672654, -0.718713, 0.176036)","(0, 0, 0)","(0.693395, -0.508038, 0.51098)","(0, 0, 0)","(0.315975, -0.943932, 0.0956677)","(-0.0539011, -0.997005, -0.0554625)","(-0.367525, -0.926179, -0.0843724)","(-0.367671, -0.909223, -0.195275)",0
47.7,"(0.00395302, -1.42813e-05, -1.42716e-06)","(0.0763595, 0.993834, 0.0803938)","(-0.690849, -0.705644, 0.157459)","(0, 0, 0)","(0.668495, -0.500054, 0.550509)","(0, 0, 0)","(0.390044, -0.908504, 0.149956)","(-0.0492029, -0.998045, -0.0385397)","(-0.373694, -0.926282, -0.0485149)","(-0.359267, -0.920084, -0.156121)",0
47.7333,"(0.00373504, -0.00435379, -2.90833e-06)","(0.0942852, 0.991005, 0.0949714)","(-0.70827, -0.694656, 0.125721)","(0, 0, 0)","(0.657153, -0.511832, 0.553333)","(0, 0, 0)","(0.430846, -0.887477, 0.163573)","(-0.0478583, -0.998336, -0.032169)","(-0.318156, -0.945465, -0.0698064)","(-0.330269, -0.932681, -0.145012)",0
47.7667,"(0.00416737, -0.0106317, -4.04585e-06)","(0.098357, 0.989531, 0.105611)","(-0.711498, -0.697579, 0.0845838)","(0, 0, 0)","(0.671752, -0.558202, 0.48699)","(0, 0, 0)","(0.438854, -0.888184, 0.136145)","(-0.066409, -0.996303, -0.0544951)","(-0.167808, -0.980671, -0.100627)","(-0.298936, -0.936396, -0.183845)",0
47.8,"(0.00513424, -0.0185874, -3.32594e-06)","(0.095524, 0.989217, 0.111016)","(-0.711702, -0.702062, 0.0242548)","(0.0817256, -0.914997, -0.395097)","(0.660822, -0.610848, 0.436096)","(0.0749485, -0.708943, 0.701272)","(0.41982, -0.901188, 0.107753)","(-0.108067, -0.990861, -0.0807247)","(0.0426334, -0.992876, -0.111263)","(-0.28683, -0.930318, -0.228554)",0
47.8333,"(0.0065825, -0.0273004, -3.61688e-06)","(0.086112, 0.989984, 0.11188)","(-0.703263, -0.710444, -0.0262787)","(0.0613785, -0.968171, -0.242645)","(0.627228, -0.666723, 0.402573)","(0.0526994, -0.619945, 0.782874)","(0.404421, -0.908553, 0.10476)","(-0.15183, -0.982042, -0.111988)","(0.190591, -0.977205, -0.0935119)","(-0.281597, -0.90926, -0.306511)",0
47.8667,"(0.00824647, -0.0350008, -4.8982e-06)","(0.0839621, 0.98915, 0.120555)","(-0.706116, -0.707601, -0.0264659)","(0.0364953, -0.994891, -0.0941219)","(0.574233, -0.709796, 0.407978)","(0.0316865, -0.541579, 0.840052)","(0.407854, -0.903708, 0.130257)","(-0.17667, -0.974093, -0.141174)","(0.2393, -0.967822, -0.0778272)","(-0.284759, -0.877627, -0.385595)",0
47.9,"(0.0097104, -0.0429946, -5.1938e-06)","(0.0864851, 0.987292, 0.13332)","(-0.715292, -0.698725, -0.0118363)","(-0.000102455, -0.99401, 0.10929)","(0.529611, -0.74117, 0.412527)","(-0.00557381, -0.414791, 0.9099)","(0.416413, -0.892736, 0.172111)","(-0.187194, -0.967278, -0.171265)","(0.232394, -0.970333, -0.0666886)","(-0.287293, -0.83414, -0.470822)",0
47.9333,"(0.0106296, -0.0500779, -4.58285e-06)","(0.10407, 0.982342, 0.155479)","(-0.740883, -0.671432, -0.0164935)","(-0.0463213, -0.97966, 0.195247)","(0.504442, -0.766577, 0.397363)","(-0.07761, -0.318463, 0.944753)","(0.443852, -0.870342, 0.213309)","(-0.183144, -0.963801, -0.19377)","(0.204405, -0.9751, -0.0860147)","(-0.297118, -0.80742, -0.509699)",0
47.9667,"(0.0112195, -0.0563672, -2.24337e-06)","(0.134259, 0.973131, 0.187058)","(-0.767038, -0.639073, -0.0569035)","(-0.0869711, -0.979377, 0.182366)","(0.491329, -0.786974, 0.373185)","(-0.154349, -0.218722, 0.963502)","(0.478558, -0.841068, 0.252166)","(-0.15236, -0.965448, -0.211415)","(0.160441, -0.979874, -0.118766)","(-0.319771, -0.784142, -0.531854)",0
48,"(0.0114317, -0.060549, 3.32482e-07)","(0.170952, 0.960646, 0.218939)","(-0.78594, -0.607829, -0.113325)","(-0.141503, -0.969919, 0.198076)","(0.470962, -0.80365, 0.363786)","(-0.292305, -0.0449958, 0.955266)","(0.510055, -0.811824, 0.284229)","(-0.100165, -0.9731, -0.207469)","(0.138252, -0.977138, -0.161514)","(-0.364671, -0.757401, -0.541626)",0
48.0333,"(0.0116429, -0.0648614, 4.96972e-06)","(0.210455, 0.947649, 0.240145)","(-0.798941, -0.582012, -0.151509)","(-0.177849, -0.955884, 0.233784)","(0.435387, -0.819535, 0.372559)","(-0.371027, 0.126311, 0.919991)","(0.527037, -0.796919, 0.295215)","(-0.0584462, -0.978583, -0.19738)","(0.122459, -0.974627, -0.187364)","(-0.40184, -0.737269, -0.543101)",0
48.0667,"(0.0119407, -0.0678259, 1.12573e-05)","(0.240691, 0.938777, 0.246505)","(-0.808178, -0.563633, -0.170782)","(-0.212386, -0.934848, 0.284518)","(0.392649, -0.832012, 0.391895)","(-0.412837, 0.276071, 0.867958)","(0.527966, -0.796855, 0.293724)","(-0.046649, -0.982731, -0.179065)","(0.138376, -0.967302, -0.212553)","(-0.418819, -0.73495, -0.533329)",0
48.1,"(0.0123058, -0.0698397, 1.764e-05)","(0.265985, 0.932499, 0.244332)","(-0.820674, -0.547488, -0.163556)","(-0.23757, -0.914996, 0.326102)","(0.363127, -0.840412, 0.402301)","(-0.379472, 0.379403, 0.843833)","(0.53124, -0.800826, 0.276517)","(-0.0568006, -0.982684, -0.176371)","(0.135763, -0.958683, -0.24999)","(-0.409222, -0.74992, -0.519766)",0
48.1333,"(0.0123058, -0.0698397, 1.764e-05)","(0.276513, 0.932014, 0.234287)","(-0.831111, -0.534775, -0.152547)","(-0.25974, -0.893177, 0.367111)","(0.346834, -0.847506, 0.401795)","(-0.342433, 0.454719, 0.822175)","(0.528502, -0.810445, 0.252714)","(-0.0660599, -0.982846, -0.172192)","(0.133056, -0.94897, -0.285923)","(-0.401822, -0.766748, -0.500637)",0
48.1667,"(0.0123058, -0.0698397, 1.764e-05)","(0.286476, 0.935231, 0.208026)","(-0.843877, -0.521036, -0.128034)","(-0.274919, -0.876801, 0.394511)","(0.328089, -0.860517, 0.389702)","(-0.319465, 0.525186, 0.788747)","(0.521132, -0.822967, 0.226156)","(-0.0723731, -0.983897, -0.16343)","(0.125429, -0.948161, -0.291991)","(-0.397269, -0.781632, -0.480862)",0
48.2,"(0.0123058, -0.0698397, 1.764e-05)","(0.29551, 0.938474, 0.178721)","(-0.855804, -0.506834, -0.103528)","(-0.27462, -0.854688, 0.440559)","(0.304702, -0.876152, 0.373516)","(-0.322707, 0.552591, 0.768442)","(0.512016, -0.837859, 0.189293)","(-0.0711145, -0.98565, -0.153093)","(0.128264, -0.954424, -0.269486)","(-0.399063, -0.799826, -0.44836)",0
48.2333,"(0.0123058, -0.0698397, 1.764e-05)","(0.306116, 0.942081, 0.137026)","(-0.865781, -0.494559, -0.0763883)","(-0.262897, -0.811661, 0.521623)","(0.280103, -0.891955, 0.354906)","(-0.350931, 0.562548, 0.74859)","(0.498053, -0.854109, 0.149802)","(-0.0658125, -0.988439, -0.136588)","(0.137908, -0.961217, -0.238836)","(-0.405472, -0.816491, -0.411018)",0
48.2667,"(0.0138277, -0.0675595, 2.3883e-05)","(0.313413, 0.943768, 0.105235)","(-0.869226, -0.489838, -0.0671114)","(-0.258608, -0.723457, 0.640103)","(0.256641, -0.906324, 0.335727)","(-0.388417, 0.547795, 0.740981)","(0.476747, -0.871452, 0.115256)","(-0.0557499, -0.991143, -0.12053)","(0.15378, -0.963185, -0.220515)","(-0.414159, -0.827666, -0.378737)",0
48.3,"(0.0138277, -0.0675595, 2.3883e-05)","(0.316257, 0.945149, 0.0817058)","(-0.87097, -0.487207, -0.0635667)","(-0.247805, -0.607564, 0.754625)","(0.245629, -0.917876, 0.311722)","(-0.42905, 0.527158, 0.733499)","(0.441826, -0.892737, 0.0883783)","(-0.0476131, -0.994334, -0.0950379)","(0.183104, -0.957038, -0.224836)","(-0.422626, -0.830605, -0.362605)",0
48.3333,"(0.0148967, -0.0642758, 1.93462e-05)","(0.314898, 0.946114, 0.0755448)","(-0.867024, -0.493554, -0.0683657)","(-0.224076, -0.468552, 0.854546)","(0.24035, -0.916654, 0.319338)","(-0.469546, 0.513714, 0.71807)","(0.405104, -0.910695, 0.0807803)","(-0.0380397, -0.997397, -0.0612624)","(0.213136, -0.947513, -0.23831)","(-0.433348, -0.828024, -0.355788)",0
48.3667,"(0.0157759, -0.0620823, 1.56673e-05)","(0.312496, 0.946784, 0.0771126)","(-0.864741, -0.501426, -0.0282073)","(-0.186896, -0.278355, 0.942119)","(0.257809, -0.891946, 0.371439)","(-0.51048, 0.506362, 0.694987)","(0.372218, -0.92607, 0.062039)","(-0.0321979, -0.9992, -0.0237332)","(0.229282, -0.938961, -0.256481)","(-0.4434, -0.8257, -0.348734)",0
48.4,"(0.0168054, -0.0595871, 1.49572e-05)","(0.310045, 0.947466, 0.0786187)","(-0.856636, -0.515477, 0.0214286)","(-0.171428, -0.0979202, 0.980318)","(0.282112, -0.85028, 0.444338)","(-0.537419, 0.531321, 0.654888)","(0.34923, -0.93562, 0.0515166)","(-0.0309233, -0.999522, 0.000123541)","(0.22473, -0.94037, -0.255346)","(-0.450154, -0.824448, -0.342996)",0
48.4333,"(0.017991, -0.0569311, 1.52955e-05)","(0.30993, 0.947917, 0.0734627)","(-0.844705, -0.528373, 0.0854123)","(-0.184132, 0.0722179, 0.980245)","(0.308477, -0.80934, 0.499811)","(-0.579115, 0.547378, 0.604155)","(0.332106, -0.942123, 0.0459359)","(-0.0356602, -0.999343, 0.00642303)","(0.210442, -0.944575, -0.251978)","(-0.451682, -0.822428, -0.345824)",0
48.4667,"(0.0193731, -0.0542336, 1.61382e-05)","(0.310134, 0.948298, 0.0674354)","(-0.833581, -0.540172, 0.115569)","(-0.201167, 0.169675, 0.96475)","(0.320662, -0.78221, 0.534157)","(-0.638205, 0.527709, 0.560551)","(0.318132, -0.946394, 0.0559519)","(-0.0448573, -0.998946, 0.00974781)","(0.202376, -0.947594, -0.247204)","(-0.453882, -0.824205, -0.338641)",0
48.5,"(0.0209208, -0.0515953, 1.63222e-05)","(0.311897, 0.947961, 0.0639489)","(-0.820245, -0.554852, 0.139058)","(-0.246756, 0.232604, 0.940748)","(0.321613, -0.749137, 0.579101)","(-0.694446, 0.494936, 0.522287)","(0.303443, -0.950162, 0.071511)","(-0.0531213, -0.998205, 0.0276736)","(0.194479, -0.950154, -0.243693)","(-0.453227, -0.825496, -0.336366)",0
48.5333,"(0.0227533, -0.0494115, 1.74996e-05)","(0.313452, 0.948039, 0.0545017)","(-0.797086, -0.579787, 0.168824)","(-0.309264, 0.23031, 0.922666)","(0.299818, -0.704617, 0.643135)","(-0.731001, 0.462881, 0.501377)","(0.285154, -0.953897, 0.093633)","(-0.0570338, -0.995369, 0.0773794)","(0.192168, -0.956251, -0.220581)","(-0.456161, -0.834417, -0.309297)",0
48.5667,"(0.0247322, -0.0479107, 1.82319e-05)","(0.305576, 0.951006, 0.0470143)","(-0.75365, -0.627113, 0.196826)","(-0.388014, 0.164471, 0.90686)","(0.272926, -0.647475, 0.711538)","(-0.742598, 0.460337, 0.486455)","(0.254839, -0.960374, 0.112871)","(-0.0506942, -0.990728, 0.126046)","(0.174743, -0.9524, -0.249799)","(-0.416821, -0.851104, -0.319189)",0
48.6,"(0.0269248, -0.0468703, 1.70851e-05)","(0.29123, 0.956083, 0.0330161)","(-0.697105, -0.679437, 0.228935)","(-0.47722, 0.0446909, 0.877647)","(0.245724, -0.580665, 0.776175)","(-0.726693, 0.49423, 0.477131)","(0.201934, -0.971434, 0.124658)","(-0.0369228, -0.985637, 0.16479)","(0.136093, -0.929541, -0.342685)","(-0.321625, -0.884149, -0.338877)",0
48.6333,"(0.0292117, -0.0461863, 1.37298e-05)","(0.266611, 0.963414, 0.0274368)","(-0.637379, -0.734331, 0.233466)","(-0.566341, -0.143507, 0.811581)","(0.235543, -0.502696, 0.831755)","(-0.68653, 0.562365, 0.460893)","(0.145871, -0.980962, 0.128204)","(-0.0286517, -0.985618, 0.166544)","(0.106778, -0.875985, -0.470372)","(-0.221299, -0.891073, -0.396251)",0
48.6667,"(0.0315677, -0.0461313, 8.18169e-06)","(0.24535, 0.969084, 0.0260597)","(-0.587929, -0.780567, 0.212258)","(-0.625151, -0.348021, 0.698619)","(0.233022, -0.433675, 0.870417)","(-0.654808, 0.597744, 0.462525)","(0.105504, -0.989291, 0.100857)","(-0.0387195, -0.985934, 0.162587)","(0.114513, -0.854659, -0.506405)","(-0.165726, -0.822072, -0.544731)",0
48.7,"(0.0336465, -0.0459417, -2.00741e-07)","(0.223684, 0.974156, 0.0313823)","(-0.544679, -0.82322, 0.160102)","(-0.606184, -0.530026, 0.592969)","(0.217091, -0.386062, 0.896564)","(-0.684134, 0.544367, 0.485412)","(0.0942157, -0.992854, 0.0732471)","(-0.0578077, -0.987865, 0.144155)","(0.163584, -0.872793, -0.459862)","(-0.167341, -0.664388, -0.728413)",0
48.7333,"(0.0358831, -0.0452123, -8.41833e-06)","(0.20818, 0.977094, 0.0441505)","(-0.514866, -0.848334, 0.12346)","(-0.564341, -0.663584, 0.491096)","(0.195821, -0.37086, 0.907809)","(-0.741776, 0.42143, 0.521695)","(0.0875025, -0.996045, 0.0153871)","(-0.06727, -0.989395, 0.12873)","(0.199365, -0.898776, -0.390456)","(-0.137215, -0.476994, -0.868129)",0
48.7667,"(0.0381302, -0.0439402, -1.55605e-05)","(0.194235, 0.979582, 0.0518862)","(-0.494349, -0.862677, 0.106804)","(-0.507856, -0.759665, 0.406192)","(0.186556, -0.397983, 0.898224)","(-0.798124, 0.27096, 0.538125)","(0.0740769, -0.997247, 0.00321922)","(-0.0630404, -0.991035, 0.117797)","(0.22274, -0.907547, -0.356013)","(-0.100709, -0.44555, -0.889575)",0
48.8,"(0.0405376, -0.0415592, -1.9616e-05)","(0.175927, 0.982555, 0.0602929)","(-0.501503, -0.861054, 0.0841408)","(-0.446224, -0.83564, 0.320297)","(0.204924, -0.472322, 0.857273)","(-0.815603, 0.113479, 0.567374)","(0.0550093, -0.998387, 0.0140513)","(-0.0567955, -0.991589, 0.116302)","(0.237974, -0.902977, -0.357771)","(-0.0419096, -0.517196, -0.85484)",0
48.8333,"(0.0429402, -0.0390638, -2.01539e-05)","(0.150349, 0.985572, 0.0777339)","(-0.521973, -0.852961, 0.00127912)","(-0.334236, -0.914245, 0.229001)","(0.264239, -0.570335, 0.777751)","(-0.794298, -0.104421, 0.598487)","(0.0352796, -0.998018, 0.0521077)","(-0.0514366, -0.991612, 0.118578)","(0.255322, -0.89206, -0.372879)","(0.0207286, -0.65561, -0.754815)",0
48.8667,"(0.0458278, -0.0366995, -1.71511e-05)","(0.120719, 0.987323, 0.103058)","(-0.535954, -0.837, -0.110384)","(-0.201251, -0.970524, 0.132596)","(0.313021, -0.653907, 0.688784)","(-0.674122, -0.367772, 0.64055)","(0.022532, -0.996896, 0.0754433)","(-0.0452232, -0.992529, 0.113318)","(0.25923, -0.879774, -0.398494)","(0.0729542, -0.748733, -0.658845)",0
48.9,"(0.0489257, -0.033954, -1.44649e-05)","(0.0939033, 0.985684, 0.14003)","(-0.523044, -0.824925, -0.214298)","(-0.0430269, -0.998316, 0.038917)","(0.355962, -0.712278, 0.604939)","(-0.525256, -0.581237, 0.621507)","(0.0235115, -0.997106, 0.0722917)","(-0.0394377, -0.993426, 0.107466)","(0.253481, -0.869042, -0.424869)","(0.101165, -0.808093, -0.580303)",0
48.9333,"(0.0523091, -0.0316705, -1.11452e-05)","(0.0679411, 0.98627, 0.150519)","(-0.506478, -0.819392, -0.268473)","(0.154129, -0.986027, -0.0632038)","(0.378842, -0.772307, 0.509922)","(-0.234151, -0.736089, 0.635095)","(0.0321403, -0.997472, 0.0633767)","(-0.0380216, -0.99428, 0.0998097)","(0.244687, -0.867723, -0.43265)","(0.113267, -0.821743, -0.558488)",0
48.9667,"(0.0556059, -0.0304124, -8.42601e-06)","(0.0453554, 0.987518, 0.150835)","(-0.491538, -0.818557, -0.297244)","(0.356514, -0.925719, -0.126261)","(0.386609, -0.81431, 0.432934)","(0.0708492, -0.774791, 0.628235)","(0.0466747, -0.998221, 0.0370875)","(-0.0386039, -0.995519, 0.0863237)","(0.235394, -0.871904, -0.429387)","(0.13445, -0.839973, -0.525707)",0
49,"(0.0585216, -0.0284248, -6.94932e-06)","(0.0247534, 0.990399, 0.136002)","(-0.47731, -0.825633, -0.30084)","(0.497413, -0.850506, -0.170938)","(0.384928, -0.83504, 0.393113)","(0.366142, -0.707861, 0.604048)","(0.0477036, -0.998542, 0.0252477)","(-0.0391196, -0.996462, 0.0743847)","(0.228652, -0.87933, -0.417728)","(0.149443, -0.859941, -0.488025)",0
49.0333,"(0.0607685, -0.0261374, -2.35317e-06)","(0.0153998, 0.990311, 0.138011)","(-0.460932, -0.845254, -0.270347)","(0.539865, -0.828322, -0.149763)","(0.367025, -0.81999, 0.439214)","(0.452503, -0.679509, 0.577502)","(0.0290904, -0.998561, 0.0450514)","(-0.0381557, -0.995002, 0.0922801)","(0.239137, -0.886675, -0.395754)","(0.170149, -0.914434, -0.367233)",0
49.0667,"(0.0627038, -0.0241453, 2.88491e-06)","(0.0113493, 0.988616, 0.150033)","(-0.445859, -0.865469, -0.228414)","(0.52314, -0.836116, -0.165029)","(0.35848, -0.788615, 0.499579)","(0.404055, -0.724957, 0.557832)","(-0.0279453, -0.996819, 0.0746385)","(-0.0407449, -0.989018, 0.142066)","(0.273806, -0.874126, -0.401165)","(0.18814, -0.934821, -0.301186)",0
49.1,"(0.0639056, -0.0224182, 4.85796e-06)","(0.00884027, 0.986561, 0.163153)","(-0.431708, -0.882651, -0.185889)","(0.435724, -0.882595, -0.176551)","(0.353193, -0.761439, 0.543566)","(0.357333, -0.791047, 0.496545)","(-0.0878764, -0.991965, 0.0910091)","(-0.0424941, -0.98384, 0.173935)","(0.284838, -0.86735, -0.408133)","(0.213146, -0.940129, -0.265945)",0
49.1333,"(0.0639056, -0.0224182, 4.85796e-06)","(0.00114112, 0.986646, 0.162873)","(-0.410176, -0.900882, -0.142013)","(0.275167, -0.944831, -0.177699)","(0.358551, -0.740719, 0.568134)","(0.252851, -0.834992, 0.488728)","(-0.126857, -0.988861, 0.0778497)","(-0.0336083, -0.98715, 0.156224)","(0.256217, -0.871693, -0.417736)","(0.204276, -0.926275, -0.31668)",0
49.1667,"(0.0652868, -0.019403, 1.16196e-05)","(-0.0115174, 0.98781, 0.155237)","(-0.376526, -0.921213, -0.0979518)","(0.0423736, -0.993629, -0.10443)","(0.379551, -0.740882, 0.554107)","(0.0993692, -0.85607, 0.507217)","(-0.126251, -0.989442, 0.071164)","(-0.0167805, -0.994439, 0.103971)","(0.179137, -0.90126, -0.394513)","(0.178841, -0.929431, -0.32276)",0
49.2,"(0.0652868, -0.019403, 1.16196e-05)","(-0.0213844, 0.987243, 0.157778)","(-0.355033, -0.929781, -0.0972522)","(-0.214925, -0.97587, -0.0385266)","(0.404139, -0.762344, 0.505473)","(-0.188477, -0.844055, 0.502044)","(-0.11091, -0.990757, 0.0781)","(-0.00220336, -0.998058, 0.0622559)","(0.116831, -0.92678, -0.356972)","(0.150654, -0.941977, -0.299972)",0
49.2333,"(0.0652868, -0.019403, 1.16196e-05)","(-0.020205, 0.987768, 0.154619)","(-0.344453, -0.933345, -0.101091)","(-0.402018, -0.915423, 0.0195419)","(0.400861, -0.775538, 0.4877)","(-0.463524, -0.775829, 0.428059)","(-0.0957693, -0.993534, 0.0609749)","(0.00101919, -0.999324, 0.0367416)","(0.0840063, -0.927229, -0.36495)","(0.141785, -0.934398, -0.326799)",0
49.2667,"(0.06299, -0.0202442, 9.32207e-06)","(-0.00807317, 0.989848, 0.141901)","(-0.372393, -0.92438, -0.0827342)","(-0.496765, -0.86719, 0.0347393)","(0.353805, -0.772547, 0.52725)","(-0.66918, -0.659774, 0.341901)","(-0.0686174, -0.996959, 0.0369381)","(0.00674572, -0.999691, 0.0239413)","(0.0722739, -0.918071, -0.389773)","(0.14525, -0.916571, -0.372558)",0
49.3,"(0.0603108, -0.0200828, 8.59667e-06)","(0.0130386, 0.993534, 0.112787)","(-0.409649, -0.91224, -0.00249156)","(-0.509971, -0.857843, 0.063521)","(0.293321, -0.700793, 0.650271)","(-0.781248, -0.548339, 0.298287)","(-0.037301, -0.99926, 0.00940435)","(0.0140017, -0.999647, 0.0225713)","(0.0658602, -0.902803, -0.424981)","(0.155219, -0.89354, -0.421299)",0
49.3333,"(0.0571493, -0.0186012, 2.51411e-06)","(0.036966, 0.995355, 0.088893)","(-0.47159, -0.880243, 0.0526729)","(-0.520123, -0.849033, 0.0928197)","(0.256908, -0.650206, 0.715004)","(-0.81096, -0.51616, 0.275541)","(-0.00582532, -0.999945, 0.00873284)","(0.0101998, -0.999492, 0.0302042)","(0.0566883, -0.910967, -0.408565)","(0.178698, -0.889793, -0.419922)",0
49.3667,"(0.0537597, -0.0148179, -3.69931e-06)","(0.0597643, 0.995927, 0.0675056)","(-0.514903, -0.856697, 0.0307445)","(-0.515284, -0.848825, 0.118234)","(0.271459, -0.63981, 0.718995)","(-0.77574, -0.560727, 0.289506)","(0.0108382, -0.999535, 0.0285029)","(-0.0272027, -0.997964, 0.0576836)","(0.0573605, -0.935106, -0.349694)","(0.201953, -0.90101, -0.383922)",0
49.4,"(0.0506595, -0.0112002, -8.83527e-06)","(0.0804467, 0.995568, 0.0487124)","(-0.541342, -0.840714, -0.0122025)","(-0.433069, -0.890145, 0.141751)","(0.306343, -0.668592, 0.677598)","(-0.700403, -0.629062, 0.337221)","(0.0165943, -0.998855, 0.0448695)","(-0.0905784, -0.990401, 0.104411)","(0.0678154, -0.954705, -0.289724)","(0.20141, -0.911923, -0.357535)",0
49.4333,"(0.048634, -0.00791209, -1.24153e-05)","(0.0921802, 0.995086, 0.0361374)","(-0.546275, -0.835746, -0.0557874)","(-0.25106, -0.963871, 0.0890052)","(0.357077, -0.676401, 0.644188)","(-0.587753, -0.69422, 0.415457)","(0.014804, -0.998348, 0.0555214)","(-0.158144, -0.976936, 0.143481)","(0.0812667, -0.962225, -0.259845)","(0.161782, -0.923224, -0.348545)",0
49.4667,"(0.0474636, -0.00522062, -1.45455e-05)","(0.100357, 0.994081, 0.0416126)","(-0.561078, -0.826485, -0.0459824)","(-0.0301861, -0.999538, -0.00351406)","(0.405864, -0.633556, 0.658696)","(-0.450219, -0.768627, 0.454439)","(0.00482009, -0.998654, 0.0516507)","(-0.217165, -0.962566, 0.162193)","(0.102706, -0.955936, -0.275024)","(0.117189, -0.929372, -0.35005)",0
49.5,"(0.0474636, -0.00522062, -1.45455e-05)","(0.101352, 0.993502, 0.051781)","(-0.584766, -0.810696, -0.0286327)","(0.131578, -0.985661, -0.105637)","(0.452855, -0.578049, 0.678809)","(-0.307639, -0.837461, 0.451683)","(-0.0105216, -0.999113, 0.0407768)","(-0.249861, -0.95739, 0.144823)","(0.12651, -0.945908, -0.298753)","(0.0883683, -0.933794, -0.346727)",0
49.5333,"(0.0474636, -0.00522062, -1.45455e-05)","(0.0992565, 0.992996, 0.0640856)","(-0.598083, -0.801361, -0.01083)","(0.198061, -0.969623, -0.14354)","(0.481206, -0.5347, 0.694649)","(-0.194461, -0.886938, 0.418958)","(-0.0240035, -0.999284, 0.029258)","(-0.266637, -0.957308, 0.111648)","(0.149187, -0.938893, -0.310199)","(0.0860664, -0.940824, -0.327784)",0
49.5667,"(0.0474636, -0.00522062, -1.45455e-05)","(0.0875791, 0.994181, 0.0627274)","(-0.588565, -0.806935, 0.0494604)","(0.202365, -0.965408, -0.164426)","(0.497408, -0.482936, 0.720665)","(-0.114544, -0.920269, 0.374145)","(-0.0286979, -0.99947, 0.0153346)","(-0.25689, -0.964381, 0.0630689)","(0.156073, -0.932201, -0.326562)","(0.0852357, -0.929015, -0.360091)",0
49.6,"(0.0505938, -0.00893431, -1.04392e-05)","(0.0661931, 0.996223, 0.0562062)","(-0.55498, -0.821193, 0.132813)","(0.185762, -0.966717, -0.17593)","(0.494241, -0.423224, 0.759347)","(-0.0818033, -0.931829, 0.353556)","(-0.029149, -0.999558, 0.00587503)","(-0.238082, -0.970899, 0.0259138)","(0.14835, -0.929578, -0.337457)","(0.080015, -0.915133, -0.395132)",0
49.6333,"(0.0534193, -0.0127412, -8.88335e-06)","(0.0342685, 0.998153, 0.0501583)","(-0.518743, -0.82273, 0.232424)","(0.19218, -0.960389, -0.20179)","(0.465432, -0.32284, 0.824104)","(-0.0754069, -0.935274, 0.345798)","(-0.0377991, -0.999267, 0.00612633)","(-0.192369, -0.981293, 0.0076637)","(0.119313, -0.923414, -0.36479)","(0.063503, -0.885437, -0.460401)",0
49.6667,"(0.0567157, -0.0172343, -3.35551e-06)","(0.00369571, 0.998601, 0.0527479)","(-0.481074, -0.824343, 0.298372)","(0.20793, -0.95404, -0.215806)","(0.379178, -0.215181, 0.899956)","(-0.0609328, -0.931717, 0.358037)","(-0.0499698, -0.998726, 0.00705312)","(-0.133265, -0.991071, -0.00429951)","(0.08384, -0.92001, -0.382821)","(0.0836593, -0.867784, -0.489849)",0
49.7,"(0.0606357, -0.0228742, 3.1099e-06)","(-0.0195531, 0.996937, 0.075727)","(-0.453517, -0.822048, 0.344326)","(0.229009, -0.944525, -0.235429)","(0.310939, -0.0387512, 0.94964)","(0.0108717, -0.943341, 0.331646)","(-0.0621877, -0.998056, -0.00406264)","(-0.0606671, -0.998081, -0.0124083)","(0.0462417, -0.90616, -0.420399)","(0.160793, -0.843591, -0.512347)",0
49.7333,"(0.0647939, -0.0279686, 1.02431e-05)","(-0.036225, 0.992134, 0.119824)","(-0.4076, -0.828364, 0.384285)","(0.241031, -0.939907, -0.241825)","(0.226774, 0.160616, 0.960612)","(0.128902, -0.955099, 0.266778)","(-0.0650334, -0.997322, -0.0334515)","(0.0185559, -0.998972, -0.0413558)","(0.0131002, -0.892403, -0.451049)","(0.273629, -0.809534, -0.519405)",0
49.7667,"(0.0689123, -0.0334614, 1.76429e-05)","(-0.0480141, 0.985432, 0.163153)","(-0.345479, -0.821274, 0.454041)","(0.257532, -0.934838, -0.244448)","(0.164544, 0.353176, 0.920973)","(0.272755, -0.938166, 0.21319)","(-0.0664945, -0.995753, -0.0636782)","(0.113392, -0.991072, -0.0701316)","(-0.0301109, -0.87886, -0.476128)","(0.372676, -0.770153, -0.517666)",0
49.8,"(0.0733593, -0.0384903, 2.99327e-05)","(-0.0558622, 0.982934, 0.17527)","(-0.24154, -0.804355, 0.542837)","(0.273699, -0.923049, -0.270311)","(0.0567544, 0.456537, 0.887893)","(0.420138, -0.895982, 0.143876)","(-0.0787505, -0.994006, -0.0758291)","(0.218928, -0.971768, -0.0879588)","(-0.0606311, -0.872108, -0.485543)","(0.445238, -0.741617, -0.501764)",0
49.8333,"(0.0782736, -0.044238, 3.53909e-05)","(-0.0588114, 0.985083, 0.16172)","(-0.147062, -0.79249, 0.591889)","(0.293053, -0.918032, -0.26709)","(-0.0228344, 0.50395, 0.863431)","(0.546056, -0.825681, 0.14168)","(-0.105964, -0.992162, -0.0662238)","(0.304289, -0.950207, -0.0671949)","(-0.0681889, -0.865936, -0.495485)","(0.51249, -0.732851, -0.447529)",0
49.8667,"(0.083574, -0.049429, 4.04405e-05)","(-0.0623904, 0.989597, 0.129636)","(-0.0915376, -0.766693, 0.635454)","(0.330352, -0.907137, -0.26071)","(-0.0747251, 0.528936, 0.845366)","(0.645094, -0.750998, 0.140913)","(-0.141368, -0.988763, -0.0486103)","(0.353968, -0.93509, -0.0177159)","(-0.05051, -0.856633, -0.513448)","(0.56188, -0.729242, -0.390509)",0
49.9,"(0.0891193, -0.0540671, 4.41573e-05)","(-0.0705136, 0.990878, 0.114846)","(-0.090641, -0.751785, 0.653148)","(0.376254, -0.897457, -0.230226)","(-0.086001, 0.538945, 0.837939)","(0.704166, -0.691646, 0.160553)","(-0.164828, -0.984159, -0.0652889)","(0.365645, -0.930524, 0.0206871)","(-0.041756, -0.837974, -0.54411)","(0.59207, -0.726313, -0.349174)",0
49.9333,"(0.0938486, -0.0571895, 4.63151e-05)","(-0.0836112, 0.990402, 0.11006)","(-0.0897634, -0.711784, 0.69664)","(0.416825, -0.878173, -0.234667)","(-0.0921471, 0.540919, 0.836011)","(0.726191, -0.668185, 0.161789)","(-0.179643, -0.979627, -0.0897763)","(0.357493, -0.932448, 0.0523405)","(-0.0546044, -0.821627, -0.567405)","(0.598091, -0.722834, -0.34612)",0
49.9667,"(0.0971774, -0.0590559, 4.13368e-05)","(-0.0937446, 0.988541, 0.118317)","(-0.0879088, -0.698675, 0.710018)","(0.437415, -0.869072, -0.231045)","(-0.0920251, 0.531291, 0.842176)","(0.707857, -0.688381, 0.158336)","(-0.194913, -0.974164, -0.11408)","(0.343654, -0.937015, 0.0624852)","(-0.0609171, -0.814772, -0.576573)","(0.59626, -0.728984, -0.33624)",0
50,"(0.0971774, -0.0590559, 4.13368e-05)","(-0.096857, 0.987677, 0.122932)","(-0.0897378, -0.675204, 0.732152)","(0.424279, -0.879088, -0.217236)","(-0.0895421, 0.522078, 0.848184)","(0.650545, -0.740595, 0.168256)","(-0.213615, -0.971033, -0.107071)","(0.341637, -0.937258, 0.0695134)","(-0.0518891, -0.827088, -0.559673)","(0.584768, -0.743329, -0.324821)",0
50.0333,"(0.0971774, -0.0590559, 4.13368e-05)","(-0.090735, 0.988437, 0.121487)","(-0.110246, -0.644453, 0.756654)","(0.392529, -0.907899, -0.147104)","(-0.0638856, 0.513017, 0.855998)","(0.526017, -0.822145, 0.217678)","(-0.228388, -0.969027, -0.0939436)","(0.347566, -0.935474, 0.0639182)","(-0.0259677, -0.843213, -0.536952)","(0.583268, -0.754602, -0.300625)",0
50.0667,"(0.0971774, -0.0590559, 4.13368e-05)","(-0.0704376, 0.990143, 0.121063)","(-0.154122, -0.628787, 0.76215)","(0.333105, -0.940818, -0.0624727)","(-0.0234458, 0.499979, 0.86572)","(0.307114, -0.899375, 0.311138)","(-0.232356, -0.967838, -0.0964364)","(0.368997, -0.927571, 0.0587593)","(0.00223355, -0.847701, -0.53047)","(0.588846, -0.750501, -0.300015)",0
50.1,"(0.0918528, -0.0612835, 2.8956e-05)","(-0.0404865, 0.992959, 0.111327)","(-0.242732, -0.654816, 0.71575)","(0.27159, -0.960737, 0.0567744)","(0.0153266, 0.509034, 0.86061)","(-0.0122781, -0.903901, 0.427566)","(-0.232642, -0.96728, -0.101226)","(0.385815, -0.921338, 0.0477879)","(0.0458902, -0.848824, -0.526681)","(0.597565, -0.741803, -0.304377)",0
50.1333,"(0.0854254, -0.0622993, 2.52876e-05)","(-0.000377128, 0.995225, 0.0976043)","(-0.329973, -0.681798, 0.652893)","(0.192599, -0.967794, 0.16211)","(0.0423007, 0.5159, 0.855604)","(-0.306531, -0.78294, 0.541336)","(-0.230405, -0.970101, -0.0762704)","(0.395165, -0.917729, 0.0402395)","(0.0942351, -0.846596, -0.523827)","(0.594058, -0.731416, -0.334852)",0
50.1667,"(0.0779336, -0.0619241, 2.23467e-05)","(0.0346389, 0.995767, 0.0851363)","(-0.388501, -0.707616, 0.590209)","(0.127785, -0.953802, 0.271906)","(0.0668164, 0.518468, 0.852483)","(-0.488721, -0.547352, 0.67938)","(-0.223411, -0.974692, 0.00794879)","(0.381233, -0.924167, 0.0240378)","(0.136704, -0.851616, -0.506027)","(0.566359, -0.727148, -0.387935)",0
50.2,"(0.0693095, -0.0575873, 2.01014e-05)","(0.0700033, 0.99152, 0.109484)","(-0.399958, -0.748674, 0.528698)","(0.0870949, -0.931095, 0.354227)","(0.086396, 0.463952, 0.881638)","(-0.57915, -0.270633, 0.768988)","(-0.181464, -0.982845, 0.0329607)","(0.306248, -0.951898, 0.0101362)","(0.136167, -0.857211, -0.496636)","(0.545149, -0.72317, -0.424073)",0
50.2333,"(0.0612247, -0.0508713, 1.89402e-05)","(0.10224, 0.985078, 0.138452)","(-0.388102, -0.806577, 0.445881)","(0.0706272, -0.917743, 0.390844)","(0.106939, 0.383395, 0.917372)","(-0.588135, -0.0630985, 0.806298)","(-0.118293, -0.992977, 0.00187336)","(0.195027, -0.980674, -0.0155904)","(0.124918, -0.874518, -0.46863)","(0.517369, -0.740192, -0.429471)",0
50.2667,"(0.0545673, -0.0439851, 1.76207e-05)","(0.133125, 0.976995, 0.166607)","(-0.35163, -0.860735, 0.368092)","(0.0549675, -0.917937, 0.3929)","(0.124439, 0.285409, 0.950293)","(-0.592473, 0.046206, 0.804264)","(-0.0511161, -0.995891, -0.0747515)","(0.054118, -0.998158, -0.0274058)","(0.103511, -0.899071, -0.42539)","(0.505557, -0.770404, -0.388445)",0
50.3,"(0.0493506, -0.0370246, 1.65542e-05)","(0.156589, 0.971346, 0.178795)","(-0.312486, -0.886321, 0.341741)","(0.0265646, -0.914752, 0.403142)","(0.151688, 0.235467, 0.959972)","(-0.561409, 0.124036, 0.81819)","(-0.0186494, -0.995768, -0.0899862)","(-0.0531428, -0.998289, -0.0243957)","(0.108626, -0.91938, -0.378076)","(0.469244, -0.801787, -0.370064)",0
50.3333,"(0.0452357, -0.0310248, 1.26024e-05)","(0.167917, 0.965672, 0.198197)","(-0.280547, -0.89705, 0.34146)","(0.00998211, -0.897264, 0.441381)","(0.1816, 0.229926, 0.956115)","(-0.527506, 0.217207, 0.821315)","(-0.0114344, -0.996039, -0.0881769)","(-0.137592, -0.990412, 0.0123079)","(0.11539, -0.927702, -0.35504)","(0.442501, -0.819945, -0.363157)",0
50.3667,"(0.0419216, -0.028071, 9.61032e-06)","(0.167803, 0.965937, 0.196996)","(-0.263328, -0.892896, 0.365233)","(0.0155764, -0.8766, 0.480968)","(0.208057, 0.262923, 0.942117)","(-0.504918, 0.327898, 0.798462)","(-0.00668815, -0.99624, -0.0863798)","(-0.18674, -0.981223, 0.048256)","(0.130032, -0.927261, -0.351111)","(0.384479, -0.838692, -0.385709)",0
50.4,"(0.0393465, -0.0266675, 7.95834e-06)","(0.168631, 0.977799, 0.124386)","(-0.260116, -0.88075, 0.395751)","(0.0400148, -0.840672, 0.540065)","(0.230188, 0.33204, 0.914748)","(-0.480197, 0.432046, 0.763379)","(0.0022601, -0.997018, -0.0771379)","(-0.221057, -0.971349, 0.087261)","(0.161538, -0.923698, -0.347403)","(0.34716, -0.852888, -0.389953)",0
50.4333,"(0.0371789, -0.024192, 1.86795e-06)","(0.169883, 0.984981, 0.0308484)","(-0.280675, -0.844861, 0.455446)","(0.0675323, -0.772161, 0.631828)","(0.247014, 0.427682, 0.869524)","(-0.46196, 0.528115, 0.712522)","(0.00540178, -0.997742, -0.0669437)","(-0.251383, -0.959971, 0.123543)","(0.203121, -0.919457, -0.336662)","(0.32483, -0.877503, -0.352809)",0
50.4667,"(0.035554, -0.0201998, -1.86081e-05)","(0.17057, 0.984785, -0.0332394)","(-0.332641, -0.749998, 0.57171)","(0.0791797, -0.648045, 0.757475)","(0.249532, 0.524466, 0.814045)","(-0.438393, 0.619947, 0.650751)","(-0.00486838, -0.99826, -0.0587675)","(-0.27551, -0.948063, 0.15897)","(0.24259, -0.918191, -0.313169)","(0.299688, -0.923506, -0.239425)",0
50.5,"(0.0342981, -0.016405, -2.83055e-05)","(0.152371, 0.98759, -0.0380567)","(-0.314656, -0.608689, 0.728347)","(0.0514653, -0.494197, 0.867825)","(0.253325, 0.602143, 0.757133)","(-0.396389, 0.677676, 0.61938)","(-0.0194064, -0.998703, -0.0470757)","(-0.281401, -0.942944, 0.177962)","(0.254532, -0.931711, -0.259089)","(0.202742, -0.97063, -0.129507)",0
50.5333,"(0.0335495, -0.0112591, -3.51518e-05)","(0.12669, 0.991899, -0.00929221)","(-0.226819, -0.393671, 0.890829)","(0.0150553, -0.326365, 0.945124)","(0.23954, 0.63158, 0.737379)","(-0.345453, 0.693024, 0.632756)","(-0.0243412, -0.998938, -0.0391264)","(-0.268065, -0.947975, 0.171708)","(0.24538, -0.943211, -0.223924)","(0.0965662, -0.993256, -0.0641605)",0
50.5667,"(0.0329146, -0.0072917, -3.95771e-05)","(0.0999287, 0.994919, 0.0122264)","(-0.0925325, -0.195588, 0.976311)","(-0.0185921, -0.188623, 0.981874)","(0.218999, 0.592559, 0.775186)","(-0.298692, 0.618184, 0.727071)","(-0.0239171, -0.999273, -0.0296809)","(-0.252457, -0.954227, 0.160362)","(0.226654, -0.951109, -0.209809)","(0.0297879, -0.995936, -0.0849934)",0
50.6,"(0.0326301, -0.00458312, -3.63752e-05)","(0.0879845, 0.995165, 0.0436574)","(-0.0232729, -0.018528, 0.999557)","(-0.0223768, -0.106423, 0.994069)","(0.161577, 0.406978, 0.899034)","(-0.275083, 0.447366, 0.850996)","(-0.0348296, -0.998845, -0.0331098)","(-0.238638, -0.959757, 0.148049)","(0.220271, -0.937485, -0.26945)","(0.0436754, -0.99017, -0.132878)",0
50.6333,"(0.0326301, -0.00458312, -3.63752e-05)","(0.0811195, 0.995884, 0.04044)","(-0.0103926, 0.014891, 0.999835)","(-0.0268781, -0.13854, 0.989992)","(0.0947375, 0.194224, 0.976372)","(-0.229648, 0.198683, 0.952778)","(-0.0588309, -0.998144, -0.0157087)","(-0.2303, -0.962686, 0.142118)","(0.230268, -0.922011, -0.311244)","(0.0630381, -0.979568, -0.190979)",0
50.6667,"(0.0318893, -0.00259827, -1.13808e-05)","(0.071719, 0.997083, 0.0261189)","(-0.00964085, -0.0352167, 0.999333)","(-0.041703, -0.255245, 0.965977)","(0.0221707, -0.0874613, 0.995921)","(-0.162983, -0.0944335, 0.982099)","(-0.0784746, -0.996794, 0.0155897)","(-0.219417, -0.964238, 0.148663)","(0.218667, -0.906323, -0.361613)","(0.0610208, -0.957061, -0.283391)",0
50.7,"(0.0318893, -0.00259827, -1.13808e-05)","(0.0615913, 0.997755, -0.0263083)","(-0.000811737, -0.317205, 0.948357)","(-0.0711018, -0.483583, 0.872406)","(-0.0588183, -0.298086, 0.952725)","(-0.110324, -0.33792, 0.934686)","(-0.0788148, -0.994768, 0.0649955)","(-0.203976, -0.968022, 0.146035)","(0.179768, -0.914889, -0.361473)","(0.0229368, -0.935324, -0.353049)",0
50.7333,"(0.0298882, -0.00326439, -1.15387e-05)","(0.0537467, 0.996354, -0.0662544)","(0.00035003, -0.701671, 0.712501)","(-0.0904167, -0.718112, 0.690029)","(-0.157363, -0.540203, 0.826691)","(-0.146292, -0.520242, 0.841396)","(-0.0534366, -0.994802, 0.0866796)","(-0.185024, -0.974183, 0.129359)","(0.0983356, -0.923971, -0.369604)","(-0.0273178, -0.902647, -0.429514)",0
50.7667,"(0.0298882, -0.00326439, -1.15387e-05)","(0.0527037, 0.994126, -0.0945266)","(-0.0455989, -0.961919, 0.269505)","(-0.015578, -0.845728, 0.533387)","(-0.232776, -0.700255, 0.674877)","(-0.276337, -0.547404, 0.789929)","(-0.0247494, -0.996009, 0.0857585)","(-0.168256, -0.980304, 0.103412)","(0.0445298, -0.933857, -0.354864)","(-0.0486846, -0.898649, -0.435958)",0
50.8,"(0.0267782, -0.00558577, -1.77974e-05)","(0.0508327, 0.996999, -0.058384)","(-0.0952164, -0.994141, -0.0511679)","(0.114269, -0.912685, 0.392364)","(-0.235872, -0.826703, 0.51081)","(-0.405859, -0.436176, 0.803137)","(0.00507457, -0.997868, 0.0650716)","(-0.16197, -0.983717, 0.0778897)","(0.00723903, -0.929442, -0.368896)","(-0.0449543, -0.887537, -0.458537)",0
50.8333,"(0.0248383, -0.0105249, -2.09137e-05)","(0.0484421, 0.998782, 0.00934833)","(-0.132386, -0.974113, -0.183245)","(0.24858, -0.881021, 0.402505)","(-0.194911, -0.896138, 0.39868)","(-0.494651, -0.249177, 0.832605)","(0.0212033, -0.998549, 0.0495071)","(-0.162944, -0.984874, 0.0589229)","(0.00816154, -0.922103, -0.386858)","(-0.0310106, -0.894717, -0.445556)",0
50.8667,"(0.0228372, -0.0167391, -1.49745e-05)","(0.0495932, 0.995739, 0.0777504)","(-0.138081, -0.97088, -0.195769)","(0.334054, -0.831559, 0.443753)","(-0.150968, -0.927255, 0.342646)","(-0.536909, -0.0306596, 0.843083)","(0.0292611, -0.998549, 0.0452178)","(-0.161105, -0.986078, 0.0411848)","(0.0179099, -0.90881, -0.416825)","(-0.00436157, -0.88656, -0.462593)",0
50.9,"(0.0214552, -0.0227585, -1.12302e-05)","(0.0592617, 0.992236, 0.109338)","(-0.143672, -0.972837, -0.181513)","(0.362592, -0.72776, 0.582145)","(-0.143508, -0.93313, 0.329657)","(-0.57925, 0.118192, 0.806536)","(0.0295808, -0.989623, 0.140614)","(-0.143454, -0.987535, 0.0647742)","(0.032174, -0.905279, -0.423597)","(0.0380435, -0.874468, -0.48359)",0
50.9333,"(0.0205512, -0.0284737, -8.63066e-06)","(0.0702726, 0.988436, 0.134371)","(-0.176972, -0.965344, -0.191815)","(0.363741, -0.675488, 0.641411)","(-0.147752, -0.936899, 0.316844)","(-0.584849, 0.215861, 0.781892)","(0.0303099, -0.976483, 0.213455)","(-0.0961066, -0.993376, 0.0629889)","(0.0406588, -0.910173, -0.412228)","(0.103412, -0.838174, -0.535509)",0
50.9667,"(0.0205466, -0.0329239, -3.69558e-06)","(0.0725494, 0.983317, 0.166809)","(-0.247593, -0.939061, -0.23846)","(0.335223, -0.712828, 0.616037)","(-0.170051, -0.934365, 0.31312)","(-0.595857, 0.119506, 0.794149)","(0.0291685, -0.968574, 0.24701)","(-0.0271733, -0.993339, 0.11198)","(0.0374339, -0.913074, -0.406071)","(0.185921, -0.835254, -0.517479)",0
51,"(0.0226893, -0.0366276, 4.3986e-06)","(0.0593761, 0.979139, 0.194321)","(-0.380516, -0.88038, -0.283087)","(0.313982, -0.825263, 0.469421)","(-0.117, -0.935435, 0.333576)","(-0.619274, -0.141194, 0.772376)","(0.0176832, -0.988127, 0.15262)","(0.0437692, -0.979931, 0.194474)","(0.0292459, -0.903348, -0.42791)","(0.287027, -0.818925, -0.496969)",0
51.0333,"(0.0262792, -0.0396898, 7.1803e-06)","(0.0232042, 0.975975, 0.216644)","(-0.572385, -0.812149, -0.113089)","(0.260283, -0.926943, 0.270239)","(0.0356079, -0.861084, 0.507214)","(-0.548363, -0.487004, 0.679798)","(-0.0203985, -0.993312, 0.113646)","(0.137395, -0.977804, 0.158182)","(0.0201848, -0.898082, -0.439364)","(0.361215, -0.805402, -0.469949)",0
51.0667,"(0.030934, -0.0452483, 1.17962e-05)","(-0.0205252, 0.977427, 0.210275)","(-0.757693, -0.630947, 0.166752)","(0.166503, -0.983661, 0.0684729)","(0.259492, -0.684976, 0.680787)","(-0.344204, -0.768864, 0.538861)","(-0.059645, -0.996122, 0.064678)","(0.216159, -0.973973, 0.0682003)","(-0.00697053, -0.889174, -0.457516)","(0.424059, -0.760085, -0.492386)",1
51.1,"(0.036748, -0.0519129, 8.60532e-06)","(-0.0640807, 0.977033, 0.203222)","(-0.807343, -0.344642, 0.478978)","(0.067427, -0.997439, -0.0238365)","(0.429855, -0.404461, 0.80724)","(-0.0481256, -0.895915, 0.441612)","(-0.0926096, -0.994748, 0.0435829)","(0.281049, -0.956134, -0.0825733)","(-0.0394019, -0.888348, -0.457476)","(0.462674, -0.73156, -0.500753)",0
51.1333,"(0.0430514, -0.0579136, 1.201e-05)","(-0.0944721, 0.976521, 0.193604)","(-0.795292, -0.0956192, 0.598638)","(0.0275716, -0.997902, -0.0585832)","(0.527418, -0.235133, 0.816421)","(0.180528, -0.918534, 0.351717)","(-0.098554, -0.994133, -0.0445764)","(0.300761, -0.949973, -0.0842314)","(-0.0727942, -0.868198, -0.490849)","(0.508769, -0.70935, -0.487828)",0
51.1667,"(0.0481401, -0.0614967, 1.41004e-05)","(-0.117899, 0.972756, 0.199615)","(-0.765893, 0.0451926, 0.641378)","(0.0648799, -0.996214, -0.05787)","(0.587801, -0.154566, 0.794103)","(0.291308, -0.908066, 0.300925)","(-0.105911, -0.990924, -0.0827851)","(0.299247, -0.950009, -0.0890786)","(-0.0951032, -0.86173, -0.498375)","(0.533427, -0.698051, -0.477682)",0
51.2,"(0.0530977, -0.0648527, 1.42059e-05)","(-0.125195, 0.971071, 0.203339)","(-0.807006, 0.00442469, 0.590527)","(0.161623, -0.980236, -0.114088)","(0.595493, -0.20994, 0.775444)","(0.315873, -0.903997, 0.28812)","(-0.118672, -0.986352, -0.114138)","(0.286444, -0.954327, -0.0849115)","(-0.110016, -0.852452, -0.511099)","(0.512881, -0.714635, -0.475657)",0
51.2333,"(0.0576221, -0.0655734, 1.05121e-05)","(-0.115039, 0.976233, 0.183671)","(-0.89684, -0.207694, 0.390566)","(0.361192, -0.923712, -0.127658)","(0.567508, -0.417244, 0.709818)","(0.189043, -0.912778, 0.362077)","(-0.16837, -0.985626, -0.0138844)","(0.290107, -0.956265, -0.0373532)","(-0.111199, -0.848677, -0.517089)","(0.45275, -0.741369, -0.495368)",0
51.2667,"(0.0619279, -0.0652137, 1.39329e-05)","(-0.0874406, 0.981675, 0.169318)","(-0.863201, -0.48414, 0.143154)","(0.585945, -0.808533, -0.0542489)","(0.475134, -0.63465, 0.609481)","(-0.0458939, -0.818821, 0.572211)","(-0.217407, -0.973778, 0.067008)","(0.293941, -0.954058, 0.0580669)","(-0.109913, -0.838096, -0.534335)","(0.389096, -0.751211, -0.533185)",0
51.3,"(0.0663718, -0.0644655, 1.11304e-05)","(-0.0552748, 0.981613, 0.182701)","(-0.713935, -0.698768, -0.044954)","(0.754085, -0.62825, 0.191461)","(0.31899, -0.822901, 0.470191)","(-0.321305, -0.602981, 0.730189)","(-0.257497, -0.952577, 0.162151)","(0.294331, -0.95073, 0.0973781)","(-0.112814, -0.841963, -0.527609)","(0.352704, -0.73879, -0.574273)",0
51.3333,"(0.0719629, -0.0635069, 9.56292e-06)","(-0.0168402, 0.979833, 0.199106)","(-0.540292, -0.837717, -0.0794648)","(0.811717, -0.411445, 0.414521)","(0.153785, -0.904531, 0.397711)","(-0.459707, -0.427759, 0.778262)","(-0.267269, -0.950411, 0.159015)","(0.264519, -0.9599, 0.0928559)","(-0.139453, -0.846333, -0.514075)","(0.343799, -0.725035, -0.596764)",0
51.3667,"(0.0786699, -0.0619788, 9.24693e-06)","(0.0116077, 0.97615, 0.216787)","(-0.349108, -0.931957, -0.0978817)","(0.775455, -0.230065, 0.587996)","(0.0349077, -0.931971, 0.360849)","(-0.527467, -0.407168, 0.745649)","(-0.284729, -0.945246, 0.159494)","(0.222128, -0.973722, 0.0502477)","(-0.158834, -0.849647, -0.502864)","(0.324333, -0.720014, -0.613504)",0
51.4,"(0.0868981, -0.0590407, 1.02654e-05)","(0.0237589, 0.975888, 0.216974)","(-0.164273, -0.982592, -0.0867568)","(0.763497, -0.145745, 0.629151)","(0.0685502, -0.934702, 0.348759)","(-0.547629, -0.450757, 0.704926)","(-0.304531, -0.945952, 0.111515)","(0.165153, -0.984687, 0.0558164)","(-0.162614, -0.848827, -0.50304)","(0.310905, -0.735367, -0.60214)",0
51.4333,"(0.0953988, -0.0525773, 8.85577e-06)","(0.0125474, 0.977209, 0.211907)","(0.00707986, -0.998351, -0.0569663)","(0.783619, -0.214443, 0.583057)","(0.234225, -0.911042, 0.339324)","(-0.552401, -0.473087, 0.686325)","(-0.315097, -0.947623, 0.0522002)","(0.113128, -0.991486, 0.0644721)","(-0.147557, -0.859306, -0.489714)","(0.292353, -0.774281, -0.561266)",0
51.4667,"(0.104004, -0.045186, 3.69176e-06)","(-0.0188001, 0.981042, 0.192882)","(0.141913, -0.989718, -0.0178659)","(0.809033, -0.345741, 0.475319)","(0.460961, -0.834259, 0.302533)","(-0.477017, -0.472154, 0.7413)","(-0.276397, -0.961008, -0.00829686)","(0.0727559, -0.995136, 0.0664114)","(-0.15667, -0.871978, -0.463799)","(0.26836, -0.828667, -0.491218)",0
51.5,"(0.11216, -0.0367043, -3.14419e-06)","(-0.0560055, 0.982917, 0.175323)","(0.244792, -0.969572, 0.00252391)","(0.691199, -0.625739, 0.361516)","(0.707081, -0.653341, 0.27052)","(-0.311975, -0.481988, 0.818754)","(-0.193114, -0.979518, -0.0570275)","(0.0400332, -0.995913, 0.080959)","(-0.158851, -0.856135, -0.491731)","(0.226705, -0.881386, -0.414444)",0
51.5333,"(0.119531, -0.0274697, -6.51476e-06)","(-0.0934025, 0.984519, 0.148317)","(0.324253, -0.945234, 0.0373301)","(0.452338, -0.865081, 0.216851)","(0.896547, -0.358623, 0.259985)","(-0.00331871, -0.536903, 0.843637)","(-0.074462, -0.994041, -0.0796149)","(0.024972, -0.994016, 0.106338)","(-0.156647, -0.822207, -0.547209)","(0.17008, -0.915462, -0.364695)",0
51.5667,"(0.125679, -0.0193542, -9.33136e-06)","(-0.126386, 0.984387, 0.122514)","(0.430793, -0.892577, 0.133129)","(0.188837, -0.981835, 0.0184328)","(0.967875, 0.0081684, 0.251299)","(0.269681, -0.697116, 0.664305)","(0.0538123, -0.995741, -0.0748667)","(0.0235827, -0.98605, 0.16477)","(-0.0908138, -0.769028, -0.632732)","(0.0999352, -0.928458, -0.357742)",1
51.6,"(0.130891, -0.0140488, -1.20636e-05)","(-0.163196, 0.983138, 0.082502)","(0.581818, -0.775313, 0.245717)","(0.0855744, -0.989169, -0.119254)","(0.913179, 0.328632, 0.241051)","(0.3876, -0.79602, 0.464884)","(0.151939, -0.987615, -0.0391178)","(0.0133527, -0.981419, 0.191412)","(-0.00981115, -0.765322, -0.643573)","(0.0483144, -0.93146, -0.360621)",0
51.6333,"(0.135327, -0.0107828, -1.40992e-05)","(-0.200829, 0.978563, 0.0456273)","(0.721774, -0.593195, 0.356598)","(0.0297383, -0.983881, -0.176333)","(0.82584, 0.535426, 0.176938)","(0.390839, -0.859317, 0.329878)","(0.224678, -0.974433, 8.41085e-06)","(0.000439586, -0.974081, 0.2262)","(0.0823117, -0.763817, -0.640163)","(0.0121368, -0.930407, -0.366328)",0
51.6667,"(0.13926, -0.00928245, -1.53543e-05)","(-0.225029, 0.974225, 0.0157093)","(0.825761, -0.41718, 0.379579)","(0.0012659, -0.98459, -0.174872)","(0.770002, 0.634367, 0.0683725)","(0.376117, -0.863769, 0.335319)","(0.250633, -0.967697, 0.0273087)","(-0.0260914, -0.975758, 0.217289)","(0.131132, -0.780064, -0.611804)","(0.012455, -0.932613, -0.360664)",0
51.7,"(0.142486, -0.00894752, -1.81938e-05)","(-0.240944, 0.970537, -0.00219572)","(0.843011, -0.323265, 0.429921)","(0.000356596, -0.992881, -0.119114)","(0.776267, 0.63035, 0.00826668)","(0.467353, -0.603409, 0.646127)","(0.256754, -0.965613, 0.0408428)","(-0.029933, -0.976493, 0.21346)","(0.127441, -0.799324, -0.587231)","(0.00348482, -0.936085, -0.351757)",0
51.7333,"(0.144892, -0.00894651, -2.112e-05)","(-0.251543, 0.967787, -0.0107214)","(0.8352, -0.32862, 0.440966)","(0.0285806, -0.999545, -0.00966021)","(0.814311, 0.579331, -0.0356765)","(0.37773, -0.0569219, 0.924164)","(0.232662, -0.971762, 0.0393412)","(-0.0385213, -0.981463, 0.187741)","(0.0915902, -0.82031, -0.564538)","(0.0164301, -0.936934, -0.349119)",0
51.7667,"(0.144892, -0.00894651, -2.112e-05)","(-0.26649, 0.963629, -0.0200567)","(0.800909, -0.405861, 0.440252)","(0.0728488, -0.989045, 0.128385)","(0.857682, 0.513282, -0.0303951)","(0.175053, 0.334427, 0.926021)","(0.206901, -0.978297, 0.0112617)","(-0.0380482, -0.975905, 0.214854)","(0.0559708, -0.813534, -0.578818)","(0.0320462, -0.963848, -0.264519)",0
51.8,"(0.147187, -0.0105692, -2.37093e-05)","(-0.276698, 0.96071, -0.0217946)","(0.775005, -0.518017, 0.361975)","(0.114388, -0.987286, 0.110369)","(0.883316, 0.461383, -0.0829333)","(0.20077, 0.140744, 0.969475)","(0.17959, -0.982888, -0.0409807)","(-0.0387018, -0.963951, 0.263249)","(-0.0413517, -0.766053, -0.641446)","(0.0517576, -0.979877, -0.192773)",0
51.8333,"(0.147187, -0.0105692, -2.37093e-05)","(-0.280744, 0.959712, -0.0116139)","(0.738207, -0.612827, 0.281947)","(0.178231, -0.982378, 0.0562748)","(0.937484, 0.338509, -0.0808396)","(0.385666, -0.321209, 0.86492)","(0.154298, -0.981583, -0.112634)","(-0.0266732, -0.94281, 0.332261)","(-0.173133, -0.718885, -0.673223)","(0.0510556, -0.991849, -0.116746)",0
51.8667,"(0.146014, -0.0153578, -2.46081e-05)","(-0.272127, 0.961769, 0.0307762)","(0.692306, -0.69663, 0.188197)","(0.267306, -0.959849, -0.0850692)","(0.998455, 0.0479191, -0.0281444)","(0.53773, -0.64773, 0.539714)","(0.0956904, -0.982745, -0.158291)","(-0.00796924, -0.950473, 0.310703)","(-0.316279, -0.650355, -0.690657)","(0.0331518, -0.978973, -0.201278)",0
51.9,"(0.143533, -0.0190197, -2.82115e-05)","(-0.241558, 0.966394, 0.0879375)","(0.646307, -0.741729, 0.179235)","(0.44234, -0.887515, -0.129046)","(0.94432, -0.298536, 0.138332)","(0.586839, -0.755601, 0.29101)","(-0.0286039, -0.979911, -0.197371)","(0.0151682, -0.969283, 0.245479)","(-0.359841, -0.650803, -0.668558)","(0.0483492, -0.961056, -0.27209)",0
51.9333,"(0.140404, -0.0246358, -2.62364e-05)","(-0.186527, 0.97453, 0.124496)","(0.573459, -0.798046, 0.185116)","(0.610069, -0.763416, -0.212158)","(0.712987, -0.638552, 0.289655)","(0.678827, -0.680886, 0.274933)","(-0.164878, -0.966325, -0.197562)","(0.0364985, -0.988576, 0.146238)","(-0.35912, -0.695413, -0.622442)","(0.0837685, -0.943323, -0.321131)",0
51.9667,"(0.136331, -0.0319192, -2.23261e-05)","(-0.131912, 0.984036, 0.119466)","(0.449782, -0.86913, 0.205693)","(0.797104, -0.603814, -0.00586474)","(0.419284, -0.816526, 0.396845)","(0.68501, -0.553462, 0.473752)","(-0.27423, -0.943093, -0.188078)","(0.0587217, -0.994713, 0.0842428)","(-0.349804, -0.781623, -0.516432)","(0.114926, -0.943869, -0.309682)",0
52,"(0.13059, -0.0400931, -2.2413e-05)","(-0.0877508, 0.991216, 0.0989504)","(0.25963, -0.950718, 0.169495)","(0.826608, -0.40879, 0.386793)","(0.0854839, -0.93078, 0.355445)","(0.580423, -0.322711, 0.74764)","(-0.307954, -0.940013, -0.146763)","(0.0784384, -0.995797, 0.0472849)","(-0.389609, -0.827588, -0.404107)","(0.109213, -0.937227, -0.331176)",0
52.0333,"(0.123812, -0.0480635, -1.24852e-05)","(-0.0541244, 0.993962, 0.0954444)","(0.0556084, -0.989376, 0.134325)","(0.638004, -0.102807, 0.763139)","(-0.135953, -0.946358, 0.293128)","(0.379832, -0.0509705, 0.92365)","(-0.331607, -0.937635, -0.104293)","(0.0950069, -0.995368, -0.0147049)","(-0.426996, -0.845778, -0.319898)","(0.103244, -0.923409, -0.369672)",0
52.0667,"(0.117238, -0.0572318, 4.61377e-07)","(-0.0141435, 0.99394, 0.109006)","(-0.112135, -0.989522, 0.0909527)","(0.412693, 0.183726, 0.892149)","(-0.27216, -0.935788, 0.224121)","(0.22026, 0.199544, 0.954813)","(-0.348686, -0.934682, -0.0691909)","(0.103119, -0.991538, -0.0788548)","(-0.435679, -0.854457, -0.282996)","(0.134518, -0.896207, -0.42275)",0
52.1,"(0.111028, -0.0658769, 1.29372e-05)","(0.0297473, 0.992617, 0.117584)","(-0.215546, -0.976097, 0.0278292)","(0.284345, 0.501605, 0.817031)","(-0.314745, -0.925237, 0.211831)","(-0.0281819, 0.442657, 0.896248)","(-0.354577, -0.933608, -0.0514985)","(0.104794, -0.987219, -0.120071)","(-0.40149, -0.871588, -0.281318)","(0.191436, -0.875123, -0.444424)",0
52.1333,"(0.104946, -0.0736067, 2.03241e-05)","(0.0660821, 0.988884, 0.133201)","(-0.264536, -0.963681, -0.0366064)","(0.169226, 0.764029, 0.622593)","(-0.315701, -0.922686, 0.221321)","(-0.447633, 0.607611, 0.656074)","(-0.340807, -0.938962, -0.0469076)","(0.106471, -0.986216, -0.126659)","(-0.370458, -0.873189, -0.316706)","(0.231788, -0.830381, -0.506697)",0
52.1667,"(0.100119, -0.0804946, 3.26733e-05)","(0.0921737, 0.983428, 0.156123)","(-0.296185, -0.952393, -0.0722575)","(0.103724, 0.899305, 0.424844)","(-0.284616, -0.930605, 0.230147)","(-0.742405, 0.591439, 0.314699)","(-0.317538, -0.946799, -0.0523562)","(0.146159, -0.982829, -0.112625)","(-0.352106, -0.86584, -0.355446)","(0.233945, -0.823081, -0.517501)",0
52.2,"(0.0964011, -0.0875057, 3.67367e-05)","(0.104389, 0.978171, 0.179681)","(-0.309611, -0.947349, -0.0816771)","(0.0577578, 0.950958, 0.303879)","(-0.243916, -0.941057, 0.234344)","(-0.843765, 0.536476, -0.015907)","(-0.308493, -0.948542, -0.0714104)","(0.190546, -0.975641, -0.108707)","(-0.335776, -0.848179, -0.409692)","(0.225531, -0.817002, -0.530701)",0
52.2333,"(0.0934821, -0.0944054, 3.75169e-05)","(0.108593, 0.974992, 0.193903)","(-0.319253, -0.943483, -0.0889765)","(0.0392607, 0.966288, 0.254453)","(-0.202305, -0.950199, 0.237053)","(-0.845096, 0.490218, -0.213303)","(-0.306632, -0.945325, -0.111077)","(0.228328, -0.968531, -0.0990651)","(-0.318664, -0.826187, -0.464616)","(0.239683, -0.822444, -0.515886)",0
52.2667,"(0.0910543, -0.0997727, 3.48077e-05)","(0.106053, 0.97676, 0.186261)","(-0.30908, -0.946197, -0.0958133)","(0.0792334, 0.966624, 0.243638)","(-0.133336, -0.958873, 0.250566)","(-0.843644, 0.439756, -0.308023)","(-0.309238, -0.940909, -0.138066)","(0.230972, -0.968517, -0.092877)","(-0.301331, -0.81822, -0.489608)","(0.26891, -0.803035, -0.53181)",0
52.3,"(0.0897718, -0.10454, 2.91738e-05)","(0.0999519, 0.979874, 0.172788)","(-0.297667, -0.948787, -0.105817)","(0.189264, 0.938332, 0.289332)","(-0.0458574, -0.963673, 0.26312)","(-0.862161, 0.4184, -0.285693)","(-0.318495, -0.94145, -0.110602)","(0.232562, -0.968601, -0.087904)","(-0.285384, -0.818171, -0.499152)","(0.285095, -0.776146, -0.562422)",0
52.3333,"(0.0893076, -0.10772, 2.3595e-05)","(0.092029, 0.983621, 0.154982)","(-0.281996, -0.94362, -0.173375)","(0.319059, 0.845169, 0.428824)","(0.024551, -0.98227, 0.185858)","(-0.987242, 0.112839, 0.11234)","(-0.329584, -0.942868, -0.0487225)","(0.233252, -0.967336, -0.0992679)","(-0.268992, -0.83388, -0.481963)","(0.283119, -0.750189, -0.597545)",0
52.3667,"(0.0893076, -0.10772, 2.3595e-05)","(0.080741, 0.987113, 0.138159)","(-0.250022, -0.946232, -0.205265)","(0.396493, 0.708262, 0.584087)","(-0.00289263, -0.985902, 0.167301)","(-0.749453, -0.179815, 0.637171)","(-0.347529, -0.936952, 0.0366651)","(0.231227, -0.966691, -0.109742)","(-0.247206, -0.851651, -0.462146)","(0.278609, -0.727093, -0.627466)",0
52.4,"(0.0893076, -0.10772, 2.3595e-05)","(0.0648442, 0.991161, 0.115737)","(-0.203286, -0.945139, -0.255709)","(0.418771, 0.544066, 0.727064)","(-0.13708, -0.982382, 0.127023)","(-0.364585, -0.359705, 0.858889)","(-0.362577, -0.921635, 0.138302)","(0.22185, -0.963897, -0.147255)","(-0.233886, -0.889519, -0.392496)","(0.276901, -0.700468, -0.657777)",0
52.4333,"(0.0893076, -0.10772, 2.3595e-05)","(0.0424231, 0.993724, 0.103505)","(-0.158683, -0.959153, -0.234191)","(0.350043, 0.363711, 0.863241)","(-0.35286, -0.923576, 0.149992)","(-0.205661, -0.149549, 0.967129)","(-0.386615, -0.889331, 0.244172)","(0.203612, -0.962774, -0.17779)","(-0.208937, -0.915294, -0.344358)","(0.282987, -0.68535, -0.670979)",0
52.4667,"(0.0898173, -0.101511, 1.53002e-05)","(0.0220416, 0.994949, 0.097937)","(-0.16523, -0.949513, -0.266692)","(0.214124, 0.147824, 0.965556)","(-0.655818, -0.749963, 0.0863594)","(-0.0673192, 0.0346511, 0.99713)","(-0.407269, -0.859226, 0.309618)","(0.182743, -0.958935, -0.216909)","(-0.184939, -0.932817, -0.309275)","(0.294834, -0.682081, -0.669207)",0
52.5,"(0.0898676, -0.0951701, 1.25042e-05)","(0.00260189, 0.996104, 0.088147)","(-0.196201, -0.870009, -0.452316)","(-0.00246851, -0.0560161, 0.998427)","(-0.881737, -0.406073, -0.240092)","(0.0202123, 0.246559, 0.968917)","(-0.434351, -0.839869, 0.325513)","(0.155198, -0.959732, -0.234152)","(-0.157778, -0.937588, -0.309894)","(0.314549, -0.686547, -0.655524)",0
52.5333,"(0.0897625, -0.0870155, 1.29429e-05)","(-0.0112962, 0.995667, 0.0923066)","(-0.262247, -0.791828, -0.551575)","(-0.186923, -0.163236, 0.968718)","(-0.906212, 0.123053, -0.404521)","(-0.0309005, 0.408241, 0.912351)","(-0.452513, -0.829078, 0.328422)","(0.130858, -0.960947, -0.243837)","(-0.152708, -0.94798, -0.279312)","(0.328316, -0.698716, -0.635613)",0
52.5667,"(0.0893671, -0.0775056, 1.27033e-05)","(-0.0264268, 0.99369, 0.109005)","(-0.462286, -0.79509, -0.392585)","(-0.43575, -0.141943, 0.888805)","(-0.795944, 0.596822, -0.101378)","(-0.139269, 0.697438, 0.702982)","(-0.457353, -0.823081, 0.336697)","(0.113406, -0.965022, -0.23637)","(-0.156136, -0.95408, -0.255641)","(0.344416, -0.714206, -0.609334)",1
52.6,"(0.0886283, -0.0682344, 1.58296e-05)","(-0.0331634, 0.98889, 0.144903)","(-0.663266, -0.748382, -0.0014282)","(-0.647893, -0.113263, 0.753264)","(-0.437145, 0.701429, 0.56294)","(-0.315126, 0.883756, 0.345934)","(-0.445294, -0.828487, 0.339592)","(0.114224, -0.968001, -0.223441)","(-0.167254, -0.955507, -0.242967)","(0.354091, -0.74298, -0.567979)",0
52.6333,"(0.0873824, -0.0585072, 2.05764e-05)","(-0.0186166, 0.987204, 0.158373)","(-0.799217, -0.540891, 0.262085)","(-0.806741, -0.0535104, 0.588478)","(-0.158333, 0.523873, 0.836951)","(-0.555574, 0.830694, 0.0358477)","(-0.416368, -0.859621, 0.296125)","(0.137679, -0.973905, -0.180425)","(-0.183213, -0.953578, -0.239002)","(0.356418, -0.772433, -0.525656)",0
52.6667,"(0.0854408, -0.0504594, 2.60537e-05)","(0.0119207, 0.988146, 0.153056)","(-0.930454, -0.360272, 0.0667826)","(-0.853853, -0.0462718, 0.518453)","(-0.515165, 0.456003, 0.725718)","(-0.826765, 0.562547, 0.00086269)","(-0.368179, -0.904132, 0.216771)","(0.174025, -0.977415, -0.119894)","(-0.211977, -0.952605, -0.218198)","(0.350886, -0.806758, -0.475416)",0
52.7,"(0.0830874, -0.0440465, 2.94514e-05)","(0.0456266, 0.990468, 0.129969)","(-0.965914, -0.195838, -0.169285)","(-0.870236, -0.0110591, 0.492512)","(-0.844894, 0.256699, 0.469318)","(-0.946573, 0.31805, 0.0533365)","(-0.308109, -0.944097, 0.117258)","(0.207872, -0.977118, -0.0450546)","(-0.245955, -0.950008, -0.192332)","(0.343348, -0.829677, -0.440169)",0
52.7333,"(0.0807389, -0.0395577, 3.32136e-05)","(0.0630427, 0.991995, 0.109418)","(-0.915795, -0.0895792, -0.39153)","(-0.867856, 0.00629479, 0.496776)","(-0.985604, 0.0997859, 0.136487)","(-0.972754, 0.217762, 0.0795578)","(-0.258003, -0.964068, 0.0632989)","(0.235545, -0.971864, -0.000369991)","(-0.26987, -0.94444, -0.187626)","(0.331343, -0.844123, -0.421507)",0
52.7667,"(0.0784857, -0.036841, 3.61301e-05)","(0.071344, 0.993236, 0.0916068)","(-0.892018, -0.0458814, -0.449666)","(-0.878744, 0.0122454, 0.477137)","(-0.990398, 0.134039, 0.0338471)","(-0.974265, 0.222659, 0.0350813)","(-0.23537, -0.970497, 0.0523154)","(0.250109, -0.968027, 0.0191959)","(-0.280094, -0.941733, -0.186241)","(0.320791, -0.849126, -0.419616)",0
52.8,"(0.0765226, -0.0362802, 3.19274e-05)","(0.0793635, 0.993057, 0.0868329)","(-0.868292, -0.0441218, -0.494087)","(-0.888076, 0.020189, 0.459253)","(-0.985528, 0.164527, -0.0408113)","(-0.973029, 0.229896, 0.019054)","(-0.227973, -0.971467, 0.0654165)","(0.263515, -0.964399, 0.0222497)","(-0.284948, -0.939627, -0.189491)","(0.311662, -0.851769, -0.421136)",0
52.8333,"(0.0765226, -0.0362802, 3.19274e-05)","(0.0894501, 0.992693, 0.0809857)","(-0.834008, -0.0593888, -0.548547)","(-0.90348, 0.0213964, 0.428095)","(-0.979628, 0.156853, -0.125407)","(-0.970711, 0.239411, -0.0200475)","(-0.225498, -0.971667, 0.0708153)","(0.269477, -0.962725, 0.0233043)","(-0.287596, -0.938912, -0.18903)","(0.312948, -0.850348, -0.423052)",0
52.8667,"(0.0733903, -0.0367768, 2.0585e-05)","(0.100781, 0.991893, 0.0774069)","(-0.808599, -0.0922782, -0.581079)","(-0.911462, 0.029577, 0.41032)","(-0.975443, 0.143406, -0.167171)","(-0.972129, 0.233275, -0.0234116)","(-0.222051, -0.972805, 0.0659029)","(0.274136, -0.96149, 0.0196704)","(-0.287321, -0.939797, -0.185009)","(0.316391, -0.84839, -0.424417)",0
52.9,"(0.0733903, -0.0367768, 2.0585e-05)","(0.112927, 0.991664, 0.0620468)","(-0.791009, -0.104022, -0.602897)","(-0.927798, 0.0373549, 0.371207)","(-0.965614, 0.145693, -0.215321)","(-0.972586, 0.220652, -0.0734056)","(-0.21974, -0.974063, 0.0539963)","(0.276594, -0.960727, 0.0223494)","(-0.284867, -0.941374, -0.180736)","(0.319742, -0.854375, -0.409645)",0
52.9333,"(0.0713636, -0.0370927, -2.56281e-06)","(0.122132, 0.991128, 0.0524321)","(-0.78402, -0.105568, -0.611692)","(-0.934863, 0.0481465, 0.351729)","(-0.956752, 0.16293, -0.240996)","(-0.977336, 0.201872, -0.0637287)","(-0.217165, -0.975098, 0.0449761)","(0.280308, -0.959357, 0.0325708)","(-0.282276, -0.942828, -0.177189)","(0.318827, -0.857866, -0.403007)",0
52.9667,"(0.0713636, -0.0370927, -2.56281e-06)","(0.12941, 0.990734, 0.0412166)","(-0.770354, -0.113308, -0.627468)","(-0.936009, 0.0531595, 0.347938)","(-0.944916, 0.159076, -0.286056)","(-0.981178, 0.188529, -0.0417938)","(-0.216144, -0.975367, 0.0440477)","(0.283571, -0.958099, 0.0404288)","(-0.283818, -0.944849, -0.163425)","(0.316445, -0.858596, -0.403331)",0
53,"(0.0713636, -0.0370927, -2.56281e-06)","(0.133527, 0.990087, 0.0435622)","(-0.775758, -0.114151, -0.620619)","(-0.926808, 0.050603, 0.37211)","(-0.953125, 0.157206, -0.258533)","(-0.983206, 0.176792, 0.0452918)","(-0.216947, -0.975087, 0.046257)","(0.286701, -0.957013, 0.043907)","(-0.284818, -0.946409, -0.152281)","(0.31107, -0.854191, -0.416645)",0
53.0333,"(0.0710878, -0.0398, -1.15499e-05)","(0.136277, 0.989384, 0.0504703)","(-0.752292, -0.1822, -0.633135)","(-0.909618, 0.0460211, 0.412888)","(-0.954844, 0.0353718, -0.294995)","(-0.979541, 0.164169, 0.116397)","(-0.226718, -0.972613, 0.0512089)","(0.28797, -0.95681, 0.0398563)","(-0.279037, -0.94956, -0.143087)","(0.305357, -0.846993, -0.435155)",0
53.0667,"(0.0720647, -0.0434171, -7.23936e-06)","(0.136891, 0.987507, 0.0780485)","(-0.766382, -0.153906, -0.623676)","(-0.900029, 0.0380595, 0.434165)","(-0.973907, 0.0472008, -0.221984)","(-0.971988, 0.152397, 0.178927)","(-0.259887, -0.962418, 0.0788049)","(0.289387, -0.957061, 0.017045)","(-0.256674, -0.95321, -0.159718)","(0.296988, -0.833173, -0.466499)",0
53.1,"(0.0737248, -0.0495382, 1.80081e-06)","(0.134889, 0.984688, 0.110426)","(-0.783472, -0.157755, -0.60107)","(-0.89503, 0.0381796, 0.444369)","(-0.986117, 0.0771814, -0.147023)","(-0.969531, 0.146778, 0.196129)","(-0.313925, -0.941644, 0.121484)","(0.287252, -0.95783, -0.00695154)","(-0.229242, -0.954144, -0.192504)","(0.286433, -0.805483, -0.518801)",0
53.1333,"(0.0762826, -0.0580307, 8.27312e-06)","(0.119868, 0.979504, 0.161874)","(-0.88338, -0.0800044, -0.461777)","(-0.897495, 0.0285096, 0.440103)","(-0.956707, 0.236049, 0.170275)","(-0.957602, 0.184163, 0.221547)","(-0.362457, -0.911716, 0.193387)","(0.279634, -0.95882, -0.0496806)","(-0.208727, -0.950321, -0.230918)","(0.276135, -0.778204, -0.564047)",0
53.1667,"(0.0792201, -0.0674411, 1.10316e-05)","(0.0767466, 0.978677, 0.19053)","(-0.94691, -0.151246, -0.283702)","(-0.877691, -0.0322189, 0.478142)","(-0.836477, 0.306578, 0.454221)","(-0.922, 0.303166, 0.240844)","(-0.404771, -0.868393, 0.286451)","(0.257918, -0.965061, -0.046201)","(-0.190132, -0.942053, -0.276379)","(0.272257, -0.747767, -0.605575)",0
53.2,"(0.082189, -0.0776057, 1.08607e-05)","(0.028356, 0.981072, 0.191555)","(-0.944393, -0.267398, -0.191364)","(-0.773897, -0.158925, 0.613047)","(-0.725622, 0.385813, 0.569756)","(-0.733595, 0.497681, 0.462765)","(-0.423963, -0.824672, 0.374394)","(0.233593, -0.970344, -0.0621884)","(-0.176508, -0.934368, -0.309518)","(0.276241, -0.736724, -0.617194)",0
53.2333,"(0.0845738, -0.0871402, 1.14381e-05)","(-0.0159416, 0.982494, 0.185611)","(-0.876951, -0.451753, 0.163938)","(-0.575507, -0.243203, 0.780797)","(-0.495511, 0.423456, 0.758389)","(-0.394787, 0.586212, 0.70746)","(-0.442805, -0.773758, 0.453016)","(0.211979, -0.974994, -0.0667239)","(-0.15343, -0.932602, -0.326669)","(0.28403, -0.722345, -0.630511)",1
53.2667,"(0.0861587, -0.0950998, 6.57951e-06)","(-0.031163, 0.980804, 0.19249)","(-0.619773, -0.542128, 0.567432)","(-0.269678, -0.224867, 0.936327)","(-0.296936, 0.327216, 0.897084)","(0.0526101, 0.510085, 0.858514)","(-0.446599, -0.752085, 0.484683)","(0.224697, -0.969011, -0.102613)","(-0.144064, -0.933913, -0.327188)","(0.27498, -0.71749, -0.639995)",0
53.3,"(0.0865897, -0.100993, 2.56818e-06)","(-0.0390773, 0.977356, 0.207962)","(-0.261682, -0.421168, 0.868412)","(0.0388984, -0.0898865, 0.995192)","(0.0431758, 0.0744943, 0.996286)","(0.308079, 0.385901, 0.869579)","(-0.45507, -0.746244, 0.485831)","(0.265529, -0.963088, -0.0442197)","(-0.129285, -0.928301, -0.348629)","(0.239448, -0.698432, -0.674431)",0
53.3333,"(0.0862978, -0.10465, 9.05448e-07)","(-0.0398212, 0.982685, 0.180955)","(-0.0851313, -0.403673, 0.910934)","(0.381435, 0.0808094, 0.920857)","(0.231666, -0.0810189, 0.969416)","(0.490495, 0.322291, 0.809656)","(-0.451194, -0.777678, 0.437769)","(0.304013, -0.951983, 0.0361179)","(-0.126844, -0.895561, -0.426474)","(0.205581, -0.687775, -0.696205)",0
53.3667,"(0.0862978, -0.10465, 9.05448e-07)","(-0.0413421, 0.990126, 0.133947)","(0.0429302, -0.454995, 0.889459)","(0.632443, 0.204413, 0.747149)","(0.486095, -0.15205, 0.860577)","(0.542644, 0.349774, 0.763673)","(-0.443971, -0.82824, 0.341919)","(0.323094, -0.935567, 0.142569)","(-0.127273, -0.849025, -0.512795)","(0.185291, -0.692967, -0.696752)",0
53.4,"(0.0845876, -0.10573, -3.34979e-06)","(-0.0405364, 0.994762, 0.0938401)","(0.170253, -0.551298, 0.816752)","(0.737285, 0.235731, 0.633121)","(0.696085, -0.172261, 0.696988)","(0.48204, 0.450307, 0.751572)","(-0.426746, -0.874991, 0.228646)","(0.325, -0.926793, 0.188227)","(-0.133975, -0.805336, -0.577481)","(0.187866, -0.701707, -0.687251)",0
53.4333,"(0.0833139, -0.103764, -2.16162e-06)","(-0.0347703, 0.996496, 0.0760652)","(0.314127, -0.648603, 0.693281)","(0.747847, 0.216708, 0.627505)","(0.816021, -0.189856, 0.545953)","(0.294299, 0.602549, 0.741837)","(-0.409179, -0.906994, 0.0996746)","(0.33692, -0.913025, 0.229936)","(-0.148454, -0.785942, -0.600214)","(0.189595, -0.728711, -0.658053)",0
53.4667,"(0.0816068, -0.100066, 4.11225e-06)","(-0.0274661, 0.996525, 0.0786311)","(0.440529, -0.703312, 0.557931)","(0.698031, 0.213214, 0.683588)","(0.877688, -0.264854, 0.399394)","(0.0809076, 0.676865, 0.731648)","(-0.382565, -0.92385, 0.0120169)","(0.347473, -0.904962, 0.245574)","(-0.175321, -0.780461, -0.600119)","(0.193807, -0.743105, -0.640495)",0
53.5,"(0.0794536, -0.0954973, 1.58159e-05)","(-0.0194097, 0.99512, 0.0967482)","(0.538685, -0.718701, 0.439644)","(0.643989, 0.308067, 0.700266)","(0.894428, -0.349222, 0.279361)","(-0.156264, 0.68243, 0.714052)","(-0.345029, -0.938016, -0.0328797)","(0.357125, -0.899394, 0.252096)","(-0.219616, -0.787516, -0.575836)","(0.198552, -0.764798, -0.612911)",0
53.5333,"(0.0766711, -0.0900814, 2.76121e-05)","(-0.00262942, 0.991175, 0.132534)","(0.57561, -0.72536, 0.377526)","(0.563722, 0.43022, 0.705073)","(0.880444, -0.449142, 0.151955)","(-0.36887, 0.617335, 0.694862)","(-0.308605, -0.950379, -0.0392788)","(0.362987, -0.903226, 0.228962)","(-0.266691, -0.801538, -0.535175)","(0.202853, -0.792302, -0.57542)",0
53.5667,"(0.073581, -0.0828006, 3.85293e-05)","(0.0212239, 0.984491, 0.174148)","(0.5714, -0.748591, 0.336324)","(0.476697, 0.549661, 0.686026)","(0.860409, -0.505392, 0.065378)","(-0.582421, 0.508118, 0.634508)","(-0.274651, -0.960767, -0.038637)","(0.370778, -0.905981, 0.204261)","(-0.309139, -0.808665, -0.500493)","(0.19739, -0.827615, -0.525443)",0
53.6,"(0.0704667, -0.0752099, 4.59507e-05)","(0.0427736, 0.977494, 0.206579)","(0.556594, -0.779554, 0.287227)","(0.383938, 0.675646, 0.629361)","(0.84325, -0.534758, -0.0544387)","(-0.733187, 0.46737, 0.493965)","(-0.249072, -0.967317, -0.047549)","(0.37968, -0.909312, 0.170281)","(-0.345714, -0.825743, -0.445678)","(0.187605, -0.874936, -0.446421)",0
53.6333,"(0.0677333, -0.0678484, 4.62445e-05)","(0.0561932, 0.974067, 0.219171)","(0.528749, -0.810855, 0.250876)","(0.290321, 0.784698, 0.547689)","(0.836222, -0.538278, -0.104831)","(-0.811769, 0.452241, 0.369472)","(-0.230154, -0.971589, -0.0551651)","(0.386941, -0.908434, 0.15819)","(-0.373515, -0.849312, -0.373035)","(0.176016, -0.907622, -0.381105)",0
53.6667,"(0.0656165, -0.0612413, 3.97878e-05)","(0.0598525, 0.975196, 0.213095)","(0.506877, -0.833947, 0.218192)","(0.222059, 0.883944, 0.411501)","(0.838563, -0.529353, -0.128831)","(-0.841488, 0.47756, 0.252656)","(-0.22101, -0.973921, -0.0513098)","(0.391901, -0.907421, 0.151662)","(-0.386457, -0.878579, -0.280624)","(0.171138, -0.934643, -0.311695)",0
53.7,"(0.0640999, -0.0560974, 3.19088e-05)","(0.0593609, 0.979191, 0.194064)","(0.483173, -0.842172, 0.239353)","(0.214116, 0.92413, 0.316445)","(0.847136, -0.5202, -0.108413)","(-0.849524, 0.483698, 0.210585)","(-0.220558, -0.974561, -0.0398232)","(0.394286, -0.906317, 0.152082)","(-0.383832, -0.897325, -0.217899)","(0.170949, -0.950718, -0.258673)",0
53.7333,"(0.0628368, -0.0530745, 2.51234e-05)","(0.053649, 0.983487, 0.172842)","(0.474989, -0.843179, 0.251862)","(0.263229, 0.936089, 0.23334)","(0.841078, -0.520413, -0.147506)","(-0.848843, 0.502435, 0.16439)","(-0.222596, -0.974614, -0.0240681)","(0.396022, -0.905575, 0.151989)","(-0.370992, -0.911098, -0.179629)","(0.176026, -0.961483, -0.211104)",0
53.7667,"(0.0628368, -0.0530745, 2.51234e-05)","(0.0466359, 0.986746, 0.15543)","(0.473483, -0.83713, 0.273912)","(0.324, 0.918399, 0.227082)","(0.823139, -0.535717, -0.18828)","(-0.827176, 0.533951, 0.175149)","(-0.224424, -0.974342, -0.0170689)","(0.398318, -0.90415, 0.154454)","(-0.358985, -0.916915, -0.174345)","(0.187727, -0.965777, -0.178978)",0
53.8,"(0.0613307, -0.0511618, 1.68741e-05)","(0.0323902, 0.987991, 0.151076)","(0.50318, -0.819702, 0.273674)","(0.461143, 0.79785, 0.388307)","(0.803144, -0.555076, -0.21645)","(-0.760454, 0.530614, 0.374379)","(-0.221596, -0.974864, -0.023129)","(0.400258, -0.901301, 0.165679)","(-0.355358, -0.916637, -0.183025)","(0.199401, -0.965082, -0.169873)",0
53.8333,"(0.0613307, -0.0511618, 1.68741e-05)","(0.0175102, 0.992098, 0.124236)","(0.532787, -0.816679, 0.221751)","(0.621127, 0.529833, 0.577476)","(0.793889, -0.54596, -0.26771)","(-0.671324, 0.496594, 0.550199)","(-0.219015, -0.97465, -0.0457097)","(0.403662, -0.897207, 0.179098)","(-0.356429, -0.908915, -0.216406)","(0.207567, -0.96371, -0.167863)",0
53.8667,"(0.0604111, -0.0546538, 1.59163e-05)","(-0.00366298, 0.996269, 0.0862219)","(0.571583, -0.806072, 0.153431)","(0.697971, 0.0909203, 0.71033)","(0.790473, -0.52457, -0.316195)","(-0.555462, 0.424391, 0.71509)","(-0.215138, -0.973988, -0.0711513)","(0.406665, -0.89005, 0.205997)","(-0.36537, -0.895415, -0.254433)","(0.207244, -0.96425, -0.165143)",0
53.9,"(0.0604652, -0.0587896, 1.54568e-05)","(-0.0222626, 0.998874, 0.0418935)","(0.565829, -0.821533, 0.0701487)","(0.662961, -0.23191, 0.711829)","(0.794164, -0.439178, -0.420031)","(-0.474871, 0.460398, 0.750021)","(-0.204322, -0.973311, -0.104494)","(0.438081, -0.86425, 0.2473)","(-0.375869, -0.866251, -0.329138)","(0.18617, -0.973317, -0.134147)",0
53.9333,"(0.0608787, -0.0631787, 1.02285e-05)","(-0.0556067, 0.998126, 0.0255256)","(0.547877, -0.836394, 0.0166301)","(0.491188, -0.532381, 0.689423)","(0.823873, -0.328885, -0.461592)","(-0.239634, 0.478235, 0.844906)","(-0.189747, -0.971568, -0.141603)","(0.47746, -0.82745, 0.295564)","(-0.4017, -0.823012, -0.401608)","(0.155265, -0.983428, -0.0936079)",0
53.9667,"(0.0614314, -0.0674274, 5.67362e-07)","(-0.0823525, 0.996463, 0.0167217)","(0.479903, -0.877319, 0.00202464)","(0.298871, -0.694642, 0.654331)","(0.859308, -0.279598, -0.428269)","(-0.00395999, 0.409144, 0.912461)","(-0.179779, -0.96804, -0.174869)","(0.518068, -0.780944, 0.348901)","(-0.429717, -0.782427, -0.450723)","(0.114914, -0.990732, -0.0724254)",0
54,"(0.0621785, -0.071059, -8.57543e-06)","(-0.103417, 0.994515, 0.0156751)","(0.422823, -0.906208, 0.00277675)","(0.172402, -0.83019, 0.530153)","(0.893237, -0.368545, -0.257493)","(0.173133, 0.182618, 0.96782)","(-0.18194, -0.964516, -0.191331)","(0.536344, -0.759063, 0.368997)","(-0.465817, -0.761602, -0.450529)","(0.0930868, -0.99271, -0.0765564)",0
54.0333,"(0.0636336, -0.0733615, -1.49783e-05)","(-0.0921309, 0.994759, 0.0443416)","(0.328383, -0.944349, 0.0192025)","(0.104138, -0.950018, 0.294315)","(0.83708, -0.544135, -0.0566882)","(0.306828, -0.253515, 0.91738)","(-0.189224, -0.963473, -0.189512)","(0.549733, -0.74609, 0.375689)","(-0.489026, -0.758359, -0.430982)","(0.0812422, -0.991253, -0.104008)",0
54.0667,"(0.0636336, -0.0733615, -1.49783e-05)","(-0.0619789, 0.994982, 0.0785415)","(0.228928, -0.973351, 0.0134131)","(0.0616817, -0.997434, 0.0363471)","(0.667684, -0.738947, 0.0903132)","(0.34968, -0.628559, 0.694721)","(-0.204477, -0.961938, -0.181283)","(0.564945, -0.744408, 0.35594)","(-0.499145, -0.758701, -0.418602)","(0.0812867, -0.989719, -0.117685)",0
54.1,"(0.0672951, -0.0748236, -2.07039e-05)","(-0.0070424, 0.99382, 0.110779)","(0.0707584, -0.997411, 0.0128286)","(-0.0394873, -0.989508, -0.138979)","(0.432965, -0.891204, 0.135264)","(0.349913, -0.818756, 0.455192)","(-0.234933, -0.956594, -0.172435)","(0.571509, -0.744573, 0.344946)","(-0.48038, -0.76863, -0.422424)","(0.085451, -0.987862, -0.129722)",0
54.1333,"(0.070607, -0.0749594, -1.28629e-05)","(0.0442519, 0.99265, 0.112641)","(-0.0839532, -0.99647, -6.86317e-05)","(-0.139327, -0.978749, -0.150463)","(0.150786, -0.976352, 0.154924)","(0.230571, -0.886063, 0.402155)","(-0.268905, -0.949321, -0.162725)","(0.5631, -0.752021, 0.342613)","(-0.454075, -0.788311, -0.415188)","(0.0879165, -0.987311, -0.132241)",0
54.1667,"(0.0741016, -0.0750627, -4.16338e-06)","(0.0905327, 0.98871, 0.119397)","(-0.222315, -0.974801, -0.0184183)","(-0.262254, -0.951807, -0.159014)","(-0.0840084, -0.982612, 0.165576)","(0.0965485, -0.92183, 0.375377)","(-0.29856, -0.941941, -0.153653)","(0.537283, -0.768481, 0.347511)","(-0.434774, -0.81204, -0.38931)","(0.0767881, -0.98727, -0.139289)",0
54.2,"(0.0772872, -0.0748793, 6.38142e-07)","(0.130053, 0.984039, 0.121461)","(-0.313831, -0.94784, -0.055758)","(-0.373326, -0.912183, -0.168968)","(-0.276478, -0.938814, 0.205397)","(-0.017302, -0.936999, 0.348902)","(-0.31175, -0.939151, -0.144247)","(0.511133, -0.775301, 0.371014)","(-0.433722, -0.825807, -0.360456)","(0.0625031, -0.984435, -0.164256)",0
54.2333,"(0.0810769, -0.0743441, 3.28757e-06)","(0.169322, 0.977462, 0.126085)","(-0.376147, -0.922947, -0.0817481)","(-0.386619, -0.902245, -0.190998)","(-0.390654, -0.882747, 0.26105)","(-0.0508253, -0.933371, 0.355296)","(-0.323983, -0.938018, -0.123116)","(0.496441, -0.779438, 0.382129)","(-0.449177, -0.82888, -0.333463)","(0.0455104, -0.975538, -0.215069)",0
54.2667,"(0.0846569, -0.0736033, 1.77566e-06)","(0.20335, 0.970114, 0.13239)","(-0.431601, -0.895945, -0.10489)","(-0.347009, -0.909651, -0.228298)","(-0.440088, -0.840755, 0.315361)","(-0.0428243, -0.931138, 0.362144)","(-0.330719, -0.93964, -0.0877536)","(0.489782, -0.796139, 0.355353)","(-0.472928, -0.819364, -0.32401)","(0.0313948, -0.950197, -0.310065)",0
54.3,"(0.0870438, -0.073373, -2.54232e-06)","(0.225615, 0.96381, 0.142012)","(-0.477075, -0.870668, -0.119733)","(-0.271657, -0.928565, -0.252922)","(-0.442147, -0.830078, 0.339818)","(-0.00827037, -0.927194, 0.37449)","(-0.333727, -0.941413, -0.0486649)","(0.486272, -0.820852, 0.29957)","(-0.495135, -0.807592, -0.32037)","(0.0171433, -0.919094, -0.393666)",0
54.3333,"(0.0893476, -0.0733749, -8.74307e-06)","(0.23918, 0.960303, 0.143563)","(-0.515314, -0.847481, -0.127389)","(-0.224261, -0.94261, -0.247372)","(-0.425266, -0.836149, 0.346415)","(0.0260479, -0.91992, 0.391239)","(-0.328416, -0.944362, -0.0179718)","(0.489348, -0.834305, 0.253917)","(-0.50373, -0.798288, -0.330139)","(-0.00895749, -0.895451, -0.44507)",0
54.3667,"(0.0893476, -0.0733749, -8.74307e-06)","(0.245068, 0.959747, 0.137216)","(-0.534937, -0.8347, -0.130836)","(-0.18793, -0.957566, -0.218517)","(-0.397677, -0.84852, 0.349095)","(0.0574486, -0.905203, 0.421078)","(-0.320677, -0.947186, -0.00237189)","(0.500675, -0.831314, 0.241334)","(-0.499971, -0.79521, -0.343031)","(-0.0215809, -0.887649, -0.460015)",0
54.4,"(0.0920863, -0.0745022, -1.03687e-05)","(0.245853, 0.960669, 0.129114)","(-0.540537, -0.829518, -0.140427)","(-0.133303, -0.971226, -0.197358)","(-0.352796, -0.865934, 0.354533)","(0.0543212, -0.896879, 0.438928)","(-0.313244, -0.949557, 0.014822)","(0.509519, -0.827927, 0.234365)","(-0.486614, -0.795028, -0.362128)","(-0.0220167, -0.881843, -0.471028)",0
54.4333,"(0.0920863, -0.0745022, -1.03687e-05)","(0.23999, 0.960072, 0.143759)","(-0.53744, -0.830339, -0.147295)","(-0.0773779, -0.975945, -0.203822)","(-0.302126, -0.887, 0.349213)","(0.0369172, -0.905591, 0.422542)","(-0.308926, -0.950505, 0.033233)","(0.504475, -0.840111, 0.199293)","(-0.460645, -0.801263, -0.381817)","(0.011347, -0.863299, -0.504565)",0
54.4667,"(0.0913072, -0.0766943, -6.60317e-06)","(0.226491, 0.958981, 0.17046)","(-0.502147, -0.84604, -0.179064)","(-0.0355377, -0.977032, -0.210109)","(-0.226975, -0.903233, 0.364215)","(0.0236453, -0.918772, 0.39408)","(-0.305679, -0.950558, 0.054769)","(0.491105, -0.858918, 0.145174)","(-0.411204, -0.813418, -0.411415)","(0.0663283, -0.830945, -0.552387)",0
54.5,"(0.0891226, -0.0776461, -4.8219e-06)","(0.20745, 0.958469, 0.195707)","(-0.463253, -0.877544, -0.123748)","(-0.0166725, -0.978307, -0.206488)","(-0.113726, -0.868626, 0.482239)","(0.0189263, -0.931531, 0.363168)","(-0.299648, -0.951317, 0.0721605)","(0.46472, -0.882854, 0.0678489)","(-0.339569, -0.835068, -0.432845)","(0.158126, -0.785248, -0.59865)",0
54.5333,"(0.0853545, -0.0775619, -4.42567e-06)","(0.186011, 0.961616, 0.201731)","(-0.364842, -0.922296, -0.127516)","(-0.0135494, -0.983397, -0.180963)","(-0.0077275, -0.837174, 0.546882)","(0.0115496, -0.937468, 0.347879)","(-0.293355, -0.95178, 0.0897669)","(0.423203, -0.905882, -0.0166688)","(-0.25538, -0.857269, -0.447068)","(0.267719, -0.732942, -0.625398)",0
54.5667,"(0.079586, -0.0762418, -7.06412e-06)","(0.164415, 0.966556, 0.196818)","(-0.244793, -0.955519, -0.164501)","(0.00210719, -0.989139, -0.146968)","(0.0419263, -0.862337, 0.504596)","(0.0203377, -0.944574, 0.327668)","(-0.283514, -0.95374, 0.100001)","(0.385762, -0.920184, -0.0667061)","(-0.185253, -0.873225, -0.450731)","(0.37583, -0.700235, -0.606979)",0
54.6,"(0.0719576, -0.0734959, -7.41862e-06)","(0.147733, 0.969379, 0.196163)","(-0.0827426, -0.949538, -0.302541)","(0.0150571, -0.994669, -0.10201)","(0.000631675, -0.953868, 0.300227)","(0.044546, -0.955455, 0.291755)","(-0.27409, -0.956582, 0.0991263)","(0.364192, -0.927059, -0.0890275)","(-0.129603, -0.886199, -0.444808)","(0.461071, -0.677304, -0.573301)",0
54.6333,"(0.0628491, -0.0702835, -8.79247e-06)","(0.145992, 0.970605, 0.191342)","(0.0117815, -0.928223, -0.371838)","(0.0154441, -0.998308, -0.0560678)","(-0.0559187, -0.984918, 0.163739)","(0.0632904, -0.966554, 0.248532)","(-0.249222, -0.965496, 0.0755314)","(0.34687, -0.93415, -0.0839326)","(-0.088316, -0.897208, -0.432688)","(0.546988, -0.680562, -0.487483)",0
54.6667,"(0.0528205, -0.0664302, -7.95989e-06)","(0.157349, 0.970474, 0.182816)","(0.0571875, -0.927887, -0.36845)","(-0.0081193, -0.999836, -0.0161656)","(-0.0809881, -0.985331, 0.150209)","(0.053647, -0.977091, 0.205951)","(-0.216711, -0.975357, 0.0414149)","(0.320989, -0.944052, -0.0757129)","(-0.0437299, -0.914501, -0.402213)","(0.623266, -0.676136, -0.392912)",0
54.7,"(0.0430278, -0.0625002, -7.02321e-06)","(0.171871, 0.969363, 0.175488)","(0.0510331, -0.946376, -0.319011)","(-0.0351082, -0.999373, 0.00460272)","(-0.0869796, -0.974191, 0.208292)","(0.0220413, -0.984867, 0.171907)","(-0.172952, -0.984904, -0.00725411)","(0.293123, -0.954138, -0.0608309)","(-0.0149218, -0.929623, -0.368208)","(0.670377, -0.677371, -0.302925)",0
54.7333,"(0.0339695, -0.0585586, -6.38627e-06)","(0.177697, 0.9672, 0.181517)","(0.0390386, -0.960834, -0.27436)","(-0.0458257, -0.998846, 0.0144015)","(-0.0898905, -0.96175, 0.25876)","(-0.0072328, -0.989781, 0.142415)","(-0.136306, -0.989939, -0.0379646)","(0.266531, -0.962762, -0.0452863)","(0.000869605, -0.940748, -0.339106)","(0.683014, -0.67418, -0.281021)",0
54.7667,"(0.0265337, -0.0546855, -9.44282e-06)","(0.181171, 0.964191, 0.193684)","(0.0278577, -0.964633, -0.262121)","(-0.0436193, -0.998884, 0.0180973)","(-0.119303, -0.953969, 0.275154)","(-0.0326567, -0.992399, 0.118646)","(-0.103694, -0.993092, -0.0549122)","(0.227477, -0.972733, -0.0452247)","(0.00292306, -0.946379, -0.323044)","(0.653431, -0.698157, -0.292584)",0
54.8,"(0.0202431, -0.0502316, -1.54597e-05)","(0.178973, 0.962346, 0.204595)","(0.0185509, -0.961101, -0.275575)","(-0.0374507, -0.999268, 0.00785261)","(-0.13604, -0.948794, 0.285102)","(-0.0583435, -0.989316, 0.133606)","(-0.0915868, -0.994921, -0.0417659)","(0.178898, -0.981973, -0.0610292)","(0.00644367, -0.949528, -0.313616)","(0.552281, -0.776149, -0.304267)",0
54.8333,"(0.0154548, -0.045691, -2.25601e-05)","(0.174122, 0.960136, 0.218678)","(0.0308274, -0.961831, -0.271903)","(-0.0370882, -0.999303, -0.00418546)","(-0.143444, -0.942685, 0.301279)","(-0.0973901, -0.983217, 0.154269)","(-0.0844156, -0.996337, -0.013694)","(0.129126, -0.988303, -0.0811355)","(0.0113214, -0.956763, -0.290648)","(0.416401, -0.861305, -0.291143)",0
54.8667,"(0.0119445, -0.0416841, -2.93642e-05)","(0.162288, 0.958457, 0.234567)","(0.0297591, -0.967462, -0.251259)","(-0.0325946, -0.99925, -0.0209092)","(-0.135897, -0.938665, 0.316922)","(-0.151267, -0.971238, 0.18389)","(-0.0774305, -0.99693, 0.0116476)","(0.0802664, -0.99229, -0.0944339)","(0.0168222, -0.963067, -0.268736)","(0.282908, -0.920993, -0.267834)",0
54.9,"(0.00943441, -0.0389277, -3.46274e-05)","(0.142772, 0.957805, 0.249449)","(0.036605, -0.973129, -0.227331)","(-0.0233102, -0.999212, -0.0321275)","(-0.132946, -0.930433, 0.341496)","(-0.213473, -0.956127, 0.200623)","(-0.0648265, -0.996595, 0.050954)","(0.018007, -0.995256, -0.0956132)","(0.0261725, -0.967829, -0.250246)","(0.220238, -0.940421, -0.259045)",0
54.9333,"(0.00722346, -0.0373007, -3.65701e-05)","(0.120259, 0.96033, 0.251602)","(-0.00825899, -0.977818, -0.209295)","(0.00366053, -0.998882, -0.0471414)","(0, 0, 0)","(-0.270167, -0.935127, 0.229231)","(-0.0526594, -0.996041, 0.0716256)","(-0.0387607, -0.995205, -0.0898051)","(0.0327545, -0.966281, -0.255398)","(0.170507, -0.94298, -0.285861)",0
54.9667,"(0.00722346, -0.0373007, -3.65701e-05)","(0.105531, 0.966727, 0.23303)","(-0.0604348, -0.97047, -0.233527)","(0.0547029, -0.997647, -0.0413297)","(-0.189448, -0.847934, 0.495093)","(-0.342727, -0.891809, 0.295321)","(-0.0430264, -0.994751, 0.0928403)","(-0.0825788, -0.992742, -0.0874334)","(0.042292, -0.965353, -0.257498)","(0.123838, -0.939588, -0.319123)",0
55,"(0.0040885, -0.0377268, -3.38098e-05)","(0.100807, 0.974165, 0.202089)","(-0.0831254, -0.965596, -0.246405)","(0.125604, -0.991876, -0.0201533)","(-0.234109, -0.799407, 0.553301)","(-0.4237, -0.818571, 0.387839)","(-0.0269389, -0.996917, 0.0736954)","(-0.113918, -0.990389, -0.078439)","(0.0515494, -0.957155, -0.284951)","(0.0698504, -0.926081, -0.370802)",0
55.0333,"(0.00232923, -0.039539, -3.2532e-05)","(0.104458, 0.9796, 0.171676)","(-0.11169, -0.957643, -0.265416)","(0.193669, -0.980863, 0.0200081)","(-0.301382, -0.73722, 0.604712)","(-0.489535, -0.69727, 0.523612)","(-0.017024, -0.997678, 0.06595)","(-0.127161, -0.990473, -0.0528471)","(0.0686992, -0.949564, -0.305956)","(0.0127344, -0.906862, -0.421235)",0
55.0667,"(0.0010126, -0.0414011, -3.15263e-05)","(0.105793, 0.982954, 0.150363)","(-0.118813, -0.960426, -0.251923)","(0.231339, -0.969524, 0.0806535)","(-0.384457, -0.571764, 0.724761)","(-0.501777, -0.52161, 0.690031)","(-0.0137561, -0.99398, 0.108691)","(-0.12485, -0.991275, -0.0422734)","(0.0852167, -0.948165, -0.306138)","(-0.0367211, -0.825216, -0.563622)",0
55.1,"(0.0010126, -0.0414011, -3.15263e-05)","(0.100391, 0.983172, 0.152627)","(-0.168526, -0.980555, -0.10055)","(0.238693, -0.948671, 0.207485)","(-0.311218, -0.372191, 0.874424)","(-0.481609, -0.321983, 0.815095)","(-0.0162594, -0.979493, 0.200823)","(-0.11336, -0.993145, -0.0284955)","(0.0952223, -0.948576, -0.301887)","(-0.061522, -0.70942, -0.702096)",0
55.1333,"(-0.000617802, -0.044473, -2.285e-05)","(0.087693, 0.979288, 0.182498)","(-0.223258, -0.970585, 0.0901194)","(0.234696, -0.909565, 0.342942)","(-0.142764, -0.153637, 0.97776)","(-0.452288, -0.102468, 0.885966)","(-0.0156758, -0.953722, 0.30028)","(-0.107521, -0.993633, -0.0336618)","(0.105652, -0.953517, -0.282211)","(-0.0485027, -0.584389, -0.810023)",0
55.1667,"(-0.000617802, -0.044473, -2.285e-05)","(0.0674939, 0.97346, 0.218676)","(-0.273471, -0.914883, 0.296988)","(0.226674, -0.867694, 0.442409)","(0.0684482, 0.101011, 0.992528)","(-0.425497, 0.114361, 0.897705)","(-0.0121386, -0.946114, 0.323607)","(-0.103847, -0.994427, -0.0182144)","(0.110457, -0.955143, -0.274774)","(-0.0230456, -0.526871, -0.849633)",0
55.2,"(-0.000617802, -0.044473, -2.285e-05)","(0.0534633, 0.970453, 0.235293)","(-0.286955, -0.871162, 0.398414)","(0.235036, -0.837183, 0.493845)","(0.185774, 0.293926, 0.937601)","(-0.377776, 0.313552, 0.871189)","(-0.00782157, -0.952956, 0.303009)","(-0.0859664, -0.99616, -0.0165768)","(0.116694, -0.959272, -0.257253)","(-0.0102812, -0.503304, -0.864048)",0
55.2333,"(-0.000161934, -0.0413067, -6.50573e-06)","(0.0333811, 0.983907, 0.175535)","(-0.280495, -0.811859, 0.512061)","(0.279848, -0.779673, 0.560174)","(0.3046, 0.429176, 0.85031)","(-0.329854, 0.451945, 0.82882)","(0.00364989, -0.96753, 0.252728)","(-0.0690212, -0.997583, -0.0080214)","(0.104329, -0.959611, -0.26127)","(-0.00148937, -0.512931, -0.858429)",0
55.2667,"(0.001115, -0.0374467, -2.36692e-06)","(0.0232941, 0.994907, 0.0980696)","(-0.279286, -0.714849, 0.641085)","(0.334888, -0.68251, 0.649638)","(0.416024, 0.456003, 0.786756)","(-0.313016, 0.54082, 0.780727)","(0.0279588, -0.974839, 0.221149)","(-0.045019, -0.998953, -0.00817337)","(0.0831478, -0.958859, -0.271434)","(0.010736, -0.550562, -0.834725)",0
55.3,"(0.00360601, -0.0328221, -8.14325e-07)","(0.0109416, 0.999573, 0.0271007)","(-0.24233, -0.596891, 0.764852)","(0.363215, -0.548731, 0.752974)","(0.510489, 0.467221, 0.721876)","(-0.29749, 0.592348, 0.748748)","(0.0475596, -0.98136, 0.1862)","(-0.026582, -0.99951, -0.0165364)","(0.0505783, -0.964608, -0.258791)","(0.0216516, -0.620914, -0.78358)",0
55.3333,"(0.00728484, -0.0270124, -3.0098e-07)","(0.00583339, 0.999424, 0.0334315)","(-0.172568, -0.45218, 0.875073)","(0.287507, -0.382892, 0.877914)","(0.540653, 0.491421, 0.682788)","(-0.262344, 0.607779, 0.74952)","(0.0511989, -0.987223, 0.150895)","(-0.00898939, -0.999607, -0.0265656)","(0.0194807, -0.971286, -0.237118)","(0.011885, -0.702622, -0.711464)",0
55.3667,"(0.0118962, -0.0211019, 1.31242e-06)","(-0.0121526, 0.997479, 0.0699196)","(-0.0583097, -0.323741, 0.944347)","(0.174861, -0.221944, 0.959252)","(0.547812, 0.512435, 0.661296)","(-0.210788, 0.573478, 0.791638)","(0.0298669, -0.99279, 0.116087)","(-0.00736066, -0.999386, -0.03425)","(-0.0119748, -0.97555, -0.219451)","(-0.0144417, -0.793901, -0.607875)",0
55.4,"(0.0171582, -0.0161367, 5.02788e-06)","(-0.0346697, 0.992376, 0.118273)","(0.0502986, -0.187615, 0.980954)","(0.0586878, -0.0947034, 0.993774)","(0.506857, 0.471118, 0.721903)","(-0.136453, 0.505584, 0.851919)","(0.0051945, -0.995564, 0.0939428)","(-0.0214537, -0.999272, -0.0315521)","(-0.0404798, -0.977001, -0.209359)","(-0.0375062, -0.861643, -0.506127)",0
55.4333,"(0.0219171, -0.0122713, 8.2619e-06)","(-0.0565931, 0.987816, 0.144971)","(0.112096, -0.0875461, 0.989833)","(0.0094092, -0.0243805, 0.999658)","(0.4824, 0.38417, 0.787212)","(-0.0779528, 0.450004, 0.889618)","(-0.0143384, -0.997222, 0.0730932)","(-0.0399289, -0.998929, -0.0233692)","(-0.0680384, -0.976925, -0.202455)","(-0.0625809, -0.909624, -0.410691)",0
55.4667,"(0.0254178, -0.0086942, 1.13424e-05)","(-0.0705808, 0.984211, 0.162316)","(0.135946, -0.0115302, 0.990649)","(-0.00971726, 0.0625098, 0.997997)","(0.455969, 0.35268, 0.817135)","(-0.0535053, 0.426928, 0.902701)","(-0.0244676, -0.998437, 0.0502417)","(-0.0587895, -0.998242, -0.00754948)","(-0.0932829, -0.974971, -0.201819)","(-0.0934465, -0.927343, -0.362358)",0
55.5,"(0.0278582, -0.00564713, 1.41941e-05)","(-0.0740646, 0.983275, 0.166389)","(0.15986, -0.00898749, 0.987099)","(0.0109603, 0.117994, 0.992954)","(0.449078, 0.442766, 0.776071)","(-0.0788057, 0.468427, 0.879981)","(-0.0245379, -0.999284, 0.0288078)","(-0.067836, -0.997646, 0.0100023)","(-0.11378, -0.972052, -0.205353)","(-0.123006, -0.936719, -0.32776)",0
55.5333,"(0.029322, -0.00302478, 1.53478e-05)","(-0.0730085, 0.985259, 0.154705)","(0.178205, -0.0421589, 0.98309)","(0.0483012, 0.0978958, 0.994024)","(0.475723, 0.58569, 0.656243)","(-0.119777, 0.522307, 0.844303)","(-0.0153934, -0.999726, 0.0176136)","(-0.0693457, -0.997144, 0.0299266)","(-0.129155, -0.964936, -0.22851)","(-0.146716, -0.9328, -0.32918)",0
55.5667,"(0.0303093, -0.000275755, 1.59651e-05)","(-0.0687615, 0.992579, 0.100297)","(0.208619, -0.199678, 0.957396)","(0.132137, -0.0100568, 0.99118)","(0.444553, 0.701428, 0.55711)","(-0.171434, 0.586909, 0.791295)","(0.0160508, -0.999844, 0.0074298)","(-0.0660602, -0.997037, 0.0394008)","(-0.140573, -0.957468, -0.251982)","(-0.151583, -0.938562, -0.310039)",0
55.6,"(0.0313437, 0.00217772, 1.55879e-05)","(-0.0674405, 0.997557, 0.0182333)","(0.218559, -0.396552, 0.891615)","(0.264452, -0.192407, 0.94501)","(0.387132, 0.772654, 0.503124)","(-0.21926, 0.67363, 0.705795)","(0.0588756, -0.998265, 0.000495813)","(-0.0601681, -0.996766, 0.0532746)","(-0.142115, -0.950761, -0.275421)","(-0.150386, -0.940881, -0.303525)",0
55.6333,"(0.0327397, 0.00394804, 1.63438e-05)","(-0.0678981, 0.996221, -0.0541535)","(0.189048, -0.595168, 0.781048)","(0.38593, -0.35303, 0.852307)","(0.316859, 0.797217, 0.513854)","(-0.263986, 0.733431, 0.626411)","(0.106544, -0.994283, -0.00699357)","(-0.056668, -0.996575, 0.0602207)","(-0.13552, -0.947033, -0.29114)","(-0.153089, -0.940242, -0.304152)",0
55.6667,"(0.0327397, 0.00394804, 1.63438e-05)","(-0.0758894, 0.994092, -0.0776053)","(0.134369, -0.683574, 0.717407)","(0.467331, -0.459279, 0.755423)","(0.317129, 0.765643, 0.559661)","(-0.278568, 0.741797, 0.61003)","(0.128933, -0.991635, -0.00601473)","(-0.0521984, -0.996293, 0.0683784)","(-0.107909, -0.946208, -0.305034)","(-0.167237, -0.931279, -0.323653)",0
55.7,"(0.0358072, 0.00365251, 5.96009e-06)","(-0.0901337, 0.993713, -0.0664056)","(0.0985426, -0.71792, 0.689116)","(0.531644, -0.472067, 0.703212)","(0.362047, 0.729713, 0.580036)","(-0.300424, 0.701272, 0.646501)","(0.136336, -0.990645, -0.00588694)","(-0.0577897, -0.995968, 0.0686145)","(-0.0809456, -0.939342, -0.333292)","(-0.172737, -0.912094, -0.371815)",0
55.7333,"(0.0373445, 0.00201067, 1.99117e-07)","(-0.108608, 0.992804, -0.0504464)","(0.110308, -0.727014, 0.677705)","(0.649679, -0.376113, 0.660648)","(0.40153, 0.693731, 0.597922)","(-0.370441, 0.643898, 0.669454)","(0.136659, -0.990609, -0.00433841)","(-0.0652759, -0.995476, 0.0690386)","(-0.0677917, -0.934528, -0.349374)","(-0.17082, -0.896829, -0.408067)",0
55.7667,"(0.0373445, 0.00201067, 1.99117e-07)","(-0.125139, 0.99112, -0.0449564)","(0.14703, -0.74052, 0.655754)","(0.749243, -0.233871, 0.619629)","(0.44203, 0.654278, 0.613621)","(-0.457805, 0.564456, 0.68688)","(0.14483, -0.989457, -6.31687e-05)","(-0.073212, -0.994799, 0.0708205)","(-0.07694, -0.928025, -0.364486)","(-0.168124, -0.88338, -0.437463)",0
55.8,"(0.0393605, -0.000732481, -1.51651e-05)","(-0.13499, 0.98996, -0.0419139)","(0.168317, -0.743496, 0.647212)","(0.79904, -0.0468791, 0.599448)","(0.51915, 0.596039, 0.612553)","(-0.554499, 0.450281, 0.699841)","(0.14933, -0.988777, 0.00460193)","(-0.0785652, -0.993966, 0.0765425)","(-0.0928175, -0.927612, -0.361829)","(-0.173314, -0.882023, -0.438176)",0
55.8333,"(0.0393605, -0.000732481, -1.51651e-05)","(-0.137557, 0.989965, -0.0323513)","(0.174136, -0.755723, 0.631315)","(0.793936, 0.0870152, 0.601742)","(0.593242, 0.532754, 0.60352)","(-0.612391, 0.328327, 0.719152)","(0.148695, -0.988849, 0.0082567)","(-0.0825169, -0.992694, 0.0880303)","(-0.09882, -0.927339, -0.360938)","(-0.174316, -0.883501, -0.434787)",0
55.8667,"(0.0393605, -0.000732481, -1.51651e-05)","(-0.134017, 0.990681, -0.0242895)","(0.166195, -0.759425, 0.62901)","(0.765427, 0.177287, 0.61862)","(0.63978, 0.500898, 0.582909)","(-0.670116, 0.271502, 0.690819)","(0.139935, -0.990126, 0.00835022)","(-0.0913348, -0.99108, 0.0970504)","(-0.0924271, -0.930581, -0.354227)","(-0.161695, -0.89483, -0.416094)",0
55.9,"(0.0393605, -0.000732481, -1.51651e-05)","(-0.12977, 0.991353, -0.0194637)","(0.154007, -0.76295, 0.627845)","(0.740429, 0.19386, 0.643571)","(0.614683, 0.504226, 0.606565)","(-0.707773, 0.279941, 0.648606)","(0.129779, -0.991503, 0.0088948)","(-0.0964383, -0.990211, 0.100902)","(-0.0817219, -0.934865, -0.34547)","(-0.145568, -0.907254, -0.394589)",0
55.9333,"(0.0393605, -0.000732481, -1.51651e-05)","(-0.126177, 0.991676, -0.0256687)","(0.140716, -0.748055, 0.648547)","(0.736436, 0.220215, 0.639662)","(0.527632, 0.557348, 0.641068)","(-0.711002, 0.443646, 0.545577)","(0.119882, -0.992745, 0.00921306)","(-0.102288, -0.990472, 0.0922064)","(-0.0713829, -0.939323, -0.335524)","(-0.129703, -0.918169, -0.374356)",0
55.9667,"(0.0411743, 0.000763154, -3.38256e-06)","(-0.120582, 0.992354, -0.0263231)","(0.148771, -0.692224, 0.706182)","(0.716913, 0.238092, 0.655246)","(0.347797, 0.616464, 0.706406)","(-0.603988, 0.610918, 0.511837)","(0.110214, -0.993897, 0.0046282)","(-0.10882, -0.991952, 0.0647288)","(-0.0628228, -0.945572, -0.31929)","(-0.117934, -0.933453, -0.338758)",0
56,"(0.0411743, 0.000763154, -3.38256e-06)","(-0.112379, 0.993299, -0.0269972)","(0.149349, -0.62315, 0.76771)","(0.694145, 0.127394, 0.708473)","(0.145031, 0.658491, 0.738481)","(-0.38885, 0.773336, 0.500747)","(0.104887, -0.994484, -0.000458078)","(-0.115109, -0.992604, 0.0385535)","(-0.0571324, -0.949989, -0.307013)","(-0.112708, -0.943765, -0.310813)",0
56.0333,"(0.0411743, 0.000763154, -3.38256e-06)","(-0.108992, 0.993868, -0.0186076)","(0.138203, -0.520355, 0.842692)","(0.72702, -0.0791828, 0.682035)","(-0.0319902, 0.659448, 0.751069)","(-0.126555, 0.851501, 0.508851)","(0.0991737, -0.995053, -0.0057758)","(-0.12294, -0.992241, 0.0185309)","(-0.0518516, -0.954575, -0.293425)","(-0.105002, -0.952861, -0.284658)",0
56.0667,"(0.0420162, 0.00276325, 5.64661e-06)","(-0.108766, 0.994034, -0.00812218)","(0.07523, -0.419394, 0.904682)","(0.727277, -0.360728, 0.583904)","(-0.0977162, 0.678236, 0.728318)","(0.062724, 0.806476, 0.587931)","(0.0974201, -0.995238, -0.00316998)","(-0.124631, -0.991986, 0.0207659)","(-0.0473408, -0.955032, -0.292698)","(-0.0975586, -0.952635, -0.288044)",0
56.1,"(0.0420162, 0.00276325, 5.64661e-06)","(-0.109633, 0.993972, -0.000279022)","(-0.063911, -0.285622, 0.956209)","(0.721863, -0.491102, 0.487579)","(-0.0463384, 0.699946, 0.712691)","(0.168355, 0.699263, 0.694758)","(0.0950329, -0.995474, 0.000537904)","(-0.125035, -0.991899, 0.0224417)","(-0.0439793, -0.955808, -0.290685)","(-0.0884329, -0.955467, -0.281538)",0
56.1333,"(0.0420162, 0.00276325, 5.64661e-06)","(-0.103317, 0.994648, 0.00140585)","(-0.256736, -0.157331, 0.95359)","(0.613308, -0.572372, 0.544283)","(0.116338, 0.714126, 0.690282)","(0.171376, 0.537706, 0.825532)","(0.0935939, -0.995595, 0.00563959)","(-0.121079, -0.99239, 0.0224266)","(-0.0394274, -0.954258, -0.296373)","(-0.0839042, -0.956559, -0.279204)",0
56.1667,"(0.0420162, 0.00276325, 5.64661e-06)","(-0.0991237, 0.995075, -0.000512691)","(-0.431117, 0.00690675, 0.902269)","(0.555471, -0.570341, 0.605114)","(0.319531, 0.724041, 0.611281)","(0.141932, 0.500151, 0.854227)","(0.090784, -0.99587, 0.00100466)","(-0.117574, -0.992877, 0.0192983)","(-0.0355837, -0.949572, -0.311525)","(-0.0818458, -0.953615, -0.289689)",0
56.2,"(0.0420162, 0.00276325, 5.64661e-06)","(-0.100584, 0.994924, -0.00318008)","(-0.553483, 0.21359, 0.805007)","(0.538186, -0.572294, 0.618737)","(0.49427, 0.756995, 0.427382)","(0.0719203, 0.521421, 0.850263)","(0.0876494, -0.996133, -0.00604996)","(-0.115055, -0.993249, 0.0148163)","(-0.0342021, -0.942583, -0.332215)","(-0.0834331, -0.94629, -0.312368)",0
56.2333,"(0.0420162, 0.00276325, 5.64661e-06)","(-0.108585, 0.994011, -0.012337)","(-0.633963, 0.523412, 0.569326)","(0.574353, -0.596984, 0.560115)","(0.612255, 0.787458, 0.071093)","(-0.0727204, 0.572318, 0.816801)","(0.0826107, -0.996438, -0.0169536)","(-0.115424, -0.993246, 0.0117992)","(-0.0354888, -0.938208, -0.344247)","(-0.0881607, -0.937809, -0.33577)",0
56.2667,"(0.0439354, 0.00114053, -2.40641e-05)","(-0.119549, 0.992796, -0.00798979)","(-0.610565, 0.745086, 0.268436)","(0.61655, -0.609831, 0.497969)","(0.642017, 0.685075, -0.344219)","(-0.250295, 0.616652, 0.746386)","(0.0791266, -0.996578, -0.0239213)","(-0.116122, -0.99315, 0.0130034)","(-0.0457159, -0.938408, -0.342492)","(-0.0974979, -0.933626, -0.344727)",0
56.3,"(0.0439354, 0.00114053, -2.40641e-05)","(-0.131253, 0.991345, 0.00285974)","(-0.522266, 0.851942, 0.0378602)","(0.666129, -0.596069, 0.448302)","(0.587785, 0.49654, -0.638715)","(-0.402291, 0.636135, 0.658402)","(0.0816772, -0.996231, -0.0292011)","(-0.114813, -0.993237, 0.0172688)","(-0.0630454, -0.93986, -0.335691)","(-0.11018, -0.930284, -0.349904)",0
56.3333,"(0.0458237, -0.000235367, -2.83342e-05)","(-0.14278, 0.989581, 0.0185275)","(-0.459405, 0.888088, 0.01572)","(0.701962, -0.560589, 0.439306)","(0.550805, 0.369522, -0.748377)","(-0.482651, 0.630352, 0.608034)","(0.0871824, -0.9957, -0.0313105)","(-0.112773, -0.993392, 0.0212991)","(-0.0857323, -0.940955, -0.327495)","(-0.123303, -0.929228, -0.348327)",0
56.3667,"(0.0458237, -0.000235367, -2.83342e-05)","(-0.153149, 0.988018, 0.0191422)","(-0.428638, 0.903439, 0.00820505)","(0.72366, -0.540666, 0.428947)","(0.538679, 0.328479, -0.77584)","(-0.498078, 0.638261, 0.586976)","(0.0947784, -0.995039, -0.0302506)","(-0.109911, -0.99367, 0.0232442)","(-0.104986, -0.941881, -0.31912)","(-0.136322, -0.927961, -0.346851)",0
56.4,"(0.0476386, -0.00298499, -3.556e-05)","(-0.16434, 0.986306, 0.0138811)","(-0.414294, 0.910137, -0.0031969)","(0.7332, -0.549422, 0.40069)","(0.536932, 0.326635, -0.777826)","(-0.487103, 0.664612, 0.566588)","(0.0990117, -0.99465, -0.0294616)","(-0.108447, -0.993796, 0.0246732)","(-0.123567, -0.946393, -0.298448)","(-0.147363, -0.931796, -0.331723)",0
56.4333,"(0.0476386, -0.00298499, -3.556e-05)","(-0.173147, 0.984891, 0.00329639)","(-0.412867, 0.910788, -0.00254274)","(0.70142, -0.591019, 0.398379)","(0.554224, 0.336567, -0.761287)","(-0.444177, 0.699348, 0.560018)","(0.102094, -0.994341, -0.0293711)","(-0.106365, -0.993991, 0.025843)","(-0.135835, -0.950534, -0.279344)","(-0.158311, -0.934578, -0.318592)",0
56.4667,"(0.0490013, -0.00486898, -3.77737e-05)","(-0.179207, 0.983794, -0.00583175)","(-0.415679, 0.908961, 0.0316496)","(0.593226, -0.665487, 0.453001)","(0.605712, 0.345397, -0.716808)","(-0.396337, 0.67732, 0.619801)","(0.104833, -0.994104, -0.0276926)","(-0.106582, -0.993949, 0.0265548)","(-0.147428, -0.952878, -0.265119)","(-0.165661, -0.93773, -0.305319)",0
56.5,"(0.0490013, -0.00486898, -3.77737e-05)","(-0.174333, 0.984684, 0.00251271)","(-0.427748, 0.899363, 0.0904329)","(0.40867, -0.728615, 0.549645)","(0.734387, 0.36589, -0.571665)","(-0.390175, 0.62709, 0.674182)","(0.117016, -0.99313, 0.000674515)","(-0.107849, -0.993355, 0.040181)","(-0.164052, -0.947255, -0.275308)","(-0.17086, -0.931518, -0.321061)",0
56.5333,"(0.0490013, -0.00486898, -3.77737e-05)","(-0.163141, 0.986103, 0.0313854)","(-0.426107, 0.897673, 0.11232)","(0.232817, -0.776548, 0.585465)","(0.796562, 0.394135, -0.458417)","(-0.447066, 0.536672, 0.715623)","(0.130769, -0.990826, 0.0341213)","(-0.105613, -0.992811, 0.0563212)","(-0.178721, -0.939815, -0.291216)","(-0.175224, -0.922412, -0.344169)",0
56.5667,"(0.0490013, -0.00486898, -3.77737e-05)","(-0.144217, 0.986487, 0.0777537)","(-0.418229, 0.895652, 0.151298)","(0.13982, -0.822294, 0.551618)","(0.774462, 0.538263, -0.332388)","(-0.559065, 0.377994, 0.737947)","(0.134352, -0.988788, 0.0651721)","(-0.0960726, -0.992957, 0.069331)","(-0.179802, -0.931042, -0.317542)","(-0.184211, -0.90955, -0.372538)",0
56.6,"(0.0483896, -0.00205864, -2.43624e-05)","(-0.122872, 0.986319, 0.1099)","(-0.431185, 0.881785, 0.191139)","(0.0676997, -0.893481, 0.44397)","(0.617804, 0.742091, -0.260038)","(-0.725631, -0.0258418, 0.687599)","(0.112483, -0.991338, 0.0678004)","(-0.0865198, -0.994938, 0.0511161)","(-0.148598, -0.930076, -0.335972)","(-0.191093, -0.898691, -0.394763)",0
56.6333,"(0.0483896, -0.00205864, -2.43624e-05)","(-0.093593, 0.987382, 0.127737)","(-0.508197, 0.809261, 0.294674)","(0.0169887, -0.963356, 0.267688)","(0.325727, 0.943682, 0.0580119)","(-0.589593, -0.572573, 0.569684)","(0.0928087, -0.992912, 0.0742452)","(-0.0831605, -0.996164, 0.0272246)","(-0.112937, -0.928945, -0.352571)","(-0.193547, -0.893506, -0.4052)",0
56.6667,"(0.0457054, 0.000838935, -1.14519e-05)","(-0.066265, 0.987613, 0.142233)","(-0.648607, 0.676419, 0.34895)","(0.0365126, -0.994639, 0.0967444)","(-0.124075, 0.914284, 0.385605)","(-0.167691, -0.893169, 0.417287)","(0.0798458, -0.993732, 0.0782334)","(-0.0896879, -0.995967, 0.00257925)","(-0.0839265, -0.931795, -0.353149)","(-0.180326, -0.896508, -0.404669)",1
56.7,"(0.0438216, 0.00243869, -9.45674e-06)","(-0.0394179, 0.986332, 0.159986)","(-0.810871, 0.466904, 0.35283)","(0.185722, -0.982215, -0.027599)","(-0.589961, 0.597706, 0.542857)","(0.318557, -0.846628, 0.426312)","(0.0813869, -0.994471, 0.0663523)","(-0.0968893, -0.995191, -0.0144344)","(-0.0660027, -0.933705, -0.351908)","(-0.153516, -0.905972, -0.394522)",0
56.7333,"(0.0416871, 0.00327722, -8.89358e-06)","(-0.0115549, 0.98433, 0.175959)","(-0.959893, 0.20203, 0.194397)","(0.432384, -0.899377, -0.0645466)","(-0.816548, 0.21068, 0.537461)","(0.575537, -0.67039, 0.468332)","(0.073337, -0.996144, 0.0481459)","(-0.104124, -0.994211, -0.0265053)","(-0.0383527, -0.938143, -0.344116)","(-0.118909, -0.917131, -0.380436)",0
56.7667,"(0.0416871, 0.00327722, -8.89358e-06)","(0.0145128, 0.983913, 0.178058)","(-0.990401, -0.134215, 0.0330342)","(0.691707, -0.718441, -0.0733791)","(-0.852368, -0.139765, 0.503919)","(0.703524, -0.500829, 0.504207)","(0.06752, -0.997346, 0.0272424)","(-0.105983, -0.993973, -0.0280028)","(0.0102619, -0.933675, -0.357974)","(-0.0740093, -0.91489, -0.396861)",0
56.8,"(0.0382422, 0.0038368, -1.68865e-05)","(0.0384958, 0.98041, 0.193168)","(-0.901532, -0.418549, -0.109807)","(0.892492, -0.444672, -0.0756607)","(-0.753015, -0.419566, 0.506885)","(0.803944, -0.292612, 0.517738)","(0.0630202, -0.997649, 0.0269291)","(-0.106042, -0.994105, -0.0226143)","(0.0614342, -0.925438, -0.373884)","(-0.0308941, -0.901619, -0.431426)",0
56.8333,"(0.0382422, 0.0038368, -1.68865e-05)","(0.0493489, 0.984567, 0.167909)","(-0.776193, -0.611115, -0.155122)","(0.995838, -0.0827072, -0.0382978)","(-0.673107, -0.631312, 0.38519)","(0.85043, 0.0507786, 0.523632)","(0.0621487, -0.997674, 0.0280064)","(-0.105433, -0.994425, 0.00179504)","(0.105264, -0.913301, -0.393447)","(-0.00155016, -0.887156, -0.461466)",0
56.8667,"(0.0354728, 0.00504326, -2.8544e-05)","(0.0663365, 0.990845, 0.117584)","(-0.653337, -0.716114, -0.245623)","(0.967304, 0.252437, 0.0244785)","(-0.516832, -0.827952, 0.217667)","(0.755612, 0.430056, 0.494068)","(0.0607595, -0.997856, 0.0243122)","(-0.107283, -0.993965, 0.0228737)","(0.12749, -0.911965, -0.389955)","(0.00347016, -0.890309, -0.455343)",0
56.9,"(0.0354728, 0.00504326, -2.8544e-05)","(0.0770773, 0.996398, 0.0353563)","(-0.517598, -0.827011, -0.219419)","(0.842357, 0.524768, 0.122693)","(-0.183031, -0.931933, 0.313051)","(0.421842, 0.793851, 0.438007)","(0.0569448, -0.998223, 0.0175625)","(-0.113511, -0.992479, 0.0458331)","(0.141093, -0.917977, -0.370691)","(-0.00423272, -0.916663, -0.399639)",0
56.9333,"(0.0354728, 0.00504326, -2.8544e-05)","(0.0819479, 0.996633, 0.00261218)","(-0.388079, -0.916041, 0.101307)","(0.661231, 0.68342, 0.309373)","(0.293955, -0.787594, 0.54156)","(-0.0556367, 0.915519, 0.398408)","(0.0500379, -0.998635, 0.0149996)","(-0.11873, -0.991284, 0.05709)","(0.149413, -0.931906, -0.330496)","(-0.00903471, -0.9416, -0.336612)",0
56.9667,"(0.0344059, 0.00674826, -2.35104e-05)","(0.0752536, 0.99715, -0.00536532)","(-0.215664, -0.822199, 0.526762)","(0.410913, 0.702543, 0.58102)","(0.608898, -0.345719, 0.713948)","(-0.51715, 0.76142, 0.390891)","(0.0302747, -0.998986, 0.0333371)","(-0.122428, -0.990278, 0.0660443)","(0.165344, -0.94468, -0.28327)","(-0.0117192, -0.9625, -0.271028)",0
57,"(0.0344059, 0.00674826, -2.35104e-05)","(0.0653878, 0.997775, -0.0129784)","(-0.126345, -0.550071, 0.825505)","(0.0900294, 0.563555, 0.821158)","(0.767408, -0.0173443, 0.640925)","(-0.731642, 0.541372, 0.414265)","(0.0137665, -0.998237, 0.0577322)","(-0.122939, -0.989084, 0.0812344)","(0.166408, -0.958017, -0.233476)","(-0.0265785, -0.974225, -0.224009)",0
57.0333,"(0.0344059, 0.00674826, -2.35104e-05)","(0.0573552, 0.997213, -0.047704)","(-0.185253, -0.311317, 0.932074)","(-0.132416, 0.377464, 0.916508)","(0.908312, 0.175587, 0.379656)","(-0.851974, 0.386911, 0.352762)","(0.00312485, -0.998267, 0.058759)","(-0.123522, -0.988739, 0.084484)","(0.156076, -0.968051, -0.19626)","(-0.0413166, -0.977597, -0.206393)",0
57.0667,"(0.0370866, 0.00650361, -2.12209e-05)","(0.0481787, 0.995002, -0.0874617)","(-0.272021, -0.126492, 0.953941)","(-0.266937, 0.260038, 0.927968)","(0.95795, 0.230467, 0.170929)","(-0.898094, 0.346169, 0.271282)","(0.0157123, -0.997556, 0.0680891)","(-0.124442, -0.988167, 0.0896719)","(0.120642, -0.981685, -0.147445)","(-0.0572369, -0.978144, -0.199898)",0
57.1,"(0.0370866, 0.00650361, -2.12209e-05)","(0.0374867, 0.99302, -0.111834)","(-0.370003, 0.00501957, 0.929017)","(-0.307411, 0.251661, 0.917695)","(0.974302, 0.22469, -0.0158464)","(-0.949865, 0.280231, 0.13866)","(0.0310948, -0.997606, 0.061777)","(-0.123219, -0.988793, 0.0842958)","(0.0884489, -0.98786, -0.127708)","(-0.0623953, -0.976184, -0.207779)",0
57.1333,"(0.0370866, 0.00650361, -2.12209e-05)","(0.0291557, 0.992919, -0.115162)","(-0.417191, -0.0217259, 0.908559)","(-0.355908, 0.267682, 0.895364)","(0.981326, 0.189888, 0.0307044)","(-0.969961, 0.231157, 0.0757819)","(0.0482816, -0.996602, 0.0667401)","(-0.118366, -0.989637, 0.0812867)","(0.0618572, -0.990326, -0.124207)","(-0.0617648, -0.977065, -0.203786)",0
57.1667,"(0.0394425, 0.0071746, -3.25741e-05)","(0.0221589, 0.993816, -0.108803)","(-0.395542, -0.024241, 0.918128)","(-0.365439, 0.255761, 0.895009)","(0.978648, 0.179557, 0.100033)","(-0.98409, 0.141268, 0.107753)","(0.0556258, -0.997368, 0.0465112)","(-0.112606, -0.990854, 0.0743489)","(0.0486719, -0.988367, -0.144089)","(-0.0581464, -0.977348, -0.203496)",0
57.2,"(0.0394425, 0.0071746, -3.25741e-05)","(0.015831, 0.994806, -0.100551)","(-0.304783, -0.0732509, 0.949601)","(-0.340877, 0.17689, 0.923316)","(0.945375, 0.152923, 0.287889)","(-0.95972, 0.121923, 0.253123)","(0.0587847, -0.997827, 0.0297536)","(-0.108213, -0.99148, 0.0725148)","(0.0441124, -0.986957, -0.154823)","(-0.050792, -0.977634, -0.204089)",0
57.2333,"(0.0395768, 0.0106093, -3.75999e-05)","(0.00946877, 0.995768, -0.0914149)","(-0.200313, -0.171544, 0.964597)","(-0.275316, 0.00938246, 0.961308)","(0.876639, 0.189927, 0.442077)","(-0.879062, 0.205236, 0.430265)","(0.0621024, -0.997933, 0.0165504)","(-0.108687, -0.991705, 0.0686175)","(0.0453469, -0.98525, -0.165004)","(-0.042276, -0.977461, -0.206841)",0
57.2667,"(0.0394667, 0.0127084, -4.08013e-05)","(0.00387941, 0.996051, -0.0886935)","(-0.151311, -0.350031, 0.924437)","(-0.222583, -0.253271, 0.941441)","(0.821732, 0.240358, 0.516706)","(-0.814886, 0.303075, 0.494071)","(0.0653336, -0.99782, 0.00928782)","(-0.114129, -0.991263, 0.0661258)","(0.0544679, -0.982399, -0.178679)","(-0.0295322, -0.976671, -0.212702)",0
57.3,"(0.0394667, 0.0127084, -4.08013e-05)","(0.00171541, 0.997161, -0.0752777)","(-0.130677, -0.611692, 0.780228)","(-0.187909, -0.561906, 0.805576)","(0.802847, 0.18776, 0.565847)","(-0.797809, 0.283655, 0.532016)","(0.0704953, -0.997487, 0.00709228)","(-0.119385, -0.990702, 0.0652477)","(0.0671199, -0.977877, -0.19812)","(-0.0202238, -0.974315, -0.22428)",0
57.3333,"(0.0394667, 0.0127084, -4.08013e-05)","(-0.00440401, 0.999952, 0.00875337)","(-0.131151, -0.853123, 0.504956)","(-0.116126, -0.82558, 0.552206)","(0.793667, -0.0466535, 0.606561)","(-0.75938, 0.0536601, 0.648431)","(0.0731707, -0.997315, -0.0031003)","(-0.124705, -0.990152, 0.0636187)","(0.0794141, -0.970877, -0.226036)","(-0.0135811, -0.966855, -0.254964)",0
57.3667,"(0.0386674, 0.00508713, -3.33078e-05)","(-0.00690718, 0.996832, 0.0792289)","(-0.150606, -0.972314, 0.178668)","(-0.0240676, -0.963584, 0.266322)","(0.646796, -0.482677, 0.590489)","(-0.572945, -0.37805, 0.727195)","(0.0754037, -0.997021, -0.0162554)","(-0.125167, -0.990385, 0.0589219)","(0.0897401, -0.960668, -0.262798)","(-0.000465017, -0.958989, -0.283442)",1
57.4,"(0.0383422, -0.00313413, -1.84063e-05)","(-0.00895172, 0.983446, 0.180979)","(-0.166693, -0.978866, -0.118465)","(0.0524766, -0.998607, -0.00544168)","(0.333334, -0.798216, 0.501738)","(-0.241275, -0.735232, 0.63342)","(0.0754254, -0.996604, -0.0330336)","(-0.12561, -0.991373, 0.0374284)","(0.0937575, -0.941623, -0.323351)","(0.0114746, -0.940624, -0.339258)",0
57.4333,"(0.0380855, -0.0141828, -5.41917e-06)","(-0.00705562, 0.967671, 0.252116)","(-0.172736, -0.954521, -0.243007)","(0.0631966, -0.98474, -0.162151)","(0.0693037, -0.935453, 0.34659)","(-0.0234714, -0.914842, 0.403128)","(0.0784287, -0.995761, -0.0480611)","(-0.124824, -0.992139, 0.00888695)","(0.0932495, -0.917795, -0.385948)","(0.0229604, -0.918411, -0.394961)",0
57.4667,"(0.0378423, -0.0265315, 5.88582e-06)","(-0.00826694, 0.93722, 0.348641)","(-0.162267, -0.947949, -0.273975)","(0.0276946, -0.976382, -0.21427)","(-0.0209815, -0.96147, 0.274107)","(0.0462615, -0.95909, 0.279297)","(0.0817432, -0.993596, -0.0780051)","(-0.127651, -0.991269, -0.0330395)","(0.0878008, -0.885211, -0.45683)","(0.026231, -0.884581, -0.465648)",0
57.5,"(0.0378026, -0.0368174, 1.69813e-05)","(-0.0107051, 0.926482, 0.376186)","(-0.167854, -0.963568, -0.208236)","(-0.00698589, -0.985603, -0.16893)","(0.0124583, -0.977002, 0.212867)","(0.0499962, -0.973132, 0.224756)","(0.0883967, -0.991228, -0.09825)","(-0.131445, -0.990618, -0.0373919)","(0.0833614, -0.852082, -0.516728)","(0.031036, -0.839189, -0.542954)",0
57.5333,"(0.0378526, -0.0454176, 1.9721e-05)","(-0.0145649, 0.933361, 0.358643)","(-0.175803, -0.955855, -0.235447)","(-0.0354839, -0.981085, -0.190295)","(0.076647, -0.994097, 0.0767875)","(0.0276739, -0.986033, 0.164237)","(0.0930965, -0.99199, -0.0853782)","(-0.135172, -0.990551, -0.0231968)","(0.0814159, -0.809064, -0.582055)","(0.0318694, -0.797439, -0.602557)",0
57.5667,"(0.037975, -0.0529893, 1.6797e-05)","(-0.0189278, 0.945316, 0.325606)","(-0.15798, -0.912324, -0.377767)","(-0.0485985, -0.945164, -0.32296)","(0.154688, -0.961146, -0.228626)","(-0.0343761, -0.993241, -0.110867)","(0.100107, -0.993127, -0.0606412)","(-0.139894, -0.990145, 0.00653816)","(0.0752662, -0.779989, -0.621251)","(0.0227318, -0.769479, -0.638268)",0
57.6,"(0.0380522, -0.0585836, 1.59462e-05)","(-0.0257705, 0.948673, 0.315207)","(-0.122059, -0.818693, -0.561109)","(-0.0607236, -0.86532, -0.497528)","(0.215046, -0.813534, -0.540294)","(-0.10317, -0.90781, -0.406493)","(0.10489, -0.993502, -0.0441857)","(-0.14545, -0.989238, 0.0159026)","(0.0690168, -0.774143, -0.629237)","(0.0134482, -0.779226, -0.626599)",0
57.6333,"(0.0380417, -0.0611587, 1.73519e-05)","(-0.0292702, 0.950461, 0.309462)","(-0.0899674, -0.743369, -0.662804)","(-0.0676738, -0.801613, -0.594001)","(0.256132, -0.675653, -0.691296)","(-0.153567, -0.783732, -0.601815)","(0.11063, -0.991501, -0.0684562)","(-0.151044, -0.988384, 0.0168107)","(0.0648837, -0.781864, -0.620064)","(0.00808503, -0.793341, -0.608724)",0
57.6667,"(0.0380417, -0.0611587, 1.73519e-05)","(-0.0284677, 0.954047, 0.298301)","(-0.12809, -0.722822, -0.679059)","(-0.0587946, -0.763719, -0.642866)","(0.239186, -0.726703, -0.643967)","(-0.0804262, -0.803952, -0.589231)","(0.113587, -0.989414, -0.0903198)","(-0.152332, -0.988223, 0.0145078)","(0.0648543, -0.792707, -0.606143)","(0.0217289, -0.807387, -0.589621)",0
57.7,"(0.0377516, -0.0645985, 1.90412e-05)","(-0.0233742, 0.959923, 0.279286)","(-0.211774, -0.699885, -0.682139)","(-0.0115453, -0.710553, -0.703549)","(0.170306, -0.822433, -0.54277)","(0.0458308, -0.824079, -0.564618)","(0.115013, -0.987375, -0.108916)","(-0.151842, -0.988393, 0.00493187)","(0.0639578, -0.799466, -0.597296)","(0.0362223, -0.81936, -0.572134)",0
57.7333,"(0.0377516, -0.0645985, 1.90412e-05)","(-0.0203318, 0.966465, 0.255993)","(-0.307226, -0.646418, -0.698395)","(0.0716195, -0.628186, -0.77476)","(0.0262645, -0.879892, -0.474447)","(0.221338, -0.803037, -0.553299)","(0.115672, -0.987744, -0.104794)","(-0.151547, -0.98844, -0.0045472)","(0.059729, -0.80825, -0.585803)","(0.0506448, -0.82322, -0.565459)",0
57.7667,"(0.0377516, -0.0645985, 1.90412e-05)","(-0.0189982, 0.972887, 0.230498)","(-0.387636, -0.600988, -0.698965)","(0.1682, -0.574991, -0.800683)","(-0.0692995, -0.876989, -0.475488)","(0.377635, -0.749071, -0.54432)","(0.117333, -0.988808, -0.0921479)","(-0.151128, -0.988462, -0.0101995)","(0.0555876, -0.809038, -0.585122)","(0.0548366, -0.82322, -0.565068)",0
57.8,"(0.0377516, -0.0645985, 1.90412e-05)","(-0.017978, 0.983302, 0.181091)","(-0.490637, -0.642323, -0.588809)","(0.289323, -0.698064, -0.654981)","(-0.229512, -0.959819, -0.161465)","(0.626191, -0.766345, -0.143528)","(0.117294, -0.989332, -0.0864009)","(-0.150852, -0.988346, -0.0204084)","(0.057074, -0.80563, -0.589663)","(0.0565752, -0.807078, -0.587728)",0
57.8333,"(0.0368354, -0.0614103, 1.21384e-05)","(-0.0155938, 0.992535, 0.120957)","(-0.583127, -0.747453, -0.31824)","(0.367525, -0.860498, -0.352801)","(-0.368139, -0.828216, 0.422531)","(0.731516, -0.514484, 0.447427)","(0.114878, -0.989461, -0.0881423)","(-0.149438, -0.988165, -0.0346261)","(0.0611116, -0.809956, -0.583298)","(0.0541317, -0.801147, -0.596014)",0
57.8667,"(0.0366212, -0.0561779, 8.45501e-06)","(-0.0121093, 0.997807, 0.0650796)","(-0.585991, -0.809803, -0.0288954)","(0.37181, -0.926973, 0.049777)","(-0.488567, -0.381751, 0.784582)","(0.550308, -0.123228, 0.825818)","(0.111398, -0.989381, -0.0933572)","(-0.147436, -0.987839, -0.0493691)","(0.067791, -0.817018, -0.572614)","(0.0484242, -0.793503, -0.606637)",1
57.9,"(0.0364275, -0.0485767, 4.41197e-06)","(-0.00562061, 0.998891, 0.0467385)","(-0.545753, -0.831073, 0.107106)","(0.341784, -0.898737, 0.274692)","(-0.561847, -0.0200881, 0.826997)","(0.493488, 0.116913, 0.861859)","(0.112513, -0.98947, -0.0910465)","(-0.143883, -0.988181, -0.052878)","(0.0799183, -0.822205, -0.563552)","(0.0430265, -0.79542, -0.604529)",0
57.9333,"(0.036111, -0.0379647, 2.49361e-06)","(-0.000139375, 0.999002, 0.0446685)","(-0.503188, -0.849308, 0.159618)","(0.314274, -0.851608, 0.419517)","(-0.540792, 0.203214, 0.81624)","(0.400914, 0.303481, 0.864388)","(0.116306, -0.990098, -0.0786103)","(-0.140884, -0.989272, -0.0386396)","(0.0917181, -0.829853, -0.550392)","(0.0357708, -0.80203, -0.596211)",0
57.9667,"(0.0357027, -0.0256212, 2.36911e-06)","(0.00284036, 0.998589, 0.0530221)","(-0.444858, -0.858906, 0.253736)","(0.290705, -0.822122, 0.489496)","(-0.362373, 0.340661, 0.867546)","(0.283178, 0.422663, 0.86091)","(0.119908, -0.991664, -0.0471567)","(-0.139687, -0.990189, 0.00352119)","(0.106592, -0.847365, -0.520202)","(0.0272582, -0.822333, -0.568354)",0
58,"(0.0352356, -0.0148689, 3.72325e-06)","(0.00306457, 0.998134, 0.0609779)","(-0.36025, -0.849956, 0.38444)","(0.255815, -0.795524, 0.549272)","(-0.184921, 0.409903, 0.893187)","(0.149855, 0.510996, 0.84642)","(0.120316, -0.992707, -0.00759076)","(-0.140474, -0.986958, 0.0786129)","(0.113751, -0.874694, -0.471139)","(0.0201655, -0.855685, -0.517105)",0
58.0333,"(0.0347135, -0.00600914, 4.10891e-06)","(0.00192204, 0.999312, 0.037028)","(-0.288014, -0.81871, 0.496751)","(0.220271, -0.757416, 0.614656)","(-0.0169579, 0.524599, 0.851181)","(-0.0148722, 0.603076, 0.797545)","(0.118178, -0.992839, 0.0174438)","(-0.140414, -0.981394, 0.130955)","(0.118631, -0.885754, -0.448739)","(0.0170995, -0.867789, -0.496639)",0
58.0667,"(0.0341136, -0.000479925, 3.82937e-06)","(0.0014531, 0.999981, -0.00605123)","(-0.253454, -0.779191, 0.573256)","(0.184533, -0.711124, 0.678417)","(0.116038, 0.622231, 0.774186)","(-0.122519, 0.65841, 0.74262)","(0.115635, -0.993072, 0.0209126)","(-0.139536, -0.97918, 0.147435)","(0.117807, -0.884515, -0.451392)","(0.0169948, -0.869358, -0.493891)",0
58.1,"(0.0341136, -0.000479925, 3.82937e-06)","(0.00100532, 0.998443, -0.0557684)","(-0.231022, -0.742298, 0.628985)","(0.164346, -0.671472, 0.722576)","(0.210066, 0.66759, 0.71428)","(-0.19448, 0.698301, 0.688878)","(0.113056, -0.993379, 0.020432)","(-0.137159, -0.982556, 0.12558)","(0.116994, -0.878944, -0.462352)","(0.0155054, -0.862944, -0.505062)",0
58.1333,"(0.0341136, -0.000479925, 3.82937e-06)","(0.000984567, 0.996724, -0.0808682)","(-0.224782, -0.708989, 0.668436)","(0.147889, -0.653646, 0.74221)","(0.247414, 0.664735, 0.704921)","(-0.22038, 0.70409, 0.675048)","(0.110051, -0.993646, 0.0235844)","(-0.135485, -0.984708, 0.10952)","(0.119041, -0.877058, -0.465401)","(0.0144324, -0.867284, -0.497604)",0
58.1667,"(0.0341136, -0.000479925, 3.82937e-06)","(0.000686184, 0.996058, -0.0887063)","(-0.227761, -0.68749, 0.689552)","(0.136313, -0.647899, 0.74943)","(0.261212, 0.658276, 0.706003)","(-0.218947, 0.710904, 0.66834)","(0.106672, -0.993923, 0.0271681)","(-0.133933, -0.985963, 0.0996974)","(0.122285, -0.876423, -0.465756)","(0.0132397, -0.870262, -0.492411)",0
58.2,"(0.0318306, -0.00234876, -3.29078e-06)","(-0.00055602, 0.996086, -0.0883926)","(-0.242999, -0.656999, 0.713656)","(0.131004, -0.656597, 0.742778)","(0.281963, 0.643139, 0.711948)","(-0.211516, 0.692886, 0.689326)","(0.0979586, -0.994802, 0.0278159)","(-0.131959, -0.986667, 0.0952623)","(0.13155, -0.873269, -0.469144)","(0.0132389, -0.872065, -0.48921)",0
58.2333,"(0.0318306, -0.00234876, -3.29078e-06)","(-0.000989251, 0.997009, -0.077283)","(-0.24731, -0.628261, 0.737649)","(0.134894, -0.68025, 0.720461)","(0.306365, 0.619705, 0.722569)","(-0.195578, 0.662391, 0.723179)","(0.0900053, -0.995517, 0.0290634)","(-0.123022, -0.988073, 0.0926159)","(0.140417, -0.876108, -0.461213)","(0.0118959, -0.878685, -0.477254)",0
58.2667,"(0.0318306, -0.00234876, -3.29078e-06)","(-0.00142365, 0.997641, -0.0686275)","(-0.246355, -0.614479, 0.749483)","(0.139903, -0.706084, 0.694171)","(0.327677, 0.597031, 0.732245)","(-0.181224, 0.624739, 0.759512)","(0.0844407, -0.995953, 0.0307658)","(-0.108685, -0.989859, 0.0914731)","(0.146952, -0.889218, -0.43324)","(0.00654578, -0.890099, -0.455721)",0
58.3,"(0.03077, -0.0041453, -1.78466e-05)","(-0.00139903, 0.998316, -0.0579929)","(-0.240525, -0.607524, 0.757009)","(0.148267, -0.721812, 0.676021)","(0.342495, 0.58572, 0.734595)","(-0.170189, 0.606492, 0.776661)","(0.0861175, -0.99585, 0.0294389)","(-0.0944313, -0.992648, 0.0757153)","(0.145794, -0.902719, -0.404774)","(0.00503878, -0.901059, -0.433667)",0
58.3333,"(0.03077, -0.0041453, -1.78466e-05)","(-0.00202786, 0.999122, -0.0418543)","(-0.231952, -0.616835, 0.752139)","(0.165947, -0.729318, 0.663745)","(0.351484, 0.580104, 0.734805)","(-0.17245, 0.598571, 0.782287)","(0.0902247, -0.995122, 0.0399006)","(-0.0756065, -0.995586, 0.0555986)","(0.142703, -0.918645, -0.368411)","(0.00921614, -0.896118, -0.443721)",0
58.3667,"(0.03077, -0.0041453, -1.78466e-05)","(-0.00272476, 0.999887, -0.0147682)","(-0.222615, -0.615235, 0.75626)","(0.188916, -0.729785, 0.657058)","(0.357786, 0.573742, 0.736756)","(-0.179413, 0.597106, 0.781841)","(0.0949236, -0.993928, 0.0556456)","(-0.0600812, -0.998165, 0.00756354)","(0.139953, -0.927984, -0.345339)","(0.0215144, -0.868715, -0.494844)",0
58.4,"(0.0300403, -0.0063585, -1.84304e-05)","(-0.00348214, 0.999718, 0.0234896)","(-0.211069, -0.619002, 0.756496)","(0.216337, -0.723576, 0.655466)","(0.35754, 0.568756, 0.74073)","(-0.177739, 0.592403, 0.785791)","(0.102348, -0.991772, 0.0768965)","(-0.0440272, -0.997894, -0.047641)","(0.140454, -0.941606, -0.306024)","(0.0262176, -0.79544, -0.605464)",0
58.4333,"(0.0294412, -0.0103822, -1.56692e-05)","(-0.00036263, 0.998833, 0.0482901)","(-0.213024, -0.632548, 0.74465)","(0.255584, -0.71204, 0.653969)","(0.356799, 0.567216, 0.742268)","(-0.173895, 0.593652, 0.785708)","(0.107203, -0.99071, 0.0836706)","(-0.0342991, -0.996814, -0.0720151)","(0.151076, -0.942943, -0.296707)","(0.0182252, -0.686097, -0.727282)",0
58.4667,"(0.0288784, -0.0154772, -1.26312e-05)","(0.00600064, 0.998143, 0.0606196)","(-0.223247, -0.641239, 0.734149)","(0.315435, -0.687109, 0.654509)","(0.351742, 0.569169, 0.743186)","(-0.157781, 0.603885, 0.781299)","(0.111776, -0.990592, 0.078953)","(-0.0233033, -0.997686, -0.0638688)","(0.170265, -0.940779, -0.293164)","(0.000668268, -0.538745, -0.842469)",0
58.5,"(0.0283803, -0.0207244, -1.37943e-05)","(0.0127012, 0.998437, 0.0544186)","(-0.240336, -0.639329, 0.730409)","(0.396296, -0.660768, 0.637444)","(0.351351, 0.569279, 0.743286)","(-0.105141, 0.638529, 0.762381)","(0.112453, -0.991681, 0.0626329)","(-0.0183312, -0.998787, -0.0457088)","(0.189316, -0.932796, -0.306678)","(-0.0094981, -0.472755, -0.881143)",0
58.5333,"(0.028246, -0.0261575, -1.42515e-05)","(0.0147874, 0.998579, 0.0511943)","(-0.255073, -0.619793, 0.742155)","(0.457597, -0.654009, 0.602393)","(0.353913, 0.56675, 0.744003)","(0.023185, 0.658698, 0.75205)","(0.11486, -0.990882, 0.0704245)","(-0.0238666, -0.996355, -0.0818959)","(0.199405, -0.94186, -0.270439)","(-0.00483746, -0.482562, -0.875848)",0
58.5667,"(0.0287038, -0.0299997, -1.62992e-05)","(0.0116294, 0.998802, 0.0475251)","(-0.28047, -0.593227, 0.754598)","(0.498791, -0.671519, 0.547969)","(0.369534, 0.558932, 0.74232)","(0.188947, 0.649216, 0.736761)","(0.111877, -0.990626, 0.0783784)","(-0.0386076, -0.993199, -0.109841)","(0.200287, -0.946482, -0.253094)","(-0.0031427, -0.542113, -0.840299)",0
58.6,"(0.0287038, -0.0299997, -1.62992e-05)","(0.00381297, 0.998966, 0.0452946)","(-0.322603, -0.573362, 0.753116)","(0.512455, -0.699137, 0.498596)","(0.385036, 0.550966, 0.740395)","(0.325171, 0.604422, 0.727281)","(0.10808, -0.988888, 0.102075)","(-0.0537514, -0.991807, -0.115882)","(0.185944, -0.955803, -0.227741)","(-0.0287852, -0.578035, -0.815504)",0
58.6333,"(0.0313351, -0.0318785, -2.09132e-05)","(-0.00886212, 0.998914, 0.045736)","(-0.380385, -0.560287, 0.735789)","(0.525688, -0.709625, 0.469132)","(0.394384, 0.543507, 0.740987)","(0.390898, 0.572012, 0.721111)","(0.102471, -0.990357, 0.0932322)","(-0.0759493, -0.992689, -0.0938149)","(0.158665, -0.961439, -0.224633)","(-0.0540405, -0.631596, -0.773412)",0
58.6667,"(0.0333995, -0.0318684, -2.02942e-05)","(-0.0261295, 0.997614, 0.0639008)","(-0.446878, -0.55811, 0.699152)","(0.546278, -0.715934, 0.434764)","(0.385417, 0.537755, 0.749848)","(0.399439, 0.547377, 0.735409)","(0.09993, -0.991048, 0.0885264)","(-0.0991826, -0.989801, -0.102255)","(0.120886, -0.970599, -0.208143)","(-0.0679139, -0.710456, -0.700457)",0
58.7,"(0.0357006, -0.0307049, -2.05427e-05)","(-0.0456946, 0.994419, 0.0950919)","(-0.511658, -0.562384, 0.649562)","(0.551665, -0.725414, 0.411631)","(0.351016, 0.544573, 0.761727)","(0.382416, 0.525461, 0.760032)","(0.0973506, -0.992694, 0.0712793)","(-0.118197, -0.986199, -0.115933)","(0.0766329, -0.968655, -0.236296)","(-0.0660875, -0.787709, -0.612493)",0
58.7333,"(0.0381199, -0.0294139, -1.9573e-05)","(-0.0667171, 0.986948, 0.14657)","(-0.555037, -0.580491, 0.595788)","(0.532043, -0.747946, 0.396872)","(0.262203, 0.568344, 0.779894)","(0.373205, 0.503302, 0.779362)","(0.0962032, -0.992977, 0.0688542)","(-0.127654, -0.983814, -0.125757)","(0.0372635, -0.960044, -0.277359)","(-0.0757086, -0.8222, -0.564142)",0
58.7667,"(0.0405522, -0.0280642, -1.72642e-05)","(-0.0861455, 0.980087, 0.178907)","(-0.567143, -0.609969, 0.553431)","(0.495214, -0.770383, 0.401588)","(0.139865, 0.597332, 0.789704)","(0.383463, 0.49977, 0.77665)","(0.097727, -0.991553, 0.085276)","(-0.1344, -0.983732, -0.119196)","(2.03019e-05, -0.950021, -0.312187)","(-0.0978022, -0.832185, -0.545805)",0
58.8,"(0.042709, -0.0260255, -1.55617e-05)","(-0.104249, 0.975445, 0.19401)","(-0.56318, -0.63766, 0.525564)","(0.472957, -0.805517, 0.357006)","(0.0295799, 0.609561, 0.792187)","(0.41476, 0.504811, 0.757061)","(0.103574, -0.989831, 0.0974988)","(-0.140064, -0.98384, -0.111539)","(-0.0405552, -0.94733, -0.317681)","(-0.120581, -0.836798, -0.534069)",0
58.8333,"(0.0446218, -0.0229929, -1.43128e-05)","(-0.119074, 0.975814, 0.183326)","(-0.562744, -0.671074, 0.482679)","(0.44658, -0.844075, 0.296822)","(-0.026336, 0.597314, 0.801575)","(0.427887, 0.50866, 0.747113)","(0.112859, -0.988369, 0.101929)","(-0.140816, -0.984721, -0.10245)","(-0.0854909, -0.942896, -0.321929)","(-0.145407, -0.85639, -0.495432)",0
58.8667,"(0.0461666, -0.0201674, -1.0794e-05)","(-0.135568, 0.975534, 0.173076)","(-0.542217, -0.71432, 0.442435)","(0.390123, -0.89014, 0.23549)","(-0.0461719, 0.570771, 0.81981)","(0.428122, 0.505155, 0.749353)","(0.12679, -0.986946, 0.099302)","(-0.140393, -0.986339, -0.0861647)","(-0.134685, -0.93851, -0.317897)","(-0.173566, -0.876228, -0.449555)",0
58.9,"(0.0476778, -0.017942, -5.74607e-06)","(-0.153498, 0.976292, 0.15262)","(-0.498058, -0.775258, 0.388475)","(0.296133, -0.930296, 0.21646)","(-0.0403708, 0.542237, 0.839255)","(0.413621, 0.510443, 0.7539)","(0.160591, -0.981669, 0.102646)","(-0.141399, -0.987662, -0.0673101)","(-0.203247, -0.929574, -0.307545)","(-0.209399, -0.891432, -0.401873)",0
58.9333,"(0.0489414, -0.0159605, -4.04613e-06)","(-0.170625, 0.976473, 0.131858)","(-0.402076, -0.839701, 0.365016)","(0.188753, -0.960217, 0.205807)","(-0.0699995, 0.505056, 0.860243)","(0.406078, 0.526634, 0.746832)","(0.210558, -0.972615, 0.0984148)","(-0.151703, -0.987266, -0.0478695)","(-0.285888, -0.909504, -0.301781)","(-0.251999, -0.891339, -0.376844)",0
58.9667,"(0.0489414, -0.0159605, -4.04613e-06)","(-0.180572, 0.978279, 0.101807)","(-0.291504, -0.908007, 0.300913)","(0.118092, -0.965595, 0.231692)","(-0.110407, 0.422039, 0.89983)","(0.368514, 0.544339, 0.753586)","(0.298358, -0.937726, 0.177911)","(-0.166574, -0.985473, -0.0331003)","(-0.364222, -0.89642, -0.252533)","(-0.283867, -0.886702, -0.364937)",0
59,"(0.0509011, -0.0167626, 9.49949e-07)","(-0.185604, 0.979908, 0.0730151)","(-0.190877, -0.9509, 0.243629)","(0.0902307, -0.953334, 0.288118)","(-0.138116, 0.225107, 0.964495)","(0.285137, 0.570613, 0.770128)","(0.340984, -0.910811, 0.232708)","(-0.180845, -0.983097, -0.0285589)","(-0.385376, -0.891637, -0.237632)","(-0.284229, -0.881764, -0.376439)",0
59.0333,"(0.0517275, -0.0190324, 2.87779e-07)","(-0.186016, 0.981812, 0.0379927)","(-0.147656, -0.974057, 0.171498)","(0.121604, -0.921575, 0.368664)","(-0.0792834, -0.175392, 0.981301)","(0.168815, 0.576762, 0.799279)","(0.342638, -0.894784, 0.286287)","(-0.180934, -0.982606, -0.0418048)","(-0.375027, -0.89665, -0.235318)","(-0.294339, -0.864972, -0.406432)",0
59.0667,"(0.0517275, -0.0190324, 2.87779e-07)","(-0.184246, 0.982848, 0.00794447)","(-0.163532, -0.981711, 0.0974754)","(0.201019, -0.901433, 0.383418)","(0.0700677, -0.638173, 0.766698)","(0.0957524, 0.579045, 0.809653)","(0.310396, -0.918457, 0.245135)","(-0.17034, -0.984055, -0.0511782)","(-0.341565, -0.89511, -0.28655)","(-0.297398, -0.871081, -0.39086)",0
59.1,"(0.0517275, -0.0190324, 2.87779e-07)","(-0.179867, 0.983585, -0.0144547)","(-0.217944, -0.975563, 0.0278782)","(0.402425, -0.847062, 0.347189)","(0.217085, -0.881714, 0.418873)","(0.0908702, 0.551045, 0.829513)","(0.334958, -0.919592, 0.205313)","(-0.156738, -0.986254, -0.0523102)","(-0.354207, -0.886744, -0.297023)","(-0.305121, -0.880612, -0.362524)",0
59.1333,"(0.0517275, -0.0190324, 2.87779e-07)","(-0.165287, 0.986168, -0.012341)","(-0.272719, -0.961195, -0.0415844)","(0.658881, -0.70302, 0.267654)","(0.32247, -0.918615, 0.228384)","(0.15416, 0.512673, 0.844631)","(0.399186, -0.900783, 0.170998)","(-0.143943, -0.987494, -0.0643155)","(-0.388602, -0.874655, -0.289771)","(-0.287809, -0.909687, -0.299392)",0
59.1667,"(0.0489416, -0.0122802, 7.83429e-06)","(-0.130633, 0.991256, 0.0186261)","(-0.324815, -0.942657, -0.076769)","(0.843598, -0.492273, 0.214499)","(0.384727, -0.904774, 0.18267)","(0.230988, 0.491765, 0.83953)","(0.484854, -0.863074, 0.14149)","(-0.128211, -0.987801, -0.0883793)","(-0.4421, -0.849948, -0.286595)","(-0.267227, -0.926055, -0.26648)",0
59.2,"(0.0459599, -0.00631143, 1.39996e-05)","(-0.0826257, 0.994592, 0.0629235)","(-0.370924, -0.923715, -0.0957399)","(0.939431, -0.310602, 0.144897)","(0.41526, -0.88906, 0.192695)","(0.382081, 0.513817, 0.768118)","(0.557267, -0.818265, 0.141053)","(-0.0991046, -0.987578, -0.121937)","(-0.461785, -0.831868, -0.307815)","(-0.259204, -0.936152, -0.237557)",0
59.2333,"(0.0423827, -0.000716746, 1.85242e-05)","(-0.0391828, 0.994254, 0.0996184)","(-0.439728, -0.897355, -0.0373347)","(0.980932, -0.186189, 0.0557285)","(0.418794, -0.889032, 0.185022)","(0.551955, 0.521652, 0.650557)","(0.660452, -0.729853, 0.176401)","(-0.0689009, -0.990056, -0.122647)","(-0.49603, -0.795271, -0.348567)","(-0.227975, -0.95227, -0.203001)",0
59.2667,"(0.0386703, 0.00406152, 1.99916e-05)","(-0.0135852, 0.993305, 0.114719)","(-0.518976, -0.852054, 0.0683151)","(0.995996, -0.0739107, -0.050289)","(0.409467, -0.892521, 0.189061)","(0.71393, 0.465193, 0.523354)","(0.759934, -0.617059, 0.204298)","(-0.0295203, -0.993726, -0.107876)","(-0.538316, -0.754452, -0.375525)","(-0.19085, -0.969586, -0.153228)",0
59.3,"(0.0354445, 0.00798291, 2.22797e-05)","(0.00104395, 0.992446, 0.122682)","(-0.582986, -0.79844, 0.150401)","(0.996016, -0.0226672, -0.0862498)","(0.396751, -0.897838, 0.190988)","(0.786463, 0.387743, 0.480761)","(0.836697, -0.489334, 0.245948)","(0.0023443, -0.997207, -0.074648)","(-0.581104, -0.716482, -0.385968)","(-0.144363, -0.984759, -0.0970049)",0
59.3333,"(0.0327128, 0.0107274, 2.12207e-05)","(0.0146481, 0.99246, 0.121687)","(-0.635321, -0.754608, 0.164117)","(0.995255, -0.0135456, -0.096354)","(0.398137, -0.893491, 0.207751)","(0.811672, 0.341525, 0.473867)","(0.866299, -0.42201, 0.26727)","(0.028181, -0.998601, -0.0447492)","(-0.616607, -0.67828, -0.399665)","(-0.124446, -0.990285, -0.062044)",0
59.3667,"(0.0304975, 0.0126194, 1.95321e-05)","(0.0311361, 0.991792, 0.12401)","(-0.67312, -0.726337, 0.13908)","(0.994974, -0.0302274, -0.0954578)","(0.403468, -0.883852, 0.236685)","(0.808358, 0.328114, 0.488771)","(0.860748, -0.413694, 0.296597)","(0.0480384, -0.998709, -0.0164908)","(-0.640044, -0.639768, -0.42549)","(-0.126514, -0.99079, -0.0482601)",0
59.4,"(0.0286822, 0.0135782, 1.65986e-05)","(0.0508507, 0.990958, 0.12416)","(-0.707963, -0.695473, 0.122908)","(0.992522, -0.0300217, -0.118314)","(0.406214, -0.877368, 0.255371)","(0.815048, 0.31926, 0.483497)","(0.837407, -0.449226, 0.311362)","(0.0654353, -0.997847, -0.00432261)","(-0.692247, -0.560365, -0.454736)","(-0.140713, -0.9884, -0.0571466)",0
59.4333,"(0.0286822, 0.0135782, 1.65986e-05)","(0.0677328, 0.989896, 0.124569)","(-0.732141, -0.672972, 0.105252)","(0.99031, -0.0391593, -0.133236)","(0.421553, -0.861028, 0.28447)","(0.806328, 0.323512, 0.495152)","(0.806283, -0.491858, 0.328609)","(0.0783157, -0.996928, 0.000694706)","(-0.731501, -0.502394, -0.460984)","(-0.155197, -0.985434, -0.0695206)",0
59.4667,"(0.026235, 0.0100099, 1.64395e-05)","(0.0743492, 0.991055, 0.110826)","(-0.738037, -0.661944, 0.130884)","(0.989212, -0.0608057, -0.133274)","(0.492724, -0.78201, 0.381686)","(0.790891, 0.346628, 0.504321)","(0.761803, -0.540938, 0.356431)","(0.0740193, -0.997254, -0.00243381)","(-0.775311, -0.450043, -0.44312)","(-0.162487, -0.982057, -0.0957219)",0
59.5,"(0.0256915, 0.0042052, 1.58843e-05)","(0.0724309, 0.993318, 0.0898494)","(-0.705608, -0.67322, 0.221115)","(0.984819, -0.132453, -0.112193)","(0.612674, -0.564867, 0.552772)","(0.747821, 0.412885, 0.519894)","(0.682222, -0.626936, 0.376198)","(0.0599112, -0.998195, -0.00408164)","(-0.799598, -0.421862, -0.427406)","(-0.167125, -0.977885, -0.125736)",0
59.5333,"(0.0255204, -0.00216436, 1.43887e-05)","(0.0592328, 0.995539, 0.0734445)","(-0.589634, -0.721268, 0.363461)","(0.949957, -0.311699, -0.0206256)","(0.704485, -0.221769, 0.674181)","(0.6668, 0.484146, 0.566551)","(0.543944, -0.761751, 0.351938)","(0.045574, -0.998956, 0.003062)","(-0.802757, -0.37151, -0.466435)","(-0.170546, -0.971179, -0.16651)",0
59.5667,"(0.0255737, -0.00913035, 1.10848e-05)","(0.0406298, 0.995215, 0.0888666)","(-0.354847, -0.793181, 0.494921)","(0.814067, -0.567358, 0.124095)","(0.692924, 0.15716, 0.703674)","(0.558999, 0.557063, 0.614167)","(0.337795, -0.906538, 0.253147)","(0.0436405, -0.999043, 0.00278344)","(-0.776084, -0.443083, -0.448743)","(-0.168565, -0.961287, -0.217977)",0
59.6,"(0.0251024, -0.0158558, 5.85597e-06)","(0.0192505, 0.993634, 0.110999)","(-0.0552157, -0.845523, 0.531077)","(0.574138, -0.773653, 0.268006)","(0.649476, 0.406714, 0.642468)","(0.406447, 0.593935, 0.694293)","(0.111801, -0.983402, 0.142901)","(0.0359674, -0.999293, -0.0109703)","(-0.710167, -0.587994, -0.387204)","(-0.158382, -0.955039, -0.250632)",1
59.6333,"(0.0237487, -0.0212671, 3.46266e-06)","(0.0143104, 0.996348, 0.0841836)","(0.337898, -0.842181, 0.420187)","(0.397927, -0.813666, 0.423795)","(0.723244, 0.630821, 0.28104)","(0.210992, 0.591216, 0.778426)","(-0.0782227, -0.993702, 0.0802353)","(0.0296208, -0.9992, -0.0268755)","(-0.624162, -0.751002, -0.215449)","(-0.128702, -0.957641, -0.257603)",0
59.6667,"(0.0213807, -0.0236341, 1.63727e-06)","(0.0205809, 0.99904, 0.0386627)","(0.63236, -0.717729, 0.291524)","(0.318029, -0.778224, 0.541502)","(0.81357, 0.555386, -0.172193)","(0.0525907, 0.532825, 0.84459)","(-0.196126, -0.979089, 0.0540279)","(0.0222572, -0.9984, -0.0519835)","(-0.563372, -0.817108, -0.122254)","(-0.0933622, -0.963795, -0.249764)",0
59.7,"(0.0180073, -0.0249623, 1.28616e-06)","(0.0402245, 0.999171, -0.00624969)","(0.803579, -0.571078, 0.167722)","(0.281701, -0.715443, 0.639364)","(0.811372, 0.317311, -0.490906)","(-0.0179915, 0.479185, 0.877529)","(-0.25082, -0.967279, 0.0382122)","(0.0343877, -0.997255, -0.0655801)","(-0.528065, -0.845934, -0.0744522)","(-0.0543945, -0.96994, -0.237187)",0
59.7333,"(0.0137309, -0.0238226, 3.17264e-06)","(0.0530751, 0.998588, 0.0022664)","(0.860057, -0.479083, 0.175447)","(0.298787, -0.67593, 0.673681)","(0.896642, 0.139142, -0.420324)","(0.0385449, 0.460387, 0.886881)","(-0.268427, -0.96327, 0.00763625)","(0.0666676, -0.993896, -0.0878952)","(-0.493264, -0.867468, -0.0647289)","(-0.0463444, -0.970457, -0.23678)",0
59.7667,"(0.00914417, -0.0210367, 4.24013e-06)","(0.0646517, 0.997908, 0.000638928)","(0.894586, -0.415586, 0.164329)","(0.376186, -0.594421, 0.710737)","(0.921347, 0.0410341, -0.386569)","(0.0631727, 0.431273, 0.900007)","(-0.254158, -0.967115, 0.00964348)","(0.0957468, -0.991385, -0.089376)","(-0.476249, -0.87851, -0.0375006)","(-0.0489348, -0.974615, -0.218473)",0
59.8,"(0.00460684, -0.0171649, 3.16799e-06)","(0.0736711, 0.997266, -0.00572371)","(0.923867, -0.3512, 0.152079)","(0.527775, -0.521401, 0.670518)","(0.887431, 0.0458074, -0.458659)","(0.178226, 0.399708, 0.899149)","(-0.24507, -0.969401, 0.01425)","(0.125483, -0.988457, -0.0848911)","(-0.462851, -0.886128, -0.0233471)","(-0.0472006, -0.98133, -0.186451)",0
59.8333,"(0.000454748, -0.0133666, 4.12073e-06)","(0.0859886, 0.996109, -0.0192927)","(0.955164, -0.267716, 0.126451)","(0.679987, -0.4878, 0.54742)","(0.775448, 0.2001, -0.598866)","(0.303173, 0.457361, 0.836007)","(-0.237269, -0.971359, 0.0128653)","(0.144085, -0.986207, -0.0814618)","(-0.450489, -0.892589, -0.0185344)","(-0.0311378, -0.986118, -0.163103)",0
59.8667,"(-0.00307531, -0.00950878, 3.56063e-06)","(0.0984675, 0.994962, -0.018814)","(0.962502, -0.171096, 0.210512)","(0.842067, -0.479057, 0.247845)","(0.769038, 0.402271, -0.496749)","(0.57365, 0.528739, 0.625589)","(-0.241472, -0.970379, 0.00740925)","(0.164986, -0.983567, -0.0733202)","(-0.436744, -0.897781, -0.0569548)","(0.000362028, -0.98953, -0.144328)",0
59.9,"(-0.00599356, -0.00669153, 2.88207e-06)","(0.103298, 0.994473, -0.0188007)","(0.938522, -0.10595, 0.328559)","(0.990591, -0.129109, 0.0453927)","(0.805372, 0.458972, -0.375128)","(0.673373, 0.599194, 0.433053)","(-0.235258, -0.971929, 0.0027243)","(0.170567, -0.983545, -0.0595523)","(-0.440901, -0.893502, -0.085213)","(0.0295461, -0.990159, -0.13679)",0
59.9333,"(-0.00822991, -0.0047956, 3.94061e-06)","(0.105346, 0.994261, -0.0186367)","(0.891339, -0.0873429, 0.444845)","(0.963745, 0.246865, -0.101255)","(0.888492, 0.346415, -0.300963)","(0.754818, 0.567483, 0.328958)","(-0.223552, -0.974656, 0.00841948)","(0.172441, -0.984456, -0.0333076)","(-0.453158, -0.884787, -0.108629)","(0.0650202, -0.9907, -0.119523)",0
59.9667,"(-0.0100095, -0.00347888, 4.67077e-06)","(0.108214, 0.99381, -0.0251218)","(0.881421, -0.126897, 0.454966)","(0.854045, 0.517519, -0.0527324)","(0.881252, 0.212775, -0.422044)","(0.743621, 0.565499, 0.356705)","(-0.210198, -0.977579, 0.0124981)","(0.173203, -0.984843, -0.00927105)","(-0.460678, -0.881071, -0.107193)","(0.0833328, -0.990768, -0.106934)",0
60,"(-0.0100095, -0.00347888, 4.67077e-06)","(0.11821, 0.99274, -0.0222285)","(0.886073, -0.135608, 0.443267)","(0.865363, 0.498213, -0.0541337)","(0.875635, 0.172535, -0.451105)","(0.745683, 0.533218, 0.399545)","(-0.206403, -0.978295, 0.0183711)","(0.184101, -0.982901, 0.00350088)","(-0.454891, -0.885837, -0.0914748)","(0.0813788, -0.990788, -0.108245)",0
60.0333,"(-0.0131216, -0.00415355, -1.90195e-06)","(0.129246, 0.991533, 0.0125886)","(0.875601, -0.181053, 0.44782)","(0.884202, 0.465294, 0.0410866)","(0.922963, 0.162774, -0.348775)","(0.707742, 0.509009, 0.48991)","(-0.213868, -0.976407, 0.029826)","(0.207815, -0.97811, 0.0106634)","(-0.434489, -0.89839, -0.0641422)","(0.0568797, -0.991682, -0.115465)",0
60.0667,"(-0.0144187, -0.00748136, -5.93402e-06)","(0.133652, 0.989693, 0.0514189)","(0.850998, -0.276486, 0.446496)","(0.895114, 0.395216, 0.206338)","(0.944131, 0.222742, -0.242903)","(0.6645, 0.429014, 0.611872)","(-0.225342, -0.972968, 0.0505458)","(0.231667, -0.97213, 0.035971)","(-0.410253, -0.911614, -0.0255478)","(0.0248655, -0.991374, -0.128681)",0
60.1,"(-0.0153524, -0.013201, -6.48182e-06)","(0.124439, 0.986899, 0.102689)","(0.779504, -0.402604, 0.479879)","(0.80772, 0.290807, 0.512854)","(0.946601, 0.304684, -0.105422)","(0.477024, 0.336022, 0.812119)","(-0.228919, -0.969623, 0.0861855)","(0.249091, -0.962939, 0.103452)","(-0.391838, -0.920029, 0.00301599)","(-0.00342895, -0.992406, -0.122958)",0
60.1333,"(-0.0159503, -0.0220681, -4.72497e-06)","(0.1075, 0.986575, 0.122941)","(0.656105, -0.550604, 0.516102)","(0.714882, 0.279544, 0.640936)","(0.877077, 0.47957, 0.0273666)","(0.143836, 0.256111, 0.955886)","(-0.218943, -0.96932, 0.111729)","(0.248564, -0.93965, 0.235105)","(-0.387705, -0.921623, -0.0171877)","(-0.013441, -0.993324, -0.114572)",0
60.1667,"(-0.0160406, -0.0309613, -7.84174e-07)","(0.0888689, 0.988102, 0.125524)","(0.483064, -0.642989, 0.594319)","(0.665996, 0.341624, 0.663131)","(0.733618, 0.612872, 0.293585)","(-0.441433, 0.295636, 0.847193)","(-0.206574, -0.973163, 0.101399)","(0.247335, -0.921265, 0.30016)","(-0.392742, -0.917056, -0.0690048)","(-0.0123734, -0.987611, -0.156434)",0
60.2,"(-0.015477, -0.0389609, 7.93729e-06)","(0.0722288, 0.986775, 0.145114)","(0.236304, -0.661093, 0.712121)","(0.576581, 0.419932, 0.700865)","(0.474999, 0.591066, 0.651934)","(-0.727998, 0.278993, 0.626244)","(-0.195961, -0.97801, 0.0713866)","(0.254863, -0.939023, 0.230824)","(-0.396875, -0.905489, -0.150266)","(-0.00179939, -0.965346, -0.260968)",0
60.2333,"(-0.0144117, -0.0453373, 9.14182e-06)","(0.0561875, 0.985824, 0.158097)","(0.0131773, -0.613773, 0.789373)","(0.30177, 0.339701, 0.890808)","(0.138936, 0.504273, 0.852295)","(-0.813024, 0.342781, 0.470631)","(-0.195785, -0.979804, 0.0406448)","(0.253456, -0.963889, 0.0817138)","(-0.386727, -0.8954, -0.220682)","(0.00167788, -0.925498, -0.378748)",1
60.2667,"(-0.0134508, -0.0505891, 3.94708e-06)","(0.0331384, 0.983201, 0.179493)","(-0.182517, -0.629315, 0.755414)","(-0.167386, 0.141827, 0.975637)","(-0.0393652, 0.421667, 0.905896)","(-0.716562, 0.42731, 0.551312)","(-0.195173, -0.978324, 0.0692108)","(0.238315, -0.969, 0.0651459)","(-0.344364, -0.896899, -0.277464)","(-0.00546221, -0.886171, -0.463327)",0
60.3,"(-0.0124512, -0.052418, 4.03634e-07)","(0.0150167, 0.984884, 0.172563)","(-0.318702, -0.612261, 0.723578)","(-0.486009, -0.00251248, 0.87395)","(-0.0741414, 0.528581, 0.845639)","(-0.607074, 0.586297, 0.536392)","(-0.202388, -0.966441, 0.158214)","(0.214615, -0.964363, 0.154742)","(-0.257861, -0.904399, -0.339957)","(-0.0151763, -0.868767, -0.494988)",0
60.3333,"(-0.0124512, -0.052418, 4.03634e-07)","(-0.00511019, 0.985234, 0.171134)","(-0.470477, -0.547585, 0.691955)","(-0.688666, -0.0261384, 0.724607)","(0.0289399, 0.564911, 0.824644)","(-0.511743, 0.698236, 0.500586)","(-0.211427, -0.943725, 0.254325)","(0.188275, -0.95808, 0.21595)","(-0.154415, -0.905538, -0.395167)","(-0.0152691, -0.849454, -0.527442)",0
60.3667,"(-0.0124512, -0.052418, 4.03634e-07)","(-0.0137004, 0.984783, 0.173249)","(-0.655951, -0.376252, 0.654342)","(-0.789271, -0.00423508, 0.614031)","(0.134827, 0.614435, 0.777361)","(-0.391456, 0.784143, 0.48154)","(-0.221198, -0.932714, 0.284809)","(0.158995, -0.973179, 0.166264)","(-0.0642718, -0.897463, -0.436382)","(0.0276397, -0.833834, -0.551323)",0
60.4,"(-0.0131788, -0.0478537, -5.5084e-06)","(-0.0228489, 0.986014, 0.165086)","(-0.787325, -0.299408, 0.538957)","(-0.863906, -0.00804186, 0.503588)","(0.208522, 0.621501, 0.755153)","(-0.282865, 0.827515, 0.484981)","(-0.228548, -0.937956, 0.260775)","(0.118752, -0.988928, 0.0889945)","(-0.00892841, -0.907774, -0.419364)","(0.118384, -0.828431, -0.547437)",0
60.4333,"(-0.0151963, -0.0409189, 2.60398e-07)","(-0.021758, 0.988156, 0.151905)","(-0.859173, -0.268532, 0.43556)","(-0.901401, -0.0235574, 0.432343)","(0.24766, 0.633891, 0.732698)","(-0.181582, 0.904759, 0.385278)","(-0.218771, -0.953848, 0.205704)","(0.0817582, -0.995884, 0.0391195)","(0.0219585, -0.931657, -0.362675)","(0.232573, -0.828489, -0.509428)",0
60.4667,"(-0.0182645, -0.0327488, 1.78232e-06)","(-0.0145538, 0.991664, 0.128028)","(-0.853931, -0.281294, 0.437807)","(-0.940886, -0.0640658, 0.33261)","(0.240349, 0.618209, 0.748365)","(-0.136125, 0.974903, 0.176162)","(-0.196273, -0.971444, 0.133314)","(0.0610748, -0.998122, 0.00468813)","(0.0262689, -0.94882, -0.314724)","(0.31281, -0.838663, -0.445864)",0
60.5,"(-0.0220762, -0.0238802, 2.10181e-06)","(-0.00106388, 0.994539, 0.104363)","(-0.820073, -0.331353, 0.466567)","(-0.962501, -0.125769, 0.240362)","(0.241652, 0.596382, 0.765463)","(-0.117658, 0.991821, -0.0494803)","(-0.153303, -0.986644, 0.0550671)","(0.0598664, -0.998093, -0.0150345)","(0.01256, -0.958656, -0.284291)","(0.357215, -0.840273, -0.407846)",0
60.5333,"(-0.0256344, -0.0165141, 4.82565e-06)","(0.0164078, 0.99647, 0.082332)","(-0.766762, -0.405394, 0.497726)","(-0.959197, -0.228258, 0.16685)","(0.235832, 0.562161, 0.792691)","(-0.126007, 0.98824, -0.0866227)","(-0.110512, -0.99387, 0.00323675)","(0.0642515, -0.997471, -0.0303912)","(-0.00298885, -0.963074, -0.269221)","(0.393128, -0.837825, -0.378814)",0
60.5667,"(-0.0284994, -0.0115218, 6.69379e-06)","(0.0337877, 0.996989, 0.069792)","(-0.713191, -0.469106, 0.520863)","(-0.945098, -0.287582, 0.155201)","(0.25843, 0.539635, 0.801254)","(-0.160635, 0.986959, 0.010428)","(-0.0807863, -0.996723, 0.00408998)","(0.06198, -0.997314, -0.0390306)","(-0.00113945, -0.970267, -0.242036)","(0.432384, -0.823935, -0.3663)",0
60.6,"(-0.0306754, -0.00905395, 7.60695e-06)","(0.0484631, 0.996667, 0.0656282)","(-0.686984, -0.474758, 0.550143)","(-0.935611, -0.29546, 0.193222)","(0.297007, 0.527667, 0.795836)","(-0.192326, 0.976201, 0.10021)","(-0.0660461, -0.997712, 0.0144476)","(0.0403417, -0.998244, -0.0433724)","(0.000288991, -0.974673, -0.223634)","(0.460819, -0.789867, -0.404668)",0
60.6333,"(-0.0306754, -0.00905395, 7.60695e-06)","(0.0553375, 0.996069, 0.0691622)","(-0.666126, -0.397811, 0.63089)","(-0.909359, -0.213945, 0.356784)","(0.343458, 0.567562, 0.748271)","(-0.247565, 0.94245, 0.224721)","(-0.0556985, -0.997421, 0.045275)","(0.0120898, -0.998257, -0.0577705)","(-0.00700296, -0.984739, -0.173899)","(0.458092, -0.745815, -0.483644)",0
60.6667,"(-0.0319743, -0.0115613, 6.85723e-06)","(0.0572919, 0.992736, 0.105797)","(-0.644617, -0.222057, 0.731546)","(-0.813436, -0.0461694, 0.579819)","(0.358238, 0.584443, 0.728074)","(-0.294417, 0.893489, 0.33911)","(-0.0484774, -0.99273, 0.11017)","(-0.0220711, -0.997219, -0.0711869)","(-0.0240796, -0.985321, -0.169006)","(0.416548, -0.668392, -0.61623)",0
60.7,"(-0.0317335, -0.0142668, 1.66167e-06)","(0.0566292, 0.987324, 0.148273)","(-0.569694, 0.0523625, 0.820187)","(-0.62701, 0.166012, 0.761117)","(0.32158, 0.645769, 0.692509)","(-0.370031, 0.839004, 0.398935)","(-0.046347, -0.984453, 0.169422)","(-0.0489313, -0.99704, -0.0593009)","(-0.0364417, -0.984255, -0.172955)","(0.345737, -0.616094, -0.707739)",0
60.7333,"(-0.0313493, -0.0168044, -5.91986e-06)","(0.0541254, 0.982699, 0.177126)","(-0.468801, 0.357975, 0.807514)","(-0.490787, 0.385541, 0.781336)","(0.257662, 0.7211, 0.643137)","(-0.410393, 0.844373, 0.344402)","(-0.048733, -0.976687, 0.209061)","(-0.0794803, -0.996347, -0.0312234)","(-0.0432492, -0.971693, -0.232256)","(0.262829, -0.599752, -0.75579)",0
60.7667,"(-0.0304207, -0.0195046, -1.04266e-05)","(0.0469101, 0.983873, 0.172607)","(-0.325579, 0.568309, 0.75566)","(-0.415464, 0.529673, 0.739483)","(0.181677, 0.813252, 0.552825)","(-0.432513, 0.859677, 0.271825)","(-0.0512294, -0.979397, 0.195339)","(-0.101841, -0.994436, -0.0269425)","(-0.0464001, -0.963322, -0.264308)","(0.186236, -0.663124, -0.724971)",0
60.8,"(-0.0280232, -0.0203033, -1.09417e-05)","(0.0359186, 0.985278, 0.167143)","(-0.185369, 0.6081, 0.771915)","(-0.394374, 0.568813, 0.721749)","(0.124591, 0.836476, 0.533652)","(-0.409955, 0.867041, 0.283154)","(-0.0562644, -0.984912, 0.163656)","(-0.119153, -0.991129, -0.0588739)","(-0.0460166, -0.957261, -0.285541)","(0.122013, -0.692221, -0.711297)",0
60.8333,"(-0.0251043, -0.0194427, -9.77486e-06)","(0.0111027, 0.983044, 0.183032)","(-0.0534834, 0.494638, 0.867452)","(-0.355635, 0.50518, 0.786331)","(0.116417, 0.777443, 0.618085)","(-0.403889, 0.804232, 0.435986)","(-0.0651705, -0.990219, 0.123368)","(-0.12961, -0.988442, -0.0786362)","(-0.0669934, -0.962195, -0.263995)","(0.0603719, -0.720193, -0.691142)",0
60.8667,"(-0.0217419, -0.0174822, -6.01539e-06)","(-0.0116966, 0.980661, 0.195365)","(0.0320008, 0.329683, 0.943549)","(-0.323751, 0.342347, 0.882034)","(0.116177, 0.575419, 0.809565)","(-0.386403, 0.620783, 0.682145)","(-0.0733372, -0.992428, 0.0985355)","(-0.132242, -0.98917, -0.0636736)","(-0.0876207, -0.967248, -0.238233)","(0.0111767, -0.7665, -0.642147)",0
60.9,"(-0.0180896, -0.0148986, -1.55659e-06)","(-0.0352539, 0.98122, 0.189642)","(0.071994, 0.204605, 0.976193)","(-0.255699, 0.177197, 0.950379)","(0.12774, 0.287946, 0.949089)","(-0.337172, 0.351546, 0.873344)","(-0.0738371, -0.993937, 0.0814726)","(-0.131102, -0.991069, -0.0243795)","(-0.115149, -0.968304, -0.221647)","(-0.052968, -0.852383, -0.520228)",0
60.9333,"(-0.0146694, -0.0101417, 3.97346e-07)","(-0.0439143, 0.986072, 0.160418)","(0.0797578, 0.117282, 0.989891)","(-0.196529, 0.0330658, 0.97994)","(0.118201, 0.0339842, 0.992408)","(-0.277144, 0.146598, 0.949579)","(-0.0610074, -0.995366, 0.0743347)","(-0.128127, -0.991754, 0.00259927)","(-0.105715, -0.967597, -0.229306)","(-0.0920697, -0.917179, -0.387692)",0
60.9667,"(-0.0127434, -0.00525589, -1.33982e-06)","(-0.0503339, 0.990991, 0.124114)","(0.0839808, 0.00644222, 0.996446)","(-0.140283, -0.0770888, 0.987106)","(0.134863, -0.0691601, 0.988448)","(-0.278195, 0.0280773, 0.960114)","(-0.0348052, -0.996908, 0.0704439)","(-0.131451, -0.990861, 0.0302653)","(-0.0861725, -0.965845, -0.244374)","(-0.110724, -0.939508, -0.324138)",0
61,"(-0.0113114, -0.000580108, -3.1783e-06)","(-0.0501176, 0.994514, 0.0918185)","(0.0803118, -0.0954191, 0.992192)","(-0.112105, -0.156715, 0.981261)","(0.148606, -0.0870597, 0.985057)","(-0.313354, -0.0368964, 0.94892)","(0.00398722, -0.99687, 0.0789603)","(-0.13226, -0.9898, 0.0529463)","(-0.0509754, -0.965293, -0.256145)","(-0.109072, -0.940476, -0.321882)",0
61.0333,"(-0.0101877, 0.00294273, -3.57206e-06)","(-0.04646, 0.996921, 0.063174)","(0.0710281, -0.157671, 0.984934)","(-0.104295, -0.222334, 0.969376)","(0.163504, -0.0964318, 0.981818)","(-0.362391, -0.0741911, 0.929069)","(0.0512671, -0.99463, 0.0899043)","(-0.130942, -0.988529, 0.0752585)","(-0.0112244, -0.967019, -0.254458)","(-0.105829, -0.942143, -0.318067)",0
61.0667,"(-0.00912473, 0.00567611, -4.03968e-06)","(-0.0396882, 0.998013, 0.0489446)","(0.0796431, -0.167197, 0.982701)","(-0.106445, -0.252414, 0.961747)","(0.200652, -0.094395, 0.975104)","(-0.3915, -0.0547401, 0.918548)","(0.102594, -0.98633, 0.128949)","(-0.130291, -0.98862, 0.0752036)","(0.0450211, -0.975568, -0.215036)","(-0.0984582, -0.89259, -0.439988)",0
61.1,"(-0.00912473, 0.00567611, -4.03968e-06)","(-0.0318416, 0.998842, 0.0360765)","(0.114009, -0.151159, 0.981913)","(-0.117463, -0.249202, 0.961302)","(0.226405, -0.0445423, 0.973014)","(-0.416125, 0.0196421, 0.909095)","(0.140281, -0.973545, 0.180366)","(-0.142827, -0.987324, 0.0692299)","(0.0840132, -0.983181, -0.162162)","(-0.110638, -0.904236, -0.412453)",0
61.1333,"(-0.00689648, 0.00539702, -4.67286e-06)","(-0.0227306, 0.99905, 0.0371805)","(0.143454, -0.136698, 0.980171)","(-0.134891, -0.223832, 0.965248)","(0.291727, 0.0426075, 0.955552)","(-0.36237, 0.211341, 0.907757)","(0.15437, -0.961539, 0.227184)","(-0.153969, -0.985849, 0.0662897)","(0.112324, -0.98301, -0.14517)","(-0.119785, -0.897024, -0.425441)",0
61.1667,"(-0.00541003, 0.00206114, -2.94037e-06)","(-0.0184825, 0.999057, 0.0392933)","(0.152708, -0.123851, 0.98048)","(-0.0905092, -0.175536, 0.980304)","(0.318155, 0.243193, 0.916316)","(-0.310117, 0.435146, 0.845266)","(0.151684, -0.961482, 0.229227)","(-0.163735, -0.984168, 0.0678486)","(0.105938, -0.980886, -0.163217)","(-0.123792, -0.934703, -0.333175)",0
61.2,"(-0.00355786, -0.00224137, -6.73044e-06)","(-0.0161887, 0.999122, 0.0386376)","(0.103867, -0.0911627, 0.990404)","(0.0653019, -0.0731953, 0.995177)","(0.359508, 0.50578, 0.784181)","(-0.270597, 0.671672, 0.689662)","(0.150884, -0.969404, 0.193626)","(-0.160102, -0.986121, 0.0439653)","(0.10753, -0.978872, -0.173915)","(-0.103954, -0.911065, -0.398941)",0
61.2333,"(-0.00166038, -0.00771685, -7.80677e-06)","(-0.0148064, 0.999644, 0.0222057)","(-0.330242, 0.198665, 0.922753)","(0.445916, 0.21735, 0.868285)","(0.39692, 0.837193, 0.376248)","(-0.351472, 0.860691, 0.368345)","(0.157458, -0.975048, 0.156487)","(-0.166292, -0.986023, 0.0102569)","(0.0982463, -0.982715, -0.156905)","(-0.0885519, -0.836108, -0.541371)",1
61.2667,"(0.000351536, -0.0143486, -3.39444e-06)","(-0.0101973, 0.999743, 0.020271)","(-0.768735, 0.419042, 0.483168)","(0.740355, 0.418741, 0.525862)","(0.466854, 0.884331, 0.00240931)","(-0.407502, 0.90902, 0.0873179)","(0.170577, -0.976971, 0.128187)","(-0.17241, -0.984588, -0.0293611)","(0.102206, -0.985801, -0.133227)","(-0.093698, -0.769095, -0.632229)",0
61.3,"(0.0019641, -0.0197496, 2.04751e-06)","(-0.0116272, 0.995465, 0.0944117)","(-0.883254, 0.431902, 0.182545)","(0.837968, 0.44733, 0.312578)","(0.634078, 0.773004, -0.0202315)","(-0.529039, 0.82694, 0.190497)","(0.183325, -0.976567, 0.112732)","(-0.187103, -0.980631, -0.0579266)","(0.110675, -0.981238, -0.157872)","(-0.0969817, -0.686073, -0.72104)",0
61.3333,"(0.00340395, -0.0236808, 7.53822e-06)","(-0.0136115, 0.981799, 0.189436)","(-0.85989, 0.277276, 0.42861)","(0.864691, 0.243686, 0.439234)","(0.798419, 0.45467, 0.394718)","(-0.573493, 0.545991, 0.610737)","(0.195945, -0.973645, 0.116707)","(-0.201976, -0.972832, -0.113156)","(0.126732, -0.971006, -0.202697)","(-0.106024, -0.641121, -0.760081)",0
61.3667,"(0.00405338, -0.0262852, 1.67637e-05)","(-0.0130951, 0.963699, 0.266672)","(-0.813429, 0.0910519, 0.574493)","(0.819139, -0.00826105, 0.573536)","(0.707293, 0.0401773, 0.705778)","(-0.449062, 0.171621, 0.876863)","(0.202366, -0.968483, 0.145219)","(-0.215157, -0.962624, -0.164504)","(0.12947, -0.958697, -0.253255)","(-0.101469, -0.579584, -0.808571)",0
61.4,"(0.00405338, -0.0262852, 1.67637e-05)","(-0.000590809, 0.965247, 0.261339)","(-0.864614, -0.149229, 0.479764)","(0.786362, -0.29722, 0.541568)","(0.550556, -0.290018, 0.782802)","(-0.305578, -0.0427373, 0.951208)","(0.207782, -0.961858, 0.17792)","(-0.219504, -0.957, -0.189657)","(0.129947, -0.954522, -0.268331)","(-0.102787, -0.561388, -0.821145)",0
61.4333,"(0.00405338, -0.0262852, 1.67637e-05)","(0.00944243, 0.976996, 0.213047)","(-0.898731, -0.406313, 0.164901)","(0.789677, -0.55546, 0.260527)","(0.496606, -0.548811, 0.67245)","(-0.243153, -0.327281, 0.913107)","(0.212013, -0.960762, 0.178849)","(-0.205237, -0.961867, -0.180803)","(0.131446, -0.959127, -0.250594)","(-0.0807974, -0.57063, -0.817223)",0
61.4667,"(0.00405338, -0.0262852, 1.67637e-05)","(0.0197099, 0.98657, 0.162145)","(-0.809407, -0.564119, -0.163187)","(0.691723, -0.718003, -0.0773961)","(0.493212, -0.740126, 0.457117)","(-0.22683, -0.658255, 0.717808)","(0.205087, -0.968761, 0.139435)","(-0.157096, -0.975481, -0.154137)","(0.152615, -0.962546, -0.224083)","(-0.0332637, -0.420343, -0.906755)",0
61.5,"(0.00351126, -0.0241027, -9.1457e-06)","(0.0263902, 0.991747, 0.125465)","(-0.666299, -0.679578, -0.306951)","(0.503287, -0.811914, -0.2958)","(0.463511, -0.845706, 0.26446)","(-0.143057, -0.889, 0.434987)","(0.18189, -0.980141, 0.0789905)","(-0.102302, -0.988327, -0.112893)","(0.187803, -0.958791, -0.213189)","(0.054259, -0.159214, -0.985752)",0
61.5333,"(0.00351126, -0.0241027, -9.1457e-06)","(0.0340216, 0.992082, 0.120894)","(-0.545775, -0.779566, -0.307255)","(0.274549, -0.917524, -0.287701)","(0.397949, -0.889355, 0.225133)","(-0.0432191, -0.960284, 0.275656)","(0.14592, -0.989264, 0.0080161)","(-0.0443379, -0.99799, -0.0452823)","(0.227694, -0.941138, -0.24983)","(0.094948, 0.120102, -0.988211)",0
61.5667,"(0.00382357, -0.0218569, -1.54973e-05)","(0.037296, 0.990304, 0.133815)","(-0.414261, -0.860443, -0.296692)","(0.0490998, -0.964215, -0.260535)","(0.346471, -0.916046, 0.202033)","(0.0112831, -0.97646, 0.215404)","(0.109651, -0.99255, -0.0531232)","(-0.0105109, -0.999576, 0.0271415)","(0.266956, -0.904764, -0.331869)","(0.0953394, 0.235998, -0.967065)",0
61.6,"(0.00473671, -0.0197683, -1.56765e-05)","(0.0356544, 0.987188, 0.155525)","(-0.313113, -0.893004, -0.32327)","(-0.132099, -0.952528, -0.2743)","(0.375844, -0.925533, 0.0461639)","(-0.0766809, -0.984393, 0.158397)","(0.0806438, -0.993353, -0.082142)","(0.00217231, -0.997385, 0.0722449)","(0.286076, -0.871926, -0.397373)","(0.0584626, 0.21684, -0.974455)",0
61.6333,"(0.00607542, -0.0167822, -1.57086e-05)","(0.027853, 0.980393, 0.195074)","(-0.234603, -0.891508, -0.387524)","(-0.225789, -0.920186, -0.319807)","(0.400835, -0.897478, -0.184022)","(-0.191858, -0.977066, 0.0923762)","(0.0689863, -0.994125, -0.083406)","(-0.0104157, -0.99649, 0.0830594)","(0.277931, -0.861529, -0.42488)","(0.0427953, 0.0758941, -0.996197)",0
61.6667,"(0.00741366, -0.0138222, -2.13582e-05)","(0.0144265, 0.97319, 0.229551)","(-0.177474, -0.861906, -0.474996)","(-0.282522, -0.876522, -0.389732)","(0.394362, -0.830414, -0.393562)","(-0.241503, -0.968905, -0.0538437)","(0.0710262, -0.995019, -0.0699478)","(-0.0351093, -0.996483, 0.0760822)","(0.251174, -0.868596, -0.427144)","(0.0348907, -0.167287, -0.985291)",0
61.7,"(0.0087603, -0.0107232, -2.34918e-05)","(0.0034565, 0.967932, 0.251189)","(-0.131714, -0.831186, -0.540168)","(-0.270851, -0.858301, -0.435842)","(0.355736, -0.812948, -0.46105)","(-0.225437, -0.970564, -0.084761)","(0.0805214, -0.994724, -0.0635714)","(-0.0516266, -0.996065, 0.0720398)","(0.221348, -0.878122, -0.424155)","(0.0347763, -0.435448, -0.899542)",0
61.7333,"(0.00974015, -0.00849264, -2.57971e-05)","(-0.000444912, 0.968323, 0.2497)","(-0.115502, -0.841655, -0.527518)","(-0.224093, -0.876162, -0.426757)","(0.344951, -0.906683, -0.242766)","(-0.140376, -0.989174, -0.0427782)","(0.0893829, -0.994246, -0.0590439)","(-0.0584411, -0.993696, 0.0956686)","(0.193382, -0.884203, -0.425192)","(0.0287345, -0.672081, -0.73992)",0
61.7667,"(0.00974015, -0.00849264, -2.57971e-05)","(0.00368262, 0.975148, 0.221521)","(-0.0808402, -0.899492, -0.429395)","(-0.157521, -0.929633, -0.333122)","(0.276444, -0.95005, 0.144859)","(-0.0121341, -0.96288, 0.269655)","(0.0973252, -0.993623, -0.0569259)","(-0.0498171, -0.98909, 0.138633)","(0.160633, -0.886404, -0.434149)","(0.0153121, -0.822076, -0.569172)",0
61.8,"(0.0107265, -0.0160816, -2.52659e-05)","(0.0071728, 0.984914, 0.172899)","(-0.0658794, -0.969243, -0.237124)","(-0.0577096, -0.984261, -0.167032)","(0.183872, -0.827202, 0.530969)","(0.146811, -0.800478, 0.581104)","(0.104036, -0.992132, -0.0696486)","(-0.0363308, -0.978209, 0.204419)","(0.121423, -0.876498, -0.465841)","(0.0118507, -0.899968, -0.435794)",0
61.8333,"(0.0113818, -0.0239232, -2.20831e-05)","(0.011793, 0.992206, 0.124047)","(-0.0610126, -0.99191, -0.111317)","(0.0432291, -0.997477, 0.0563199)","(0.0787194, -0.742652, 0.665035)","(0.2584, -0.501455, 0.825695)","(0.107164, -0.991061, -0.0794553)","(-0.024234, -0.972605, 0.231198)","(0.0999221, -0.857372, -0.504905)","(0.0188048, -0.908591, -0.417263)",0
61.8667,"(0.0125092, -0.0326628, -2.10625e-05)","(0.0142118, 0.995607, 0.0925427)","(-0.0953344, -0.993402, -0.0637521)","(0.187785, -0.942591, 0.276152)","(-0.0235105, -0.741556, 0.670479)","(0.331509, -0.211114, 0.919528)","(0.108817, -0.989629, -0.0937682)","(-0.0264198, -0.962113, 0.271369)","(0.0879895, -0.815611, -0.571871)","(0.0367329, -0.911368, -0.409949)",0
61.9,"(0.0144868, -0.040929, -1.98152e-05)","(0.0164317, 0.995793, 0.0901503)","(-0.11879, -0.986835, -0.109754)","(0.352339, -0.820691, 0.449804)","(-0.164766, -0.817436, 0.551952)","(0.346679, 0.0680633, 0.935511)","(0.109596, -0.989602, -0.0931504)","(-0.0308048, -0.961703, 0.272356)","(0.078769, -0.762412, -0.64228)","(0.035929, -0.885137, -0.463941)",0
61.9333,"(0.0170012, -0.0458074, -1.61814e-05)","(0.0144648, 0.995396, 0.0947542)","(-0.128885, -0.9824, -0.1352)","(0.53182, -0.646343, 0.547182)","(-0.293107, -0.860873, 0.415916)","(0.284961, 0.311389, 0.906551)","(0.109894, -0.989384, -0.0950899)","(-0.0334394, -0.957981, 0.284876)","(0.0680176, -0.693184, -0.717544)","(0.020674, -0.869958, -0.492693)",0
61.9667,"(0.0200751, -0.0466083, -1.06045e-05)","(0.0111691, 0.995565, 0.0934161)","(-0.108276, -0.979176, -0.171726)","(0.673614, -0.445552, 0.589685)","(-0.391681, -0.869319, 0.301448)","(0.152099, 0.484598, 0.861412)","(0.110909, -0.993822, 0.00413889)","(-0.035905, -0.975706, 0.216124)","(0.0593048, -0.674558, -0.735836)","(-0.00129418, -0.855601, -0.517635)",0
62,"(0.0234876, -0.0441534, -6.56986e-06)","(0.00573663, 0.996744, 0.0804287)","(-0.081438, -0.978511, -0.18943)","(0.744145, -0.286144, 0.603631)","(-0.475893, -0.836643, 0.271209)","(0.0127771, 0.571372, 0.820592)","(0.0974726, -0.96969, 0.224054)","(-0.0468179, -0.987382, 0.151276)","(0.0734942, -0.714582, -0.69568)","(-0.0218641, -0.853921, -0.519944)",0
62.0333,"(0.0270991, -0.0393691, -7.59266e-06)","(-0.0069281, 0.998661, 0.0512675)","(-0.0526955, -0.977526, -0.204122)","(0.770034, -0.172077, 0.614359)","(-0.570296, -0.772725, 0.278673)","(-0.104091, 0.600159, 0.793079)","(0.0691999, -0.923179, 0.378089)","(-0.0676147, -0.994039, 0.0855313)","(0.0854726, -0.777277, -0.623325)","(-0.0293523, -0.867316, -0.496892)",0
62.0667,"(0.0305409, -0.0330393, -1.40226e-05)","(-0.0298251, 0.999552, 0.00239336)","(-0.039609, -0.983984, -0.173802)","(0.730954, -0.151897, 0.665307)","(-0.670473, -0.665071, 0.328857)","(-0.168527, 0.610508, 0.773872)","(0.0460417, -0.929576, 0.365743)","(-0.0954793, -0.993514, 0.0617506)","(0.0923753, -0.854169, -0.511724)","(-0.0307317, -0.884595, -0.465346)",0
62.1,"(0.0334496, -0.0267936, -2.19825e-05)","(-0.0584527, 0.997337, -0.0436222)","(-0.0348098, -0.992268, -0.119134)","(0.631057, -0.182129, 0.754053)","(-0.72797, -0.541995, 0.419882)","(-0.175912, 0.617621, 0.76655)","(0.0419983, -0.974072, 0.222307)","(-0.114389, -0.992606, 0.0405957)","(0.081898, -0.904761, -0.417971)","(-0.0284576, -0.909723, -0.41424)",0
62.1333,"(0.0356769, -0.0219068, -3.15617e-05)","(-0.0826713, 0.993738, -0.0751747)","(-0.0429012, -0.995429, -0.0853248)","(0.50415, -0.259173, 0.823809)","(-0.765442, -0.4203, 0.487284)","(-0.13216, 0.632513, 0.763191)","(0.052559, -0.991815, 0.116365)","(-0.120793, -0.992415, 0.0228267)","(0.0650121, -0.942703, -0.327239)","(-0.0378571, -0.927436, -0.37206)",0
62.1667,"(0.0370004, -0.0177897, -4.20898e-05)","(-0.0955538, 0.991981, -0.0827287)","(-0.0634024, -0.994186, -0.0870348)","(0.390439, -0.318346, 0.863837)","(-0.800871, -0.301131, 0.517615)","(-0.0615402, 0.625017, 0.778182)","(0.0649662, -0.994599, 0.0809417)","(-0.117859, -0.99294, 0.0133699)","(0.0505766, -0.956789, -0.286349)","(-0.0493667, -0.935444, -0.350009)",0
62.2,"(0.0375515, -0.0152814, -4.77727e-05)","(-0.0989518, 0.990693, -0.0934695)","(-0.10251, -0.988534, -0.110872)","(0.322676, -0.379746, 0.866991)","(-0.838089, -0.167933, 0.519043)","(-0.0166476, 0.618638, 0.7855)","(0.0808849, -0.995281, 0.0536089)","(-0.113013, -0.993565, 0.0075678)","(0.0349547, -0.961017, -0.27427)","(-0.05446, -0.93837, -0.341315)",0
62.2333,"(0.0375515, -0.0152814, -4.77727e-05)","(-0.0963338, 0.989498, -0.10777)","(-0.141082, -0.980467, -0.137041)","(0.268061, -0.455726, 0.848797)","(-0.869823, -0.0180762, 0.493033)","(0.0160296, 0.62138, 0.783345)","(0.0919644, -0.994903, 0.0413545)","(-0.109266, -0.994002, 0.0046107)","(0.0249698, -0.960044, -0.278732)","(-0.0535174, -0.938331, -0.34157)",0
62.2667,"(0.0375515, -0.0152814, -4.77727e-05)","(-0.0926651, 0.987817, -0.125023)","(-0.183628, -0.975168, -0.123808)","(0.229326, -0.565209, 0.792432)","(-0.836638, 0.151118, 0.526498)","(0.0263231, 0.65299, 0.756909)","(0.0989603, -0.994454, 0.0356245)","(-0.107479, -0.994192, 0.00557216)","(0.0166328, -0.956891, -0.289971)","(-0.0484869, -0.931859, -0.359567)",0
62.3,"(0.0375515, -0.0152814, -4.77727e-05)","(-0.0881714, 0.988297, -0.12448)","(-0.230219, -0.972798, -0.025764)","(0.20261, -0.666343, 0.71759)","(-0.727296, 0.302156, 0.616232)","(0.0359073, 0.652231, 0.75717)","(0.0990198, -0.994501, 0.0341045)","(-0.104337, -0.99446, 0.012758)","(0.0165766, -0.95026, -0.311017)","(-0.0477082, -0.919777, -0.389531)",0
62.3333,"(0.0371482, -0.018308, -3.24335e-05)","(-0.0839232, 0.991041, -0.103896)","(-0.281931, -0.942031, 0.181913)","(0.176921, -0.755789, 0.630462)","(-0.537458, 0.397258, 0.743858)","(0.0497872, 0.611335, 0.789804)","(0.0972522, -0.994624, 0.0355584)","(-0.0997119, -0.994605, 0.0286003)","(0.0268764, -0.940782, -0.337945)","(-0.048976, -0.899039, -0.43512)",0
62.3667,"(0.0368389, -0.022008, -2.22913e-05)","(-0.0806457, 0.99408, -0.072808)","(-0.344449, -0.856551, 0.384286)","(0.164801, -0.809095, 0.564098)","(-0.338974, 0.464386, 0.818194)","(0.0857252, 0.546455, 0.83309)","(0.0950546, -0.994793, 0.0367592)","(-0.0925294, -0.994457, 0.0499286)","(0.0519208, -0.927333, -0.370617)","(-0.0448157, -0.875233, -0.481621)",0
62.4,"(0.0354682, -0.0254897, -1.40047e-05)","(-0.0743649, 0.996686, -0.032979)","(-0.400986, -0.756568, 0.516541)","(0.145241, -0.854591, 0.498576)","(-0.179711, 0.517944, 0.836324)","(0.164526, 0.492785, 0.854455)","(0.0933175, -0.994986, 0.0359795)","(-0.0784486, -0.994726, 0.0660727)","(0.0857102, -0.906331, -0.413784)","(-0.0424235, -0.832534, -0.552348)",0
62.4333,"(0.0334298, -0.0278193, -9.44161e-06)","(-0.0551841, 0.998428, -0.00976735)","(-0.480048, -0.671896, 0.564012)","(0.126229, -0.885935, 0.446302)","(-0.0298103, 0.551177, 0.833856)","(0.271999, 0.438479, 0.856593)","(0.09447, -0.994932, 0.0344459)","(-0.0660235, -0.995093, 0.0736994)","(0.122744, -0.888767, -0.441618)","(-0.0207768, -0.80353, -0.594901)",0
62.4667,"(0.0308741, -0.0293253, -6.1665e-06)","(-0.0252093, 0.999662, 0.00642637)","(-0.557203, -0.575137, 0.598951)","(0.0989715, -0.923847, 0.369746)","(0.0866363, 0.562902, 0.82197)","(0.379088, 0.37078, 0.84783)","(0.103489, -0.994278, 0.0264682)","(-0.0558581, -0.995657, 0.0744815)","(0.146347, -0.872094, -0.466942)","(0.00525106, -0.780601, -0.625007)",0
62.5,"(0.02798, -0.0304343, -5.33527e-06)","(0.00663693, 0.999934, 0.00939335)","(-0.584452, -0.493204, 0.644334)","(0.073209, -0.955928, 0.284329)","(0.156405, 0.554421, 0.817408)","(0.465855, 0.303659, 0.831126)","(0.118391, -0.992811, 0.0175949)","(-0.0566813, -0.995544, 0.0753604)","(0.155964, -0.867876, -0.471663)","(0.0457223, -0.762258, -0.645656)",0
62.5333,"(0.0250215, -0.0290076, -5.98016e-06)","(0.0324727, 0.999389, 0.0129135)","(-0.56894, -0.428103, 0.702164)","(0.0609531, -0.974213, 0.217239)","(0.186121, 0.561176, 0.806498)","(0.523265, 0.252804, 0.813808)","(0.131444, -0.991323, 0.00106061)","(-0.0626462, -0.995008, 0.0776867)","(0.151031, -0.854351, -0.497266)","(0.0694628, -0.740845, -0.668075)",0
62.5667,"(0.0226903, -0.025827, -7.20168e-06)","(0.0548026, 0.998484, 0.00508055)","(-0.513129, -0.431876, 0.741742)","(0.0582551, -0.9818, 0.180761)","(0.174914, 0.571234, 0.801933)","(0.548409, 0.235817, 0.80227)","(0.136421, -0.990612, -0.00876484)","(-0.0713904, -0.994137, 0.081212)","(0.14877, -0.8451, -0.513491)","(0.0831136, -0.782922, -0.616543)",0
62.6,"(0.0208947, -0.0222469, -9.0668e-06)","(0.0751344, 0.996994, -0.0188937)","(-0.453491, -0.45385, 0.767051)","(0.0644223, -0.980852, 0.183792)","(0.147223, 0.587629, 0.795624)","(0.547392, 0.246449, 0.799766)","(0.134805, -0.990808, -0.0112657)","(-0.0809558, -0.991003, 0.106579)","(0.158834, -0.83709, -0.5235)","(0.087287, -0.878311, -0.470054)",0
62.6333,"(0.0193263, -0.0186966, -1.23493e-05)","(0.0838511, 0.994673, -0.0599492)","(-0.363659, -0.49368, 0.789957)","(0.0760599, -0.978271, 0.192875)","(0.121721, 0.587104, 0.800308)","(0.533845, 0.294537, 0.792627)","(0.134703, -0.990865, -0.00648771)","(-0.0853577, -0.988151, 0.12756)","(0.167119, -0.846643, -0.505239)","(0.0840682, -0.942832, -0.32249)",0
62.6667,"(0.0179982, -0.0155132, -1.62736e-05)","(0.0853338, 0.992575, -0.0866792)","(-0.267223, -0.515752, 0.813997)","(0.0820188, -0.970289, 0.227624)","(0.104665, 0.564576, 0.818718)","(0.511275, 0.341806, 0.788522)","(0.13527, -0.990806, -0.00220712)","(-0.0867031, -0.984944, 0.149562)","(0.175119, -0.864221, -0.471652)","(0.0785921, -0.964941, -0.250425)",0
62.7,"(0.0170166, -0.0135475, -2.31702e-05)","(0.0802084, 0.991146, -0.105812)","(-0.198743, -0.577063, 0.792149)","(0.075082, -0.96184, 0.263109)","(0.0916069, 0.558284, 0.824577)","(0.464414, 0.406093, 0.787025)","(0.136177, -0.990674, -0.00448087)","(-0.0844095, -0.984636, 0.152862)","(0.171411, -0.886773, -0.429245)","(0.0713449, -0.9673, -0.243393)",0
62.7333,"(0.0170166, -0.0135475, -2.31702e-05)","(0.077427, 0.991694, -0.102708)","(-0.175712, -0.665632, 0.725299)","(0.0507489, -0.941274, 0.333809)","(0.0796111, 0.545126, 0.834566)","(0.388886, 0.444065, 0.807202)","(0.136004, -0.990492, -0.0206886)","(-0.0837415, -0.976748, 0.19736)","(0.173156, -0.882041, -0.438201)","(0.0652526, -0.976352, -0.206104)",0
62.7667,"(0.0158888, -0.0156054, -2.32669e-05)","(0.0728078, 0.993968, -0.0820178)","(-0.162631, -0.790808, 0.590063)","(0.00314374, -0.933685, 0.358083)","(0.0685311, 0.493806, 0.866868)","(0.301309, 0.43691, 0.847539)","(0.136305, -0.99005, -0.0349416)","(-0.084072, -0.96718, 0.23978)","(0.17329, -0.854556, -0.489596)","(0.0622085, -0.974104, -0.217376)",0
62.8,"(0.0157286, -0.0190706, -2.14959e-05)","(0.0588764, 0.997376, -0.0421296)","(-0.159141, -0.88822, 0.430976)","(-0.0250059, -0.934198, 0.355878)","(0.0746214, 0.324407, 0.94297)","(0.191007, 0.310981, 0.931025)","(0.133413, -0.990001, -0.0458222)","(-0.0881659, -0.949557, 0.300945)","(0.169396, -0.808239, -0.563963)","(0.0599448, -0.968751, -0.240682)",0
62.8333,"(0.0157618, -0.0227323, -1.55277e-05)","(0.0376479, 0.999273, 0.00606928)","(-0.154633, -0.946117, 0.284519)","(-0.0327463, -0.955604, 0.292827)","(0.0260976, 0.0492963, 0.998443)","(0.13724, 0.0617726, 0.98861)","(0.128265, -0.990464, -0.0502953)","(-0.0929628, -0.900912, 0.423929)","(0.160492, -0.766992, -0.621261)","(0.0578422, -0.960975, -0.270522)",0
62.8667,"(0.0158575, -0.0260362, -5.44153e-06)","(0.0141586, 0.997842, 0.0641178)","(-0.171812, -0.980255, 0.0978841)","(-0.00940468, -0.983137, 0.182628)","(-0.0880771, -0.435996, 0.895628)","(0.103213, -0.402416, 0.90962)","(0.123149, -0.990787, -0.0563577)","(-0.0979937, -0.885973, 0.453265)","(0.152104, -0.756923, -0.635557)","(0.0614348, -0.947473, -0.313879)",0
62.9,"(0.0158575, -0.0260362, -5.44153e-06)","(-0.00390879, 0.988532, 0.150958)","(-0.175426, -0.979872, -0.0952661)","(0.0106942, -0.999456, 0.0311942)","(-0.173613, -0.766698, 0.618088)","(0.0925155, -0.757118, 0.646694)","(0.119886, -0.990885, -0.0614383)","(-0.0972365, -0.920998, 0.377236)","(0.150636, -0.783641, -0.602674)","(0.082604, -0.92632, -0.367571)",0
62.9333,"(0.0163867, -0.0282834, 4.65869e-06)","(-0.0199148, 0.969965, 0.242427)","(-0.159335, -0.95622, -0.245469)","(0.0281286, -0.99431, -0.102746)","(-0.173512, -0.919884, 0.35172)","(0.0551481, -0.919064, 0.390232)","(0.121925, -0.991384, -0.0478762)","(-0.0852197, -0.982531, 0.165443)","(0.150225, -0.845429, -0.512525)","(0.125572, -0.888737, -0.440884)",0
62.9667,"(0.0163867, -0.0282834, 4.65869e-06)","(-0.0316993, 0.953893, 0.29847)","(-0.137265, -0.95196, -0.273733)","(0.044245, -0.987059, -0.154133)","(-0.0549977, -0.936115, 0.347367)","(0.0386278, -0.93624, 0.34923)","(0.121458, -0.991875, -0.0378294)","(-0.0943757, -0.993078, 0.0699218)","(0.155072, -0.890675, -0.427376)","(0.25178, -0.821336, -0.511873)",0
63,"(0.0162104, -0.0236281, -1.48918e-06)","(-0.0326816, 0.951562, 0.305715)","(-0.0826525, -0.965567, -0.246677)","(0.0785936, -0.987088, -0.13957)","(0.0557658, -0.939097, 0.339097)","(0.00875466, -0.939149, 0.343398)","(0.129699, -0.99044, -0.0469831)","(-0.12107, -0.990617, 0.0633965)","(0.176873, -0.917812, -0.355439)","(0.421319, -0.653268, -0.629071)",0
63.0333,"(0.01572, -0.0194422, -1.22589e-05)","(-0.0191835, 0.956532, 0.290995)","(-0.0317123, -0.972107, -0.232384)","(0.138821, -0.982562, -0.123694)","(0.18054, -0.921179, 0.344723)","(-0.075434, -0.940426, 0.331525)","(0.138323, -0.987886, -0.070345)","(-0.161321, -0.982498, 0.0931274)","(0.19769, -0.92693, -0.318935)","(0.567042, -0.367988, -0.736918)",0
63.0667,"(0.0150071, -0.015283, -2.10411e-05)","(0.000370347, 0.962435, 0.271511)","(0.0213549, -0.959326, -0.281492)","(0.234711, -0.965785, -0.110313)","(0.202909, -0.922785, 0.327561)","(-0.205769, -0.933209, 0.294586)","(0.147368, -0.984951, -0.0902987)","(-0.183493, -0.974614, 0.12829)","(0.210892, -0.936126, -0.28141)","(0.610656, -0.091401, -0.786604)",0
63.1,"(0.0140558, -0.0117128, -2.83252e-05)","(0.0189446, 0.968866, 0.246859)","(0.0348001, -0.94236, -0.332787)","(0.331955, -0.928886, -0.16425)","(0.204104, -0.941211, 0.269189)","(-0.316074, -0.930626, 0.184479)","(0.148022, -0.984926, -0.0895017)","(-0.195267, -0.966617, 0.165901)","(0.206954, -0.939337, -0.273527)","(0.585147, 0.10583, -0.803992)",0
63.1333,"(0.0132073, -0.00794417, -3.66406e-05)","(0.0393729, 0.976109, 0.213686)","(0.0489849, -0.924859, -0.377143)","(0.42782, -0.875753, -0.223665)","(0.158543, -0.965433, 0.20689)","(-0.398616, -0.915252, 0.0584736)","(0.144632, -0.985027, -0.093824)","(-0.198811, -0.964154, 0.175732)","(0.210585, -0.942801, -0.258418)","(0.542863, 0.223798, -0.809453)",0
63.1667,"(0.0126983, -0.00473553, -4.51795e-05)","(0.0589979, 0.982971, 0.174031)","(0.0688282, -0.918498, -0.389389)","(0.503056, -0.820327, -0.272025)","(0.113749, -0.9837, 0.139266)","(-0.452001, -0.890786, -0.0468528)","(0.141211, -0.984504, -0.103981)","(-0.201688, -0.967395, 0.153197)","(0.217143, -0.944097, -0.24805)","(0.49609, 0.27677, -0.822978)",0
63.2,"(0.012452, -0.00270435, -5.06977e-05)","(0.0737307, 0.987439, 0.139739)","(0.0832216, -0.916054, -0.392324)","(0.559151, -0.784781, -0.267338)","(0.0692166, -0.990605, 0.11794)","(-0.468793, -0.880706, -0.0677462)","(0.137541, -0.983364, -0.118648)","(-0.200173, -0.97522, 0.0942145)","(0.225744, -0.947948, -0.224576)","(0.446725, 0.243892, -0.860787)",0
63.2333,"(0.012452, -0.00270435, -5.06977e-05)","(0.0786824, 0.989455, 0.121606)","(0.078346, -0.90168, -0.425246)","(0.576221, -0.772217, -0.267676)","(-0.0365882, -0.992882, 0.113344)","(-0.435734, -0.900035, -0.00857454)","(0.13306, -0.98319, -0.125027)","(-0.226526, -0.972501, 0.054106)","(0.227589, -0.95229, -0.203339)","(0.443226, 0.201439, -0.873483)",0
63.2667,"(0.012452, -0.00270435, -5.06977e-05)","(0.0800711, 0.988533, 0.128027)","(0.0454708, -0.898049, -0.437538)","(0.568228, -0.793425, -0.218158)","(-0.218606, -0.959437, 0.17802)","(-0.380729, -0.905878, 0.185557)","(0.130518, -0.984778, -0.114792)","(-0.273909, -0.960886, 0.0408903)","(0.228738, -0.955096, -0.188338)","(0.511699, 0.106627, -0.852522)",0
63.3,"(0.012452, -0.00270435, -5.06977e-05)","(0.0768864, 0.987074, 0.14062)","(-0.0139892, -0.913993, -0.405488)","(0.520608, -0.850924, -0.0699686)","(-0.418009, -0.809066, 0.413135)","(-0.373369, -0.74702, 0.550052)","(0.127164, -0.986745, -0.10081)","(-0.331187, -0.9357, 0.121572)","(0.227213, -0.951077, -0.209349)","(0.613594, 0.0172504, -0.789434)",0
63.3333,"(0.0153211, -0.00318644, -3.62736e-05)","(0.0734791, 0.985981, 0.149807)","(-0.0716304, -0.970587, -0.229847)","(0.409623, -0.902904, 0.130279)","(-0.488876, -0.507647, 0.709433)","(-0.34864, -0.380462, 0.856562)","(0.109393, -0.990145, -0.0874388)","(-0.367849, -0.875249, 0.314048)","(0.232923, -0.938638, -0.254374)","(0.629735, -0.188672, -0.75355)",1
63.3667,"(0.0153211, -0.00318644, -3.62736e-05)","(0.0618204, 0.987287, 0.146432)","(-0.121544, -0.991825, 0.0388639)","(0.261183, -0.919096, 0.295036)","(-0.35636, -0.149685, 0.922281)","(-0.310515, 0.0125543, 0.950485)","(0.0929746, -0.993017, -0.0726194)","(-0.368323, -0.79294, 0.48537)","(0.23769, -0.919612, -0.312758)","(0.549449, -0.46154, -0.696482)",0
63.4,"(0.0184349, -0.0035778, -2.41204e-05)","(0.0475054, 0.98967, 0.135261)","(-0.186367, -0.942618, 0.277016)","(0.135754, -0.898385, 0.417702)","(-0.166873, 0.161854, 0.972603)","(-0.275863, 0.286969, 0.917359)","(0.0813305, -0.99436, -0.0680721)","(-0.35298, -0.718603, 0.599179)","(0.258069, -0.861002, -0.438265)","(0.327572, -0.793454, -0.512959)",0
63.4333,"(0.0197189, -0.00165616, -3.05055e-05)","(0.0318032, 0.99102, 0.129876)","(-0.267379, -0.852717, 0.448756)","(0.0594263, -0.827535, 0.55826)","(-0.00165965, 0.384672, 0.923052)","(-0.244729, 0.47836, 0.843374)","(0.0814394, -0.99413, -0.071229)","(-0.344186, -0.723369, 0.59856)","(0.246237, -0.821683, -0.514008)","(0.113737, -0.961756, -0.249179)",0
63.4667,"(0.0212536, 0.00142341, -3.80881e-05)","(0.0174968, 0.994428, 0.103953)","(-0.336367, -0.714766, 0.613161)","(4.44978e-05, -0.698707, 0.715408)","(0.0966773, 0.532659, 0.84079)","(-0.203964, 0.612267, 0.76389)","(0.0811305, -0.992946, -0.0864597)","(-0.332193, -0.731648, 0.595263)","(0.23793, -0.831124, -0.502615)","(-0.0704644, -0.997306, -0.0204025)",0
63.5,"(0.0226995, 0.00496786, -4.25753e-05)","(0.00129301, 0.994842, 0.101431)","(-0.323539, -0.477035, 0.817166)","(-0.055228, -0.507715, 0.859753)","(0.137873, 0.60605, 0.783387)","(-0.182752, 0.674878, 0.714941)","(0.0786257, -0.992076, -0.0979938)","(-0.296187, -0.720445, 0.627082)","(0.20628, -0.908874, -0.362487)","(-0.160695, -0.982948, 0.0893905)",0
63.5333,"(0.0238688, 0.00746959, -4.81051e-05)","(-0.0138796, 0.995418, 0.0946027)","(-0.267193, -0.234141, 0.934765)","(-0.0910215, -0.317185, 0.943986)","(0.164947, 0.638118, 0.752062)","(-0.170404, 0.712466, 0.680701)","(0.0866214, -0.991618, -0.0958679)","(-0.252751, -0.683451, 0.684844)","(0.182747, -0.956804, -0.226119)","(-0.243451, -0.95404, 0.174754)",0
63.5667,"(0.0249712, 0.0100511, -5.00817e-05)","(-0.0228372, 0.994777, 0.0994866)","(-0.205278, -0.0470002, 0.977574)","(-0.104389, -0.162659, 0.981145)","(0.180846, 0.648241, 0.739648)","(-0.165499, 0.719112, 0.674898)","(0.100287, -0.993296, -0.0574886)","(-0.215319, -0.658102, 0.721484)","(0.154271, -0.969664, -0.189613)","(-0.272094, -0.955698, 0.112274)",0
63.6,"(0.0259529, 0.0132077, -4.724e-05)","(-0.0226454, 0.996182, 0.0843161)","(-0.16577, 0.0329909, 0.985613)","(-0.0750141, -0.0563604, 0.995588)","(0.191628, 0.612626, 0.766791)","(-0.186503, 0.740805, 0.64531)","(0.111993, -0.993168, -0.0327789)","(-0.20483, -0.621439, 0.756213)","(0.130736, -0.973929, -0.185391)","(-0.251526, -0.936843, 0.243024)",0
63.6333,"(0.0267555, 0.0171454, -4.50241e-05)","(-0.0196661, 0.997967, 0.0606199)","(-0.114286, 0.0804873, 0.990182)","(-0.0412305, 0.0180497, 0.998987)","(0.183501, 0.452582, 0.872638)","(-0.226407, 0.649048, 0.726275)","(0.116869, -0.992769, -0.0274205)","(-0.19133, -0.567126, 0.8011)","(0.120623, -0.974615, -0.188617)","(-0.164564, -0.905957, 0.390079)",0
63.6667,"(0.027412, 0.0224151, -4.43902e-05)","(-0.0169556, 0.999028, 0.0406976)","(-0.100993, 0.0376938, 0.994173)","(-0.00665768, 0.00311175, 0.999973)","(0.182608, 0.236318, 0.954363)","(-0.264209, 0.485879, 0.833136)","(0.114872, -0.992318, -0.0459344)","(-0.172201, -0.517119, 0.838412)","(0.108545, -0.978989, -0.172621)","(-0.0883804, -0.877656, 0.471072)",0
63.7,"(0.0281715, 0.0293114, -4.66457e-05)","(-0.0146365, 0.999209, 0.0369815)","(-0.124419, -0.0703721, 0.989731)","(0.00640278, -0.0833495, 0.9965)","(0.139637, -0.0932631, 0.985801)","(-0.238138, 0.133822, 0.961968)","(0.099121, -0.994618, -0.0301734)","(-0.157444, -0.522375, 0.838055)","(0.113897, -0.982621, -0.146572)","(-0.0345885, -0.945274, 0.324439)",0
63.7333,"(0.0291175, 0.0344017, -5.01948e-05)","(-0.0153986, 0.999862, -0.006194)","(-0.191561, -0.40587, 0.893629)","(0.0113292, -0.361708, 0.932222)","(0.100146, -0.318129, 0.942743)","(-0.179749, -0.161975, 0.970286)","(0.0766859, -0.996983, 0.0120363)","(-0.154935, -0.586617, 0.794906)","(0.126667, -0.986606, -0.102782)","(-0.0255063, -0.989698, 0.140882)",0
63.7667,"(0.0291175, 0.0344017, -5.01948e-05)","(-0.0167265, 0.999536, -0.0254739)","(-0.247458, -0.759799, 0.601224)","(0.0191351, -0.68027, 0.732712)","(0.0277558, -0.622135, 0.782418)","(-0.126123, -0.462592, 0.877554)","(0.0553904, -0.997563, 0.0424297)","(-0.171046, -0.663562, 0.728305)","(0.139699, -0.988295, -0.0612904)","(0.0289125, -0.999517, 0.0113792)",0
63.8,"(0.0307529, 0.0304621, -5.09759e-05)","(-0.0148308, 0.998498, -0.0527492)","(-0.239866, -0.94191, 0.235096)","(0.0149513, -0.920479, 0.390506)","(-0.00704606, -0.794025, 0.607844)","(-0.0679957, -0.657971, 0.749967)","(0.0500474, -0.996882, 0.0610034)","(-0.187494, -0.72268, 0.665266)","(0.140656, -0.988408, -0.057139)","(0.116236, -0.985053, -0.127121)",0
63.8333,"(0.0315374, 0.0196655, -4.62078e-05)","(-0.0150624, 0.997092, 0.0747037)","(-0.222221, -0.973401, -0.0557584)","(0.00932489, -0.999211, 0.0386077)","(-0.0406118, -0.898245, 0.437614)","(0.00783709, -0.795151, 0.606361)","(0.0554146, -0.99584, 0.0723347)","(-0.18384, -0.850711, 0.492436)","(0.128831, -0.987243, -0.0935577)","(0.184365, -0.913785, -0.361949)",1
63.8667,"(0.0324786, 0.00379198, -3.80723e-05)","(-0.016419, 0.973504, 0.22808)","(-0.183885, -0.959699, -0.212518)","(0.00330977, -0.986991, -0.16074)","(-0.039585, -0.910142, 0.412401)","(0.0959057, -0.866285, 0.490257)","(0.0659108, -0.994649, 0.0795542)","(-0.151437, -0.952926, 0.262677)","(0.120714, -0.983722, -0.133112)","(0.222344, -0.81558, -0.534222)",0
63.9,"(0.0334865, -0.0147744, -2.72268e-05)","(-0.0236493, 0.921029, 0.388774)","(-0.145096, -0.934335, -0.325524)","(0.0139918, -0.965493, -0.260054)","(-0.0415097, -0.925669, 0.376051)","(0.159829, -0.908459, 0.386209)","(0.0775953, -0.994392, 0.071854)","(-0.0997499, -0.995012, -0.00079364)","(0.113276, -0.973107, -0.200575)","(0.219628, -0.721159, -0.657034)",0
63.9333,"(0.0351039, -0.0308216, -1.60699e-05)","(-0.0365637, 0.901804, 0.430597)","(-0.119613, -0.948714, -0.292635)","(0.0381159, -0.979432, -0.198144)","(-0.0239573, -0.940836, 0.338013)","(0.197291, -0.93271, 0.301873)","(0.0846223, -0.99471, 0.0582354)","(-0.0784818, -0.993999, -0.0762067)","(0.109977, -0.955741, -0.27288)","(0.239402, -0.655294, -0.716433)",0
63.9667,"(0.0371324, -0.0439126, -1.02376e-05)","(-0.0532146, 0.897961, 0.436846)","(-0.0957206, -0.96489, -0.24459)","(0.0745293, -0.983602, -0.164231)","(-0.00953388, -0.9575, 0.288276)","(0.217352, -0.93944, 0.264974)","(0.0852746, -0.996282, 0.0122968)","(-0.0647162, -0.995751, -0.0655154)","(0.110093, -0.932299, -0.344527)","(0.248465, -0.662201, -0.706934)",0
64,"(0.0396277, -0.0529275, -7.52185e-06)","(-0.0707224, 0.90297, 0.423844)","(-0.07628, -0.973932, -0.213631)","(0.11602, -0.983619, -0.137963)","(0.0318178, -0.959842, 0.278732)","(0.216909, -0.93836, 0.26913)","(0.0821759, -0.99644, -0.0188392)","(-0.0628194, -0.997259, -0.0390911)","(0.102827, -0.919841, -0.378575)","(0.240881, -0.703813, -0.668299)",0
64.0333,"(0.0420395, -0.0577772, -6.97664e-06)","(-0.0857458, 0.905165, 0.416321)","(-0.066959, -0.978363, -0.195759)","(0.150775, -0.981514, -0.117889)","(0.102145, -0.9563, 0.273963)","(0.205737, -0.93951, 0.273848)","(0.0772531, -0.995831, -0.0484986)","(-0.0571341, -0.996808, -0.0557716)","(0.0920582, -0.915804, -0.390933)","(0.219096, -0.74986, -0.624265)",0
64.0667,"(0.0441814, -0.0578907, -7.01114e-06)","(-0.0965487, 0.909849, 0.403551)","(-0.0635481, -0.978451, -0.196459)","(0.177269, -0.972709, -0.149708)","(0.193516, -0.93837, 0.28638)","(0.180746, -0.941606, 0.284095)","(0.0739482, -0.996672, -0.0342977)","(-0.0576035, -0.992964, -0.103459)","(0.073932, -0.917984, -0.389665)","(0.173757, -0.778245, -0.603442)",0
64.1,"(0.0459895, -0.0570199, -6.55882e-06)","(-0.101136, 0.915199, 0.390107)","(-0.0610551, -0.958626, -0.278046)","(0.199749, -0.951925, -0.232248)","(0.270677, -0.939299, 0.210834)","(0.147726, -0.957572, 0.247453)","(0.0755699, -0.996939, -0.0200286)","(-0.0596073, -0.989794, -0.129441)","(0.0564251, -0.923077, -0.380454)","(0.141694, -0.800963, -0.581705)",0
64.1333,"(0.0474539, -0.0540697, -6.59104e-06)","(-0.0975107, 0.911845, 0.398786)","(-0.0316173, -0.916567, -0.39863)","(0.212496, -0.912419, -0.349766)","(0.336139, -0.940118, 0.0564678)","(0.0988053, -0.989017, 0.109919)","(0.0841708, -0.996436, -0.00560713)","(-0.065819, -0.989771, -0.126572)","(0.0387313, -0.928705, -0.368791)","(0.111197, -0.82241, -0.557922)",0
64.1667,"(0.0485955, -0.0488661, -2.14903e-06)","(-0.0906247, 0.908656, 0.407592)","(0.0151512, -0.846754, -0.531768)","(0.21974, -0.884665, -0.411195)","(0.353217, -0.928573, -0.113976)","(0.0501169, -0.998343, -0.0282627)","(0.0942948, -0.995544, 0.0005453)","(-0.0715784, -0.993096, -0.0929295)","(0.0218424, -0.930913, -0.364588)","(0.0959816, -0.835932, -0.540375)",0
64.2,"(0.049689, -0.0433934, 5.52399e-06)","(-0.0824418, 0.91042, 0.405387)","(0.0608811, -0.784721, -0.616851)","(0.221601, -0.872047, -0.436379)","(0.336185, -0.915852, -0.219533)","(0.0229207, -0.991479, -0.128237)","(0.101358, -0.99484, 0.00452223)","(-0.0815782, -0.993895, -0.0742765)","(0.00782274, -0.932204, -0.36185)","(0.0875654, -0.838433, -0.537924)",0
64.2333,"(0.0506935, -0.0384206, 6.09888e-06)","(-0.0770445, 0.928535, 0.363162)","(0.0929079, -0.7584, -0.645134)","(0.228545, -0.873594, -0.429653)","(0.296888, -0.925346, -0.235779)","(0.0268001, -0.995025, -0.0959508)","(0.0805492, -0.99675, -0.00079536)","(-0.0904859, -0.993225, -0.0729127)","(0.0197503, -0.908013, -0.418477)","(0.0898486, -0.854309, -0.511941)",0
64.2667,"(0.0514823, -0.0327396, 5.7112e-06)","(-0.071585, 0.948983, 0.307094)","(0.0998564, -0.785165, -0.611183)","(0.246988, -0.881938, -0.401474)","(0.28219, -0.94491, -0.165873)","(0.0379878, -0.998327, -0.0435834)","(0.0453384, -0.99767, -0.0509818)","(-0.0970159, -0.991705, -0.0843116)","(0.0503951, -0.86748, -0.494913)","(0.0968669, -0.868821, -0.485559)",0
64.3,"(0.0520783, -0.0266406, 4.40464e-06)","(-0.0656822, 0.965596, 0.251616)","(0.0990241, -0.843079, -0.528594)","(0.266449, -0.897387, -0.351711)","(0.274769, -0.961088, -0.0284837)","(0.0416295, -0.998906, 0.0213259)","(0.00804408, -0.993131, -0.116732)","(-0.0968926, -0.991349, -0.0885387)","(0.0950608, -0.81393, -0.573133)","(0.106211, -0.887322, -0.448753)",0
64.3333,"(0.0523868, -0.0210607, -7.25919e-07)","(-0.0580284, 0.974722, 0.215752)","(0.0906371, -0.889005, -0.448838)","(0.283994, -0.912328, -0.294966)","(0.24833, -0.961831, 0.114951)","(0.0350448, -0.997317, 0.0642638)","(-0.00387738, -0.982941, -0.183883)","(-0.0946015, -0.992667, -0.0752463)","(0.129388, -0.784778, -0.606121)","(0.117117, -0.910599, -0.39635)",0
64.3667,"(0.0525597, -0.0154222, -7.9358e-06)","(-0.0488266, 0.979927, 0.193286)","(0.0914997, -0.917718, -0.38655)","(0.290544, -0.92145, -0.257902)","(0.199802, -0.961214, 0.19012)","(0.0309519, -0.996272, 0.0805286)","(-0.0047194, -0.979784, -0.200003)","(-0.0895341, -0.995007, -0.0440955)","(0.164333, -0.775957, -0.609003)","(0.132782, -0.922224, -0.363142)",0
64.4,"(0.0526015, -0.010095, -8.7115e-06)","(-0.0421309, 0.98209, 0.183643)","(0.0965314, -0.937473, -0.334403)","(0.296724, -0.928476, -0.223354)","(0.163847, -0.951129, 0.261739)","(0.028803, -0.994456, 0.101135)","(0.00164038, -0.980611, -0.195959)","(-0.0827032, -0.996378, -0.0197786)","(0.204425, -0.787255, -0.581756)","(0.15777, -0.928485, -0.336189)",0
64.4333,"(0.052605, -0.00649818, -9.84091e-06)","(-0.0374666, 0.982293, 0.183569)","(0.101885, -0.946373, -0.30659)","(0.30203, -0.93437, -0.189026)","(0.136211, -0.939051, 0.315642)","(0.0279726, -0.993849, 0.107153)","(0.0118953, -0.984157, -0.176901)","(-0.0709074, -0.997449, -0.00822689)","(0.239635, -0.806316, -0.540768)","(0.182738, -0.928361, -0.323655)",0
64.4667,"(0.052605, -0.00649818, -9.84091e-06)","(-0.0376533, 0.98179, 0.186199)","(0.101704, -0.949687, -0.296229)","(0.307314, -0.939345, -0.152281)","(0.118555, -0.925889, 0.358711)","(0.0282775, -0.991896, 0.123864)","(0.0317567, -0.986552, -0.160333)","(-0.054, -0.998516, -0.00709208)","(0.24867, -0.838207, -0.485358)","(0.20171, -0.937255, -0.284368)",0
64.5,"(0.052605, -0.00649818, -9.84091e-06)","(-0.0374248, 0.981181, 0.189428)","(0.0863519, -0.952164, -0.293133)","(0.311616, -0.943555, -0.112247)","(0.105926, -0.921634, 0.373323)","(0.0201983, -0.991091, 0.131646)","(0.053573, -0.987637, -0.14732)","(-0.0325848, -0.999445, -0.00690853)","(0.234275, -0.878866, -0.415583)","(0.208862, -0.944869, -0.252188)",0
64.5333,"(0.052605, -0.00649818, -9.84091e-06)","(-0.0372248, 0.981673, 0.186905)","(0.0265934, -0.959588, -0.280149)","(0.312225, -0.94637, -0.0830567)","(0.115665, -0.906423, 0.406226)","(-0.0107424, -0.986367, 0.164207)","(0.0749142, -0.989069, -0.127002)","(-0.0153069, -0.999881, -0.00208439)","(0.207295, -0.923841, -0.321785)","(0.220586, -0.951141, -0.216039)",0
64.5667,"(0.0507752, -0.00523778, -6.44866e-06)","(-0.033961, 0.983002, 0.180425)","(-0.0530463, -0.963439, -0.262622)","(0.306578, -0.950544, -0.0497658)","(0.143795, -0.885223, 0.442383)","(-0.066943, -0.977607, 0.19951)","(0.093229, -0.98976, -0.108087)","(-0.00615382, -0.999905, 0.0123273)","(0.199851, -0.94529, -0.25785)","(0.232201, -0.953209, -0.193583)",0
64.6,"(0.0507752, -0.00523778, -6.44866e-06)","(-0.0268158, 0.986249, 0.163074)","(-0.171607, -0.957907, -0.23014)","(0.30924, -0.950711, -0.0227974)","(0.164755, -0.854407, 0.492792)","(-0.199338, -0.939974, 0.27697)","(0.111681, -0.989726, -0.0892762)","(-0.00362591, -0.999662, 0.0257539)","(0.203995, -0.949687, -0.237656)","(0.246136, -0.95264, -0.178591)",0
64.6333,"(0.048515, -0.00345696, -4.36138e-06)","(-0.0182638, 0.991358, 0.129908)","(-0.33147, -0.928163, -0.16924)","(0.347122, -0.935015, 0.072473)","(0.129327, -0.797905, 0.588747)","(-0.404141, -0.794639, 0.453011)","(0.120599, -0.990375, -0.0679238)","(-0.0145797, -0.999179, 0.0378078)","(0.210429, -0.94911, -0.234327)","(0.265852, -0.950176, -0.162754)",0
64.6667,"(0.0474151, -0.000566471, -4.68455e-06)","(-0.011253, 0.997652, 0.0675614)","(-0.569615, -0.815059, -0.105908)","(0.358733, -0.876653, 0.32061)","(-0.0272876, -0.721751, 0.691615)","(-0.605175, -0.497404, 0.621573)","(0.125238, -0.9921, -0.00726188)","(-0.0583634, -0.996584, 0.0584352)","(0.212848, -0.959564, -0.184207)","(0.260723, -0.957531, -0.12312)",0
64.7,"(0.0467982, 0.00194442, -5.54621e-06)","(-0.00648934, 0.999964, -0.00546117)","(-0.795829, -0.591255, -0.130665)","(0.229879, -0.72667, 0.647384)","(-0.385298, -0.569519, 0.72608)","(-0.718488, -0.101165, 0.688143)","(0.117349, -0.99002, 0.0780393)","(-0.13622, -0.985127, 0.10473)","(0.210124, -0.97265, -0.0989978)","(0.213708, -0.975754, -0.0472508)",1
64.7333,"(0.0462807, 0.00437723, -4.06057e-06)","(2.71396e-05, 0.998648, -0.051986)","(-0.923895, -0.338784, -0.177884)","(-0.00947033, -0.421868, 0.906608)","(-0.696942, -0.308723, 0.647273)","(-0.760512, 0.168463, 0.627089)","(0.104204, -0.983358, 0.148825)","(-0.228681, -0.961307, 0.153602)","(0.187535, -0.981428, -0.0403681)","(0.159042, -0.986942, 0.025504)",0
64.7667,"(0.0462807, 0.00437723, -4.06057e-06)","(0.0219573, 0.999332, -0.0292112)","(-0.953261, -0.0984858, -0.285648)","(-0.262774, -0.145163, 0.953875)","(-0.907868, 0.0213676, 0.418711)","(-0.769453, 0.326998, 0.548648)","(0.0817443, -0.988178, 0.1297)","(-0.303014, -0.935289, 0.182804)","(0.130855, -0.991098, 0.0245376)","(0.116821, -0.990444, 0.073303)",0
64.8,"(0.0441357, 0.00601567, -3.19276e-06)","(0.0425974, 0.999092, 0.00023224)","(-0.945299, 0.0808563, -0.316025)","(-0.384576, 0.0789715, 0.919709)","(-0.909473, 0.314648, 0.271763)","(-0.746965, 0.43565, 0.502248)","(0.0796078, -0.994506, 0.0679753)","(-0.379735, -0.901151, 0.209112)","(0.108533, -0.992482, 0.0565721)","(0.0224617, -0.995289, 0.0943148)",0
64.8333,"(0.0441357, 0.00601567, -3.19276e-06)","(0.0624466, 0.997911, 0.0165474)","(-0.896308, 0.255905, -0.362138)","(-0.45087, 0.202252, 0.869374)","(-0.853026, 0.509982, 0.110745)","(-0.688948, 0.543995, 0.478978)","(0.0822521, -0.996214, -0.0281421)","(-0.446316, -0.861902, 0.240678)","(0.124501, -0.990003, 0.066291)","(-0.093398, -0.985219, 0.143595)",0
64.8667,"(0.0407733, 0.00402293, -1.14255e-05)","(0.067987, 0.997598, -0.0132316)","(-0.861146, 0.368017, -0.3507)","(-0.432791, 0.307079, 0.847582)","(-0.766377, 0.63264, 0.111505)","(-0.622592, 0.646732, 0.440587)","(0.0949169, -0.992625, -0.0754037)","(-0.496067, -0.81563, 0.297767)","(0.181513, -0.983332, 0.0105013)","(-0.228137, -0.957272, 0.177719)",0
64.9,"(0.0407733, 0.00402293, -1.14255e-05)","(0.0696786, 0.99677, -0.0399369)","(-0.814418, 0.469621, -0.340852)","(-0.399055, 0.421706, 0.814199)","(-0.713661, 0.685558, 0.143869)","(-0.590885, 0.693082, 0.412908)","(0.0910604, -0.987924, -0.125356)","(-0.516424, -0.781652, 0.349752)","(0.208284, -0.976712, -0.0514849)","(-0.269576, -0.935933, 0.226625)",0
64.9333,"(0.0375645, 0.00420257, -3.6576e-05)","(0.0666767, 0.995567, -0.066333)","(-0.73899, 0.597378, -0.311502)","(-0.353045, 0.57642, 0.736952)","(-0.633457, 0.749646, 0.191737)","(-0.577778, 0.747275, 0.328256)","(0.0943672, -0.985045, -0.144157)","(-0.52342, -0.76068, 0.383924)","(0.227016, -0.970531, -0.0808305)","(-0.289607, -0.92534, 0.244693)",0
64.9667,"(0.0375645, 0.00420257, -3.6576e-05)","(0.0565346, 0.993633, -0.0974524)","(-0.652234, 0.697797, -0.296092)","(-0.303216, 0.752523, 0.584611)","(-0.542706, 0.818374, 0.189036)","(-0.520206, 0.831204, 0.196175)","(0.0968427, -0.980743, -0.169601)","(-0.539794, -0.747381, 0.387354)","(0.244295, -0.964825, -0.0971188)","(-0.264078, -0.925288, 0.27222)",0
65,"(0.0341789, 0.00606067, -5.16582e-05)","(0.0475584, 0.989256, -0.138239)","(-0.571193, 0.760534, -0.308751)","(-0.183936, 0.868002, 0.461238)","(-0.436626, 0.889532, 0.134503)","(-0.38596, 0.919592, 0.0733878)","(0.110126, -0.979316, -0.169741)","(-0.548871, -0.745213, 0.378679)","(0.258725, -0.960244, -0.104848)","(-0.22984, -0.934063, 0.273312)",0
65.0333,"(0.0323805, 0.00704489, -5.24811e-05)","(0.0424867, 0.985173, -0.166221)","(-0.486177, 0.777553, -0.398802)","(-0.0370019, 0.903227, 0.427566)","(-0.351715, 0.935862, 0.0214209)","(-0.219494, 0.974754, 0.0409499)","(0.117632, -0.980541, -0.157171)","(-0.553602, -0.745631, 0.37089)","(0.25967, -0.961511, -0.0898181)","(-0.188426, -0.949745, 0.249959)",0
65.0667,"(0.0302574, 0.00762199, -4.59772e-05)","(0.0448584, 0.982694, -0.179722)","(-0.382309, 0.782829, -0.490936)","(0.128195, 0.864557, 0.485909)","(-0.272748, 0.95975, -0.0669961)","(-0.0681375, 0.990684, 0.117913)","(0.124233, -0.985315, -0.117138)","(-0.544386, -0.752151, 0.371366)","(0.23168, -0.971818, -0.0435131)","(-0.159941, -0.957039, 0.241857)",0
65.1,"(0.0282306, 0.00858759, -3.92903e-05)","(0.0525128, 0.982772, -0.177205)","(-0.273241, 0.765303, -0.582796)","(0.227193, 0.807079, 0.544983)","(-0.220036, 0.963366, -0.153331)","(0.0273642, 0.977963, 0.206978)","(0.0919778, -0.994554, -0.0490246)","(-0.514402, -0.76322, 0.391007)","(0.159556, -0.98663, 0.0332222)","(-0.0809821, -0.964809, 0.25017)",0
65.1333,"(0.0265896, 0.0101049, -3.4274e-05)","(0.0605182, 0.978579, -0.196774)","(-0.2366, 0.746183, -0.62228)","(0.277592, 0.767998, 0.577167)","(-0.202154, 0.968003, -0.148677)","(0.0654783, 0.962929, 0.261687)","(0.0756714, -0.997117, 0.00567531)","(-0.490243, -0.756005, 0.433727)","(0.133989, -0.987904, 0.0780569)","(-0.0453801, -0.952268, 0.30187)",0
65.1667,"(0.0265896, 0.0101049, -3.4274e-05)","(0.0702076, 0.973552, -0.217412)","(-0.234324, 0.725892, -0.646663)","(0.280204, 0.766754, 0.577559)","(-0.225023, 0.965404, -0.131758)","(0.0422569, 0.967632, 0.248803)","(0.07243, -0.99669, 0.0369099)","(-0.483262, -0.735557, 0.474777)","(0.163299, -0.982585, 0.0886561)","(-0.0300755, -0.943607, 0.329698)",0
65.2,"(0.0247603, 0.0127308, -3.86173e-05)","(0.0773689, 0.970414, -0.228716)","(-0.266828, 0.73582, -0.622392)","(0.255774, 0.787342, 0.560956)","(-0.261285, 0.963437, -0.0593209)","(-0.0219374, 0.973474, 0.227742)","(0.112003, -0.993216, 0.0312547)","(-0.511451, -0.710699, 0.483038)","(0.242687, -0.967785, 0.0670416)","(-0.0851331, -0.939934, 0.330569)",0
65.2333,"(0.0247603, 0.0127308, -3.86173e-05)","(0.0831309, 0.971457, -0.222172)","(-0.306216, 0.777288, -0.549595)","(0.206814, 0.809701, 0.549192)","(-0.279924, 0.959519, 0.0310896)","(-0.104589, 0.971136, 0.214374)","(0.13757, -0.990261, 0.0213787)","(-0.532109, -0.703211, 0.471544)","(0.28405, -0.958517, 0.0236824)","(-0.130314, -0.942395, 0.308076)",0
65.2667,"(0.0247603, 0.0127308, -3.86173e-05)","(0.0877707, 0.97892, -0.184424)","(-0.357116, 0.815987, -0.454569)","(0.113487, 0.80934, 0.576272)","(-0.313037, 0.942662, 0.115746)","(-0.191193, 0.949196, 0.249944)","(0.148674, -0.988057, -0.040501)","(-0.54467, -0.705165, 0.453957)","(0.303337, -0.951817, -0.0450667)","(-0.172366, -0.942729, 0.285573)",0
65.3,"(0.0247603, 0.0127308, -3.86173e-05)","(0.0982264, 0.986477, -0.131204)","(-0.40243, 0.820428, -0.406139)","(-0.0298426, 0.783878, 0.620197)","(-0.363546, 0.917475, 0.161475)","(-0.298404, 0.914078, 0.27462)","(0.145788, -0.983635, -0.105866)","(-0.547596, -0.712465, 0.438785)","(0.331197, -0.937472, -0.107024)","(-0.219319, -0.94005, 0.261162)",0
65.3333,"(0.0232744, 0.00793234, -5.5806e-05)","(0.114548, 0.991597, -0.0601252)","(-0.457992, 0.795809, -0.396145)","(-0.193572, 0.723421, 0.662715)","(-0.433165, 0.88835, 0.152324)","(-0.382078, 0.874818, 0.297841)","(0.154142, -0.973895, -0.166642)","(-0.559156, -0.733006, 0.38736)","(0.358333, -0.92167, -0.148734)","(-0.260481, -0.941831, 0.212379)",0
65.3667,"(0.0222106, 0.00463036, -5.14343e-05)","(0.129805, 0.991435, -0.0144198)","(-0.502685, 0.771558, -0.38988)","(-0.309663, 0.675996, 0.668684)","(-0.483773, 0.859759, 0.16364)","(-0.442953, 0.850111, 0.284787)","(0.167207, -0.97042, -0.174144)","(-0.566273, -0.751837, 0.337753)","(0.374875, -0.913487, -0.158143)","(-0.292022, -0.94137, 0.168955)",0
65.4,"(0.0211644, 0.00206213, -4.7309e-05)","(0.137112, 0.990464, 0.0134792)","(-0.537736, 0.76486, -0.354725)","(-0.371034, 0.686142, 0.625734)","(-0.490613, 0.846617, 0.206249)","(-0.455108, 0.842624, 0.287858)","(0.178345, -0.967497, -0.179285)","(-0.579479, -0.765244, 0.280366)","(0.372869, -0.911271, -0.174796)","(-0.313429, -0.939298, 0.139577)",0
65.4333,"(0.0203516, 0.000229549, -4.45034e-05)","(0.138095, 0.990327, 0.0135064)","(-0.542689, 0.771323, -0.332489)","(-0.382121, 0.711846, 0.589287)","(-0.461239, 0.857308, 0.22865)","(-0.437093, 0.854297, 0.281295)","(0.177755, -0.967915, -0.177604)","(-0.584604, -0.767634, 0.262635)","(0.365468, -0.914747, -0.17225)","(-0.319954, -0.936574, 0.143034)",0
65.4667,"(0.0203516, 0.000229549, -4.45034e-05)","(0.13581, 0.990715, 0.00621462)","(-0.524955, 0.790024, -0.316677)","(-0.370914, 0.788731, 0.49023)","(-0.398673, 0.887622, 0.230622)","(-0.407689, 0.892755, 0.191774)","(0.17536, -0.968813, -0.175071)","(-0.588707, -0.768765, 0.249847)","(0.355894, -0.919389, -0.167523)","(-0.313977, -0.937668, 0.148989)",0
65.5,"(0.0203516, 0.000229549, -4.45034e-05)","(0.133974, 0.990492, -0.0312436)","(-0.500181, 0.815017, -0.292518)","(-0.281373, 0.841668, 0.460896)","(-0.341423, 0.909475, 0.237248)","(-0.330637, 0.937886, 0.10511)","(0.177886, -0.975558, -0.129009)","(-0.585238, -0.769172, 0.256654)","(0.34639, -0.928906, -0.130948)","(-0.298893, -0.940874, 0.159433)",0
65.5333,"(0.0184086, 0.00372099, -4.27451e-05)","(0.131557, 0.987283, -0.0892492)","(-0.451344, 0.837475, -0.308099)","(-0.117204, 0.893723, 0.433039)","(-0.302289, 0.928827, 0.214246)","(-0.223879, 0.974359, 0.022408)","(0.181259, -0.980402, -0.0771871)","(-0.582493, -0.76449, 0.276144)","(0.340144, -0.936562, -0.0845765)","(-0.265044, -0.946735, 0.182879)",0
65.5667,"(0.0172642, 0.00607879, -4.1787e-05)","(0.129553, 0.977971, -0.163673)","(-0.376131, 0.85136, -0.365665)","(0.0731608, 0.882693, 0.464221)","(-0.264443, 0.94899, 0.171721)","(-0.0856561, 0.995959, 0.0270137)","(0.185534, -0.982637, -0.000942002)","(-0.571604, -0.764757, 0.297348)","(0.341235, -0.939948, -0.0074469)","(-0.212112, -0.955524, 0.204894)",0
65.6,"(0.0158716, 0.00789499, -4.16972e-05)","(0.129771, 0.970665, -0.20241)","(-0.278335, 0.840203, -0.465391)","(0.216704, 0.855583, 0.470124)","(-0.214116, 0.974707, 0.0640373)","(0.0386424, 0.998286, 0.0439418)","(0.187957, -0.981533, 0.0355752)","(-0.557403, -0.771681, 0.306285)","(0.345321, -0.937765, 0.0367519)","(-0.146074, -0.966579, 0.210683)",0
65.6333,"(0.0158716, 0.00789499, -4.16972e-05)","(0.132633, 0.969962, -0.203919)","(-0.211432, 0.824883, -0.524275)","(0.290719, 0.827713, 0.479973)","(-0.181744, 0.981029, -0.0674675)","(0.117371, 0.985177, 0.125101)","(0.140964, -0.988099, 0.0615597)","(-0.478025, -0.834306, 0.274637)","(0.268285, -0.961214, 0.0639533)","(0.00909694, -0.989079, 0.147109)",0
65.6667,"(0.0133731, 0.00922595, -3.68021e-05)","(0.13685, 0.973488, -0.183283)","(-0.182995, 0.799542, -0.572054)","(0.309241, 0.810531, 0.497402)","(-0.18394, 0.968837, -0.165895)","(0.132863, 0.969001, 0.208291)","(0.101177, -0.992841, 0.0634792)","(-0.420343, -0.877445, 0.231087)","(0.211854, -0.975208, 0.0639314)","(0.0750092, -0.993679, 0.0835231)",0
65.7,"(0.0133731, 0.00922595, -3.68021e-05)","(0.139253, 0.972149, -0.188506)","(-0.200842, 0.791224, -0.577605)","(0.28358, 0.790625, 0.542673)","(-0.215299, 0.959584, -0.181232)","(0.0841215, 0.958801, 0.271339)","(0.0670243, -0.996439, 0.0511476)","(-0.382251, -0.879307, 0.284084)","(0.22652, -0.971162, 0.0743897)","(0.0956009, -0.986904, 0.129927)",0
65.7333,"(0.0133731, 0.00922595, -3.68021e-05)","(0.139736, 0.969775, -0.200027)","(-0.228852, 0.801136, -0.552999)","(0.240272, 0.788953, 0.565528)","(-0.263736, 0.963418, -0.0476306)","(0.0212477, 0.968312, 0.248836)","(0.0926177, -0.995632, 0.0117624)","(-0.425177, -0.812766, 0.39829)","(0.337932, -0.939484, 0.0563085)","(-0.00620388, -0.974832, 0.222854)",0
65.7667,"(0.0133731, 0.00922595, -3.68021e-05)","(0.140432, 0.97421, -0.176619)","(-0.295444, 0.819943, -0.490313)","(0.157231, 0.785095, 0.599086)","(-0.312494, 0.945268, 0.0938874)","(-0.0596319, 0.967872, 0.24427)","(0.1256, -0.990857, -0.0492595)","(-0.456361, -0.740517, 0.493324)","(0.421318, -0.9069, -0.00475669)","(-0.038334, -0.948563, 0.314259)",0
65.8,"(0.0123938, 0.00715405, -4.03248e-05)","(0.14026, 0.981649, -0.129199)","(-0.355271, 0.822776, -0.443647)","(0.0244025, 0.810661, 0.585008)","(-0.355671, 0.914981, 0.190549)","(-0.142987, 0.96766, 0.207818)","(0.162554, -0.982306, -0.0930112)","(-0.491952, -0.739289, 0.45982)","(0.417789, -0.906604, -0.0593326)","(-0.0782896, -0.963916, 0.254436)",0
65.8333,"(0.0123938, 0.00715405, -4.03248e-05)","(0.139985, 0.987445, -0.0731879)","(-0.447346, 0.786461, -0.425866)","(-0.152343, 0.790985, 0.592566)","(-0.413599, 0.890294, 0.190556)","(-0.254016, 0.94121, 0.222709)","(0.193261, -0.974387, -0.114975)","(-0.513177, -0.768308, 0.382559)","(0.39171, -0.914862, -0.0979278)","(-0.133844, -0.970247, 0.20176)",0
65.8667,"(0.0128788, 0.00453404, -3.87378e-05)","(0.141849, 0.988579, -0.0508909)","(-0.527671, 0.744615, -0.408793)","(-0.294648, 0.760464, 0.578685)","(-0.47423, 0.858491, 0.195192)","(-0.356281, 0.910671, 0.209147)","(0.208552, -0.971481, -0.112828)","(-0.518721, -0.803755, 0.291389)","(0.367128, -0.925129, -0.0967124)","(-0.213442, -0.968953, 0.124791)",0
65.9,"(0.0128788, 0.00453404, -3.87378e-05)","(0.14437, 0.988981, -0.0327635)","(-0.586995, 0.702773, -0.401929)","(-0.372081, 0.718013, 0.588228)","(-0.527224, 0.828858, 0.18716)","(-0.436592, 0.870724, 0.226332)","(0.213715, -0.970046, -0.115481)","(-0.512206, -0.825977, 0.235387)","(0.355739, -0.927795, -0.112454)","(-0.256463, -0.960618, 0.106953)",0
65.9333,"(0.0136127, 0.00186788, -3.03365e-05)","(0.145756, 0.988968, -0.0263952)","(-0.61143, 0.688557, -0.389926)","(-0.389197, 0.724282, 0.569159)","(-0.540531, 0.816657, 0.202231)","(-0.47526, 0.853389, 0.214137)","(0.215682, -0.970208, -0.110357)","(-0.509964, -0.840357, 0.183678)","(0.352289, -0.92862, -0.116437)","(-0.278348, -0.956729, 0.0848079)",0
65.9667,"(0.0136127, 0.00186788, -3.03365e-05)","(0.141848, 0.989662, -0.021183)","(-0.604404, 0.700071, -0.380258)","(-0.362576, 0.762971, 0.535177)","(-0.52192, 0.829712, 0.197935)","(-0.460983, 0.870935, 0.170199)","(0.216827, -0.969754, -0.112088)","(-0.513212, -0.842578, 0.163327)","(0.347324, -0.928983, -0.127895)","(-0.288654, -0.953661, 0.0849047)",0
66,"(0.0136127, 0.00186788, -3.03365e-05)","(0.134286, 0.990743, -0.0198806)","(-0.591764, 0.722502, -0.3575)","(-0.284587, 0.81906, 0.498147)","(-0.49313, 0.84446, 0.20907)","(-0.41115, 0.905041, 0.108888)","(0.216077, -0.969406, -0.116456)","(-0.521327, -0.83848, 0.158651)","(0.344651, -0.929951, -0.128087)","(-0.295496, -0.949411, 0.106304)",0
66.0333,"(0.0150397, 7.36952e-05, -2.80343e-05)","(0.124506, 0.992016, -0.0200801)","(-0.55838, 0.758943, -0.334988)","(-0.136845, 0.857749, 0.495521)","(-0.468043, 0.854396, 0.225705)","(-0.308151, 0.945344, 0.10662)","(0.212414, -0.969204, -0.124596)","(-0.530923, -0.831648, 0.162736)","(0.33872, -0.931691, -0.131229)","(-0.295035, -0.945228, 0.139634)",0
66.0667,"(0.0150397, 7.36952e-05, -2.80343e-05)","(0.111662, 0.993385, -0.0267989)","(-0.520175, 0.788153, -0.328987)","(0.027501, 0.853737, 0.519978)","(-0.43844, 0.868414, 0.231578)","(-0.19688, 0.967721, 0.157335)","(0.206941, -0.969823, -0.128913)","(-0.535997, -0.827471, 0.167328)","(0.325051, -0.936997, -0.127977)","(-0.279786, -0.946062, 0.163361)",0
66.1,"(0.0150397, 7.36952e-05, -2.80343e-05)","(0.100761, 0.993823, -0.0465185)","(-0.481501, 0.804277, -0.348275)","(0.162255, 0.822458, 0.545193)","(-0.35611, 0.914418, 0.192421)","(-0.0379633, 0.966935, 0.25218)","(0.201923, -0.970958, -0.128326)","(-0.538023, -0.824829, 0.173748)","(0.313584, -0.941899, -0.120384)","(-0.257614, -0.950699, 0.172645)",0
66.1333,"(0.0150397, 7.36952e-05, -2.80343e-05)","(0.093596, 0.993228, -0.068831)","(-0.426764, 0.810787, -0.400621)","(0.257736, 0.80976, 0.527125)","(-0.2399, 0.966006, 0.096337)","(0.091987, 0.96112, 0.26036)","(0.198247, -0.972529, -0.122003)","(-0.537204, -0.823846, 0.180805)","(0.309406, -0.945151, -0.104678)","(-0.232474, -0.956766, 0.174801)",0
66.1667,"(0.0144864, 0.00213083, -2.96097e-05)","(0.0937245, 0.991766, -0.0872655)","(-0.351129, 0.815997, -0.459191)","(0.343978, 0.797988, 0.494868)","(-0.124412, 0.992051, 0.0189028)","(0.203393, 0.944819, 0.256803)","(0.198577, -0.974023, -0.10884)","(-0.532543, -0.827103, 0.179719)","(0.317312, -0.945065, -0.0785178)","(-0.209774, -0.96481, 0.158543)",0
66.2,"(0.0144864, 0.00213083, -2.96097e-05)","(0.0973808, 0.991324, -0.0882849)","(-0.272519, 0.827506, -0.490883)","(0.429646, 0.781642, 0.45215)","(-0.0821121, 0.996607, -0.0056741)","(0.251502, 0.942785, 0.218869)","(0.199148, -0.975405, -0.0944742)","(-0.526734, -0.832884, 0.169871)","(0.324557, -0.943865, -0.0614978)","(-0.198838, -0.971934, 0.125726)",0
66.2333,"(0.0144864, 0.00213083, -2.96097e-05)","(0.100902, 0.990395, -0.0945356)","(-0.233057, 0.82831, -0.509497)","(0.493515, 0.745516, 0.447938)","(-0.0773908, 0.996718, -0.0237493)","(0.286734, 0.930309, 0.228712)","(0.200437, -0.976188, -0.0829592)","(-0.52093, -0.838091, 0.161972)","(0.329683, -0.942864, -0.0481349)","(-0.193289, -0.976367, 0.0966743)",0
66.2667,"(0.0124898, 0.000777543, -2.55648e-05)","(0.100724, 0.989026, -0.108087)","(-0.257553, 0.817425, -0.51525)","(0.544064, 0.703751, 0.456869)","(-0.068396, 0.996293, -0.0521671)","(0.29783, 0.921387, 0.249687)","(0.192553, -0.97797, -0.0806085)","(-0.518866, -0.839139, 0.163169)","(0.331716, -0.942194, -0.0472719)","(-0.19126, -0.976355, 0.100751)",0
66.3,"(0.0124898, 0.000777543, -2.55648e-05)","(0.0984182, 0.987251, -0.125098)","(-0.323883, 0.764031, -0.557993)","(0.586022, 0.652192, 0.480857)","(-0.0635667, 0.987816, -0.142051)","(0.286602, 0.892607, 0.348011)","(0.175962, -0.981769, -0.0718828)","(-0.520246, -0.83624, 0.17334)","(0.326299, -0.944402, -0.0404179)","(-0.192247, -0.973155, 0.126535)",0
66.3333,"(0.0124898, 0.000777543, -2.55648e-05)","(0.0951914, 0.984966, -0.144158)","(-0.461562, 0.657152, -0.595912)","(0.589925, 0.597865, 0.54272)","(-0.0931983, 0.980395, -0.173606)","(0.281553, 0.854442, 0.436642)","(0.147857, -0.987387, -0.0566167)","(-0.524628, -0.830062, 0.18911)","(0.313069, -0.949362, -0.0264471)","(-0.182315, -0.969616, 0.163112)",0
66.3667,"(0.0124898, 0.000777543, -2.55648e-05)","(0.0937019, 0.983582, -0.154227)","(-0.570179, 0.48469, -0.663303)","(0.514157, 0.462915, 0.722047)","(-0.257703, 0.922402, -0.287686)","(0.285758, 0.728565, 0.622523)","(0.11878, -0.99232, -0.0345316)","(-0.522788, -0.827394, 0.205212)","(0.291149, -0.956497, -0.0185722)","(-0.151024, -0.970336, 0.188785)",0
66.4,"(0.0152279, 0.00111969, -2.09171e-05)","(0.0907657, 0.980692, -0.17322)","(-0.674215, 0.247465, -0.695841)","(0.368476, 0.280367, 0.886352)","(-0.507527, 0.775104, -0.376337)","(0.321374, 0.578141, 0.749981)","(0.0997725, -0.994738, -0.0232896)","(-0.512622, -0.816571, 0.265387)","(0.276585, -0.96061, -0.027)","(-0.09692, -0.963335, 0.250183)",0
66.4333,"(0.016915, 0.00252516, -1.47907e-05)","(0.079288, 0.98099, -0.17712)","(-0.754496, -0.0497933, -0.654413)","(0.211325, 0.0935677, 0.972927)","(-0.81661, 0.453266, -0.357348)","(0.329183, 0.39096, 0.859528)","(0.0826768, -0.996351, -0.0212018)","(-0.494808, -0.812349, 0.308633)","(0.268587, -0.962348, -0.0417905)","(-0.033113, -0.962364, 0.269738)",0
66.4667,"(0.0186127, 0.00408174, -1.24009e-05)","(0.0605574, 0.985054, -0.161249)","(-0.795334, -0.357169, -0.48977)","(0.0661563, 0.0174888, 0.997656)","(-0.978691, 0.0716847, -0.19242)","(0.336705, 0.334358, 0.880247)","(0.0613673, -0.997507, -0.0348455)","(-0.453754, -0.844147, 0.285522)","(0.268875, -0.961191, -0.061794)","(0.039594, -0.972384, 0.230002)",0
66.5,"(0.0186127, 0.00408174, -1.24009e-05)","(0.0416245, 0.991927, -0.119784)","(-0.750557, -0.60936, -0.255628)","(-0.286097, -0.0530596, 0.95673)","(-0.948174, -0.304613, 0.0904235)","(0.323379, 0.592468, 0.73784)","(0.0427899, -0.997866, -0.0493249)","(-0.392663, -0.89321, 0.219069)","(0.266883, -0.961092, -0.0712432)","(0.102222, -0.98565, 0.134329)",1
66.5333,"(0.0220042, 0.00474236, 2.78633e-06)","(0.0412193, 0.997104, -0.0639134)","(-0.661443, -0.737822, -0.134583)","(-0.650374, -0.0229841, 0.759266)","(-0.793305, -0.563587, 0.230298)","(0.292104, 0.844717, 0.448474)","(0.034141, -0.997358, -0.0641251)","(-0.324874, -0.935827, 0.136694)","(0.268509, -0.958741, -0.0933689)","(0.153659, -0.987653, 0.0304872)",0
66.5667,"(0.0220042, 0.00474236, 2.78633e-06)","(0.0647825, 0.997878, -0.00658806)","(-0.591055, -0.799163, -0.109511)","(-0.886954, 0.0202534, 0.461413)","(-0.645803, -0.723562, 0.243713)","(0.246401, 0.966905, 0.0661898)","(0.0275207, -0.995422, -0.0915289)","(-0.279684, -0.95764, 0.06858)","(0.266339, -0.954591, -0.133492)","(0.218659, -0.974927, -0.0412989)",0
66.6,"(0.0240758, 0.00453989, 1.20873e-05)","(0.10015, 0.994549, 0.0290055)","(-0.745902, -0.640191, -0.183812)","(-0.965836, 0.081737, 0.245926)","(-0.907473, -0.365863, 0.206485)","(0.173068, 0.956975, -0.232909)","(0.0220588, -0.993846, -0.108548)","(-0.220592, -0.97524, -0.0156744)","(0.277558, -0.946526, -0.164471)","(0.277556, -0.955274, -0.10205)",0
66.6333,"(0.0240758, 0.00453989, 1.20873e-05)","(0.129755, 0.990609, 0.0430919)","(-0.871962, -0.432807, -0.228826)","(-0.994366, -0.0513274, 0.0927465)","(-0.850244, 0.525711, -0.0267251)","(-0.0919416, 0.878519, -0.468775)","(0.033258, -0.992186, -0.120258)","(-0.142736, -0.9875, -0.0668591)","(0.269811, -0.947005, -0.17431)","(0.301326, -0.947238, -0.109281)",0
66.6667,"(0.0266089, 0.00835668, 2.19781e-05)","(0.140951, 0.989435, 0.0339386)","(-0.880105, -0.382091, -0.281818)","(-0.97577, -0.218797, 0.0011244)","(-0.757636, 0.639923, -0.128397)","(-0.40369, 0.643321, -0.650518)","(0.0557575, -0.992652, -0.107389)","(-0.0607298, -0.99633, -0.060323)","(0.256803, -0.957037, -0.134657)","(0.273642, -0.958582, -0.0790003)",0
66.7,"(0.0280025, 0.0113939, 1.92076e-05)","(0.137176, 0.990277, 0.0230949)","(-0.631127, -0.702418, -0.329071)","(-0.911845, -0.410134, 0.0181441)","(-0.988236, -0.0165222, -0.152038)","(-0.662883, 0.312851, -0.680228)","(0.0610895, -0.993181, -0.0992957)","(-0.00740106, -0.999266, -0.0375777)","(0.229647, -0.969977, -0.0800421)","(0.247657, -0.967587, -0.0494157)",0
66.7333,"(0.0297714, 0.0143769, 2.44424e-05)","(0.122014, 0.992517, 0.00468195)","(-0.268112, -0.917226, -0.294639)","(-0.83943, -0.542879, 0.0252844)","(-0.819558, -0.569816, -0.0602804)","(-0.751136, -0.177243, -0.635909)","(0.0474052, -0.99515, -0.0861877)","(0.0236996, -0.999517, -0.0200889)","(0.218432, -0.975551, -0.0242312)","(0.245112, -0.969403, -0.0133676)",0
66.7667,"(0.0313453, 0.0161806, 3.01316e-05)","(0.105531, 0.994269, -0.0170788)","(-0.0752218, -0.973049, -0.217985)","(-0.738227, -0.672163, 0.0567233)","(-0.67834, -0.733584, 0.0413561)","(-0.663334, -0.592692, -0.456841)","(0.0298175, -0.996748, -0.0748653)","(0.0453643, -0.998887, -0.0129075)","(0.215691, -0.976409, 0.0101562)","(0.250731, -0.968032, 0.00685971)",0
66.8,"(0.0313453, 0.0161806, 3.01316e-05)","(0.0917966, 0.995363, -0.0287227)","(-0.14511, -0.976785, -0.157591)","(-0.646484, -0.7597, 0.0700984)","(-0.66151, -0.739446, 0.124997)","(-0.481266, -0.822224, -0.30386)","(0.0254052, -0.997427, -0.067031)","(0.0507978, -0.998625, -0.0129836)","(0.212614, -0.976956, 0.0187615)","(0.247061, -0.968597, 0.0279287)",0
66.8333,"(0.0313453, 0.0161806, 3.01316e-05)","(0.0867232, 0.995816, -0.0288078)","(-0.186902, -0.97642, -0.108033)","(-0.581491, -0.809625, 0.0798432)","(-0.624372, -0.768556, 0.139572)","(-0.305679, -0.906014, -0.292744)","(0.0249588, -0.997476, -0.0664798)","(0.0524407, -0.998375, -0.0223178)","(0.203822, -0.978896, 0.014798)","(0.23851, -0.970991, 0.0170065)",0
66.8667,"(0.0339466, 0.0162841, 4.28215e-05)","(0.0839561, 0.996227, -0.0219909)","(-0.177741, -0.980295, -0.0861992)","(-0.545532, -0.836707, 0.0481334)","(-0.565741, -0.813945, 0.132021)","(-0.19871, -0.884767, -0.421547)","(0.0282904, -0.997707, -0.0614884)","(0.0456243, -0.998472, -0.0311787)","(0.189863, -0.981792, 0.00598223)","(0.228286, -0.973579, 0.00551622)",0
66.9,"(0.0339466, 0.0162841, 4.28215e-05)","(0.0822411, 0.99657, -0.00922751)","(-0.125094, -0.989255, -0.0756755)","(-0.534901, -0.844773, 0.0154757)","(-0.516912, -0.847823, 0.118316)","(-0.164462, -0.82921, -0.534194)","(0.0319166, -0.997893, -0.0564915)","(0.0371555, -0.998401, -0.0425936)","(0.170123, -0.985324, -0.0139772)","(0.220724, -0.975245, -0.0133271)",0
66.9333,"(0.035923, 0.0124725, 2.70266e-05)","(0.0741272, 0.997245, 0.00258947)","(-0.0890804, -0.99171, -0.092603)","(-0.503096, -0.86306, -0.0449635)","(-0.517126, -0.849286, 0.10627)","(-0.218313, -0.678678, -0.701238)","(0.0347505, -0.997977, -0.0532335)","(0.0115779, -0.99828, -0.0574723)","(0.156205, -0.986777, -0.0432621)","(0.223167, -0.974087, -0.0367553)",0
66.9667,"(0.0373812, 0.00961467, 1.66107e-05)","(0.0571741, 0.998207, 0.0177033)","(0, 0, 0)","(-0.425733, -0.899979, -0.0937499)","(0, 0, 0)","(-0.370168, -0.527057, -0.764975)","(0.031636, -0.996871, -0.0724321)","(-0.0271903, -0.996629, -0.0774058)","(0.156748, -0.983258, -0.0929144)","(0.233352, -0.969614, -0.0734522)",0
67,"(0.0390816, 0.00625833, 3.45856e-06)","(0.0365913, 0.998993, 0.0259536)","(0, 0, 0)","(-0.293078, -0.94886, -0.117341)","(0, 0, 0)","(-0.541393, -0.305732, -0.783212)","(0.0181217, -0.995621, -0.0917088)","(-0.0689497, -0.993247, -0.0933095)","(0.180371, -0.975447, -0.126369)","(0.239815, -0.965273, -0.103615)",0
67.0333,"(0.0407998, 0.000564086, -5.07385e-06)","(0.0161749, 0.998605, 0.0502534)","(0, 0, 0)","(-0.201148, -0.97089, -0.130044)","(0, 0, 0)","(-0.67045, -0.120347, -0.732129)","(0.00212642, -0.99383, -0.110891)","(-0.105461, -0.989386, -0.0999643)","(0.198992, -0.968579, -0.149188)","(0.235763, -0.964431, -0.119539)",0
67.0667,"(0.0422828, -0.0068033, -1.00657e-05)","(0.00119169, 0.996651, 0.0817641)","(0, 0, 0)","(-0.162477, -0.976585, -0.14101)","(0, 0, 0)","(-0.721975, 0.0269963, -0.691393)","(-0.0212433, -0.992704, -0.118693)","(-0.142551, -0.984823, -0.0990143)","(0.217236, -0.963668, -0.155408)","(0.241119, -0.96321, -0.11869)",0
67.1,"(0.0433759, -0.0136901, -1.34334e-05)","(-0.00644318, 0.992483, 0.122211)","(0, 0, 0)","(-0.121773, -0.987711, -0.0979764)","(0, 0, 0)","(-0.865441, 0.0281415, -0.50022)","(-0.0327528, -0.991242, -0.127929)","(-0.183396, -0.978132, -0.0980958)","(0.220905, -0.959114, -0.176925)","(0.264726, -0.953617, -0.143303)",0
67.1333,"(0.0445043, -0.0209184, -1.72418e-05)","(-0.0063588, 0.988252, 0.152698)","(0, 0, 0)","(-0.115262, -0.9921, -0.0495189)","(0, 0, 0)","(-0.914085, -0.194746, -0.3557)","(-0.0395848, -0.989719, -0.137439)","(-0.232171, -0.967656, -0.0986835)","(0.230184, -0.952242, -0.200626)","(0.302211, -0.937701, -0.171422)",0
67.1667,"(0.045077, -0.0281671, -1.89256e-05)","(-0.00692098, 0.98494, 0.172757)","(0, 0, 0)","(-0.091557, -0.995637, 0.0179997)","(0, 0, 0)","(-0.839683, -0.526091, -0.134763)","(-0.0289821, -0.988948, -0.145403)","(-0.277902, -0.956173, -0.0922173)","(0.229041, -0.947614, -0.222638)","(0.314828, -0.928609, -0.196388)",0
67.2,"(0.0450936, -0.0333208, -1.90549e-05)","(-0.0052754, 0.982685, 0.185209)","(-0.778643, -0.623266, 0.0724959)","(-0.0717535, -0.997354, 0.0117029)","(0.00734684, 0.726432, 0.687199)","(-0.654718, -0.747696, -0.110884)","(-0.0120241, -0.988212, -0.152621)","(-0.309254, -0.947772, -0.0780333)","(0.224246, -0.946189, -0.233325)","(0.307993, -0.930117, -0.200055)",0
67.2333,"(0.0448648, -0.0353232, -1.79309e-05)","(0.000545058, 0.981265, 0.192661)","(-0.798151, -0.570997, 0.192138)","(-0.0146756, -0.99973, 0.0180189)","(0.0607926, 0.674637, 0.735642)","(-0.488139, -0.871878, -0.0393667)","(0.0031852, -0.987235, -0.159236)","(-0.321013, -0.94491, -0.0640011)","(0.212938, -0.94814, -0.235982)","(0.300276, -0.93297, -0.198496)",0
67.2667,"(0.0448648, -0.0353232, -1.79309e-05)","(0.0123909, 0.980691, 0.195171)","(-0.800644, -0.546854, 0.244784)","(0.0632004, -0.998001, 0.000845706)","(0.101619, 0.652023, 0.751358)","(-0.353189, -0.934878, -0.0354984)","(0.0160696, -0.987221, -0.158547)","(-0.317373, -0.94695, -0.0506004)","(0.210804, -0.950217, -0.229455)","(0.313357, -0.93081, -0.188149)",0
67.3,"(0.0448648, -0.0353232, -1.79309e-05)","(0.019896, 0.981428, 0.190795)","(-0.804051, -0.480837, 0.349712)","(0.12838, -0.991265, -0.0302015)","(0.177861, 0.587614, 0.789351)","(-0.219516, -0.975202, -0.0281612)","(0.0221291, -0.988054, -0.152511)","(-0.307914, -0.950513, -0.041397)","(0.214131, -0.951621, -0.220377)","(0.331381, -0.928758, -0.166116)",0
67.3333,"(0.0444282, -0.0321219, 4.19468e-07)","(0.0190037, 0.987193, 0.158392)","(-0.808502, -0.461135, 0.365623)","(0.22364, -0.971784, -0.0749771)","(0.232641, 0.552648, 0.800286)","(-0.0759034, -0.997073, -0.00912765)","(0.0248063, -0.993413, -0.111869)","(-0.299438, -0.954004, -0.0146149)","(0.233868, -0.954904, -0.182934)","(0.336647, -0.934065, -0.119126)",0
67.3667,"(0.0450236, -0.0289447, 6.501e-06)","(0.0163357, 0.995099, 0.0975215)","(-0.799784, -0.439728, 0.408638)","(0.305581, -0.946285, -0.105663)","(0.281021, 0.519502, 0.806935)","(0.0628763, -0.99802, -0.00185898)","(0.0168324, -0.998315, -0.0555327)","(-0.293251, -0.956, 0.00826643)","(0.255926, -0.957608, -0.132248)","(0.329859, -0.941006, -0.0754956)",0
67.4,"(0.0457297, -0.0251224, 1.21389e-05)","(0.0172375, 0.999407, 0.0297943)","(-0.797072, -0.424516, 0.429491)","(0.391832, -0.913433, -0.110038)","(0.309865, 0.507279, 0.804147)","(0.200801, -0.979622, 0.00447545)","(0.00795695, -0.999963, -0.00326452)","(-0.286202, -0.957724, 0.0292147)","(0.270765, -0.95875, -0.0865149)","(0.322344, -0.946065, -0.0325014)",0
67.4333,"(0.0462987, -0.0200693, 1.46363e-05)","(0.0202696, 0.999618, -0.0187699)","(-0.778395, -0.405451, 0.479281)","(0.466731, -0.879867, -0.0894276)","(0.324588, 0.515851, 0.792805)","(0.35131, -0.936046, 0.0199715)","(-0.0010173, -0.999781, 0.0209178)","(-0.276325, -0.960454, 0.0342477)","(0.279706, -0.957528, -0.0700315)","(0.322488, -0.946417, -0.0172274)",0
67.4667,"(0.0466778, -0.0154669, 1.48222e-05)","(0.0267414, 0.998915, -0.038123)","(-0.782361, -0.390072, 0.485546)","(0.534424, -0.841506, -0.0791093)","(0.324971, 0.534629, 0.780107)","(0.487399, -0.87163, 0.0519885)","(-0.00665237, -0.998995, 0.0443165)","(-0.252705, -0.966376, 0.04751)","(0.285681, -0.956222, -0.0634446)","(0.32208, -0.946703, -0.00410316)",0
67.5,"(0.0467256, -0.0114587, 1.27919e-05)","(0.0281364, 0.998772, -0.0407734)","(-0.780022, -0.396672, 0.48396)","(0.562382, -0.822885, -0.0811576)","(0.327694, 0.561523, 0.759808)","(0.603671, -0.794739, 0.0630239)","(-0.0258123, -0.997652, 0.0634342)","(-0.223137, -0.973002, 0.0589601)","(0.302307, -0.950562, -0.0710095)","(0.321339, -0.946953, -0.00462991)",0
67.5333,"(0.0466859, -0.00831921, 1.08585e-05)","(0.0298123, 0.998961, -0.0344773)","(-0.791398, -0.410798, 0.452697)","(0.551005, -0.82768, -0.106487)","(0.337321, 0.58673, 0.73618)","(0.669325, -0.739093, 0.0758016)","(-0.0396486, -0.996655, 0.0714673)","(-0.184726, -0.980724, 0.0636991)","(0.306317, -0.947748, -0.0891309)","(0.309626, -0.950771, -0.0129113)",0
67.5667,"(0.0466859, -0.00831921, 1.08585e-05)","(0.0289946, 0.999318, -0.0228694)","(-0.785258, -0.438715, 0.436921)","(0.485204, -0.865006, -0.127837)","(0.338918, 0.591154, 0.731896)","(0.686716, -0.715233, 0.12986)","(-0.0655968, -0.996064, 0.0596085)","(-0.160681, -0.985365, 0.0569056)","(0.317536, -0.941332, -0.114301)","(0.300914, -0.953279, -0.0266588)",0
67.6,"(0.0466859, -0.00831921, 1.08585e-05)","(0.0263181, 0.999636, 0.00588681)","(-0.778583, -0.45511, 0.432068)","(0.344198, -0.929392, -0.133259)","(0.338239, 0.59028, 0.732914)","(0.727758, -0.663702, 0.172821)","(-0.095003, -0.994245, 0.049504)","(-0.153064, -0.987231, 0.0441291)","(0.327236, -0.936987, -0.122362)","(0.291469, -0.955425, -0.0470116)",0
67.6333,"(0.0476474, -0.012862, 1.16289e-05)","(0.0227411, 0.998563, 0.0485258)","(-0.755997, -0.464501, 0.461203)","(0.189217, -0.976337, -0.1047)","(0.322915, 0.564667, 0.759524)","(0.647084, -0.73178, 0.213963)","(-0.135088, -0.989889, 0.0432518)","(-0.159916, -0.986853, 0.0233952)","(0.339117, -0.92836, -0.152142)","(0.293265, -0.952921, -0.0770482)",0
67.6667,"(0.0479812, -0.0189713, 1.31842e-05)","(0.0216574, 0.99449, 0.102569)","(-0.745239, -0.465061, 0.477847)","(0.0451693, -0.996625, -0.0685373)","(0.325758, 0.5604, 0.761468)","(0.503776, -0.850812, 0.149424)","(-0.162024, -0.986438, 0.026235)","(-0.161611, -0.986854, -0.000964691)","(0.336423, -0.921274, -0.195124)","(0.29044, -0.95035, -0.111713)",0
67.7,"(0.048381, -0.0249944, 1.46493e-05)","(0.0234269, 0.990368, 0.13646)","(-0.734509, -0.465159, 0.494089)","(-0.0655519, -0.996796, -0.04583)","(0.331066, 0.559391, 0.759919)","(0.218234, -0.973997, 0.0608566)","(-0.184639, -0.982755, 0.0100759)","(-0.162517, -0.986487, -0.0207627)","(0.328924, -0.913002, -0.241322)","(0.29131, -0.946128, -0.141348)",0
67.7333,"(0.048613, -0.0320384, 1.60027e-05)","(0.0243158, 0.986775, 0.160259)","(-0.752766, -0.465141, 0.465819)","(-0.177319, -0.983517, -0.0354007)","(0.368792, 0.625394, 0.68766)","(0.00550074, -0.99912, -0.0415918)","(-0.203097, -0.979136, -0.00668622)","(-0.154164, -0.987176, -0.0414411)","(0.319184, -0.910185, -0.263979)","(0.282008, -0.942328, -0.180249)",0
67.7667,"(0.0487897, -0.0366833, 1.64278e-05)","(0.021919, 0.984955, 0.171413)","(-0.789107, -0.486605, 0.374868)","(-0.293979, -0.955117, -0.0364498)","(0.407693, 0.736832, 0.539319)","(-0.171851, -0.980698, -0.0932662)","(-0.211971, -0.97695, -0.0252356)","(-0.149785, -0.985861, -0.0751221)","(0.308744, -0.907978, -0.28329)","(0.271335, -0.935244, -0.227366)",0
67.8,"(0.0485202, -0.0395333, 1.54447e-05)","(0.024867, 0.984057, 0.176107)","(-0.802807, -0.522569, 0.287092)","(-0.364802, -0.930204, -0.0404886)","(0.395878, 0.812092, 0.428703)","(-0.311119, -0.940117, -0.139233)","(-0.197818, -0.979334, -0.0421183)","(-0.1428, -0.9846, -0.100855)","(0.29564, -0.909922, -0.290927)","(0.253423, -0.933518, -0.253616)",0
67.8333,"(0.0485202, -0.0395333, 1.54447e-05)","(0.0345226, 0.984055, 0.17448)","(-0.764974, -0.59, 0.258292)","(-0.433252, -0.899957, -0.0486859)","(0.333746, 0.817677, 0.469061)","(-0.438396, -0.874875, -0.205917)","(-0.143606, -0.987747, -0.0610986)","(-0.143031, -0.983573, -0.11012)","(0.270507, -0.917084, -0.292888)","(0.248603, -0.934466, -0.254892)",0
67.8667,"(0.0454951, -0.0398021, 1.46702e-05)","(0.0512021, 0.98637, 0.156376)","(-0.68941, -0.645281, 0.329129)","(-0.48144, -0.875988, -0.0293466)","(0.251287, 0.7467, 0.615868)","(-0.560526, -0.787926, -0.254919)","(-0.0615295, -0.996109, -0.0630991)","(-0.143252, -0.986823, -0.0752329)","(0.250385, -0.935231, -0.2503)","(0.238143, -0.943097, -0.232069)",0
67.9,"(0.0428708, -0.037728, 1.64213e-05)","(0.0683808, 0.989235, 0.129373)","(-0.583209, -0.694036, 0.422115)","(-0.549475, -0.835479, 0.00726929)","(0.186177, 0.676814, 0.712222)","(-0.688181, -0.666717, -0.286172)","(0.00247434, -0.999511, -0.0311828)","(-0.148728, -0.98853, 0.0262533)","(0.242235, -0.948366, -0.204752)","(0.210827, -0.959405, -0.187332)",0
67.9333,"(0.0398568, -0.0360637, 2.02121e-05)","(0.0918735, 0.990288, 0.104352)","(-0.522985, -0.707534, 0.47527)","(-0.604364, -0.795264, 0.047949)","(0.15599, 0.641096, 0.751441)","(-0.787117, -0.540155, -0.297792)","(0.0392305, -0.999214, -0.00573471)","(-0.167989, -0.978445, 0.120104)","(0.251084, -0.954265, -0.162282)","(0.201387, -0.970961, -0.129145)",0
67.9667,"(0.0369534, -0.0349914, 2.48114e-05)","(0.116848, 0.988676, 0.0941584)","(-0.483922, -0.720908, 0.496095)","(-0.65193, -0.755321, 0.0669154)","(0.123152, 0.625749, 0.770241)","(-0.846694, -0.416853, -0.33067)","(0.0344633, -0.999343, 0.0112467)","(-0.198093, -0.964825, 0.172834)","(0.267932, -0.948745, -0.167616)","(0.218756, -0.968453, -0.119352)",0
68,"(0.0349552, -0.0341799, 2.92109e-05)","(0.139698, 0.985341, 0.0979173)","(-0.46572, -0.735682, 0.491809)","(-0.673073, -0.737014, 0.0615109)","(0.094351, 0.622724, 0.776732)","(-0.8504, -0.338118, -0.403108)","(0.0147125, -0.999834, -0.0107434)","(-0.238217, -0.96085, 0.141493)","(0.303863, -0.928775, -0.212235)","(0.27863, -0.945433, -0.168885)",0
68.0333,"(0.0349552, -0.0341799, 2.92109e-05)","(0.147514, 0.984151, 0.098423)","(-0.432723, -0.756619, 0.490182)","(-0.659178, -0.751177, 0.0348764)","(0.069467, 0.641713, 0.763792)","(-0.826561, -0.317046, -0.465058)","(-0.0380256, -0.998858, -0.0289316)","(-0.269447, -0.956884, 0.108497)","(0.36185, -0.895708, -0.258401)","(0.328629, -0.914034, -0.237792)",0
68.0667,"(0.0349552, -0.0341799, 2.92109e-05)","(0.147297, 0.983368, 0.10626)","(-0.413735, -0.771986, 0.482557)","(-0.62932, -0.777091, -0.00927598)","(0.0572136, 0.660923, 0.748269)","(-0.788531, -0.345593, -0.508708)","(-0.0868674, -0.994924, -0.0508028)","(-0.300406, -0.950267, 0.0821541)","(0.404997, -0.867547, -0.288685)","(0.383077, -0.882773, -0.271963)",0
68.1,"(0.0334239, -0.035537, 2.61679e-05)","(0.139732, 0.983645, 0.113655)","(-0.442294, -0.766444, 0.465768)","(-0.550819, -0.833144, -0.0496911)","(0.0587825, 0.675119, 0.735363)","(-0.738159, -0.462102, -0.491512)","(-0.108591, -0.990528, -0.0840365)","(-0.320278, -0.945684, 0.0557174)","(0.407956, -0.870181, -0.276326)","(0.425516, -0.864576, -0.267291)",0
68.1333,"(0.0334239, -0.035537, 2.61679e-05)","(0.134725, 0.98332, 0.122197)","(-0.49555, -0.744898, 0.446719)","(-0.447832, -0.89049, -0.0804643)","(0.0669925, 0.678704, 0.73135)","(-0.641626, -0.619113, -0.452787)","(-0.0965029, -0.988025, -0.120391)","(-0.326141, -0.944936, 0.0269886)","(0.379598, -0.885224, -0.268855)","(0.458046, -0.853758, -0.247572)",0
68.1667,"(0.0348533, -0.0339456, 1.59852e-05)","(0.126116, 0.987135, 0.0982791)","(-0.530079, -0.717314, 0.452191)","(-0.282928, -0.954173, -0.0974966)","(0.0788844, 0.673231, 0.735213)","(-0.42677, -0.816352, -0.389148)","(-0.0708448, -0.987656, -0.139703)","(-0.311285, -0.950312, 0.00293096)","(0.341089, -0.908482, -0.241494)","(0.460086, -0.864936, -0.200517)",0
68.2,"(0.0357318, -0.0313242, 1.4187e-05)","(0.11142, 0.991616, 0.0654502)","(-0.535079, -0.699349, 0.473921)","(-0.110247, -0.986825, -0.118412)","(0.113823, 0.631316, 0.767127)","(-0.196862, -0.932062, -0.304148)","(-0.0402759, -0.992131, -0.118551)","(-0.270746, -0.962624, -0.00725343)","(0.317408, -0.926212, -0.203431)","(0.417779, -0.895032, -0.156136)",0
68.2333,"(0.0362237, -0.0281112, 1.5047e-05)","(0.092512, 0.995396, 0.0250613)","(-0.527436, -0.695822, 0.487487)","(0.0730271, -0.988299, -0.133912)","(0.152471, 0.58791, 0.794427)","(0.0488821, -0.976422, -0.210261)","(-0.0109199, -0.996223, -0.0861463)","(-0.220449, -0.975358, -0.00890826)","(0.30049, -0.939503, -0.164439)","(0.367611, -0.923493, -0.109648)",0
68.2667,"(0.0366651, -0.0247095, 1.66595e-05)","(0.0725054, 0.997355, -0.00510939)","(-0.567591, -0.686194, 0.454948)","(0.213129, -0.965982, -0.146473)","(0.208383, 0.559184, 0.802428)","(0.251021, -0.960353, -0.121287)","(0.0119187, -0.998068, -0.0609728)","(-0.170958, -0.985277, -0.00159979)","(0.295018, -0.944315, -0.14572)","(0.331197, -0.94119, -0.0668573)",0
68.3,"(0.0370938, -0.0210959, 1.85888e-05)","(0.0616767, 0.997906, -0.0194682)","(-0.625345, -0.656402, 0.421996)","(0.288223, -0.944697, -0.156443)","(0.244356, 0.559942, 0.791679)","(0.447202, -0.89169, -0.0700008)","(0.0248615, -0.99728, -0.0693817)","(-0.134791, -0.990857, 0.00589084)","(0.273558, -0.943932, -0.184821)","(0.330656, -0.942876, -0.0406349)",0
68.3333,"(0.0373835, -0.0190883, 1.80699e-05)","(0.0516424, 0.998541, -0.0157445)","(-0.682618, -0.627883, 0.373893)","(0.280435, -0.946437, -0.160039)","(0.261761, 0.563587, 0.783486)","(0.56522, -0.822649, -0.0614352)","(0.0249122, -0.996529, -0.0794374)","(-0.113169, -0.9933, 0.0233892)","(0.237633, -0.947008, -0.216116)","(0.328275, -0.944423, -0.0173307)",0
68.3667,"(0.0373835, -0.0190883, 1.80699e-05)","(0.0427887, 0.999065, 0.00616839)","(-0.688336, -0.617029, 0.381403)","(0.23825, -0.959137, -0.152624)","(0.244693, 0.549058, 0.799163)","(0.564856, -0.822021, -0.0722353)","(-0.0151774, -0.998279, -0.0566518)","(-0.0987243, -0.994021, 0.0466473)","(0.226149, -0.947813, -0.224737)","(0.321254, -0.94695, -0.00905505)",0
68.4,"(0.0373835, -0.0190883, 1.80699e-05)","(0.0348933, 0.998364, 0.0452957)","(-0.673268, -0.613793, 0.412272)","(0.196349, -0.973244, -0.119347)","(0.22389, 0.533989, 0.815309)","(0.490851, -0.867908, -0.0761636)","(-0.0905709, -0.995778, -0.0149153)","(-0.0898545, -0.994241, 0.0584112)","(0.236541, -0.948923, -0.208792)","(0.317839, -0.947647, -0.0307069)",0
68.4333,"(0.0354652, -0.0198559, 2.19351e-05)","(0.0306336, 0.995586, 0.0887102)","(-0.648007, -0.601333, 0.467425)","(0.108199, -0.990453, -0.0854195)","(0.223791, 0.537042, 0.813329)","(0.310796, -0.946473, -0.0871467)","(-0.158949, -0.987046, 0.0217923)","(-0.079443, -0.995764, 0.0462881)","(0.234231, -0.954445, -0.184855)","(0.326502, -0.94234, -0.0734291)",0
68.4667,"(0.0354652, -0.0198559, 2.19351e-05)","(0.0322518, 0.991215, 0.12827)","(-0.646878, -0.587502, 0.4862)","(-0.0215782, -0.998562, -0.0490802)","(0.252819, 0.607054, 0.753371)","(0.0695296, -0.992581, -0.0997389)","(-0.186219, -0.982252, 0.0224605)","(-0.0598093, -0.998162, 0.00977766)","(0.206536, -0.961069, -0.183544)","(0.326232, -0.935408, -0.136326)",0
68.5,"(0.0320318, -0.0233648, 2.52368e-05)","(0.0374971, 0.989567, 0.139109)","(-0.666198, -0.608024, 0.431841)","(-0.169157, -0.985037, -0.0329883)","(0.276703, 0.704146, 0.653922)","(-0.238085, -0.963484, -0.122529)","(-0.182878, -0.98303, 0.0144436)","(-0.046528, -0.998788, -0.0160394)","(0.187755, -0.965083, -0.182654)","(0.326656, -0.924295, -0.19742)",0
68.5333,"(0.0296187, -0.0251145, 2.65082e-05)","(0.0522641, 0.989825, 0.132348)","(-0.657824, -0.646681, 0.386096)","(-0.298016, -0.954464, -0.0136294)","(0.261656, 0.773234, 0.57762)","(-0.524568, -0.840341, -0.136586)","(-0.176264, -0.984321, 0.00654859)","(-0.0425426, -0.998814, -0.0236851)","(0.204813, -0.954209, -0.218028)","(0.322714, -0.903535, -0.281924)",0
68.5667,"(0.02664, -0.0258333, 3.29955e-05)","(0.0751168, 0.990452, 0.115594)","(-0.608639, -0.697836, 0.377603)","(-0.422109, -0.906365, 0.0180753)","(0.20588, 0.798838, 0.565218)","(-0.727057, -0.669943, -0.150213)","(-0.169831, -0.985449, 0.00684253)","(-0.0665519, -0.997766, 0.00590308)","(0.22747, -0.937796, -0.262292)","(0.328128, -0.870498, -0.366832)",0
68.6,"(0.0237184, -0.026082, 3.78281e-05)","(0.105206, 0.989775, 0.0963181)","(-0.542249, -0.726535, 0.422033)","(-0.536555, -0.842486, 0.048234)","(0.153305, 0.789516, 0.594275)","(-0.841467, -0.512816, -0.170156)","(-0.149283, -0.988578, -0.0207081)","(-0.152668, -0.985043, 0.0798983)","(0.238012, -0.926692, -0.290848)","(0.407404, -0.79015, -0.457913)",0
68.6333,"(0.0209588, -0.0264075, 3.90988e-05)","(0.132609, 0.989121, 0.0636738)","(-0.488483, -0.735052, 0.470195)","(-0.588959, -0.803457, 0.0870881)","(0.119084, 0.762161, 0.636341)","(-0.881161, -0.422779, -0.211692)","(-0.110801, -0.992949, -0.0421428)","(-0.262965, -0.954792, 0.138643)","(0.295665, -0.912789, -0.281776)","(0.438841, -0.751074, -0.493261)",0
68.6667,"(0.0209588, -0.0264075, 3.90988e-05)","(0.148816, 0.988101, 0.0388677)","(-0.467229, -0.736171, 0.489642)","(-0.59866, -0.794147, 0.104578)","(0.103597, 0.726589, 0.679217)","(-0.883383, -0.405517, -0.234927)","(-0.0705489, -0.994103, -0.0823533)","(-0.365654, -0.91586, 0.165825)","(0.343146, -0.899068, -0.271896)","(0.457432, -0.747941, -0.480979)",0
68.7,"(0.0179883, -0.0256104, 2.3393e-05)","(0.151479, 0.98828, 0.018903)","(-0.455309, -0.739748, 0.495446)","(-0.578154, -0.808156, 0.112345)","(0.0927076, 0.688469, 0.719316)","(-0.848435, -0.464358, -0.254025)","(-0.0304926, -0.995517, -0.0895346)","(-0.412757, -0.899194, 0.145195)","(0.361157, -0.893057, -0.268355)","(0.371187, -0.838876, -0.398131)",0
68.7333,"(0.0179883, -0.0256104, 2.3393e-05)","(0.147271, 0.989067, 0.00765907)","(-0.489328, -0.742891, 0.456806)","(-0.487317, -0.870743, 0.0657982)","(0.0913978, 0.691143, 0.716915)","(-0.761869, -0.612968, -0.209347)","(-0.0168121, -0.994494, -0.103434)","(-0.411867, -0.904423, 0.111286)","(0.319684, -0.906892, -0.274496)","(0.325939, -0.897049, -0.298442)",0
68.7667,"(0.0179883, -0.0256104, 2.3393e-05)","(0.144377, 0.989489, -0.00817306)","(-0.529866, -0.731934, 0.428386)","(-0.329142, -0.944255, -0.00688737)","(0.0977614, 0.667491, 0.738173)","(-0.553675, -0.809456, -0.195514)","(-0.0118727, -0.994902, -0.10015)","(-0.387349, -0.919831, 0.0622177)","(0.281413, -0.927293, -0.24685)","(0.296676, -0.932445, -0.206227)",0
68.8,"(0.0179883, -0.0256104, 2.3393e-05)","(0.140881, 0.990024, -0.00217435)","(-0.556703, -0.70526, 0.438966)","(-0.0837681, -0.993302, -0.0795875)","(0.117923, 0.619064, 0.776437)","(-0.278329, -0.9506, -0.137451)","(-0.0191954, -0.994504, -0.10292)","(-0.34904, -0.93692, 0.018765)","(0.264341, -0.939042, -0.219826)","(0.30427, -0.939752, -0.155839)",0
68.8333,"(0.0179883, -0.0256104, 2.3393e-05)","(0.131542, 0.991039, 0.0232001)","(-0.549347, -0.681345, 0.483722)","(0.119375, -0.987271, -0.105094)","(0.139767, 0.532806, 0.834616)","(-0.00445336, -0.994434, -0.105269)","(-0.0284069, -0.994712, -0.0986984)","(-0.332049, -0.943262, 0.000208429)","(0.260843, -0.94239, -0.209431)","(0.314104, -0.934385, -0.168114)",0
68.8667,"(0.0179883, -0.0256104, 2.3393e-05)","(0.119376, 0.990639, 0.0662142)","(-0.552587, -0.665157, 0.502208)","(0.296899, -0.949302, -0.10333)","(0.145518, 0.479898, 0.865172)","(0.123986, -0.992048, 0.0216529)","(-0.0334592, -0.993626, -0.107649)","(-0.347671, -0.937607, 0.00430188)","(0.264055, -0.931854, -0.248844)","(0.357808, -0.906699, -0.223316)",0
68.9,"(0.0200921, -0.0268087, 6.09718e-06)","(0.110663, 0.989735, 0.0904312)","(-0.573068, -0.662899, 0.481828)","(0.413239, -0.910144, -0.0295189)","(0.117909, 0.470409, 0.874536)","(0.236063, -0.944202, 0.229688)","(-0.0368122, -0.992483, -0.116712)","(-0.368429, -0.929147, 0.0307644)","(0.25735, -0.924334, -0.28174)","(0.486503, -0.819916, -0.30175)",0
68.9333,"(0.0200921, -0.0268087, 6.09718e-06)","(0.105612, 0.988762, 0.105813)","(-0.580984, -0.684308, 0.440658)","(0.444469, -0.890942, 0.0931076)","(0.0567015, 0.471731, 0.879918)","(0.307497, -0.7556, 0.578372)","(-0.0343517, -0.990653, -0.13201)","(-0.390259, -0.917771, 0.0734404)","(0.247318, -0.923309, -0.293827)","(0.649424, -0.67432, -0.351485)",0
68.9667,"(0.0228714, -0.0300828, -9.19551e-06)","(0.0990849, 0.991764, 0.0811537)","(-0.544952, -0.742317, 0.389862)","(0.400678, -0.879682, 0.256157)","(-0.00100444, 0.461095, 0.88735)","(0.392616, -0.484332, 0.781841)","(-0.0417142, -0.98943, -0.138882)","(-0.376621, -0.91695, 0.131755)","(0.212178, -0.933499, -0.289068)","(0.778148, -0.506649, -0.371205)",0
69,"(0.0249686, -0.030867, -1.81261e-05)","(0.0846971, 0.995138, 0.0502743)","(-0.472255, -0.816943, 0.331028)","(0.328931, -0.876232, 0.352167)","(-0.0552907, 0.416944, 0.907249)","(0.363924, -0.290392, 0.885004)","(-0.048914, -0.987724, -0.148353)","(-0.351282, -0.91484, 0.199172)","(0.192556, -0.937428, -0.290088)","(0.846444, -0.405754, -0.344813)",0
69.0333,"(0.0279126, -0.0316595, -2.16713e-05)","(0.0687752, 0.997427, 0.0202556)","(-0.386865, -0.880705, 0.273303)","(0.312664, -0.879661, 0.358383)","(-0.105831, 0.329387, 0.938245)","(0.307264, -0.334961, 0.890724)","(-0.0538969, -0.986806, -0.152676)","(-0.294737, -0.924051, 0.243435)","(0.173815, -0.938892, -0.297101)","(0.879374, -0.361975, -0.309316)",0
69.0667,"(0.0314695, -0.0319717, -2.09399e-05)","(0.0449826, 0.998657, 0.0257151)","(-0.289039, -0.936685, 0.197681)","(0.336553, -0.907299, 0.252073)","(-0.162044, 0.152264, 0.974965)","(0.126763, -0.537642, 0.83359)","(-0.048663, -0.987709, -0.148535)","(-0.20269, -0.943676, 0.261518)","(0.151144, -0.940566, -0.304125)","(0.869601, -0.371957, -0.324719)",0
69.1,"(0.0356869, -0.0328375, -1.48567e-05)","(0.0167648, 0.998851, 0.0448969)","(-0.168553, -0.980894, 0.0971469)","(0.332565, -0.934084, 0.129952)","(-0.210814, -0.0852839, 0.973799)","(-0.0428188, -0.738731, 0.672639)","(-0.0464542, -0.994152, -0.0974826)","(-0.0616513, -0.974322, 0.216553)","(0.113242, -0.934953, -0.336214)","(0.809459, -0.460753, -0.363981)",0
69.1333,"(0.0408167, -0.0343503, -8.83853e-06)","(-0.0206485, 0.99658, 0.0800138)","(-0.0414985, -0.998385, -0.0388062)","(0.268445, -0.962888, 0.0280098)","(-0.22761, -0.365836, 0.902418)","(-0.139071, -0.845496, 0.515554)","(-0.056913, -0.9977, -0.0368299)","(0.0915516, -0.98524, 0.144641)","(0.0664988, -0.919589, -0.387213)","(0.693463, -0.577472, -0.430854)",0
69.1667,"(0.0468266, -0.0361338, -5.36963e-06)","(-0.0534267, 0.991889, 0.115329)","(0.0439586, -0.988785, -0.142732)","(0.162168, -0.986763, -0.000562052)","(-0.207257, -0.610289, 0.764586)","(-0.112458, -0.874742, 0.471358)","(-0.0735906, -0.997288, 0.00103257)","(0.214964, -0.975055, 0.0553048)","(0.0368104, -0.905744, -0.422224)","(0.579972, -0.683414, -0.443371)",0
69.2,"(0.0531838, -0.0378805, -5.26672e-06)","(-0.080572, 0.986076, 0.145473)","(0.066903, -0.972899, -0.221338)","(0.0728533, -0.997293, -0.00992787)","(-0.13747, -0.799692, 0.584461)","(-0.0398375, -0.886744, 0.460541)","(-0.0859884, -0.996191, -0.0144886)","(0.27062, -0.962686, -0.000273083)","(0.0122745, -0.903187, -0.429072)","(0.498247, -0.744717, -0.444013)",0
69.2333,"(0.0599115, -0.039481, -7.81454e-06)","(-0.101583, 0.981436, 0.162681)","(0.0507232, -0.966847, -0.250269)","(0.0369534, -0.999289, -0.00743162)","(-0.0297148, -0.896529, 0.441987)","(0.013333, -0.895453, 0.444957)","(-0.0961096, -0.994763, -0.0347881)","(0.283446, -0.958759, -0.0209843)","(-0.0161718, -0.908444, -0.417694)","(0.456225, -0.785006, -0.419076)",0
69.2667,"(0.0663956, -0.0401689, -1.21509e-05)","(-0.121016, 0.97663, 0.17762)","(0.0285486, -0.965962, -0.257105)","(0.0450075, -0.998898, -0.0133031)","(0.0628082, -0.937204, 0.343081)","(0.0430512, -0.906148, 0.420765)","(-0.107444, -0.993647, -0.0334927)","(0.26872, -0.963084, -0.0160992)","(-0.0421329, -0.915911, -0.399164)","(0.430149, -0.817345, -0.383301)",0
69.3,"(0.0723266, -0.0389137, -1.53866e-05)","(-0.137517, 0.971865, 0.191225)","(0.0189883, -0.967825, -0.250907)","(0.0717108, -0.996984, -0.0296638)","(0.123106, -0.945944, 0.300059)","(0.0540833, -0.915099, 0.399585)","(-0.128025, -0.991342, -0.0291764)","(0.248572, -0.968552, -0.0108622)","(-0.0712224, -0.9206, -0.383956)","(0.416966, -0.834909, -0.359258)",0
69.3333,"(0.0775218, -0.0363006, -1.69015e-05)","(-0.150059, 0.968136, 0.200487)","(0.0149912, -0.972833, -0.231023)","(0.105284, -0.993415, -0.0451829)","(0.147184, -0.952954, 0.264984)","(0.0448184, -0.921517, 0.385744)","(-0.14251, -0.989275, -0.0320459)","(0.224653, -0.97441, -0.00752026)","(-0.0955051, -0.927667, -0.360989)","(0.417074, -0.84478, -0.335254)",0
69.3667,"(0.082038, -0.0334996, -1.95093e-05)","(-0.157164, 0.966395, 0.203423)","(0.017156, -0.976656, -0.214124)","(0.134029, -0.989649, -0.0512966)","(0.165164, -0.951639, 0.259043)","(0.0243206, -0.920097, 0.390935)","(-0.151105, -0.987369, -0.0476494)","(0.199197, -0.979959, 0.000137569)","(-0.122256, -0.930533, -0.345197)","(0.423118, -0.847381, -0.320807)",0
69.4,"(0.0861005, -0.0304656, -2.22219e-05)","(-0.159381, 0.967174, 0.197921)","(0.0171919, -0.98025, -0.197015)","(0.163502, -0.98503, -0.0546153)","(0.183836, -0.947516, 0.261567)","(-0.00377788, -0.91482, 0.403844)","(-0.149107, -0.986952, -0.0607637)","(0.180263, -0.983603, 0.00558445)","(-0.156647, -0.929839, -0.332958)","(0.419533, -0.849484, -0.319951)",0
69.4333,"(0.0898859, -0.0274146, -2.46899e-05)","(-0.156486, 0.970081, 0.18562)","(0.0139058, -0.980982, -0.193602)","(0.20212, -0.977434, -0.0614062)","(0.201596, -0.942579, 0.266279)","(-0.0420998, -0.911478, 0.409188)","(-0.14654, -0.986676, -0.0706859)","(0.167437, -0.98587, 0.00512811)","(-0.192081, -0.927211, -0.321534)","(0.40562, -0.858446, -0.313915)",0
69.4667,"(0.0931056, -0.0253691, -2.66929e-05)","(-0.152185, 0.973931, 0.168222)","(0.00167814, -0.981739, -0.190225)","(0.249754, -0.965836, -0.0691691)","(0.223618, -0.938306, 0.263775)","(-0.0876907, -0.904438, 0.417495)","(-0.143071, -0.986933, -0.0741158)","(0.158405, -0.987369, -0.00306282)","(-0.227006, -0.922158, -0.313197)","(0.386469, -0.868156, -0.311361)",0
69.5,"(0.0960083, -0.0243641, -2.7091e-05)","(-0.14517, 0.977129, 0.155387)","(-0.0164013, -0.981404, -0.191252)","(0.299638, -0.951064, -0.0754625)","(0.245868, -0.932898, 0.263154)","(-0.139446, -0.892465, 0.429023)","(-0.142199, -0.987167, -0.0726651)","(0.152563, -0.988231, -0.0111518)","(-0.250215, -0.918716, -0.305539)","(0.367101, -0.877789, -0.307772)",0
69.5333,"(0.0989508, -0.0234118, -2.59633e-05)","(-0.13694, 0.978552, 0.153893)","(-0.0346325, -0.979991, -0.196005)","(0.341368, -0.936908, -0.075308)","(0.26922, -0.925934, 0.26489)","(-0.182037, -0.875331, 0.447949)","(-0.14194, -0.987215, -0.0725202)","(0.148919, -0.988743, -0.0145031)","(-0.266168, -0.914604, -0.304391)","(0.349912, -0.883229, -0.312199)",0
69.5667,"(0.101663, -0.0227837, -2.40821e-05)","(-0.127831, 0.979398, 0.156327)","(-0.0607506, -0.978105, -0.199046)","(0.379209, -0.922204, -0.0757679)","(0.298317, -0.91536, 0.270413)","(-0.216722, -0.854509, 0.472066)","(-0.144347, -0.987062, -0.0698018)","(0.146684, -0.989089, -0.0136542)","(-0.277896, -0.911339, -0.303702)","(0.328863, -0.889365, -0.317615)",0
69.6,"(0.103959, -0.0225991, -2.1446e-05)","(-0.12132, 0.97918, 0.162755)","(-0.0919647, -0.976838, -0.193212)","(0.410201, -0.909086, -0.0727791)","(0.332161, -0.902369, 0.274588)","(-0.24651, -0.837224, 0.488148)","(-0.148875, -0.986651, -0.0659961)","(0.144727, -0.989409, -0.0111732)","(-0.285109, -0.911574, -0.296218)","(0.310724, -0.8982, -0.310946)",0
69.6333,"(0.106402, -0.0227443, -1.90562e-05)","(-0.114259, 0.980429, 0.160324)","(-0.149424, -0.971205, -0.185562)","(0.434153, -0.897237, -0.0804739)","(0.387953, -0.876437, 0.285219)","(-0.278505, -0.812872, 0.511541)","(-0.156095, -0.985719, -0.0631898)","(0.141299, -0.989905, -0.0110903)","(-0.294162, -0.910242, -0.291426)","(0.287892, -0.903768, -0.316737)",0
69.6667,"(0.108932, -0.0229735, -1.71906e-05)","(-0.107991, 0.98172, 0.156727)","(-0.215456, -0.959603, -0.180944)","(0.450687, -0.88897, -0.0813271)","(0.452471, -0.840728, 0.297399)","(-0.304654, -0.789203, 0.53324)","(-0.162793, -0.984761, -0.0611808)","(0.134036, -0.990908, -0.0116573)","(-0.303391, -0.908247, -0.28817)","(0.270528, -0.906696, -0.323599)",0
69.7,"(0.11126, -0.0231603, -1.62513e-05)","(-0.102945, 0.983181, 0.150856)","(-0.283196, -0.941998, -0.180113)","(0.470541, -0.878533, -0.0822861)","(0.515143, -0.802677, 0.300561)","(-0.328476, -0.760941, 0.559529)","(-0.171403, -0.983176, -0.0631387)","(0.124046, -0.992191, -0.0130303)","(-0.312883, -0.903884, -0.291716)","(0.254807, -0.902922, -0.346129)",0
69.7333,"(0.113625, -0.0233824, -1.54315e-05)","(-0.101314, 0.983829, 0.147705)","(-0.328102, -0.927995, -0.176562)","(0.500249, -0.863104, -0.0693021)","(0.552416, -0.779876, 0.294328)","(-0.353695, -0.732942, 0.581116)","(-0.176528, -0.982246, -0.0634835)","(0.113088, -0.9935, -0.0130052)","(-0.32158, -0.900637, -0.2923)","(0.245551, -0.902787, -0.353101)",0
69.7667,"(0.115878, -0.0235331, -1.44163e-05)","(-0.100704, 0.98425, 0.145293)","(-0.365898, -0.915198, -0.168911)","(0.535158, -0.843207, -0.0510735)","(0.579516, -0.765086, 0.280723)","(-0.385785, -0.698015, 0.603279)","(-0.180244, -0.981968, -0.0570189)","(0.100569, -0.994764, -0.0181805)","(-0.329586, -0.896796, -0.295178)","(0.230079, -0.892445, -0.38808)",0
69.8,"(0.118049, -0.0235543, -1.37075e-05)","(-0.100015, 0.985248, 0.138863)","(-0.395585, -0.909251, -0.129517)","(0.567934, -0.82292, -0.0159048)","(0.602825, -0.736387, 0.307142)","(-0.419208, -0.643245, 0.640703)","(-0.180614, -0.982771, -0.0392285)","(0.0875665, -0.995801, -0.0266918)","(-0.337668, -0.891397, -0.302311)","(0.206616, -0.876326, -0.435159)",0
69.8333,"(0.118049, -0.0235543, -1.37075e-05)","(-0.0998953, 0.986203, 0.132004)","(-0.437732, -0.896103, -0.0734162)","(0.592967, -0.804926, 0.0220118)","(0.629355, -0.695662, 0.346362)","(-0.442441, -0.574322, 0.688767)","(-0.181379, -0.983258, -0.0175034)","(0.0754591, -0.996632, -0.0321177)","(-0.349536, -0.883573, -0.311646)","(0.176811, -0.855416, -0.486828)",0
69.8667,"(0.121854, -0.0237474, -1.38757e-05)","(-0.0988395, 0.986798, 0.128298)","(-0.49408, -0.869081, 0.0241343)","(0.621109, -0.7781, 0.0937278)","(0.644118, -0.636552, 0.424161)","(-0.459755, -0.489516, 0.740944)","(-0.182426, -0.983214, -0.0031912)","(0.0691171, -0.99714, -0.0305839)","(-0.361504, -0.877185, -0.31601)","(0.155766, -0.846845, -0.508518)",0
69.9,"(0.121854, -0.0237474, -1.38757e-05)","(-0.0990703, 0.986749, 0.128497)","(-0.555791, -0.82077, 0.132034)","(0.650641, -0.741336, 0.16458)","(0.654722, -0.584474, 0.479301)","(-0.467939, -0.422201, 0.776389)","(-0.183716, -0.982952, 0.00740623)","(0.0654645, -0.997474, -0.0275731)","(-0.373752, -0.874076, -0.310323)","(0.136574, -0.847223, -0.513382)",0
69.9333,"(0.124933, -0.0245301, -1.55405e-05)","(-0.101384, 0.985713, 0.134502)","(-0.596572, -0.754964, 0.272273)","(0.669615, -0.690373, 0.273861)","(0.65913, -0.520976, 0.542338)","(-0.467183, -0.363001, 0.806207)","(-0.184293, -0.982809, 0.0110636)","(0.0612056, -0.997795, -0.0256733)","(-0.379291, -0.874622, -0.301952)","(0.124268, -0.848377, -0.5146)",0
69.9667,"(0.124933, -0.0245301, -1.55405e-05)","(-0.107926, 0.983885, 0.142558)","(-0.607984, -0.699678, 0.375241)","(0.674599, -0.64664, 0.356052)","(0.67182, -0.468231, 0.57395)","(-0.458623, -0.317457, 0.829992)","(-0.187524, -0.982166, 0.0136019)","(0.0552867, -0.998453, -0.00596891)","(-0.379778, -0.87369, -0.30403)","(0.111078, -0.840049, -0.531018)",0
70,"(0.127168, -0.0259099, -1.77606e-05)","(-0.116291, 0.981938, 0.149245)","(-0.604895, -0.662994, 0.441068)","(0.670422, -0.613964, 0.416632)","(0.685364, -0.414933, 0.59842)","(-0.445584, -0.266884, 0.854534)","(-0.191811, -0.981393, 0.00876593)","(0.0503949, -0.99842, 0.0248462)","(-0.379563, -0.870821, -0.312415)","(0.102481, -0.832005, -0.545221)",0
70.0333,"(0.127168, -0.0259099, -1.77606e-05)","(-0.128971, 0.981711, 0.140032)","(-0.608212, -0.640791, 0.46847)","(0.664945, -0.595134, 0.451291)","(0.708183, -0.34737, 0.614664)","(-0.427867, -0.20486, 0.880319)","(-0.197659, -0.980244, 0.00729569)","(0.0491132, -0.997285, 0.0548661)","(-0.382686, -0.864546, -0.325748)","(0.0965664, -0.823283, -0.559356)",0
70.0667,"(0.127974, -0.0290834, -2.13448e-05)","(-0.140573, 0.983087, 0.117386)","(-0.629418, -0.594368, 0.500559)","(0.634344, -0.595919, 0.492431)","(0.736039, -0.262799, 0.623845)","(-0.373651, -0.123751, 0.919277)","(-0.20356, -0.979055, 0.0038294)","(0.0513017, -0.996423, 0.0671487)","(-0.385001, -0.856096, -0.344779)","(0.0955409, -0.822478, -0.560716)",0
70.1,"(0.127695, -0.0314086, -2.20582e-05)","(-0.151617, 0.984114, 0.0923693)","(-0.654079, -0.528464, 0.541208)","(0.558221, -0.640097, 0.527888)","(0.753668, -0.152155, 0.639401)","(-0.259974, 0.00832389, 0.96558)","(-0.209266, -0.977848, 0.00451611)","(0.055571, -0.995536, 0.0762918)","(-0.38611, -0.847748, -0.363653)","(0.0994661, -0.820953, -0.562266)",0
70.1333,"(0.126679, -0.033701, -2.08352e-05)","(-0.157626, 0.984447, 0.077578)","(-0.657375, -0.484136, 0.577469)","(0.433311, -0.760729, 0.483253)","(0.752862, -0.0476606, 0.65645)","(-0.060313, 0.19936, 0.978069)","(-0.214957, -0.976623, 0.000214375)","(0.067565, -0.994472, 0.0803755)","(-0.38125, -0.839803, -0.386497)","(0.110455, -0.823351, -0.556681)",0
70.1667,"(0.124549, -0.0356602, -1.7677e-05)","(-0.157308, 0.985264, 0.0671553)","(-0.646587, -0.480227, 0.592712)","(0.31375, -0.881776, 0.352182)","(0.743511, 0.0121226, 0.668614)","(0.15036, 0.402016, 0.903203)","(-0.217595, -0.976012, -0.00729312)","(0.088337, -0.994581, 0.0548217)","(-0.378582, -0.836236, -0.396718)","(0.131684, -0.83593, -0.532804)",0
70.2,"(0.121481, -0.0369099, -1.21214e-05)","(-0.150137, 0.987084, 0.055897)","(-0.604485, -0.531336, 0.593532)","(0.275185, -0.933588, 0.229534)","(0.726471, 0.0260481, 0.686704)","(0.291906, 0.529802, 0.796304)","(-0.218672, -0.975566, -0.0213121)","(0.117341, -0.993077, 0.0054429)","(-0.374937, -0.833727, -0.405365)","(0.160735, -0.847376, -0.506081)",0
70.2333,"(0.116675, -0.0379199, -6.33709e-06)","(-0.131887, 0.990411, 0.0411242)","(-0.656307, -0.659729, 0.366086)","(0.329019, -0.922436, 0.202133)","(0.813468, -0.248703, 0.525754)","(0.329838, 0.595762, 0.732307)","(-0.217629, -0.975552, -0.0306079)","(0.140095, -0.989318, -0.0402928)","(-0.380851, -0.831203, -0.405036)","(0.18464, -0.852884, -0.488361)",0
70.2667,"(0.110339, -0.0387805, 1.61696e-06)","(-0.0953607, 0.995077, 0.0269667)","(-0.661078, -0.749082, 0.0430339)","(0.460247, -0.841888, 0.281774)","(0.723356, -0.625752, 0.291873)","(0.240856, 0.601439, 0.761748)","(-0.215239, -0.975983, -0.0336072)","(0.15782, -0.985558, -0.0613911)","(-0.390226, -0.82585, -0.407056)","(0.197655, -0.843196, -0.499952)",0
70.3,"(0.102879, -0.039484, 9.23998e-06)","(-0.047433, 0.998686, 0.0194256)","(-0.5963, -0.766986, -0.236977)","(0.543716, -0.723327, 0.425641)","(0.443207, -0.893811, 0.0683384)","(0.103904, 0.594214, 0.797567)","(-0.211902, -0.976599, -0.0367644)","(0.175022, -0.982057, -0.0702238)","(-0.39327, -0.825358, -0.40512)","(0.214494, -0.837943, -0.501841)",0
70.3333,"(0.0950774, -0.0385839, 1.5805e-05)","(0.00166224, 0.999631, 0.0271102)","(-0.511652, -0.819976, -0.256617)","(0.601108, -0.579293, 0.550535)","(0.170292, -0.975099, 0.142068)","(-0.0670267, 0.529994, 0.845348)","(-0.206132, -0.97786, -0.0360565)","(0.204122, -0.975779, -0.0786782)","(-0.376534, -0.836694, -0.397701)","(0.237224, -0.836778, -0.493485)",0
70.3667,"(0.0871802, -0.0368832, 2.12657e-05)","(0.0378602, 0.997898, 0.052592)","(-0.404767, -0.890062, -0.209649)","(0.611539, -0.472007, 0.635003)","(-0.0234432, -0.977173, 0.211147)","(-0.199473, 0.439283, 0.875923)","(-0.192641, -0.980874, -0.0278551)","(0.233335, -0.968991, -0.081306)","(-0.350959, -0.862491, -0.364605)","(0.271466, -0.851502, -0.44861)",0
70.4,"(0.0796234, -0.0345369, 2.38918e-05)","(0.0629675, 0.995742, 0.067331)","(-0.320896, -0.93074, -0.175356)","(0.64344, -0.372528, 0.668736)","(-0.133181, -0.963921, 0.230474)","(-0.315338, 0.283647, 0.905597)","(-0.173694, -0.984699, -0.0140688)","(0.248136, -0.96671, -0.0624465)","(-0.319503, -0.886149, -0.335646)","(0.303986, -0.867787, -0.393113)",0
70.4333,"(0.0729541, -0.0314041, 2.18148e-05)","(0.0823461, 0.994307, 0.0676228)","(-0.23949, -0.956133, -0.168682)","(0.670731, -0.289448, 0.682891)","(-0.16856, -0.956584, 0.23777)","(-0.4377, 0.0807101, 0.895491)","(-0.155487, -0.987838, -0.000435998)","(0.24776, -0.968486, -0.0254757)","(-0.292494, -0.906432, -0.304678)","(0.33991, -0.883753, -0.321624)",0
70.4667,"(0.0674067, -0.0274989, 1.72873e-05)","(0.0932741, 0.99305, 0.0717729)","(-0.185112, -0.970865, -0.152165)","(0.674447, -0.253091, 0.693589)","(-0.152353, -0.917891, 0.366422)","(-0.532462, -0.114767, 0.838638)","(-0.145593, -0.989327, 0.0059173)","(0.242692, -0.970046, 0.010553)","(-0.257166, -0.920467, -0.294289)","(0.367582, -0.884816, -0.286328)",0
70.5,"(0.0624983, -0.0250009, 1.14602e-05)","(0.0970809, 0.990502, 0.0973677)","(-0.134639, -0.989625, -0.0501563)","(0.663881, -0.284599, 0.691567)","(-0.081214, -0.837809, 0.539889)","(-0.606471, -0.287103, 0.741461)","(-0.141228, -0.989892, 0.0130154)","(0.242296, -0.969037, 0.0475384)","(-0.222654, -0.933271, -0.281833)","(0.379739, -0.883211, -0.275202)",0
70.5333,"(0.0584268, -0.0235228, 4.3632e-06)","(0.0945834, 0.989475, 0.109512)","(-0.108187, -0.991995, 0.0651192)","(0.606237, -0.380383, 0.698416)","(-0.024944, -0.734984, 0.677625)","(-0.640768, -0.381369, 0.666314)","(-0.135464, -0.990599, 0.0190357)","(0.240267, -0.96805, 0.0717762)","(-0.185821, -0.942379, -0.278195)","(0.378542, -0.880191, -0.286303)",0
70.5667,"(0.055637, -0.0228887, -1.95345e-08)","(0.0918989, 0.99034, 0.103828)","(-0.0756684, -0.983355, 0.165188)","(0.47464, -0.500935, 0.723727)","(-0.00443433, -0.695142, 0.718859)","(-0.668655, -0.408668, 0.621201)","(-0.127485, -0.991466, 0.0272522)","(0.237092, -0.967437, 0.0886172)","(-0.162659, -0.946325, -0.279306)","(0.377747, -0.875786, -0.300511)",0
70.6,"(0.0535739, -0.023065, -6.5109e-06)","(0.0884428, 0.992568, 0.0835802)","(-0.0257441, -0.991073, 0.130807)","(0.27559, -0.630337, 0.725758)","(0.0191783, -0.73917, 0.673245)","(-0.702519, -0.374969, 0.604868)","(-0.115288, -0.992468, 0.0414362)","(0.233417, -0.968023, 0.0919122)","(-0.150254, -0.947679, -0.281652)","(0.386589, -0.866544, -0.315674)",0
70.6333,"(0.0535739, -0.023065, -6.5109e-06)","(0.0862956, 0.993533, 0.0737965)","(0.022094, -0.991525, 0.12802)","(0.0471767, -0.709904, 0.702717)","(0.173896, -0.697307, 0.695359)","(-0.793461, -0.323695, 0.515404)","(-0.106975, -0.992789, 0.0541038)","(0.231616, -0.967969, 0.0969034)","(-0.151093, -0.946187, -0.286184)","(0.396433, -0.851815, -0.34242)",0
70.6667,"(0.0517363, -0.0257361, -1.26817e-05)","(0.0864263, 0.994145, 0.0648556)","(0.00604713, -0.988001, 0.154329)","(-0.174935, -0.754931, 0.632041)","(0.409835, -0.523985, 0.746642)","(-0.879457, -0.282615, 0.382993)","(-0.117129, -0.991583, 0.0551693)","(0.229248, -0.967793, 0.104026)","(-0.139058, -0.948382, -0.285017)","(0.409424, -0.839588, -0.357021)",0
70.7,"(0.0517363, -0.0257361, -1.26817e-05)","(0.0907473, 0.99442, 0.0537857)","(0.0077184, -0.970394, 0.241403)","(-0.379917, -0.744485, 0.549005)","(0.491992, -0.267868, 0.828367)","(-0.960091, -0.191558, 0.203791)","(-0.143667, -0.989403, 0.0210012)","(0.225743, -0.969171, 0.098728)","(-0.118626, -0.950526, -0.287103)","(0.41678, -0.830057, -0.37054)",0
70.7333,"(0.0526161, -0.0285361, -1.58323e-05)","(0.0896976, 0.99533, 0.0356793)","(-3.1248e-05, -0.98559, 0.169155)","(-0.498775, -0.707919, 0.500073)","(0.424492, -0.422676, 0.80072)","(-0.989358, 0.0139687, 0.144831)","(-0.172568, -0.984939, -0.0107101)","(0.217615, -0.972477, 0.0832579)","(-0.0959381, -0.954241, -0.283231)","(0.427456, -0.822331, -0.375571)",0
70.7667,"(0.0526161, -0.0285361, -1.58323e-05)","(0.0803525, 0.996553, 0.0206191)","(0.0348684, -0.999227, 0.0181725)","(-0.546394, -0.67431, 0.49675)","(0.214112, -0.728244, 0.651012)","(-0.94292, 0.303592, 0.136872)","(-0.186496, -0.982021, -0.029231)","(0.210672, -0.97567, 0.0607024)","(-0.0927898, -0.954148, -0.284592)","(0.425734, -0.815792, -0.391452)",0
70.8,"(0.0572592, -0.0302266, -1.65404e-05)","(0.0655148, 0.997806, 0.00957078)","(0.0095943, -0.990121, -0.139889)","(-0.56787, -0.639094, 0.518731)","(0.0703468, -0.87101, 0.486203)","(-0.778649, 0.587155, 0.221256)","(-0.190158, -0.981456, -0.0241704)","(0.205184, -0.978104, 0.0348247)","(-0.107639, -0.952321, -0.28548)","(0.420451, -0.809113, -0.410557)",0
70.8333,"(0.0613911, -0.0310732, -1.65848e-05)","(0.0535683, 0.998555, 0.0043144)","(-0.0110789, -0.987281, -0.158599)","(-0.615582, -0.60339, 0.506931)","(-0.00823513, -0.81943, 0.573119)","(-0.574731, 0.763492, 0.294558)","(-0.19361, -0.980608, -0.0303881)","(0.200161, -0.979724, 0.00879551)","(-0.130956, -0.94551, -0.298095)","(0.400066, -0.801765, -0.443981)",0
70.8667,"(0.0661948, -0.031795, -1.46354e-05)","(0.0395506, 0.999025, 0.0196173)","(-0.00993036, -0.999795, 0.0176498)","(-0.633115, -0.521279, 0.572219)","(0.000811938, -0.578529, 0.815661)","(-0.375539, 0.803304, 0.462248)","(-0.204074, -0.978519, -0.0292162)","(0.187936, -0.982002, -0.0187742)","(-0.164161, -0.936346, -0.310336)","(0.372768, -0.799738, -0.470598)",0
70.9,"(0.0719485, -0.031966, -6.96355e-06)","(0.0235784, 0.999395, 0.0255658)","(-0.0125399, -0.991125, 0.132342)","(-0.610631, -0.467222, 0.639402)","(-0.00336108, -0.580596, 0.814185)","(-0.181552, 0.77101, 0.610396)","(-0.214059, -0.97637, -0.0296612)","(0.159113, -0.985233, -0.0632361)","(-0.192337, -0.929997, -0.313228)","(0.346535, -0.795058, -0.497792)",0
70.9333,"(0.0775604, -0.0318377, 1.82344e-06)","(-0.000248432, 0.998826, 0.0484312)","(-0.0178304, -0.980318, 0.196616)","(-0.53456, -0.40136, 0.743744)","(0.0183477, -0.648616, 0.760894)","(-0.00638861, 0.624895, 0.780683)","(-0.223709, -0.974518, -0.0164106)","(0.126884, -0.9873, -0.0956028)","(-0.231108, -0.920977, -0.313672)","(0.330825, -0.797028, -0.505274)",0
70.9667,"(0.082571, -0.0321845, 8.95858e-06)","(-0.0219322, 0.998398, 0.0521489)","(-0.0519877, -0.994989, 0.0854051)","(-0.467785, -0.449744, 0.76086)","(-0.0291733, -0.84363, 0.536132)","(0.171201, 0.52196, 0.835613)","(-0.231052, -0.972937, -0.00307108)","(0.101204, -0.987499, -0.120847)","(-0.262884, -0.913022, -0.311903)","(0.324706, -0.800816, -0.503249)",0
71,"(0.0862437, -0.0322364, 1.61482e-05)","(-0.0452377, 0.996493, 0.0703888)","(-0.0920971, -0.99575, -5.70186e-05)","(-0.396429, -0.484895, 0.779565)","(-0.0728954, -0.867607, 0.491879)","(0.262598, 0.415166, 0.871022)","(-0.25426, -0.966707, 0.0287956)","(0.0915884, -0.988321, -0.121792)","(-0.286085, -0.901112, -0.325812)","(0.319064, -0.801746, -0.505372)",0
71.0333,"(0.0886828, -0.0321129, 1.93615e-05)","(-0.0605305, 0.995689, 0.0702797)","(-0.136257, -0.989668, -0.0446321)","(-0.331004, -0.581603, 0.743085)","(-0.173311, -0.816928, 0.550084)","(0.292235, 0.376073, 0.8793)","(-0.275427, -0.959662, 0.0564737)","(0.0902121, -0.987817, -0.126805)","(-0.290097, -0.898456, -0.329576)","(0.312888, -0.801355, -0.509834)",0
71.0667,"(0.0886828, -0.0321129, 1.93615e-05)","(-0.0742203, 0.995137, 0.0647618)","(-0.182726, -0.980196, 0.0763287)","(-0.173226, -0.638356, 0.749996)","(-0.218187, -0.606552, 0.764519)","(0.223279, 0.393573, 0.891766)","(-0.289426, -0.954797, 0.0677914)","(0.0910322, -0.988835, -0.117976)","(-0.29165, -0.897612, -0.330504)","(0.306124, -0.80441, -0.50913)",0
71.1,"(0.0886828, -0.0321129, 1.93615e-05)","(-0.0804926, 0.994235, 0.0708385)","(-0.249675, -0.922107, 0.295604)","(0.0519584, -0.614166, 0.787464)","(-0.226218, -0.288677, 0.930318)","(0.127679, 0.421962, 0.897578)","(-0.281998, -0.957498, 0.0606177)","(0.102599, -0.989626, -0.100569)","(-0.298631, -0.898155, -0.322703)","(0.295445, -0.816027, -0.496803)",0
71.1333,"(0.0886828, -0.0321129, 1.93615e-05)","(-0.0836747, 0.991367, 0.10095)","(-0.35282, -0.780435, 0.516177)","(0.326453, -0.40858, 0.852344)","(-0.115582, 0.0856483, 0.989598)","(0.00446592, 0.460809, 0.887488)","(-0.273437, -0.960947, 0.0425759)","(0.12213, -0.988811, -0.0856531)","(-0.302414, -0.888552, -0.344995)","(0.279904, -0.82045, -0.498514)",0
71.1667,"(0.0886828, -0.0321129, 1.93615e-05)","(-0.0783681, 0.987489, 0.136837)","(-0.509088, -0.619718, 0.59731)","(0.528035, -0.0982359, 0.843522)","(-0.0150874, 0.331458, 0.943349)","(-0.174473, 0.536091, 0.825933)","(-0.257052, -0.966173, 0.0208477)","(0.155237, -0.984842, -0.0773835)","(-0.307857, -0.872451, -0.379543)","(0.251676, -0.82139, -0.511837)",0
71.2,"(0.0842849, -0.0321832, 2.79728e-05)","(-0.0676667, 0.983195, 0.169552)","(-0.685176, -0.398272, 0.609847)","(0.631607, 0.20314, 0.748202)","(0.0950692, 0.540363, 0.836044)","(-0.355901, 0.609862, 0.708098)","(-0.233614, -0.972328, 0.00196769)","(0.187855, -0.979889, -0.0672904)","(-0.312081, -0.856434, -0.41125)","(0.236755, -0.815526, -0.528076)",0
71.2333,"(0.0809741, -0.0310081, 3.0946e-05)","(-0.0544565, 0.982144, 0.180075)","(-0.809819, -0.135337, 0.570857)","(0.650396, 0.409267, 0.639911)","(0.159877, 0.649277, 0.743558)","(-0.463216, 0.712841, 0.526582)","(-0.201119, -0.979535, -0.00791301)","(0.214755, -0.975563, -0.0464345)","(-0.314325, -0.852592, -0.417477)","(0.243376, -0.81568, -0.524818)",0
71.2667,"(0.077114, -0.0286884, 3.1763e-05)","(-0.0404513, 0.982235, 0.183244)","(-0.852201, 0.107481, 0.512057)","(0.601067, 0.559735, 0.570452)","(0.172428, 0.714451, 0.678106)","(-0.458567, 0.771843, 0.440426)","(-0.17095, -0.985245, -0.00824525)","(0.225347, -0.974007, -0.0230123)","(-0.302338, -0.857992, -0.415261)","(0.271014, -0.811857, -0.517146)",0
71.3,"(0.0723981, -0.0262138, 3.08895e-05)","(-0.0298882, 0.986159, 0.163084)","(-0.842404, 0.296925, 0.449656)","(0.535621, 0.668661, 0.515755)","(0.129083, 0.778218, 0.614585)","(-0.401931, 0.835654, 0.374346)","(-0.150717, -0.98856, -0.00585174)","(0.225111, -0.974328, -0.00319751)","(-0.273265, -0.866368, -0.41801)","(0.293923, -0.811927, -0.504364)",0
71.3333,"(0.068048, -0.0233359, 2.79985e-05)","(-0.0158388, 0.990865, 0.133927)","(-0.820225, 0.448461, 0.355124)","(0.468419, 0.763746, 0.444158)","(0.0639087, 0.848538, 0.525262)","(-0.33988, 0.874987, 0.34479)","(-0.135244, -0.990808, -0.00275955)","(0.221764, -0.97499, 0.0146448)","(-0.228657, -0.875927, -0.424815)","(0.316001, -0.811482, -0.491569)",0
71.3667,"(0.0642594, -0.0212285, 2.40041e-05)","(-0.00426308, 0.994446, 0.105161)","(-0.783185, 0.571738, 0.24441)","(0.40825, 0.832991, 0.37344)","(-0.00703776, 0.903409, 0.428722)","(-0.27184, 0.909778, 0.313699)","(-0.122026, -0.992527, -0.000376297)","(0.217331, -0.975754, 0.025918)","(-0.178163, -0.885541, -0.42904)","(0.335763, -0.816204, -0.470185)",0
71.4,"(0.060684, -0.0194359, 2.01223e-05)","(0.00639383, 0.995841, 0.090887)","(-0.744298, 0.648137, 0.161059)","(0.365255, 0.873889, 0.320791)","(-0.0778777, 0.923567, 0.375446)","(-0.194845, 0.936508, 0.291526)","(-0.107773, -0.994158, 0.00592048)","(0.215122, -0.976041, 0.0326615)","(-0.140896, -0.899181, -0.414272)","(0.354182, -0.830232, -0.43043)",0
71.4333,"(0.0573286, -0.018048, 1.54064e-05)","(0.0106016, 0.994028, 0.10861)","(-0.693815, 0.708609, 0.128429)","(0.336706, 0.894881, 0.292946)","(-0.176644, 0.910392, 0.374142)","(-0.108103, 0.952777, 0.283778)","(-0.0931152, -0.995584, 0.0119079)","(0.212766, -0.976708, 0.0277978)","(-0.119532, -0.912674, -0.390817)","(0.359066, -0.848845, -0.387987)",0
71.4667,"(0.0545377, -0.0166575, 1.00481e-05)","(0.011884, 0.990948, 0.133717)","(-0.646103, 0.753994, 0.118509)","(0.327422, 0.904306, 0.273909)","(-0.280362, 0.88066, 0.381884)","(-0.0244397, 0.962703, 0.269456)","(-0.081989, -0.996479, 0.0175298)","(0.209375, -0.977522, 0.024767)","(-0.105225, -0.927366, -0.359055)","(0.361462, -0.865964, -0.345617)",0
71.5,"(0.0521648, -0.0159206, 5.93578e-06)","(0.012731, 0.987049, 0.159913)","(-0.611523, 0.783065, 0.113352)","(0.322264, 0.913624, 0.247865)","(-0.366338, 0.860703, 0.353535)","(0.0318217, 0.965547, 0.258275)","(-0.0719199, -0.99728, 0.0161118)","(0.204536, -0.978641, 0.0206646)","(-0.0871312, -0.935578, -0.342203)","(0.366244, -0.873228, -0.321463)",0
71.5333,"(0.0501519, -0.01522, 4.04294e-06)","(0.0136748, 0.98557, 0.168712)","(-0.589999, 0.801655, 0.0961806)","(0.322471, 0.916176, 0.23798)","(-0.413328, 0.849594, 0.327642)","(0.0511156, 0.968998, 0.241722)","(-0.0662046, -0.997752, 0.0104286)","(0.200227, -0.979613, 0.0163315)","(-0.0783193, -0.941795, -0.326939)","(0.373032, -0.875868, -0.306108)",0
71.5667,"(0.0501519, -0.01522, 4.04294e-06)","(0.0140322, 0.984887, 0.17263)","(-0.574126, 0.81387, 0.0894102)","(0.313035, 0.921589, 0.229525)","(-0.42972, 0.849179, 0.306978)","(0.0482749, 0.972836, 0.226406)","(-0.064771, -0.997892, 0.00406707)","(0.196245, -0.980479, 0.0122055)","(-0.0707663, -0.944599, -0.320507)","(0.380079, -0.875096, -0.299578)",0
71.6,"(0.0477064, -0.0144897, 8.21368e-07)","(0.0123847, 0.984881, 0.172791)","(-0.561446, 0.823932, 0.0769039)","(0.288438, 0.927037, 0.239594)","(-0.422273, 0.85216, 0.309045)","(0.0333852, 0.978694, 0.202593)","(-0.0672694, -0.997619, 0.015186)","(0.19027, -0.981668, 0.0111695)","(-0.0691097, -0.948085, -0.310416)","(0.385546, -0.876623, -0.2879)",0
71.6333,"(0.0477064, -0.0144897, 8.21368e-07)","(0.00977163, 0.985212, 0.171063)","(-0.550021, 0.832228, 0.0698163)","(0.255486, 0.933386, 0.252026)","(-0.380103, 0.875962, 0.297006)","(-0.00588151, 0.98209, 0.188321)","(-0.0718048, -0.996987, 0.0293459)","(0.184477, -0.982784, 0.0101922)","(-0.0618865, -0.949908, -0.306339)","(0.388816, -0.87786, -0.279614)",0
71.6667,"(0.0477064, -0.0144897, 8.21368e-07)","(0.00754607, 0.986529, 0.163415)","(-0.538356, 0.841805, 0.0392088)","(0.222617, 0.94339, 0.245879)","(-0.289317, 0.923919, 0.250338)","(-0.0933795, 0.986967, 0.131061)","(-0.0749833, -0.99713, 0.0104942)","(0.182112, -0.983234, 0.00931893)","(-0.0578524, -0.948898, -0.310236)","(0.388976, -0.881273, -0.268432)",0
71.7,"(0.0460309, -0.0174521, 6.7472e-07)","(0.00728794, 0.988496, 0.151069)","(-0.535697, 0.844338, 0.0111001)","(0.207975, 0.953142, 0.219698)","(-0.104385, 0.978844, 0.175978)","(-0.198504, 0.978251, 0.0601717)","(-0.0774418, -0.996423, -0.0338175)","(0.183727, -0.982976, -0.00161508)","(-0.056971, -0.944975, -0.322145)","(0.390451, -0.881671, -0.264961)",0
71.7333,"(0.0451289, -0.0195595, 3.69214e-06)","(0.00849559, 0.99038, 0.138116)","(-0.540326, 0.84144, 0.00508702)","(0.198905, 0.967155, 0.158267)","(0.0939304, 0.993129, 0.0697918)","(-0.290901, 0.955087, -0.0564436)","(-0.0791623, -0.993694, -0.079413)","(0.186227, -0.982236, -0.0230833)","(-0.0605478, -0.942712, -0.328068)","(0.39315, -0.883601, -0.254328)",0
71.7667,"(0.0441961, -0.0224689, 8.55883e-06)","(0.0121861, 0.991074, 0.132753)","(-0.563619, 0.825984, 0.00918889)","(0.199119, 0.975652, 0.0919553)","(0.247753, 0.967342, -0.0535447)","(-0.354238, 0.917157, -0.18259)","(-0.0809417, -0.991174, -0.104987)","(0.189812, -0.980315, -0.0543463)","(-0.0652387, -0.939821, -0.335382)","(0.403246, -0.879354, -0.253238)",0
71.8,"(0.0433285, -0.0251371, 1.39237e-05)","(0.0176623, 0.990778, 0.134342)","(-0.583691, 0.811831, 0.0153681)","(0.192583, 0.980513, 0.0388086)","(0.326105, 0.937658, -0.120219)","(-0.403552, 0.865494, -0.296758)","(-0.0828897, -0.988604, -0.125664)","(0.199463, -0.976995, -0.0754643)","(-0.0701402, -0.934816, -0.348138)","(0.408891, -0.871326, -0.271291)",0
71.8333,"(0.0425195, -0.0272666, 1.89312e-05)","(0.0246639, 0.989566, 0.141952)","(-0.611911, 0.790927, -0.000486987)","(0.184609, 0.982638, 0.018505)","(0.3534, 0.924642, -0.141936)","(-0.458247, 0.822126, -0.337813)","(-0.0860346, -0.986417, -0.139928)","(0.213796, -0.973375, -0.0826593)","(-0.0717513, -0.929507, -0.361759)","(0.415925, -0.859243, -0.297839)",0
71.8667,"(0.0417613, -0.0293389, 2.16584e-05)","(0.0324522, 0.988584, 0.147133)","(-0.627559, 0.778005, -0.0296277)","(0.175662, 0.984161, 0.0238731)","(0.374989, 0.913446, -0.158111)","(-0.492105, 0.79198, -0.361388)","(-0.090757, -0.986253, -0.13809)","(0.23136, -0.969988, -0.0748049)","(-0.0687009, -0.927866, -0.36653)","(0.419808, -0.850357, -0.31726)",0
71.9,"(0.0417613, -0.0293389, 2.16584e-05)","(0.0396221, 0.988158, 0.148236)","(-0.639964, 0.765294, -0.0690766)","(0.177085, 0.983761, 0.0292478)","(0.388737, 0.906313, -0.165771)","(-0.518959, 0.767379, -0.376578)","(-0.094673, -0.986918, -0.130499)","(0.249325, -0.966155, -0.0662006)","(-0.0616654, -0.930676, -0.360609)","(0.424041, -0.849584, -0.31368)",0
71.9333,"(0.0406711, -0.0312647, 2.20451e-05)","(0.0454442, 0.985896, 0.161071)","(-0.64506, 0.763755, -0.0240049)","(0.188405, 0.978994, 0.0779352)","(0.423908, 0.89762, -0.120752)","(-0.548781, 0.742087, -0.384897)","(-0.0976737, -0.987715, -0.121978)","(0.263482, -0.963273, -0.0517832)","(-0.0546368, -0.934035, -0.352977)","(0.424179, -0.851563, -0.308079)",0
71.9667,"(0.0406711, -0.0312647, 2.20451e-05)","(0.0483852, 0.981333, 0.18613)","(-0.647996, 0.761195, 0.026163)","(0.200696, 0.968574, 0.146921)","(0.451758, 0.891694, -0.0282093)","(-0.599792, 0.731249, -0.324846)","(-0.100158, -0.988369, -0.114434)","(0.27159, -0.961957, -0.0296341)","(-0.0497692, -0.936043, -0.348349)","(0.420349, -0.855652, -0.301937)",0
72,"(0.0385567, -0.0316799, 1.80805e-05)","(0.0518324, 0.976494, 0.209222)","(-0.653266, 0.75356, 0.0734169)","(0.209812, 0.955606, 0.20687)","(0.464476, 0.885127, 0.0284927)","(-0.638417, 0.721352, -0.268468)","(-0.102738, -0.989098, -0.105499)","(0.271234, -0.962491, -0.00655991)","(-0.0428457, -0.940008, -0.338451)","(0.420538, -0.85941, -0.290796)",0
72.0333,"(0.0385567, -0.0316799, 1.80805e-05)","(0.0556036, 0.974466, 0.21754)","(-0.659918, 0.749937, 0.045853)","(0.224231, 0.949996, 0.217322)","(0.478697, 0.877943, 0.00814486)","(-0.657795, 0.71819, -0.226955)","(-0.101881, -0.989573, -0.101808)","(0.271844, -0.962205, 0.0162252)","(-0.0298229, -0.942292, -0.333462)","(0.422222, -0.864715, -0.272025)",0
72.0667,"(0.0338179, -0.0313788, 1.55209e-05)","(0.0617599, 0.978401, 0.197274)","(-0.664037, 0.74749, -0.0176943)","(0.247777, 0.954737, 0.164572)","(0.48624, 0.870282, -0.0786134)","(-0.643893, 0.709364, -0.286714)","(-0.0854994, -0.991287, -0.100203)","(0.281234, -0.959038, 0.0339755)","(-0.0128489, -0.944253, -0.328969)","(0.429632, -0.867786, -0.249729)",0
72.1,"(0.0303086, -0.031269, 1.41019e-05)","(0.0710616, 0.981616, 0.177143)","(-0.6662, 0.742783, -0.0667202)","(0.287694, 0.949829, 0.122704)","(0.488626, 0.862127, -0.134096)","(-0.626765, 0.713004, -0.314312)","(-0.0509017, -0.99438, -0.0928331)","(0.300814, -0.952251, 0.0522411)","(-4.55329e-05, -0.94133, -0.337488)","(0.431012, -0.868783, -0.243811)",0
72.1333,"(0.0264041, -0.0311314, 1.2919e-05)","(0.0805162, 0.984321, 0.156939)","(-0.681519, 0.726031, -0.0917125)","(0.362197, 0.919299, 0.153954)","(0.423001, 0.90255, -0.0804524)","(-0.59328, 0.78234, -0.189638)","(-0.0113849, -0.997649, -0.0675767)","(0.326433, -0.941678, 0.081754)","(0.0016849, -0.930136, -0.367211)","(0.423109, -0.865166, -0.269195)",0
72.1667,"(0.022468, -0.0311581, 1.20779e-05)","(0.0885955, 0.984575, 0.150872)","(-0.717007, 0.695288, -0.0497554)","(0.471739, 0.852551, 0.224986)","(0.259209, 0.961589, 0.0903192)","(-0.468268, 0.88341, 0.0176923)","(0.0201508, -0.999239, -0.0334055)","(0.343285, -0.933795, 0.100904)","(0.00926836, -0.914962, -0.403433)","(0.410219, -0.855865, -0.314986)",0
72.2,"(0.0191411, -0.0316043, 9.9934e-06)","(0.091532, 0.984269, 0.151115)","(-0.789032, 0.613638, 0.0295964)","(0.607677, 0.740708, 0.286497)","(-0.0176823, 0.942968, 0.332414)","(-0.195876, 0.955933, 0.21869)","(0.0391873, -0.999164, -0.0116889)","(0.353452, -0.928358, 0.11499)","(0.0202411, -0.891201, -0.453156)","(0.39781, -0.841782, -0.364898)",0
72.2333,"(0.017022, -0.0324625, 6.37081e-06)","(0.0889073, 0.983158, 0.159676)","(-0.875648, 0.48139, 0.0387679)","(0.751077, 0.598453, 0.278815)","(-0.38062, 0.815469, 0.436049)","(0.155776, 0.943833, 0.291397)","(0.0517152, -0.998171, -0.0313037)","(0.360189, -0.92644, 0.109418)","(0.0358926, -0.843645, -0.535701)","(0.381295, -0.817515, -0.431604)",0
72.2667,"(0.017022, -0.0324625, 6.37081e-06)","(0.0807059, 0.982418, 0.168352)","(-0.96093, 0.276705, -0.00687444)","(0.870445, 0.431727, 0.236509)","(-0.702585, 0.550984, 0.450323)","(0.480877, 0.789567, 0.381237)","(0.0584756, -0.995522, -0.0742776)","(0.367226, -0.923489, 0.110966)","(0.0434893, -0.774531, -0.63104)","(0.327327, -0.802519, -0.498818)",0
72.3,"(0.017022, -0.0324625, 6.37081e-06)","(0.0675297, 0.981776, 0.177637)","(-0.991736, 0.0481189, -0.118933)","(0.950461, 0.25133, 0.182911)","(-0.90737, 0.234291, 0.348979)","(0.726964, 0.505691, 0.464543)","(0.0585618, -0.989913, -0.12901)","(0.354326, -0.925327, 0.134992)","(0.0489703, -0.730313, -0.681356)","(0.257457, -0.789336, -0.557373)",0
72.3333,"(0.0151914, -0.0310352, -6.28749e-06)","(0.0564372, 0.982127, 0.179557)","(-0.975023, -0.129542, -0.180416)","(0.983713, 0.131361, 0.122694)","(-0.95986, 0.0125065, 0.2802)","(0.828765, 0.273243, 0.488351)","(0.056853, -0.98641, -0.154154)","(0.323777, -0.914735, 0.24172)","(0.0538907, -0.721569, -0.690242)","(0.206196, -0.807596, -0.552514)",0
72.3667,"(0.0153769, -0.0273315, -6.68388e-06)","(0.0487547, 0.978725, 0.199301)","(-0.934459, -0.285703, -0.212511)","(0.995643, -0.0588813, 0.0723077)","(-0.947089, -0.189912, 0.258757)","(0.865662, 0.027531, 0.499872)","(0.0530832, -0.984048, -0.169798)","(0.27545, -0.929445, 0.245478)","(0.0592589, -0.75142, -0.657158)","(0.189369, -0.818764, -0.542001)",0
72.4,"(0.0156528, -0.022851, -4.76771e-06)","(0.0406199, 0.975995, 0.213971)","(-0.880266, -0.422614, -0.215707)","(0.95802, -0.28618, 0.0172969)","(-0.874773, -0.381762, 0.298379)","(0.839281, -0.144414, 0.524168)","(0.0485993, -0.984821, -0.166632)","(0.212541, -0.959446, 0.185175)","(0.0628939, -0.772452, -0.631951)","(0.1817, -0.831862, -0.524396)",0
72.4333,"(0.0160833, -0.0176785, -1.17188e-06)","(0.0259874, 0.971473, 0.235724)","(-0.757007, -0.615223, -0.22009)","(0.812092, -0.580515, -0.0592409)","(-0.75649, -0.562125, 0.334274)","(0.788588, -0.359903, 0.498596)","(0.0336807, -0.9856, -0.165703)","(0.123499, -0.991401, 0.0432722)","(0.0718799, -0.795912, -0.60113)","(0.154056, -0.837104, -0.524904)",0
72.4667,"(0.0166642, -0.0114106, 2.25804e-06)","(0.00534124, 0.971004, 0.239003)","(-0.587032, -0.778061, -0.223637)","(0.58351, -0.800281, -0.138085)","(-0.5882, -0.71059, 0.386113)","(0.668179, -0.569999, 0.478162)","(0.0178926, -0.989183, -0.145593)","(0.0123916, -0.999712, 0.0205413)","(0.0766498, -0.802061, -0.592303)","(0.115985, -0.865945, -0.486505)",0
72.5,"(0.0176682, -0.00625002, -1.41121e-06)","(-0.0113091, 0.971102, 0.238397)","(-0.391136, -0.890135, -0.233823)","(0.315022, -0.928826, -0.195046)","(-0.374475, -0.837872, 0.397164)","(0.457489, -0.771246, 0.442587)","(0.00362524, -0.991984, -0.126312)","(-0.0730903, -0.995747, 0.0560913)","(0.0831861, -0.806396, -0.585496)","(0.0870872, -0.898616, -0.430006)",0
72.5333,"(0.0188271, -0.00288396, -3.32456e-06)","(-0.0212537, 0.975551, 0.218743)","(-0.23535, -0.940897, -0.243563)","(0.0740133, -0.967522, -0.241708)","(-0.105459, -0.917437, 0.38365)","(0.173961, -0.891433, 0.418431)","(0.000679829, -0.9956, -0.093704)","(-0.127893, -0.987536, 0.0917439)","(0.0841804, -0.802859, -0.590196)","(0.0621446, -0.918885, -0.3896)",0
72.5667,"(0.0199881, 0.000104845, -6.74833e-06)","(-0.0237521, 0.980316, 0.196003)","(-0.155998, -0.95823, -0.239707)","(-0.0304534, -0.967498, -0.25104)","(0.0271279, -0.936239, 0.350315)","(0.0446359, -0.916972, 0.396447)","(0.000202544, -0.997157, -0.0753559)","(-0.145488, -0.983139, 0.110771)","(0.0856377, -0.800102, -0.593719)","(0.0495486, -0.923563, -0.380233)",0
72.6,"(0.0199881, 0.000104845, -6.74833e-06)","(-0.0238834, 0.984968, 0.171075)","(-0.140694, -0.959396, -0.244466)","(-0.0349633, -0.964569, -0.261503)","(-0.03265, -0.940408, 0.338477)","(0.104756, -0.913603, 0.392881)","(0.00338044, -0.998595, -0.0528749)","(-0.157636, -0.978975, 0.129453)","(0.0809883, -0.770533, -0.632234)","(0.0329606, -0.919595, -0.391483)",0
72.6333,"(0.0222168, 0.00163177, -9.89111e-06)","(-0.0204134, 0.984139, 0.176219)","(-0.179558, -0.953397, -0.242473)","(0.0484608, -0.957204, -0.285329)","(-0.245095, -0.89314, 0.377134)","(0.341596, -0.836927, 0.427628)","(0.00721075, -0.99894, -0.045473)","(-0.163009, -0.976897, 0.138207)","(0.0757198, -0.747138, -0.660341)","(0.0298099, -0.921061, -0.388276)",0
72.6667,"(0.0222168, 0.00163177, -9.89111e-06)","(-0.0191402, 0.982417, 0.185716)","(-0.262021, -0.936537, -0.232904)","(0.146992, -0.944105, -0.295058)","(-0.484827, -0.731829, 0.478925)","(0.582889, -0.67668, 0.449828)","(0.010991, -0.999007, -0.043178)","(-0.166199, -0.976095, 0.140055)","(0.0689924, -0.709628, -0.701191)","(0.0227445, -0.922495, -0.385339)",0
72.7,"(0.0246117, -0.00100589, -1.07425e-05)","(-0.0185645, 0.981628, 0.189902)","(-0.35033, -0.920652, -0.172246)","(0.27236, -0.935899, -0.223414)","(-0.656588, -0.386683, 0.647587)","(0.737008, -0.320157, 0.595246)","(0.0200092, -0.997749, -0.0640045)","(-0.165633, -0.977638, 0.129571)","(0.0629678, -0.662339, -0.746553)","(0.00406322, -0.93041, -0.366498)",0
72.7333,"(0.0259424, -0.00264293, -1.08442e-05)","(-0.0207057, 0.982734, 0.183864)","(-0.429285, -0.902193, 0.0419768)","(0.388489, -0.91749, 0.0853698)","(-0.592999, 0.0284565, 0.804701)","(0.682197, 0.0550071, 0.729096)","(0.0283401, -0.995037, -0.0953829)","(-0.173057, -0.963874, 0.202481)","(0.0590573, -0.615118, -0.78622)","(-0.024768, -0.939234, -0.342382)",1
72.7667,"(0.027459, -0.00436686, -9.50573e-06)","(-0.0233699, 0.985339, 0.169)","(-0.507521, -0.797466, 0.326298)","(0.477048, -0.784536, 0.396143)","(-0.291984, 0.394738, 0.871164)","(0.367529, 0.43557, 0.821706)","(0.044184, -0.99175, -0.120334)","(-0.177821, -0.944321, 0.276834)","(0.0513303, -0.590322, -0.805534)","(-0.0473376, -0.946038, -0.32058)",0
72.8,"(0.0285827, -0.00621078, -8.21881e-06)","(-0.0276079, 0.988133, 0.151099)","(-0.548042, -0.564173, 0.617543)","(0.528797, -0.532483, 0.660935)","(0.161889, 0.531445, 0.83148)","(-0.0394576, 0.561813, 0.826323)","(0.0528292, -0.992283, -0.112176)","(-0.179631, -0.934107, 0.308507)","(0.0500418, -0.628998, -0.775794)","(-0.0486596, -0.936764, -0.346561)",0
72.8333,"(0.0285827, -0.00621078, -8.21881e-06)","(-0.0302195, 0.990811, 0.131837)","(-0.524706, -0.30711, 0.793956)","(0.527871, -0.316734, 0.788055)","(0.554085, 0.430219, 0.712672)","(-0.452588, 0.499314, 0.738816)","(0.063937, -0.99494, -0.0775037)","(-0.174669, -0.953444, 0.245834)","(0.0468468, -0.717694, -0.694782)","(-0.0348057, -0.916629, -0.398222)",0
72.8667,"(0.0307011, -0.00819156, 3.31163e-06)","(-0.0328057, 0.991544, 0.125555)","(-0.460006, -0.122096, 0.879481)","(0.488635, -0.117751, 0.864506)","(0.713159, 0.318716, 0.624359)","(-0.644221, 0.385988, 0.660298)","(0.0686446, -0.996647, -0.0445249)","(-0.168886, -0.972684, 0.159258)","(0.0465766, -0.801223, -0.59655)","(-0.0210539, -0.893736, -0.448098)",0
72.9,"(0.0307011, -0.00819156, 3.31163e-06)","(-0.0346622, 0.993079, 0.112218)","(-0.4902, 0.0138792, 0.871499)","(0.520955, -0.00627834, 0.853561)","(0.77116, 0.360815, 0.524523)","(-0.717444, 0.414995, 0.559512)","(0.0700676, -0.997116, -0.0291496)","(-0.162581, -0.981473, 0.101383)","(0.0465408, -0.866984, -0.496158)","(-0.0126898, -0.888419, -0.458858)",0
72.9333,"(0.0307011, -0.00819156, 3.31163e-06)","(-0.0397049, 0.995506, 0.0859775)","(-0.676987, 0.0946716, 0.729881)","(0.677571, 0.0532488, 0.733527)","(0.715626, 0.52629, 0.459236)","(-0.683803, 0.540769, 0.48988)","(0.0701305, -0.997002, -0.032682)","(-0.155319, -0.986264, 0.0561995)","(0.0460093, -0.888432, -0.456696)","(-0.00927828, -0.889774, -0.456307)",0
72.9667,"(0.0328489, -0.0090758, 1.21727e-05)","(-0.0426914, 0.997203, 0.0613492)","(-0.825134, 0.123849, 0.551195)","(0.803324, 0.0586951, 0.592643)","(0.624118, 0.650997, 0.432065)","(-0.637068, 0.622903, 0.454022)","(0.0709978, -0.996786, -0.0371192)","(-0.149218, -0.988284, 0.0320637)","(0.0445539, -0.898199, -0.437325)","(-0.00901945, -0.891223, -0.453476)",0
73,"(0.0328489, -0.0090758, 1.21727e-05)","(-0.046428, 0.997099, 0.0603165)","(-0.896793, 0.104939, 0.429825)","(0.859827, 0.014308, 0.510384)","(0.52728, 0.695483, 0.488138)","(-0.585663, 0.628797, 0.511481)","(0.0736027, -0.996429, -0.0413801)","(-0.145593, -0.989158, 0.0192308)","(0.0397034, -0.894286, -0.445732)","(-0.00963561, -0.886905, -0.46185)",0
73.0333,"(0.0328489, -0.0090758, 1.21727e-05)","(-0.0509648, 0.996614, 0.0645285)","(-0.874673, 0.115418, 0.470771)","(0.858598, -0.0128535, 0.512488)","(0.603377, 0.64293, 0.471781)","(-0.595818, 0.584094, 0.551214)","(0.0751099, -0.996177, -0.0446132)","(-0.143167, -0.989591, 0.0145679)","(0.0350768, -0.897022, -0.440592)","(-0.0119196, -0.885421, -0.464638)",0
73.0667,"(0.0328489, -0.0090758, 1.21727e-05)","(-0.0552317, 0.993895, 0.0955122)","(-0.748977, 0.127441, 0.650225)","(0.770783, -0.0112537, 0.636999)","(0.706308, 0.52986, 0.469445)","(-0.656835, 0.491288, 0.572017)","(0.0755031, -0.996131, -0.0449709)","(-0.141153, -0.989804, 0.0190627)","(0.0327182, -0.901882, -0.430741)","(-0.0121289, -0.884691, -0.46602)",0
73.1,"(0.0328489, -0.0090758, 1.21727e-05)","(-0.0607081, 0.991796, 0.112492)","(-0.586222, 0.140581, 0.79786)","(0.628434, 0.0269473, 0.777396)","(0.782315, 0.40883, 0.469938)","(-0.698238, 0.43084, 0.5717)","(0.0753073, -0.996305, -0.0413062)","(-0.137852, -0.990108, 0.0261443)","(0.0307574, -0.916305, -0.399299)","(-0.0153493, -0.895914, -0.443962)",0
73.1333,"(0.0328489, -0.0090758, 1.21727e-05)","(-0.064455, 0.993125, 0.097713)","(-0.582133, 0.313136, 0.750377)","(0.574915, 0.158413, 0.802732)","(0.803914, 0.507509, 0.310093)","(-0.719037, 0.537225, 0.44088)","(0.0752722, -0.996524, -0.0357024)","(-0.132302, -0.990523, 0.036888)","(0.0309187, -0.919908, -0.390913)","(-0.0213097, -0.90186, -0.431502)",0
73.1667,"(0.0328489, -0.0090758, 1.21727e-05)","(-0.0676097, 0.996056, 0.057455)","(-0.660316, 0.491956, 0.567416)","(0.634236, 0.300936, 0.712167)","(0.770994, 0.614264, 0.168071)","(-0.676401, 0.658603, 0.329734)","(0.0744376, -0.996764, -0.030347)","(-0.128048, -0.990432, 0.0514559)","(0.0322775, -0.901539, -0.431492)","(-0.026456, -0.901307, -0.432372)",0
73.2,"(0.0328489, -0.0090758, 1.21727e-05)","(-0.0669769, 0.997508, 0.0222021)","(-0.743263, 0.60488, 0.285798)","(0.748856, 0.402208, 0.526729)","(0.622758, 0.77954, 0.0670053)","(-0.549064, 0.78944, 0.274432)","(0.0765888, -0.99672, -0.0261464)","(-0.125699, -0.989272, 0.0744401)","(0.0336995, -0.882005, -0.470034)","(-0.0304635, -0.891488, -0.452019)",0
73.2333,"(0.0342334, -0.0074387, -1.11933e-05)","(-0.0620866, 0.997805, 0.0230449)","(-0.786782, 0.566891, 0.244149)","(0.81758, 0.384842, 0.428323)","(0.414253, 0.867008, 0.276931)","(-0.360754, 0.836291, 0.412885)","(0.0773653, -0.996735, -0.0230975)","(-0.128685, -0.982747, 0.132844)","(0.0355406, -0.861208, -0.507008)","(-0.0389812, -0.883175, -0.467421)",0
73.2667,"(0.0342334, -0.0074387, -1.11933e-05)","(-0.0572627, 0.998169, 0.019471)","(-0.839883, 0.519243, 0.158062)","(0.88773, 0.335356, 0.315392)","(0.146634, 0.92101, 0.360886)","(-0.0830193, 0.865658, 0.493705)","(0.0752156, -0.996659, -0.0318368)","(-0.13307, -0.972796, 0.189634)","(0.0398661, -0.855803, -0.515763)","(-0.0531077, -0.886429, -0.459809)",0
73.3,"(0.0339434, -0.00503386, -1.30509e-05)","(-0.0529886, 0.998267, 0.0256098)","(-0.860917, 0.477161, 0.176463)","(0.92421, 0.280258, 0.259406)","(-0.0635866, 0.905797, 0.418914)","(0.11656, 0.844073, 0.523407)","(0.0682377, -0.996507, -0.0481478)","(-0.137508, -0.964104, 0.227145)","(0.0468215, -0.842755, -0.536257)","(-0.0700059, -0.888928, -0.452666)",0
73.3333,"(0.0339434, -0.00503386, -1.30509e-05)","(-0.0513325, 0.998236, 0.0298418)","(-0.877869, 0.441005, 0.186711)","(0.946763, 0.248458, 0.204715)","(-0.236535, 0.853171, 0.46492)","(0.288179, 0.802938, 0.521769)","(0.0627582, -0.995057, -0.0769589)","(-0.140959, -0.963076, 0.22938)","(0.0515275, -0.844495, -0.533079)","(-0.0818507, -0.90652, -0.414151)",0
73.3667,"(0.0339434, -0.00503386, -1.30509e-05)","(-0.0490834, 0.998225, 0.0337209)","(-0.890095, 0.408514, 0.202107)","(0.958249, 0.231025, 0.168483)","(-0.391142, 0.771237, 0.502198)","(0.405162, 0.76596, 0.499148)","(0.061905, -0.993655, -0.0939056)","(-0.141792, -0.965215, 0.219671)","(0.0532104, -0.858852, -0.509453)","(-0.0881008, -0.91356, -0.397047)",0
73.4,"(0.0339434, -0.00503386, -1.30509e-05)","(-0.045624, 0.998048, 0.0426464)","(-0.916205, 0.349036, 0.196831)","(0.970688, 0.198577, 0.135395)","(-0.521531, 0.650042, 0.552675)","(0.513645, 0.709185, 0.482935)","(0.0641073, -0.992563, -0.103483)","(-0.142114, -0.965452, 0.218418)","(0.051848, -0.861779, -0.504628)","(-0.0895899, -0.918818, -0.384379)",0
73.4333,"(0.0339434, -0.00503386, -1.30509e-05)","(-0.0409108, 0.996303, 0.0755349)","(-0.957859, 0.259451, 0.123252)","(0.987124, 0.134249, 0.0869641)","(-0.633535, 0.52876, 0.564842)","(0.593371, 0.634626, 0.495137)","(0.0672854, -0.992551, -0.101566)","(-0.140352, -0.966912, 0.213032)","(0.0498014, -0.857226, -0.512527)","(-0.0888422, -0.911495, -0.401601)",0
73.4667,"(0.0339434, -0.00503386, -1.30509e-05)","(-0.0356348, 0.991705, 0.123496)","(-0.986942, 0.159003, 0.0257664)","(0.997658, 0.0573593, 0.037257)","(-0.73378, 0.403762, 0.54639)","(0.668558, 0.537123, 0.514324)","(0.0692412, -0.992556, -0.100192)","(-0.138344, -0.969096, 0.204238)","(0.0471266, -0.848587, -0.526952)","(-0.0890729, -0.906676, -0.412316)",0
73.5,"(0.0339434, -0.00503386, -1.30509e-05)","(-0.0312533, 0.986345, 0.161699)","(-0.994388, 0.0823764, -0.0663754)","(0.999818, -0.0126299, -0.0143055)","(-0.817875, 0.283998, 0.500425)","(0.735801, 0.411742, 0.537648)","(0.0698374, -0.993402, -0.0909727)","(-0.136772, -0.970824, 0.196964)","(0.0422317, -0.84067, -0.539898)","(-0.0892735, -0.903251, -0.419725)",0
73.5333,"(0.0339434, -0.00503386, -1.30509e-05)","(-0.0280003, 0.98369, 0.17768)","(-0.994794, 0.0158971, -0.100663)","(0.997504, -0.0650869, -0.0273646)","(-0.867601, 0.168391, 0.467881)","(0.784542, 0.283762, 0.551338)","(0.069314, -0.994568, -0.0776497)","(-0.136595, -0.97038, 0.199261)","(0.0367364, -0.828933, -0.55814)","(-0.0886054, -0.899305, -0.428252)",0
73.5667,"(0.0320429, -0.00655091, -5.13535e-06)","(-0.0249844, 0.98281, 0.18292)","(-0.99156, -0.0608814, -0.114468)","(0.992528, -0.116142, -0.037414)","(-0.888006, 0.0610529, 0.455761)","(0.816597, 0.160533, 0.554436)","(0.0680227, -0.995662, -0.0634851)","(-0.135745, -0.976835, 0.16543)","(0.0311539, -0.831971, -0.553943)","(-0.0860125, -0.889864, -0.448044)",0
73.6,"(0.0320429, -0.00655091, -5.13535e-06)","(-0.0228627, 0.978647, 0.204271)","(-0.980159, -0.148178, -0.13165)","(0.98222, -0.177768, -0.0603498)","(-0.893415, -0.044122, 0.44706)","(0.841316, 0.0571761, 0.537511)","(0.0673456, -0.995647, -0.0644301)","(-0.133164, -0.986156, 0.0988094)","(0.0291102, -0.838337, -0.544374)","(-0.0785326, -0.876203, -0.4755)",0
73.6333,"(0.0315863, -0.00963442, -3.59655e-06)","(-0.0225107, 0.97485, 0.221721)","(-0.964492, -0.221747, -0.143471)","(0.968108, -0.2377, -0.0791595)","(-0.890502, -0.140242, 0.432825)","(0.854504, -0.0361949, 0.518183)","(0.0668936, -0.994792, -0.0768985)","(-0.129162, -0.991581, 0.00919314)","(0.0286794, -0.846884, -0.531004)","(-0.0652876, -0.864178, -0.498932)",0
73.6667,"(0.0315863, -0.00963442, -3.59655e-06)","(-0.0245843, 0.970214, 0.241)","(-0.943666, -0.290314, -0.158783)","(0.946584, -0.308602, -0.0935091)","(-0.876623, -0.240136, 0.416973)","(0.856518, -0.121081, 0.501713)","(0.067785, -0.993181, -0.0948509)","(-0.126266, -0.990712, -0.0504728)","(0.0297278, -0.845576, -0.533027)","(-0.0523282, -0.857596, -0.511656)",0
73.7,"(0.031493, -0.0118834, -3.70244e-06)","(-0.0305499, 0.966473, 0.254946)","(-0.922444, -0.349397, -0.164375)","(0.920371, -0.37792, -0.100466)","(-0.851038, -0.330046, 0.408417)","(0.848404, -0.193135, 0.492858)","(0.068783, -0.991598, -0.109552)","(-0.125024, -0.988613, -0.0837435)","(0.031069, -0.84705, -0.530605)","(-0.0421434, -0.859273, -0.509778)",0
73.7333,"(0.031493, -0.0118834, -3.70244e-06)","(-0.0390523, 0.961846, 0.270791)","(-0.893969, -0.415456, -0.167973)","(0.883631, -0.455887, -0.106601)","(-0.814824, -0.419139, 0.40048)","(0.842937, -0.253585, 0.474502)","(0.0696018, -0.990829, -0.115819)","(-0.124916, -0.986921, -0.101895)","(0.032374, -0.850873, -0.524373)","(-0.0374476, -0.866282, -0.49815)",0
73.7667,"(0.031493, -0.0118834, -3.70244e-06)","(-0.0479027, 0.958764, 0.280139)","(-0.859332, -0.483682, -0.166132)","(0.833206, -0.542951, -0.104745)","(-0.777646, -0.491, 0.392664)","(0.830074, -0.319791, 0.456849)","(0.0696393, -0.991115, -0.11332)","(-0.125705, -0.98707, -0.0994493)","(0.0327403, -0.85558, -0.516635)","(-0.0337848, -0.87662, -0.479995)",0
73.8,"(0.031493, -0.0118834, -3.70244e-06)","(-0.0529996, 0.958255, 0.280959)","(-0.81704, -0.553455, -0.16166)","(0.776843, -0.620964, -0.104491)","(-0.742648, -0.544369, 0.390046)","(0.805335, -0.387491, 0.448648)","(0.0695137, -0.991898, -0.106329)","(-0.127156, -0.988015, -0.0875095)","(0.0324143, -0.859806, -0.50959)","(-0.0324734, -0.883777, -0.466781)",0
73.8333,"(0.031493, -0.0118834, -3.70244e-06)","(-0.0538412, 0.957286, 0.284085)","(-0.766496, -0.620125, -0.167118)","(0.712911, -0.692085, -0.113034)","(-0.711033, -0.588551, 0.384759)","(0.771247, -0.45248, 0.447706)","(0.0698585, -0.992789, -0.0974137)","(-0.128232, -0.988896, -0.075102)","(0.033314, -0.865127, -0.500445)","(-0.0319813, -0.884464, -0.465512)",0
73.8667,"(0.031493, -0.0118834, -3.70244e-06)","(-0.0509988, 0.956594, 0.286928)","(-0.710943, -0.678955, -0.183247)","(0.653403, -0.746536, -0.125494)","(-0.681491, -0.626371, 0.378456)","(0.741858, -0.507547, 0.438227)","(0.0713859, -0.993378, -0.0900211)","(-0.128694, -0.989418, -0.0670003)","(0.0372219, -0.869734, -0.492115)","(-0.0323872, -0.883493, -0.467324)",0
73.9,"(0.031493, -0.0118834, -3.70244e-06)","(-0.0470293, 0.95485, 0.293342)","(-0.652185, -0.731122, -0.200289)","(0.590403, -0.794597, -0.14156)","(-0.652138, -0.66229, 0.3689)","(0.713558, -0.558902, 0.422449)","(0.0740319, -0.993747, -0.0835859)","(-0.128713, -0.98971, -0.062511)","(0.0425254, -0.876009, -0.480416)","(-0.0337648, -0.882656, -0.468806)",0
73.9333,"(0.031493, -0.0118834, -3.70244e-06)","(-0.0428357, 0.952359, 0.301955)","(-0.594919, -0.773675, -0.217939)","(0.52918, -0.834076, -0.155837)","(-0.629767, -0.689104, 0.35851)","(0.680877, -0.610777, 0.404175)","(0.0771955, -0.993841, -0.0795027)","(-0.128997, -0.989846, -0.0597017)","(0.0459802, -0.881106, -0.470678)","(-0.0359731, -0.8831, -0.467803)",0
73.9667,"(0.0314098, -0.013974, 5.38342e-07)","(-0.0409499, 0.948507, 0.314098)","(-0.542837, -0.808654, -0.226729)","(0.466605, -0.868089, -0.169414)","(-0.607541, -0.712411, 0.351234)","(0.647478, -0.648996, 0.39947)","(0.0809958, -0.993819, -0.0759232)","(-0.131225, -0.989832, -0.054892)","(0.0446878, -0.885637, -0.462222)","(-0.0401364, -0.884945, -0.463962)",0
74,"(0.0314098, -0.013974, 5.38342e-07)","(-0.0403185, 0.945584, 0.322871)","(-0.495984, -0.83616, -0.234171)","(0.40231, -0.89855, -0.175369)","(-0.582323, -0.735351, 0.34664)","(0.61934, -0.679025, 0.394135)","(0.0836428, -0.993911, -0.0717322)","(-0.134596, -0.989796, -0.0467786)","(0.0414433, -0.889949, -0.454173)","(-0.042816, -0.888586, -0.456707)",0
74.0333,"(0.0314098, -0.013974, 5.38342e-07)","(-0.0401344, 0.944234, 0.326819)","(-0.449292, -0.860833, -0.238961)","(0.340342, -0.923498, -0.176972)","(-0.550832, -0.759722, 0.345553)","(0.589445, -0.703848, 0.396425)","(0.0855542, -0.994038, -0.0675931)","(-0.138445, -0.9896, -0.0390453)","(0.0388326, -0.893351, -0.447678)","(-0.0432487, -0.891848, -0.450264)",0
74.0667,"(0.0314098, -0.013974, 5.38342e-07)","(-0.0400648, 0.942993, 0.330391)","(-0.395207, -0.886389, -0.241094)","(0.283077, -0.942614, -0.177047)","(-0.521215, -0.782238, 0.341232)","(0.560388, -0.727916, 0.395099)","(0.0856556, -0.994215, -0.0648077)","(-0.140942, -0.989417, -0.0344974)","(0.0379864, -0.894485, -0.445482)","(-0.0406704, -0.893519, -0.447179)",0
74.1,"(0.0314098, -0.013974, 5.38342e-07)","(-0.0411615, 0.942297, 0.332237)","(-0.341322, -0.908804, -0.239947)","(0.23735, -0.955106, -0.177305)","(-0.489379, -0.804256, 0.337165)","(0.531284, -0.753445, 0.387373)","(0.0854496, -0.9944, -0.0621865)","(-0.14263, -0.98922, -0.0331657)","(0.0373782, -0.893388, -0.447729)","(-0.0381095, -0.892873, -0.448693)",0
74.1333,"(0.0300467, -0.0155781, 3.3675e-06)","(-0.0433199, 0.940998, 0.335629)","(-0.292794, -0.925956, -0.238491)","(0.201631, -0.962882, -0.179451)","(-0.451809, -0.828802, 0.330083)","(0.509096, -0.774833, 0.374774)","(0.0850901, -0.994613, -0.0592064)","(-0.143538, -0.989178, -0.0304018)","(0.0366327, -0.892965, -0.448634)","(-0.0360097, -0.891537, -0.451514)",0
74.1667,"(0.0300467, -0.0155781, 3.3675e-06)","(-0.046062, 0.93916, 0.340378)","(-0.262865, -0.934091, -0.241611)","(0.176456, -0.966734, -0.185173)","(-0.404995, -0.855094, 0.323718)","(0.484383, -0.796817, 0.361187)","(0.0843405, -0.994872, -0.0558288)","(-0.144041, -0.989247, -0.0253327)","(0.0362782, -0.892993, -0.448606)","(-0.0336887, -0.88943, -0.455828)",0
74.2,"(0.0300467, -0.0155781, 3.3675e-06)","(-0.0476987, 0.937554, 0.344555)","(-0.237723, -0.937983, -0.25234)","(0.15632, -0.968409, -0.194288)","(-0.36083, -0.87824, 0.31384)","(0.45853, -0.817387, 0.348754)","(0.0835592, -0.995156, -0.0517864)","(-0.143978, -0.989439, -0.0167535)","(0.0362366, -0.893858, -0.446884)","(-0.031654, -0.886333, -0.461966)",0
74.2333,"(0.0300467, -0.0155781, 3.3675e-06)","(-0.0484014, 0.93856, 0.341706)","(-0.217457, -0.939665, -0.264088)","(0.138522, -0.969294, -0.203176)","(-0.321904, -0.896679, 0.303885)","(0.431703, -0.83655, 0.337368)","(0.0824699, -0.995602, -0.0444338)","(-0.143728, -0.98959, -0.00733722)","(0.035347, -0.897391, -0.439818)","(-0.0306557, -0.885354, -0.463905)",0
74.2667,"(0.0296632, -0.0127996, 4.7337e-06)","(-0.0481106, 0.943704, 0.327273)","(-0.198691, -0.942417, -0.26902)","(0.124414, -0.97058, -0.206143)","(-0.291819, -0.909351, 0.296517)","(0.404409, -0.852499, 0.331208)","(0.0817014, -0.996052, -0.0347205)","(-0.143396, -0.989663, 0.00220022)","(0.0338319, -0.902686, -0.428967)","(-0.0307348, -0.886812, -0.461108)",0
74.3,"(0.0296632, -0.0127996, 4.7337e-06)","(-0.0468254, 0.950479, 0.307242)","(-0.187661, -0.946302, -0.263241)","(0.110713, -0.973296, -0.20109)","(-0.26208, -0.918894, 0.29487)","(0.378223, -0.86378, 0.332912)","(0.0811186, -0.996396, -0.0247824)","(-0.143313, -0.989618, 0.0108728)","(0.0321523, -0.907583, -0.41864)","(-0.031448, -0.890443, -0.454006)",0
74.3333,"(0.0296632, -0.0127996, 4.7337e-06)","(-0.0449424, 0.956036, 0.289784)","(-0.182194, -0.95058, -0.251403)","(0.0964883, -0.976565, -0.192384)","(-0.225407, -0.927858, 0.297104)","(0.35086, -0.873783, 0.33675)","(0.080754, -0.996576, -0.0177283)","(-0.143561, -0.989453, 0.0192972)","(0.0311099, -0.910331, -0.412709)","(-0.0319981, -0.893337, -0.448247)",0
74.3667,"(0.0292624, -0.0103322, 5.67401e-06)","(-0.0431883, 0.960557, 0.274708)","(-0.182117, -0.954032, -0.238026)","(0.0789712, -0.979498, -0.185331)","(-0.17656, -0.937474, 0.299947)","(0.3313, -0.879888, 0.340644)","(0.0805031, -0.996677, -0.0123864)","(-0.14396, -0.989225, 0.0266478)","(0.030237, -0.911306, -0.410619)","(-0.0323538, -0.89402, -0.446857)",0
74.4,"(0.0292624, -0.0103322, 5.67401e-06)","(-0.0415809, 0.963374, 0.26492)","(-0.181053, -0.956633, -0.228196)","(0.0632688, -0.981411, -0.181189)","(-0.123998, -0.945211, 0.301994)","(0.311124, -0.885491, 0.345118)","(0.0805925, -0.996705, -0.00921158)","(-0.143732, -0.989096, 0.0320866)","(0.0306352, -0.911007, -0.411251)","(-0.0309911, -0.891306, -0.452342)",0
74.4333,"(0.0292624, -0.0103322, 5.67401e-06)","(-0.0403543, 0.965527, 0.257155)","(-0.178818, -0.95872, -0.221087)","(0.0466661, -0.982756, -0.17892)","(-0.0802462, -0.949464, 0.303444)","(0.292513, -0.889387, 0.351323)","(0.0808035, -0.9967, -0.00768748)","(-0.143055, -0.989082, 0.0353789)","(0.0320052, -0.909675, -0.414086)","(-0.0285418, -0.88488, -0.464944)",0
74.4667,"(0.0292624, -0.0103322, 5.67401e-06)","(-0.0391344, 0.96655, 0.253477)","(-0.17367, -0.960581, -0.217077)","(0.0363602, -0.983597, -0.17668)","(-0.0383772, -0.951942, 0.303865)","(0.264177, -0.896124, 0.356613)","(0.0817827, -0.996616, -0.00829572)","(-0.141652, -0.98922, 0.0371386)","(0.0343838, -0.907897, -0.417782)","(-0.0244148, -0.878176, -0.477713)",0
74.5,"(0.0292624, -0.0103322, 5.67401e-06)","(-0.0385311, 0.96791, 0.248326)","(-0.169228, -0.962336, -0.21277)","(0.0301797, -0.984041, -0.175362)","(-0.000449592, -0.9522, 0.305475)","(0.229798, -0.903403, 0.362016)","(0.0831272, -0.996496, -0.00927067)","(-0.140473, -0.989347, 0.0382114)","(0.036817, -0.906418, -0.420775)","(-0.0206618, -0.873502, -0.486382)",0
74.5333,"(0.0292624, -0.0103322, 5.67401e-06)","(-0.0381302, 0.969065, 0.243844)","(-0.166933, -0.963546, -0.209077)","(0.028596, -0.984323, -0.174041)","(0.0389865, -0.95092, 0.306971)","(0.193836, -0.911389, 0.363038)","(0.0849601, -0.996333, -0.010099)","(-0.138923, -0.989548, 0.038676)","(0.0387072, -0.90514, -0.423347)","(-0.0175385, -0.872085, -0.489039)",0
74.5667,"(0.0292624, -0.0103322, 5.67401e-06)","(-0.037859, 0.970095, 0.239757)","(-0.166172, -0.964648, -0.204552)","(0.0251659, -0.984686, -0.172514)","(0.0681633, -0.948617, 0.308999)","(0.16595, -0.917367, 0.361798)","(0.0864196, -0.996194, -0.0113659)","(-0.137748, -0.98971, 0.0387211)","(0.0397435, -0.903763, -0.426185)","(-0.0161291, -0.87184, -0.489526)",0
74.6,"(0.0292624, -0.0103322, 5.67401e-06)","(-0.0375956, 0.970807, 0.236896)","(-0.164039, -0.965865, -0.200491)","(0.0187491, -0.985108, -0.170912)","(0.0913575, -0.946589, 0.309231)","(0.146651, -0.922623, 0.356736)","(0.0872836, -0.996096, -0.0132061)","(-0.136915, -0.989878, 0.0373681)","(0.0398863, -0.902467, -0.428909)","(-0.0158063, -0.872362, -0.488605)",0
74.6333,"(0.0292624, -0.0103322, 5.67401e-06)","(-0.0376545, 0.971924, 0.232263)","(-0.16157, -0.967239, -0.195815)","(0.0108255, -0.985502, -0.169317)","(0.104733, -0.945229, 0.309149)","(0.130208, -0.925944, 0.354505)","(0.0873751, -0.996058, -0.015302)","(-0.136591, -0.989966, 0.0362081)","(0.0400082, -0.901131, -0.431697)","(-0.016242, -0.8731, -0.487271)",0
74.6667,"(0.0292624, -0.0103322, 5.67401e-06)","(-0.0379829, 0.972474, 0.229896)","(-0.160379, -0.96812, -0.192409)","(0.00468144, -0.985367, -0.170384)","(0.112209, -0.945042, 0.307089)","(0.120698, -0.928438, 0.351333)","(0.0869088, -0.99606, -0.0176296)","(-0.136465, -0.990118, 0.0323106)","(0.0402064, -0.900501, -0.432991)","(-0.0167778, -0.874762, -0.484263)",0
74.7,"(0.0292624, -0.0103322, 5.67401e-06)","(-0.0383063, 0.972452, 0.229934)","(-0.160461, -0.968481, -0.190517)","(0.00196587, -0.985148, -0.171698)","(0.113777, -0.94558, 0.304851)","(0.117327, -0.928957, 0.351103)","(0.0864865, -0.996066, -0.0192907)","(-0.136281, -0.990242, 0.0291298)","(0.0404034, -0.900101, -0.433803)","(-0.0172056, -0.876125, -0.481776)",0
74.7333,"(0.0292624, -0.0103322, 5.67401e-06)","(-0.0383423, 0.971946, 0.232056)","(-0.159757, -0.968745, -0.189766)","(0.00184006, -0.984855, -0.173373)","(0.114427, -0.946077, 0.303059)","(0.117137, -0.929531, 0.349644)","(0.0863041, -0.996056, -0.0206073)","(-0.136082, -0.990371, 0.0254149)","(0.0406466, -0.899805, -0.434394)","(-0.0171268, -0.876975, -0.480231)",0
74.7667,"(0.0292624, -0.0103322, 5.67401e-06)","(-0.0379582, 0.97153, 0.233858)","(-0.159288, -0.968683, -0.190473)","(0.00260239, -0.98465, -0.174518)","(0.112845, -0.946421, 0.302577)","(0.114473, -0.929767, 0.349899)","(0.0863025, -0.996042, -0.0212837)","(-0.13586, -0.990439, 0.0239139)","(0.0407813, -0.899937, -0.434108)","(-0.0168988, -0.877668, -0.478972)",0
74.8,"(0.0292624, -0.0103322, 5.67401e-06)","(-0.0373795, 0.97096, 0.236302)","(-0.159756, -0.968489, -0.191066)","(0.00282994, -0.984548, -0.175093)","(0.110988, -0.94667, 0.302487)","(0.110111, -0.931617, 0.346359)","(0.0863603, -0.996032, -0.0215178)","(-0.135681, -0.990492, 0.0227209)","(0.0407691, -0.900621, -0.43269)","(-0.0167761, -0.878707, -0.477066)",0
74.8333,"(0.0304851, -0.00867187, 6.32161e-06)","(-0.0363297, 0.969701, 0.241578)","(-0.161724, -0.967833, -0.19273)","(0.00238646, -0.984367, -0.176113)","(0.107803, -0.947477, 0.301108)","(0.108483, -0.934985, 0.337689)","(0.086485, -0.996019, -0.0215907)","(-0.135579, -0.99052, 0.0221161)","(0.0406407, -0.901621, -0.430614)","(-0.0168234, -0.881221, -0.472406)",0
74.8667,"(0.0304851, -0.00867187, 6.32161e-06)","(-0.0353265, 0.968199, 0.247675)","(-0.163887, -0.967089, -0.194627)","(0.00167225, -0.984376, -0.176072)","(0.104472, -0.948433, 0.299267)","(0.109073, -0.938636, 0.327209)","(0.0865911, -0.996005, -0.0218108)","(-0.135597, -0.990518, 0.0220622)","(0.0404438, -0.902444, -0.428904)","(-0.0169874, -0.883637, -0.467864)",0
74.9,"(0.0304851, -0.00867187, 6.32161e-06)","(-0.0344338, 0.966791, 0.253237)","(-0.165664, -0.966416, -0.196455)","(0.000949849, -0.984485, -0.175467)","(0.102204, -0.949242, 0.297481)","(0.111207, -0.940922, 0.319841)","(0.0866326, -0.995986, -0.022506)","(-0.135933, -0.990456, 0.022803)","(0.0402426, -0.902799, -0.428176)","(-0.0171945, -0.885632, -0.464069)",0
74.9333,"(0.0304851, -0.00867187, 6.32161e-06)","(-0.0340118, 0.966121, 0.255837)","(-0.166506, -0.966072, -0.197434)","(0.000790012, -0.984728, -0.174096)","(0.100535, -0.949727, 0.296498)","(0.112589, -0.941557, 0.317481)","(0.0865169, -0.995981, -0.0231868)","(-0.136558, -0.990337, 0.0241857)","(0.0396552, -0.902601, -0.428647)","(-0.0181532, -0.885996, -0.463338)",0
74.9667,"(0.0304851, -0.00867187, 6.32161e-06)","(-0.0338263, 0.96582, 0.256997)","(-0.166878, -0.965849, -0.198209)","(0.000932692, -0.984951, -0.172831)","(0.0991334, -0.95013, 0.295678)","(0.112494, -0.941599, 0.31739)","(0.0862115, -0.995996, -0.0236759)","(-0.137443, -0.990171, 0.0258998)","(0.0383033, -0.901565, -0.430945)","(-0.020153, -0.885215, -0.464745)",0
75,"(0.0304851, -0.00867187, 6.32161e-06)","(-0.0337877, 0.965692, 0.257484)","(-0.166991, -0.9657, -0.198842)","(0.00126616, -0.98518, -0.171517)","(0.0976939, -0.950513, 0.294927)","(0.111562, -0.941874, 0.316903)","(0.0855816, -0.996032, -0.0243946)","(-0.138678, -0.989978, 0.0266971)","(0.036694, -0.900343, -0.433632)","(-0.0223108, -0.884265, -0.466453)",0
75.0333,"(0.0323382, -0.00957856, 1.12565e-05)","(-0.0337706, 0.965652, 0.257636)","(-0.167011, -0.965603, -0.199293)","(0.00155391, -0.985412, -0.170179)","(0.0965201, -0.950791, 0.294416)","(0.11011, -0.942236, 0.316332)","(0.0849311, -0.996061, -0.0254953)","(-0.14029, -0.989735, 0.0272681)","(0.0352493, -0.898887, -0.436761)","(-0.0238703, -0.88326, -0.468275)",0
75.0667,"(0.0323382, -0.00957856, 1.12565e-05)","(-0.0337361, 0.965608, 0.257803)","(-0.166969, -0.965589, -0.199396)","(0.00209319, -0.985548, -0.169384)","(0.0955061, -0.950988, 0.294109)","(0.108935, -0.942753, 0.315197)","(0.0844697, -0.996076, -0.0264041)","(-0.142167, -0.989437, 0.0283436)","(0.0342724, -0.898221, -0.438207)","(-0.0250341, -0.882725, -0.469223)",0
75.1,"(0.0323382, -0.00957856, 1.12565e-05)","(-0.0337147, 0.965958, 0.256492)","(-0.166877, -0.965565, -0.199591)","(0.00281413, -0.985527, -0.169498)","(0.0946521, -0.951073, 0.294111)","(0.107495, -0.942828, 0.315469)","(0.0842279, -0.996092, -0.026585)","(-0.14406, -0.989061, 0.0316983)","(0.0326957, -0.897681, -0.439432)","(-0.0273496, -0.881378, -0.471619)",0
75.1333,"(0.0323382, -0.00957856, 1.12565e-05)","(-0.0336774, 0.966336, 0.255069)","(-0.166884, -0.965514, -0.199832)","(0.00390547, -0.985424, -0.170071)","(0.0940507, -0.951121, 0.294149)","(0.105862, -0.942658, 0.316527)","(0.084051, -0.996127, -0.0258345)","(-0.145518, -0.988683, 0.0364883)","(0.0307106, -0.897328, -0.440294)","(-0.0305703, -0.879485, -0.474944)",0
75.1667,"(0.0323382, -0.00957856, 1.12565e-05)","(-0.0338605, 0.967005, 0.252499)","(-0.166919, -0.965624, -0.199271)","(0.00511629, -0.985399, -0.170182)","(0.0942235, -0.950727, 0.295365)","(0.104049, -0.941999, 0.319078)","(0.0835443, -0.996186, -0.0251775)","(-0.146609, -0.988347, 0.0409531)","(0.0283481, -0.895755, -0.443644)","(-0.0338595, -0.876856, -0.479559)",0
75.2,"(0.0323382, -0.00957856, 1.12565e-05)","(-0.0339383, 0.967252, 0.251537)","(-0.166984, -0.965684, -0.198925)","(0.00579563, -0.985402, -0.170144)","(0.0943898, -0.950556, 0.295862)","(0.103148, -0.941694, 0.320271)","(0.0833245, -0.996216, -0.0247027)","(-0.146948, -0.988209, 0.0430118)","(0.0272744, -0.894826, -0.445581)","(-0.0353461, -0.875527, -0.481874)",0
