time,root_position,neck,shoulder_l,shoulder_r,elbow_l,elbow_r,hip_l,hip_r,knee_l,knee_r,is_pattern
0,"(-0.000375708, -0.000418901, 2.73033e-07)","(0.00597484, 0.994876, 0.100928)","(0.206027, -0.978342, -0.0199828)","(-0.293259, -0.952258, 0.0848787)","(-0.179632, -0.915501, -0.359987)","(0.122717, -0.949362, -0.289227)","(0.0337902, -0.976771, -0.211603)","(-0.0772374, -0.984784, -0.155675)","(0.124585, -0.986393, -0.107271)","(0.207393, -0.963922, -0.166862)",1
0.0333333,"(-0.000375708, -0.000418901, 2.73033e-07)","(0.00748093, 0.994983, 0.0997597)","(0.198316, -0.979662, -0.0305481)","(-0.296619, -0.951203, 0.0850257)","(-0.180533, -0.920282, -0.347116)","(0.114306, -0.955082, -0.273409)","(0.033468, -0.977537, -0.208089)","(-0.0719546, -0.987553, -0.139864)","(0.125066, -0.987126, -0.0997056)","(0.209342, -0.965362, -0.155732)",0
0.0666667,"(-0.000375708, -0.000418901, 2.73033e-07)","(0.0100951, 0.995175, 0.0975979)","(0.184432, -0.98162, -0.0490547)","(-0.302436, -0.949308, 0.0857159)","(-0.182082, -0.928434, -0.323816)","(0.0997649, -0.964369, -0.245028)","(0.0328082, -0.978838, -0.201988)","(-0.0623656, -0.991791, -0.111626)","(0.125928, -0.988235, -0.0867921)","(0.212797, -0.967591, -0.13596)",0
0.1,"(-0.000375708, -0.000418901, 2.73033e-07)","(0.0116783, 0.995205, 0.0971098)","(0.177941, -0.982435, -0.0561986)","(-0.305592, -0.948214, 0.0866272)","(-0.183843, -0.929587, -0.319484)","(0.0934993, -0.967686, -0.234183)","(0.0320954, -0.979299, -0.19986)","(-0.0568835, -0.992585, -0.107424)","(0.126905, -0.988457, -0.0827546)","(0.213151, -0.967549, -0.135707)",0
0.133333,"(-0.000375708, -0.000418901, 2.73033e-07)","(0.0124977, 0.995255, 0.0964956)","(0.173909, -0.98308, -0.0575198)","(-0.306899, -0.947708, 0.0875362)","(-0.18482, -0.930092, -0.317443)","(0.0907557, -0.969102, -0.229356)","(0.0315069, -0.979487, -0.199028)","(-0.053912, -0.992963, -0.105443)","(0.12756, -0.988492, -0.0813193)","(0.212873, -0.967616, -0.135665)",0
0.166667,"(-0.000375708, -0.000418901, 2.73033e-07)","(0.0128321, 0.995353, 0.0954392)","(0.171329, -0.983672, -0.0550983)","(-0.30718, -0.947577, 0.08797)","(-0.185082, -0.930885, -0.314957)","(0.0895134, -0.969653, -0.22751)","(0.0310974, -0.979622, -0.198429)","(-0.0525776, -0.993388, -0.10206)","(0.127892, -0.988544, -0.0801579)","(0.2126, -0.968034, -0.133086)",0
0.2,"(-0.000375708, -0.000418901, 2.73033e-07)","(0.0128495, 0.995458, 0.0943344)","(0.169953, -0.984136, -0.0509169)","(-0.306974, -0.94762, 0.088225)","(-0.184257, -0.931718, -0.312971)","(0.0891805, -0.969873, -0.226699)","(0.0309004, -0.979766, -0.197746)","(-0.052198, -0.993881, -0.0973445)","(0.127952, -0.988645, -0.0788056)","(0.212646, -0.968536, -0.129302)",0
0.233333,"(-0.000375708, -0.000418901, 2.73033e-07)","(0.0126366, 0.995576, 0.0931062)","(0.169636, -0.984396, -0.0467809)","(-0.306683, -0.947701, 0.0883626)","(-0.18334, -0.93264, -0.310755)","(0.089521, -0.969833, -0.226736)","(0.0307842, -0.979914, -0.197028)","(-0.0520899, -0.99437, -0.0922776)","(0.127962, -0.988743, -0.0775391)","(0.213105, -0.968946, -0.125422)",0
0.266667,"(-0.000375708, -0.000418901, 2.73033e-07)","(0.0121738, 0.995703, 0.0918034)","(0.169532, -0.984555, -0.0437001)","(-0.306343, -0.947792, 0.0885662)","(-0.182678, -0.933838, -0.307532)","(0.0896861, -0.969749, -0.227032)","(0.0304693, -0.980076, -0.19627)","(-0.0521359, -0.99485, -0.0869251)","(0.128299, -0.988741, -0.077006)","(0.213839, -0.96917, -0.122402)",0
0.3,"(-0.000375708, -0.000418901, 2.73033e-07)","(0.0115586, 0.995847, 0.0903073)","(0.169002, -0.984688, -0.0427581)","(-0.305995, -0.947893, 0.0886857)","(-0.182431, -0.935076, -0.303895)","(0.0893179, -0.969698, -0.227395)","(0.0301461, -0.980278, -0.195313)","(-0.0522382, -0.995272, -0.0818795)","(0.128922, -0.98867, -0.0768797)","(0.214973, -0.969192, -0.120223)",0
0.333333,"(-0.000375708, -0.000418901, 2.73033e-07)","(0.0109316, 0.995914, 0.0896424)","(0.167723, -0.984875, -0.0434675)","(-0.305724, -0.948043, 0.0880242)","(-0.181925, -0.936229, -0.300631)","(0.0880519, -0.969593, -0.228333)","(0.0296428, -0.980454, -0.194505)","(-0.0522369, -0.995623, -0.0774982)","(0.1307, -0.988409, -0.0772318)","(0.217361, -0.968766, -0.119362)",0
0.366667,"(-0.00155319, -0.00214722, 1.78162e-06)","(0.010243, 0.995841, 0.090529)","(0.167045, -0.984832, -0.0469193)","(-0.305588, -0.948264, 0.0860893)","(-0.18052, -0.936527, -0.300549)","(0.0868168, -0.969439, -0.229459)","(0.0294818, -0.980544, -0.194071)","(-0.0521186, -0.995935, -0.0734651)","(0.132816, -0.988113, -0.0774156)","(0.220109, -0.96827, -0.118341)",0
0.4,"(-0.00155319, -0.00214722, 1.78162e-06)","(0.00925435, 0.995572, 0.093546)","(0.167309, -0.984567, -0.0513328)","(-0.303395, -0.949372, 0.0815127)","(-0.176918, -0.936647, -0.302313)","(0.0832679, -0.969268, -0.231485)","(0.0289874, -0.980198, -0.195887)","(-0.0516316, -0.996111, -0.0713948)","(0.13527, -0.987598, -0.0797054)","(0.222065, -0.967771, -0.118771)",0
0.433333,"(-0.00155319, -0.00214722, 1.78162e-06)","(0.00834393, 0.994805, 0.101455)","(0.168587, -0.984117, -0.0556156)","(-0.300466, -0.950145, 0.0833407)","(-0.173133, -0.937436, -0.302057)","(0.0797533, -0.968911, -0.234203)","(0.0291596, -0.978746, -0.202991)","(-0.0476514, -0.995845, -0.0776045)","(0.143726, -0.98875, -0.0414252)","(0.224503, -0.971481, -0.0763156)",0
0.466667,"(-0.00155319, -0.00214722, 1.78162e-06)","(0.0104078, 0.994472, 0.104483)","(0.164205, -0.984908, -0.0547075)","(-0.293081, -0.951793, 0.0905183)","(-0.163947, -0.941882, -0.293223)","(0.0708322, -0.972637, -0.221269)","(0.033714, -0.974349, -0.222502)","(-0.0446861, -0.995229, -0.0867331)","(0.165039, -0.976919, 0.135613)","(0.234663, -0.966275, 0.106047)",0
0.5,"(-0.00155319, -0.00214722, 1.78162e-06)","(0.0140165, 0.993182, 0.115728)","(0.158744, -0.986547, -0.0390598)","(-0.286893, -0.950499, 0.119349)","(-0.15155, -0.958684, -0.240744)","(0.0613327, -0.9828, -0.174194)","(0.0419922, -0.965427, -0.257268)","(-0.045538, -0.993439, -0.104908)","(0.184867, -0.908083, 0.375778)","(0.244225, -0.907909, 0.34067)",0
0.533333,"(-0.00155319, -0.00214722, 1.78162e-06)","(0.0180537, 0.990752, 0.134477)","(0.151658, -0.988324, -0.014713)","(-0.282803, -0.946881, 0.1531)","(-0.136426, -0.975956, -0.169993)","(0.0530072, -0.993713, -0.0986182)","(0.0490171, -0.947345, -0.316442)","(-0.0576491, -0.991151, -0.119569)","(0.179392, -0.775367, 0.605496)","(0.2506, -0.779712, 0.573803)",0
0.566667,"(-0.00155319, -0.00214722, 1.78162e-06)","(0.0202148, 0.987401, 0.156944)","(0.149925, -0.988697, 0.000498492)","(-0.285853, -0.941718, 0.177357)","(-0.12134, -0.983257, -0.13595)","(0.0517585, -0.996635, -0.0635544)","(0.070899, -0.939466, -0.335227)","(-0.06793, -0.986375, -0.149835)","(0.144676, -0.734917, 0.662545)","(0.264139, -0.726275, 0.63463)",0
0.6,"(-0.00362793, -0.00266552, 5.87357e-05)","(0.0267359, 0.985245, 0.169052)","(0.147784, -0.989018, -0.00207077)","(-0.300245, -0.93833, 0.171434)","(-0.104809, -0.983227, -0.149265)","(0.0449318, -0.997128, -0.0609665)","(0.0972361, -0.934641, -0.34204)","(-0.0706988, -0.98178, -0.176379)","(0.038854, -0.89465, 0.445075)","(0.282587, -0.794009, 0.538233)",0
0.633333,"(-0.00362793, -0.00266552, 5.87357e-05)","(0.034062, 0.986965, 0.157288)","(0.141555, -0.989852, -0.0124971)","(-0.312934, -0.939507, 0.139277)","(-0.0875044, -0.98036, -0.176741)","(0.0333284, -0.994815, -0.0960875)","(0.125144, -0.952945, -0.276106)","(-0.0562614, -0.981172, -0.184761)","(-0.192078, -0.979803, 0.0556089)","(0.272691, -0.895856, 0.350831)",0
0.666667,"(-0.00407892, -0.00658394, 4.33113e-05)","(0.0372188, 0.985444, 0.165874)","(0.116355, -0.993173, -0.00836517)","(-0.31581, -0.942442, 0.109851)","(-0.0725365, -0.987575, -0.139403)","(0.0373921, -0.99376, -0.105081)","(0.136385, -0.969572, -0.203294)","(-0.0370743, -0.982229, -0.183988)","(-0.422125, -0.90539, 0.0455964)","(0.254994, -0.919424, 0.299395)",0
0.7,"(-0.00452923, -0.00928789, 3.85456e-05)","(0.0347611, 0.984092, 0.174224)","(0.0868989, -0.996165, 0.0101495)","(-0.298366, -0.950257, 0.0893789)","(-0.0691076, -0.994229, -0.0820492)","(0.0759394, -0.99344, -0.0855019)","(0.136637, -0.97858, -0.153985)","(-0.0224801, -0.982866, -0.182945)","(-0.544483, -0.77047, 0.331532)","(0.238318, -0.87271, 0.426124)",0
0.733333,"(-0.00465676, -0.0134874, 3.27162e-05)","(0.0236498, 0.983024, 0.181949)","(0.0496238, -0.998381, 0.0278065)","(-0.27932, -0.955396, 0.0959083)","(-0.078474, -0.995081, -0.0604695)","(0.141227, -0.989407, -0.0336056)","(0.148738, -0.977504, -0.14954)","(-0.0190293, -0.982601, -0.184754)","(-0.454035, -0.641083, 0.618761)","(0.206324, -0.804025, 0.557651)",0
0.766667,"(-0.00410837, -0.0170344, 3.11275e-05)","(-0.0031478, 0.989275, 0.146034)","(0.0284743, -0.998592, 0.0447636)","(-0.260595, -0.960746, 0.095166)","(-0.0703419, -0.99487, -0.0726968)","(0.231553, -0.969878, 0.0756232)","(0.133048, -0.979997, -0.148001)","(-0.0288782, -0.993578, -0.109401)","(-0.38104, -0.762867, 0.522343)","(0.183818, -0.843437, 0.504801)",0
0.8,"(-0.0026998, -0.0190532, 2.66136e-05)","(-0.04465, 0.990705, 0.128493)","(-0.00903872, -0.998965, 0.0445765)","(-0.228935, -0.971181, 0.0663083)","(-0.0366941, -0.995947, -0.0821115)","(0.290565, -0.944122, 0.155582)","(0.0894868, -0.990867, -0.100874)","(-0.0426813, -0.998666, -0.0290515)","(-0.297415, -0.897164, 0.32656)","(0.164972, -0.953708, 0.251445)",0
0.833333,"(-0.000815952, -0.0201284, 1.76699e-05)","(-0.0789572, 0.986731, 0.141874)","(-0.0611215, -0.996962, 0.0482893)","(-0.20295, -0.979158, 0.00780825)","(0.0207503, -0.998535, -0.0499703)","(0.29845, -0.927092, 0.226778)","(0.0683642, -0.996207, -0.0538262)","(-0.0551829, -0.998146, 0.025684)","(-0.250886, -0.965808, 0.0653469)","(0.127358, -0.991045, -0.0401345)",0
0.866667,"(0.0011994, -0.0204424, 1.02574e-05)","(-0.0872342, 0.979908, 0.179363)","(-0.108565, -0.991597, 0.0703489)","(-0.185866, -0.981797, -0.0391002)","(0.0310658, -0.999515, -0.00196355)","(0.24005, -0.945555, 0.219778)","(0.0880135, -0.995463, -0.0361642)","(-0.0612166, -0.9981, 0.00696396)","(-0.247502, -0.966393, -0.0694832)","(0.058852, -0.976017, -0.20959)",0
0.9,"(0.002716, -0.0186766, 7.39335e-06)","(-0.071123, 0.978497, 0.193612)","(-0.171995, -0.979652, 0.103439)","(-0.225911, -0.972816, -0.0509287)","(0.00545347, -0.999964, 0.00651561)","(0.181767, -0.95777, 0.222793)","(0.153637, -0.987206, -0.042653)","(-0.0613286, -0.997847, -0.0232421)","(-0.296364, -0.946111, -0.130543)","(-0.0321576, -0.975713, -0.21668)",0
0.933333,"(0.00264658, -0.0162221, 2.44989e-06)","(-0.0492094, 0.978484, 0.20037)","(-0.21182, -0.969469, 0.123536)","(-0.269497, -0.961675, -0.0505221)","(-0.0305817, -0.999529, 0.00251731)","(0.137045, -0.967071, 0.214459)","(0.193507, -0.979476, -0.0564047)","(-0.0604251, -0.996946, -0.0494657)","(-0.340009, -0.922253, -0.183966)","(-0.118916, -0.969651, -0.213624)",0
0.966667,"(0.00139182, -0.0117297, -9.60054e-07)","(-0.0190789, 0.978563, 0.205061)","(-0.27239, -0.956279, 0.106461)","(-0.321607, -0.94447, -0.067415)","(-0.0471818, -0.998862, -0.006943)","(0.101395, -0.966944, 0.233963)","(0.230398, -0.970943, -0.0647082)","(-0.0636, -0.995524, -0.0699048)","(-0.354709, -0.90758, -0.224679)","(-0.190867, -0.961648, -0.196982)",0
1,"(-0.000177932, -0.00728428, -2.45799e-06)","(0.0143035, 0.976901, 0.213212)","(-0.297974, -0.951476, 0.0768386)","(-0.351673, -0.932269, -0.0848591)","(-0.0612158, -0.998119, 0.00321127)","(0.045503, -0.956222, 0.289082)","(0.269341, -0.962712, -0.0253287)","(-0.0889908, -0.993344, -0.0731289)","(-0.285089, -0.930715, -0.229115)","(-0.220572, -0.959457, -0.175472)",0
1.03333,"(-0.00142453, -0.00298746, -3.88478e-06)","(0.0468025, 0.978855, 0.199129)","(-0.311063, -0.950332, -0.0104239)","(-0.361778, -0.925066, -0.115625)","(-0.0974685, -0.99391, 0.051409)","(0.0158131, -0.947861, 0.318292)","(0.289174, -0.956926, 0.0259024)","(-0.131941, -0.990106, -0.0477642)","(-0.193958, -0.958966, -0.206793)","(-0.236783, -0.95777, -0.16313)",0
1.06667,"(-0.00262148, 0.000936258, -5.59031e-06)","(0.0574707, 0.981137, 0.184572)","(-0.294293, -0.951322, -0.0915279)","(-0.307319, -0.939367, -0.152133)","(-0.130027, -0.982922, 0.130218)","(-0.0196978, -0.921832, 0.387089)","(0.261962, -0.961337, 0.0848981)","(-0.168127, -0.985765, -0.000641548)","(-0.0949315, -0.967085, -0.23608)","(-0.243308, -0.945477, -0.216504)",0
1.1,"(-0.00297394, 0.00361314, -7.71391e-06)","(0.0494062, 0.985526, 0.162167)","(-0.263648, -0.952341, -0.153413)","(-0.216356, -0.958277, -0.186801)","(-0.15319, -0.961241, 0.229236)","(-0.0185854, -0.904085, 0.426949)","(0.197893, -0.976013, 0.090753)","(-0.176198, -0.983378, 0.0438395)","(-0.0525647, -0.95241, -0.300253)","(-0.259851, -0.921853, -0.287513)",0
1.13333,"(-0.00297394, 0.00361314, -7.71391e-06)","(0.0337316, 0.98848, 0.147547)","(-0.230909, -0.961453, -0.149295)","(-0.119182, -0.972383, -0.200663)","(-0.157784, -0.939493, 0.304067)","(0.00988683, -0.902537, 0.430499)","(0.145108, -0.984228, 0.101187)","(-0.172837, -0.983005, 0.0618696)","(0.0121822, -0.932333, -0.361396)","(-0.267632, -0.88872, -0.372222)",0
1.16667,"(-0.00297394, 0.00361314, -7.71391e-06)","(0.021191, 0.989255, 0.144659)","(-0.19519, -0.969956, -0.145208)","(-0.0708966, -0.97879, -0.192207)","(-0.161681, -0.926997, 0.338431)","(0.0276347, -0.903892, 0.426868)","(0.125393, -0.986511, 0.105223)","(-0.170125, -0.983768, 0.0570704)","(0.0816342, -0.925018, -0.37105)","(-0.280038, -0.859334, -0.427929)",0
1.2,"(-0.00297394, 0.00361314, -7.71391e-06)","(0.00857224, 0.987349, 0.158331)","(-0.157939, -0.974105, -0.161783)","(-0.0409483, -0.980282, -0.193316)","(-0.159018, -0.920947, 0.355765)","(0.0630082, -0.909814, 0.410205)","(0.127745, -0.984099, 0.123414)","(-0.179383, -0.982467, 0.0507995)","(0.158791, -0.919185, -0.360395)","(-0.272966, -0.834194, -0.479176)",0
1.23333,"(-0.00297394, 0.00361314, -7.71391e-06)","(-0.00525894, 0.982793, 0.184634)","(-0.131042, -0.974417, -0.182589)","(-0.0244555, -0.979979, -0.197594)","(-0.149966, -0.920788, 0.360082)","(0.0823144, -0.917171, 0.3899)","(0.134347, -0.985908, 0.0996841)","(-0.183599, -0.982156, 0.0407602)","(0.1928, -0.915838, -0.352234)","(-0.26235, -0.799011, -0.541067)",0
1.26667,"(-0.00297394, 0.00361314, -7.71391e-06)","(-0.0192008, 0.977895, 0.208212)","(-0.116797, -0.972633, -0.200858)","(-0.0103512, -0.979185, -0.202706)","(-0.124316, -0.923778, 0.362189)","(0.0999525, -0.920565, 0.377584)","(0.149289, -0.987323, 0.0539126)","(-0.187456, -0.981848, 0.0288762)","(0.203771, -0.917105, -0.342631)","(-0.234942, -0.758535, -0.607805)",0
1.3,"(-0.00297394, 0.00361314, -7.71391e-06)","(-0.0294036, 0.974103, 0.224183)","(-0.116814, -0.969366, -0.216065)","(0.00093178, -0.979166, -0.203059)","(-0.0858113, -0.926949, 0.365243)","(0.110412, -0.917722, 0.38157)","(0.164081, -0.986434, 0.00500757)","(-0.184986, -0.982725, 0.00568074)","(0.200124, -0.922581, -0.329841)","(-0.223193, -0.726188, -0.650258)",0
1.33333,"(-0.00248059, -0.000562501, -7.14057e-06)","(-0.0375089, 0.973518, 0.225513)","(-0.12686, -0.966388, -0.223609)","(0.0146016, -0.98203, -0.188159)","(-0.0351887, -0.928148, 0.370544)","(0.124491, -0.918615, 0.37503)","(0.174481, -0.98461, -0.00994564)","(-0.181225, -0.982831, -0.0346666)","(0.193433, -0.927701, -0.319305)","(-0.207896, -0.717472, -0.664841)",0
1.36667,"(-0.00275069, -0.005632, -7.72877e-06)","(-0.041436, 0.974973, 0.218429)","(-0.140758, -0.963816, -0.226378)","(0.0268259, -0.984344, -0.174202)","(0.00551444, -0.927833, 0.372954)","(0.137354, -0.920761, 0.365148)","(0.180522, -0.983448, -0.015576)","(-0.176582, -0.981287, -0.0767795)","(0.18733, -0.931363, -0.312203)","(-0.197841, -0.732729, -0.651128)",0
1.4,"(-0.00323664, -0.0106498, -8.03035e-06)","(-0.0432321, 0.976639, 0.210492)","(-0.152262, -0.964196, -0.217125)","(0.0381581, -0.986002, -0.162311)","(0.0427156, -0.929342, 0.366741)","(0.15061, -0.921964, 0.356789)","(0.18412, -0.982679, -0.0210294)","(-0.168715, -0.979565, -0.109484)","(0.180493, -0.930911, -0.317534)","(-0.175781, -0.723284, -0.667803)",0
1.43333,"(-0.00399055, -0.0151638, -7.61934e-06)","(-0.0429349, 0.976204, 0.212563)","(-0.150532, -0.966547, -0.207669)","(0.0423216, -0.983396, -0.176466)","(0.0787515, -0.933596, 0.349568)","(0.152895, -0.919772, 0.361445)","(0.184808, -0.982254, -0.0319824)","(-0.142227, -0.985361, -0.0939965)","(0.194015, -0.917242, -0.347886)","(-0.123952, -0.633754, -0.763539)",0
1.46667,"(-0.00502441, -0.0177443, -6.9425e-06)","(-0.0430304, 0.971126, 0.234652)","(-0.140794, -0.970034, -0.198017)","(0.0420438, -0.980205, -0.193468)","(0.11532, -0.937867, 0.327271)","(0.145904, -0.919384, 0.365301)","(0.183303, -0.982315, -0.0381797)","(-0.0962137, -0.992377, -0.077006)","(0.208801, -0.902953, -0.375604)","(-0.0727821, -0.531246, -0.844085)",0
1.5,"(-0.00502441, -0.0177443, -6.9425e-06)","(-0.0435991, 0.963298, 0.264869)","(-0.126533, -0.973616, -0.1899)","(0.0403272, -0.978529, -0.202124)","(0.134649, -0.942826, 0.304875)","(0.132441, -0.919055, 0.371211)","(0.183174, -0.983079, -0.00193082)","(-0.0361726, -0.997791, -0.0557111)","(0.226668, -0.885035, -0.406613)","(-0.0394641, -0.39866, -0.916249)",0
1.53333,"(-0.00723991, -0.0185042, -3.53754e-06)","(-0.0451436, 0.956762, 0.287349)","(-0.120313, -0.975921, -0.181942)","(0.0425792, -0.979519, -0.196799)","(0.114351, -0.951898, 0.284278)","(0.125728, -0.915725, 0.381628)","(0.182597, -0.98247, 0.0375722)","(0.00281341, -0.998141, -0.0608831)","(0.238249, -0.880914, -0.408935)","(-0.0239935, -0.387385, -0.921606)",0
1.56667,"(-0.00858031, -0.0163668, -1.56027e-06)","(-0.0473369, 0.953809, 0.296662)","(-0.117881, -0.9772, -0.176589)","(0.05141, -0.980401, -0.190188)","(0.0658208, -0.962321, 0.263829)","(0.126194, -0.90932, 0.396499)","(0.182832, -0.980157, 0.0765774)","(0.0248841, -0.992981, -0.11563)","(0.250278, -0.887574, -0.386746)","(0.0146193, -0.335261, -0.942012)",0
1.6,"(-0.0101176, -0.0122701, 2.59947e-07)","(-0.0487424, 0.948768, 0.312192)","(-0.118475, -0.977119, -0.17664)","(0.0653521, -0.982668, -0.173471)","(0.00870549, -0.970962, 0.239075)","(0.137144, -0.90193, 0.409529)","(0.190509, -0.979318, 0.0681335)","(0.0199676, -0.984812, -0.172469)","(0.255432, -0.902298, -0.347294)","(0.0896583, -0.319165, -0.943448)",0
1.63333,"(-0.0117257, -0.00746511, 1.82424e-06)","(-0.0481777, 0.942336, 0.331183)","(-0.118829, -0.976676, -0.178838)","(0.0839514, -0.984611, -0.153276)","(-0.0361204, -0.973883, 0.224159)","(0.150128, -0.899244, 0.41088)","(0.199425, -0.977911, 0.0626154)","(-0.0151807, -0.998528, -0.0520743)","(0.254355, -0.91168, -0.322712)","(0.169806, -0.311499, -0.934951)",0
1.66667,"(-0.0131763, -0.00146383, 3.6636e-06)","(-0.0462101, 0.941495, 0.333843)","(-0.121773, -0.975901, -0.181079)","(0.106525, -0.983916, -0.143397)","(-0.0636323, -0.971765, 0.227207)","(0.159908, -0.898244, 0.409374)","(0.204638, -0.977921, 0.0423627)","(-0.103057, -0.961999, 0.252859)","(0.256387, -0.895501, -0.363791)","(0.267339, -0.329842, -0.905391)",0
1.7,"(-0.0142807, 0.00487598, 7.68961e-07)","(-0.0474477, 0.94531, 0.322704)","(-0.130231, -0.97293, -0.190913)","(0.124617, -0.981156, -0.14766)","(-0.0943856, -0.963118, 0.251981)","(0.162073, -0.899145, 0.406534)","(0.174239, -0.984699, 0.00273353)","(-0.175373, -0.871063, 0.458797)","(0.274861, -0.70146, -0.657575)","(0.290413, -0.580969, -0.760352)",0
1.73333,"(-0.0147859, 0.00942606, -1.43024e-06)","(-0.0521164, 0.952736, 0.299297)","(-0.135429, -0.96759, -0.21314)","(0.137184, -0.976246, -0.167703)","(-0.149567, -0.933103, 0.32703)","(0.158383, -0.902031, 0.401567)","(0.159038, -0.986544, -0.0379089)","(-0.233996, -0.81574, 0.528975)","(0.255241, -0.620814, -0.741244)","(0.218174, -0.77368, -0.594828)",0
1.76667,"(-0.0147859, 0.00942606, -1.43024e-06)","(-0.0675074, 0.958718, 0.276229)","(-0.131861, -0.980304, -0.147029)","(0.146855, -0.973155, -0.177207)","(-0.190777, -0.768559, 0.610672)","(0.167857, -0.918418, 0.358234)","(0.144368, -0.9874, -0.0648015)","(-0.270759, -0.862935, 0.426653)","(0.240115, -0.66077, -0.711146)","(0.096674, -0.944116, -0.315118)",0
1.8,"(-0.0147859, 0.00942606, -1.43024e-06)","(-0.0803549, 0.965229, 0.248747)","(-0.130411, -0.991424, 0.00849867)","(0.143398, -0.97191, -0.186621)","(-0.186605, -0.413588, 0.891136)","(0.180179, -0.931976, 0.314572)","(0.16388, -0.984993, -0.0541495)","(-0.29927, -0.89123, 0.340804)","(0.217827, -0.898124, -0.382001)","(0.0105401, -0.962678, -0.270444)",0
1.83333,"(-0.0141312, 0.00309653, -8.24067e-06)","(-0.0923473, 0.976834, 0.193047)","(-0.125505, -0.964352, 0.232968)","(0.127714, -0.974856, -0.182605)","(-0.123946, 0.0200357, 0.992087)","(0.201618, -0.939796, 0.275925)","(0.168554, -0.984211, -0.0540203)","(-0.303801, -0.93054, 0.204453)","(0.220695, -0.946444, -0.235665)","(-0.0630897, -0.982124, -0.177347)",0
1.86667,"(-0.0139234, -0.00403436, -6.20033e-06)","(-0.0940956, 0.985148, 0.143626)","(-0.142031, -0.908404, 0.393229)","(0.097587, -0.979603, -0.175653)","(-0.0895744, 0.266854, 0.959565)","(0.209358, -0.935103, 0.285924)","(0.177604, -0.982382, -0.0581606)","(-0.284274, -0.949145, 0.135326)","(0.234574, -0.944069, -0.23175)","(-0.155202, -0.965788, -0.207762)",0
1.9,"(-0.0139392, -0.0109667, -4.61314e-06)","(-0.0947289, 0.991636, 0.087656)","(-0.16387, -0.846284, 0.506902)","(0.0711106, -0.983593, -0.165795)","(-0.0689759, 0.407099, 0.910776)","(0.20863, -0.934314, 0.289016)","(0.165745, -0.983691, -0.0698649)","(-0.267924, -0.95731, 0.108511)","(0.275622, -0.910306, -0.308829)","(-0.202957, -0.959648, -0.194636)",0
1.93333,"(-0.014065, -0.0169168, -3.03837e-06)","(-0.0926435, 0.992726, 0.0768956)","(-0.189462, -0.791423, 0.581166)","(0.0326016, -0.986154, -0.162593)","(-0.0418019, 0.452279, 0.890896)","(0.169397, -0.943452, 0.284961)","(0.131354, -0.989939, -0.0526018)","(-0.253914, -0.954864, 0.154148)","(0.312957, -0.866205, -0.389547)","(-0.225697, -0.947406, -0.226897)",0
1.96667,"(-0.0145275, -0.0197353, -1.98288e-06)","(-0.0898208, 0.993582, 0.0687589)","(-0.204496, -0.754929, 0.623109)","(0.000470217, -0.984036, -0.177968)","(-0.0213925, 0.449267, 0.893142)","(0.125229, -0.963156, 0.238011)","(0.087996, -0.995573, -0.0330364)","(-0.246929, -0.917533, 0.311704)","(0.342644, -0.807362, -0.480376)","(-0.245091, -0.943371, -0.223567)",0
2,"(-0.0145275, -0.0197353, -1.98288e-06)","(-0.084789, 0.993357, 0.0778003)","(-0.205088, -0.733565, 0.647936)","(-0.0342, -0.980526, -0.193389)","(0.00728657, 0.423593, 0.905823)","(0.0695441, -0.972713, 0.221345)","(0.0449654, -0.998984, 0.00287215)","(-0.243828, -0.872011, 0.424434)","(0.271083, -0.703506, -0.656958)","(-0.249135, -0.929007, -0.273637)",0
2.03333,"(-0.0145275, -0.0197353, -1.98288e-06)","(-0.07649, 0.992284, 0.0975785)","(-0.209621, -0.729209, 0.651394)","(-0.0547637, -0.983111, -0.174624)","(0.0264619, 0.408015, 0.912592)","(0.0451267, -0.972929, 0.226655)","(0.0145683, -0.999683, 0.0205473)","(-0.263715, -0.872667, 0.410982)","(0.180713, -0.529373, -0.828919)","(-0.225161, -0.917228, -0.328627)",0
2.06667,"(-0.0172824, -0.0194574, 1.00699e-05)","(-0.0645256, 0.988632, 0.135804)","(-0.218979, -0.733232, 0.643753)","(-0.0598122, -0.98848, -0.139033)","(0.0429897, 0.3631, 0.930758)","(0.0569357, -0.960098, 0.273808)","(-0.0157977, -0.999492, 0.0276728)","(-0.284905, -0.923355, 0.257381)","(0.0700776, -0.376246, -0.923866)","(-0.180596, -0.899572, -0.397688)",0
2.1,"(-0.0185927, -0.0166542, 1.6165e-05)","(-0.0514725, 0.982614, 0.178384)","(-0.218077, -0.769271, 0.600553)","(-0.0481507, -0.991251, -0.122891)","(0.0473644, 0.319304, 0.946468)","(0.105356, -0.951749, 0.288227)","(-0.0264612, -0.99946, -0.0194943)","(-0.294514, -0.945866, 0.136375)","(0.0311167, -0.303724, -0.952252)","(-0.161609, -0.892849, -0.42036)",0
2.13333,"(-0.0197165, -0.0116456, 1.90141e-05)","(-0.0383364, 0.975649, 0.215963)","(-0.19621, -0.829523, 0.522871)","(-0.0186447, -0.990059, -0.139414)","(0.0241686, 0.24333, 0.969642)","(0.180379, -0.932869, 0.311799)","(-0.0107474, -0.99822, 0.0586669)","(-0.287792, -0.954865, 0.0735411)","(-0.0298819, -0.309971, -0.950276)","(-0.159709, -0.895363, -0.415714)",0
2.16667,"(-0.0205938, -0.00407894, 1.67112e-05)","(-0.0247527, 0.971526, 0.235636)","(-0.176573, -0.876103, 0.448626)","(0.0189422, -0.987796, -0.154595)","(-0.0011375, 0.124231, 0.992253)","(0.217708, -0.915996, 0.336979)","(0.0404165, -0.961807, 0.270729)","(-0.271949, -0.961843, 0.030042)","(-0.0856882, -0.398168, -0.913302)","(-0.162963, -0.892999, -0.419519)",0
2.2,"(-0.0216567, 0.00521727, 9.91266e-06)","(-0.011812, 0.968765, 0.247697)","(-0.174575, -0.911045, 0.373525)","(0.0627717, -0.984314, -0.164883)","(-0.0540485, -0.0744802, 0.995757)","(0.243784, -0.89723, 0.368169)","(0.0880025, -0.897024, 0.433132)","(-0.249678, -0.968196, 0.0160587)","(-0.109195, -0.527183, -0.842707)","(-0.153774, -0.895948, -0.41669)",0
2.23333,"(-0.0226398, 0.0137426, 6.87398e-06)","(0.0139726, 0.966891, 0.254808)","(-0.209763, -0.955988, 0.205151)","(0.0907822, -0.981342, -0.16949)","(-0.126931, -0.435234, 0.891325)","(0.255991, -0.88628, 0.385976)","(0.1389, -0.862884, 0.485941)","(-0.219327, -0.975436, 0.0204922)","(-0.0925702, -0.789877, -0.606238)","(-0.138403, -0.906635, -0.398569)",0
2.26667,"(-0.0232693, 0.0193712, 7.37258e-06)","(0.0410408, 0.971684, 0.232693)","(-0.224113, -0.973763, -0.0394862)","(0.0877628, -0.982621, -0.163564)","(-0.201092, -0.734599, 0.648017)","(0.285064, -0.860913, 0.421387)","(0.186311, -0.901715, 0.390127)","(-0.202609, -0.978381, 0.041473)","(-0.0160042, -0.934038, -0.356814)","(-0.123627, -0.943416, -0.307707)",0
2.3,"(-0.0232693, 0.0193712, 7.37258e-06)","(0.0672632, 0.981426, 0.179662)","(-0.224187, -0.949031, -0.22154)","(0.0760625, -0.995837, -0.0502222)","(-0.216122, -0.877638, 0.427836)","(0.284948, -0.698454, 0.65648)","(0.243083, -0.912232, 0.329763)","(-0.194914, -0.979872, 0.0431271)","(0.09219, -0.980776, -0.171989)","(-0.132584, -0.947946, -0.289518)",0
2.33333,"(-0.0239785, 0.0140568, 2.6332e-06)","(0.0746527, 0.98993, 0.120274)","(-0.204748, -0.946999, -0.24753)","(0.0703056, -0.990974, 0.114136)","(-0.18715, -0.911308, 0.366731)","(0.233437, -0.400975, 0.885848)","(0.276751, -0.934124, 0.225437)","(-0.198217, -0.979505, 0.0357801)","(0.195781, -0.959359, -0.203227)","(-0.168998, -0.933638, -0.315847)",0
2.36667,"(-0.023301, 0.00348469, 5.47282e-06)","(0.0751376, 0.993468, 0.0858786)","(-0.19249, -0.962548, -0.190918)","(0.0724728, -0.957202, 0.2802)","(-0.132947, -0.926116, 0.353036)","(0.141552, 0.0283157, 0.989526)","(0.277328, -0.947358, 0.160007)","(-0.191244, -0.981512, 0.00770716)","(0.272615, -0.928913, -0.250601)","(-0.209807, -0.867732, -0.450579)",0
2.4,"(-0.0219097, -0.00732765, 6.49979e-06)","(0.0735405, 0.995286, 0.0632253)","(-0.180905, -0.97337, -0.140799)","(0.0702621, -0.921042, 0.383074)","(-0.0828995, -0.94494, 0.31657)","(0.0974467, 0.298096, 0.949549)","(0.263234, -0.958936, 0.105593)","(-0.182599, -0.98303, -0.017628)","(0.296342, -0.924034, -0.241542)","(-0.238286, -0.819604, -0.521028)",0
2.43333,"(-0.020144, -0.0170317, -1.24634e-07)","(0.0674127, 0.996738, 0.0443612)","(-0.179397, -0.978418, -0.102538)","(0.0681149, -0.894254, 0.442347)","(-0.0370467, -0.953489, 0.299142)","(0.0709425, 0.476866, 0.876109)","(0.247633, -0.96479, 0.088645)","(-0.184803, -0.982075, -0.0371125)","(0.29122, -0.927686, -0.233645)","(-0.243891, -0.789623, -0.563039)",0
2.46667,"(-0.0183398, -0.0238237, -3.03853e-06)","(0.0595549, 0.997761, 0.0304191)","(-0.176298, -0.981158, -0.0790418)","(0.0546708, -0.870927, 0.488362)","(-0.00942459, -0.957118, 0.289545)","(0.0597401, 0.517132, 0.853818)","(0.241337, -0.96867, 0.0586078)","(-0.197783, -0.979504, -0.0381328)","(0.274808, -0.937224, -0.21469)","(-0.23449, -0.787591, -0.569837)",0
2.5,"(-0.01646, -0.0268342, -6.57036e-06)","(0.0522608, 0.997939, 0.0372481)","(-0.16779, -0.982336, -0.0828395)","(0.0363483, -0.843254, 0.536286)","(0.0466328, -0.951003, 0.305646)","(0.0569465, 0.489357, 0.870222)","(0.232941, -0.967571, 0.0976972)","(-0.210705, -0.976963, -0.0338631)","(0.266853, -0.94262, -0.20064)","(-0.226009, -0.765564, -0.602355)",0
2.53333,"(-0.01646, -0.0268342, -6.57036e-06)","(0.0524599, 0.996646, 0.0628007)","(-0.157917, -0.981436, -0.108835)","(0.014412, -0.821089, 0.570618)","(0.067272, -0.939673, 0.335395)","(0.0468377, 0.428192, 0.902473)","(0.225626, -0.970117, 0.0892517)","(-0.20277, -0.979104, -0.0154914)","(0.264923, -0.939874, -0.215529)","(-0.23191, -0.745923, -0.624354)",0
2.56667,"(-0.0135272, -0.0268439, -2.0018e-05)","(0.0613193, 0.992501, 0.105744)","(-0.149484, -0.977708, -0.147448)","(0.0040259, -0.822677, 0.568495)","(0.0634639, -0.924646, 0.375503)","(0.0247759, 0.393483, 0.918998)","(0.21502, -0.971874, 0.0960611)","(-0.172735, -0.984031, -0.0429645)","(0.266829, -0.937289, -0.224259)","(-0.174706, -0.665294, -0.725853)",0
2.6,"(-0.0135272, -0.0268439, -2.0018e-05)","(0.0701858, 0.984665, 0.159714)","(-0.148133, -0.96934, -0.196054)","(-0.00107944, -0.852619, 0.522533)","(-0.0287731, -0.920281, 0.390199)","(-0.000154761, 0.338962, 0.9408)","(0.196484, -0.978429, 0.0638055)","(-0.120131, -0.992734, -0.00695547)","(0.276419, -0.931289, -0.237261)","(-0.179648, -0.385653, -0.904985)",0
2.63333,"(-0.0109706, -0.0259889, -3.38333e-05)","(0.0788036, 0.977896, 0.193674)","(-0.153587, -0.961226, -0.22903)","(-0.00569743, -0.885261, 0.46506)","(-0.135732, -0.910269, 0.391136)","(-0.0279892, 0.262297, 0.964581)","(0.175819, -0.982388, 0.0632638)","(-0.0693494, -0.986148, 0.150676)","(0.289445, -0.922463, -0.255505)","(-0.18778, 0.00156155, -0.98221)",0
2.66667,"(-0.0109706, -0.0259889, -3.38333e-05)","(0.0823404, 0.974265, 0.209828)","(-0.1843, -0.947577, -0.261021)","(0.00211889, -0.896303, 0.443438)","(-0.244666, -0.893471, 0.376627)","(-0.0749329, 0.110955, 0.990996)","(0.157199, -0.98513, 0.0693373)","(-0.0416976, -0.914808, 0.40173)","(0.291032, -0.911247, -0.291427)","(-0.265228, 0.242905, -0.933087)",0
2.7,"(-0.00702782, -0.0248231, -4.02441e-05)","(0.0859953, 0.972061, 0.218409)","(-0.239478, -0.930452, -0.277326)","(0.0105434, -0.900984, 0.433725)","(-0.322824, -0.87762, 0.354355)","(-0.118874, -0.0596622, 0.991115)","(0.15151, -0.98583, 0.0720032)","(-0.0612291, -0.847714, 0.526909)","(0.281456, -0.90572, -0.316945)","(-0.229367, 0.096908, -0.968504)",0
2.73333,"(-0.00423464, -0.0225203, -3.75814e-05)","(0.0840846, 0.97038, 0.226477)","(-0.306544, -0.904751, -0.295731)","(0.027604, -0.955833, 0.292611)","(-0.388648, -0.864424, 0.318942)","(-0.138209, -0.449364, 0.882593)","(0.14777, -0.985414, 0.0843961)","(-0.0885246, -0.880573, 0.465569)","(0.26474, -0.91956, -0.290383)","(-0.0766557, -0.109024, -0.991079)",0
2.76667,"(-0.00106746, -0.0194178, -3.42264e-05)","(0.080491, 0.967946, 0.23791)","(-0.359565, -0.888377, -0.285481)","(0.0305284, -0.994757, 0.0976021)","(-0.479652, -0.82279, 0.304878)","(-0.0876415, -0.779831, 0.619824)","(0.136902, -0.986439, 0.0905288)","(-0.0963773, -0.938345, 0.331993)","(0.246419, -0.939436, -0.238199)","(0.0482828, -0.392964, -0.918286)",0
2.8,"(0.00226705, -0.0160046, -2.67882e-05)","(0.0747647, 0.976311, 0.203045)","(-0.409024, -0.891167, -0.196266)","(0.0352183, -0.993598, -0.10734)","(-0.56242, -0.731665, 0.385163)","(-0.0243168, -0.949456, 0.312956)","(0.113413, -0.99044, 0.0785243)","(-0.0839779, -0.893441, 0.441261)","(0.232306, -0.947424, -0.220051)","(0.120881, -0.603436, -0.788196)",0
2.83333,"(0.00567418, -0.0133065, -1.30584e-05)","(0.0618407, 0.98972, 0.128959)","(-0.442543, -0.896142, 0.0329455)","(0.0274171, -0.984258, -0.174599)","(-0.5578, -0.556204, 0.616032)","(0.0243854, -0.972118, 0.233222)","(0.0846702, -0.994252, 0.0655237)","(-0.0916928, -0.764447, 0.638133)","(0.225491, -0.945826, -0.233595)","(0.122754, -0.823324, -0.554138)",0
2.86667,"(0.00869397, -0.0130978, -1.81076e-06)","(0.0368216, 0.998114, 0.0491153)","(-0.436479, -0.800517, 0.41068)","(0.0239924, -0.982036, -0.187162)","(-0.361373, -0.324918, 0.873978)","(0.0749262, -0.98436, 0.159439)","(0.0531569, -0.997721, 0.0415635)","(-0.128941, -0.625468, 0.769522)","(0.249905, -0.926758, -0.280477)","(0.151546, -0.928538, -0.338896)",0
2.9,"(0.0111647, -0.014951, 3.9182e-06)","(0.00588761, 0.998761, 0.0494089)","(-0.432056, -0.42218, 0.796926)","(0.0205468, -0.975148, -0.2206)","(0.00104817, -0.0611051, 0.998131)","(0.122858, -0.981233, 0.148621)","(0.0400057, -0.999105, 0.0137491)","(-0.175121, -0.768105, 0.615912)","(0.266657, -0.912324, -0.310738)","(0.163205, -0.977817, -0.131296)",1
2.93333,"(0.0131555, -0.0193098, 7.23876e-06)","(-0.0255208, 0.998024, 0.0574208)","(-0.263101, -0.0149869, 0.964652)","(0.011359, -0.985046, -0.171914)","(0.360059, 0.224531, 0.905507)","(0.167329, -0.968753, 0.183079)","(0.0364883, -0.999159, -0.0187086)","(-0.180004, -0.920368, 0.347161)","(0.256116, -0.910213, -0.325448)","(0.148623, -0.97898, -0.139674)",0
2.96667,"(0.0144343, -0.0264516, 6.49829e-06)","(-0.0467623, 0.996327, 0.0717366)","(-0.11558, 0.418024, 0.901054)","(-0.0136466, -0.991917, -0.126149)","(0.617083, 0.438888, 0.653135)","(0.175977, -0.950784, 0.255033)","(0.051847, -0.997724, -0.0431232)","(-0.141748, -0.98527, 0.0956565)","(0.202923, -0.922402, -0.328628)","(0.128318, -0.966664, -0.221574)",0
3,"(0.0151723, -0.0345106, -1.53807e-06)","(-0.0575311, 0.996995, 0.051879)","(0.0594362, 0.706073, 0.70564)","(-0.0454442, -0.997641, -0.0514512)","(0.757937, 0.636217, 0.144082)","(0.17603, -0.949829, 0.258531)","(0.0692554, -0.996427, -0.048347)","(-0.112821, -0.993526, 0.0133071)","(0.153109, -0.927333, -0.341483)","(0.0933736, -0.919875, -0.380935)",0
3.03333,"(0.015256, -0.0421263, -8.71654e-06)","(-0.0550295, 0.996185, 0.0677292)","(0.103946, 0.935361, 0.338077)","(-0.0692831, -0.996347, -0.0499247)","(0.709803, 0.618958, -0.336259)","(0.151264, -0.9656, 0.211511)","(0.0882856, -0.99501, -0.0464862)","(-0.0977522, -0.994972, -0.0217833)","(0.130749, -0.907975, -0.398104)","(0.0821385, -0.888319, -0.451821)",0
3.06667,"(0.0148981, -0.0503949, -1.16872e-05)","(-0.0479986, 0.995324, 0.0838267)","(0.105184, 0.994349, 0.014383)","(-0.0744243, -0.993076, -0.0908864)","(0.541518, 0.512631, -0.666309)","(0.133526, -0.985648, 0.103291)","(0.0997669, -0.994143, -0.0415528)","(-0.0923292, -0.994965, -0.0389869)","(0.133047, -0.863758, -0.486025)","(0.0866904, -0.853066, -0.514552)",0
3.1,"(0.0144529, -0.0579765, -1.27441e-05)","(-0.0401542, 0.994078, 0.100982)","(0.0712859, 0.982536, -0.171879)","(-0.0729463, -0.98648, -0.146749)","(0.49813, 0.471671, -0.727594)","(0.110493, -0.993458, 0.0288385)","(0.101968, -0.993637, -0.0478292)","(-0.0891073, -0.994946, -0.0462949)","(0.139172, -0.813249, -0.565028)","(0.0926663, -0.812913, -0.574966)",0
3.13333,"(0.0140479, -0.0636111, -1.45626e-05)","(-0.0274376, 0.993597, 0.109598)","(0.0234097, 0.948682, -0.315363)","(-0.076945, -0.975929, -0.204062)","(0.462532, 0.439961, -0.769739)","(0.0930233, -0.99444, -0.0493463)","(0.0939484, -0.994301, -0.0503935)","(-0.0896549, -0.995343, -0.0354053)","(0.15939, -0.781067, -0.603763)","(0.0995278, -0.787848, -0.607775)",0
3.16667,"(0.0136296, -0.0673881, -1.44347e-05)","(-0.0129911, 0.993813, 0.1103)","(-0.0405457, 0.923323, -0.381877)","(-0.0894859, -0.964194, -0.249645)","(0.454679, 0.407096, -0.792174)","(0.0697705, -0.994001, -0.0842246)","(0.0830929, -0.995169, -0.0522853)","(-0.0920349, -0.995334, -0.028985)","(0.183216, -0.767899, -0.61381)","(0.105939, -0.77373, -0.624595)",0
3.2,"(0.0130993, -0.069636, -1.52121e-05)","(0.00341408, 0.991482, 0.130201)","(-0.135528, 0.906291, -0.400337)","(-0.105912, -0.941303, -0.320517)","(0.449116, 0.364717, -0.815645)","(0.035805, -0.991839, -0.122364)","(0.0735111, -0.994805, -0.0704145)","(-0.0951848, -0.99474, -0.0378523)","(0.202841, -0.762021, -0.614964)","(0.112008, -0.771724, -0.626016)",0
3.23333,"(0.0130993, -0.069636, -1.52121e-05)","(0.0177194, 0.990657, 0.135221)","(-0.227456, 0.884343, -0.407677)","(-0.109959, -0.909676, -0.400497)","(0.42892, 0.32251, -0.84381)","(-0.00968839, -0.988703, -0.149577)","(0.0674264, -0.993593, -0.0907004)","(-0.0980626, -0.994124, -0.0458353)","(0.215156, -0.763368, -0.609078)","(0.11354, -0.779662, -0.615821)",0
3.26667,"(0.0130993, -0.069636, -1.52121e-05)","(0.028858, 0.989535, 0.141375)","(-0.320276, 0.856799, -0.404127)","(-0.104664, -0.888441, -0.446898)","(0.388493, 0.311804, -0.867094)","(-0.0525755, -0.988598, -0.1411)","(0.0653795, -0.992051, -0.107521)","(-0.0990565, -0.993256, -0.0602568)","(0.21735, -0.763517, -0.608113)","(0.109294, -0.79082, -0.602211)",0
3.3,"(0.0130993, -0.069636, -1.52121e-05)","(0.0349966, 0.992112, 0.12037)","(-0.375234, 0.816299, -0.439153)","(-0.090648, -0.888416, -0.45)","(0.369377, 0.286399, -0.884045)","(-0.0800085, -0.986718, -0.141372)","(0.0628482, -0.993459, -0.0953347)","(-0.0987717, -0.99349, -0.0567575)","(0.220686, -0.770779, -0.597661)","(0.0994757, -0.801447, -0.589735)",0
3.33333,"(0.0109855, -0.0703382, -5.43615e-06)","(0.0368926, 0.992218, 0.118921)","(-0.539897, 0.804732, -0.246816)","(-0.0754722, -0.919701, -0.385298)","(0.603697, 0.310097, -0.734432)","(-0.0564545, -0.997003, -0.0529003)","(0.0636244, -0.994425, -0.0840928)","(-0.0959438, -0.993225, -0.0655589)","(0.213991, -0.763731, -0.609034)","(0.0856638, -0.806633, -0.584812)",0
3.36667,"(0.0109855, -0.0703382, -5.43615e-06)","(0.0395747, 0.991849, 0.12112)","(-0.765041, 0.608282, 0.211435)","(-0.0455539, -0.94716, -0.31751)","(0.895466, 0.403244, -0.188507)","(-0.0202144, -0.999719, 0.0123593)","(0.0676872, -0.994761, -0.0766155)","(-0.0898214, -0.993698, -0.0670536)","(0.205002, -0.750782, -0.627934)","(0.0731895, -0.809504, -0.582535)",0
3.4,"(0.0109855, -0.0703382, -5.43615e-06)","(0.0434365, 0.992154, 0.117232)","(-0.79266, 0.0372142, 0.608527)","(0.00697696, -0.971414, -0.237289)","(0.741023, 0.452189, 0.496397)","(0.0149386, -0.997104, 0.0745738)","(0.0746375, -0.994911, -0.0676907)","(-0.0812689, -0.995069, -0.0568594)","(0.191655, -0.733074, -0.652588)","(0.0641807, -0.801423, -0.594644)",1
3.43333,"(0.0106253, -0.0662101, 2.05045e-05)","(0.0469508, 0.992896, 0.109327)","(-0.619148, -0.490956, 0.612876)","(0.0845744, -0.978869, -0.186179)","(0.333943, 0.471924, 0.815947)","(0.017937, -0.984759, 0.172999)","(0.0832563, -0.99399, -0.0710843)","(-0.072732, -0.996627, -0.0380068)","(0.182005, -0.723488, -0.665913)","(0.0578144, -0.798595, -0.599086)",0
3.46667,"(0.0104807, -0.0636223, 1.91479e-05)","(0.0513147, 0.991131, 0.122583)","(-0.50058, -0.774758, 0.386226)","(0.127491, -0.991838, 0.00211753)","(-0.0338577, 0.440971, 0.896882)","(0.0518461, -0.844306, 0.533347)","(0.0896741, -0.995075, -0.0422327)","(-0.0568816, -0.998329, -0.0102272)","(0.176824, -0.727928, -0.66246)","(0.0466027, -0.795825, -0.603731)",0
3.5,"(0.010049, -0.0607003, 1.6162e-05)","(0.0548801, 0.987719, 0.146288)","(-0.354727, -0.928041, 0.113613)","(0.12807, -0.965255, 0.227772)","(-0.400128, 0.112187, 0.909567)","(0.0792652, -0.407779, 0.909634)","(0.0888887, -0.989481, 0.114135)","(-0.0305684, -0.999533, -0.000183373)","(0.184703, -0.739431, -0.6474)","(0.0344209, -0.785389, -0.618044)",0
3.53333,"(0.00943781, -0.0575602, 1.20129e-05)","(0.0607077, 0.98504, 0.161278)","(-0.225033, -0.968739, -0.104429)","(0.098653, -0.894744, 0.435546)","(-0.573557, -0.361882, 0.734897)","(0.0774128, 0.152047, 0.985337)","(0.0777322, -0.94447, 0.319271)","(-0.00493684, -0.999988, 0.000510709)","(0.176409, -0.779959, -0.600452)","(0.0354728, -0.769555, -0.637595)",0
3.56667,"(0.00818732, -0.0538891, 6.91097e-06)","(0.063074, 0.986944, 0.148203)","(-0.123505, -0.96245, -0.241735)","(0.151056, -0.818588, 0.554162)","(-0.47641, -0.721519, 0.502437)","(0.00823641, 0.41529, 0.909652)","(0.0439129, -0.923024, 0.382227)","(0.00833471, -0.999702, -0.0229447)","(0.111465, -0.859797, -0.498322)","(0.0507256, -0.76208, -0.645493)",0
3.6,"(0.00624218, -0.0506766, 4.43952e-06)","(0.0646458, 0.989811, 0.126867)","(-0.0538171, -0.970651, -0.234393)","(0.317742, -0.674695, 0.666203)","(-0.313093, -0.827853, 0.465437)","(-0.129932, 0.573667, 0.808717)","(-0.0109954, -0.97383, 0.227014)","(0.00637152, -0.997694, -0.0675787)","(-0.0254741, -0.938091, -0.345451)","(0.0737555, -0.79108, -0.60725)",0
3.63333,"(0.00396216, -0.0475281, 5.13738e-06)","(0.0643561, 0.991519, 0.112912)","(0.00639768, -0.973446, -0.228827)","(0.539571, -0.381984, 0.750301)","(-0.168749, -0.895513, 0.411802)","(-0.431645, 0.691924, 0.578726)","(-0.0836269, -0.996455, 0.00916743)","(0.00214195, -0.99353, -0.113551)","(-0.179846, -0.957904, -0.223775)","(0.0981637, -0.826608, -0.554151)",0
3.66667,"(0.00159086, -0.0436615, 5.78276e-06)","(0.066002, 0.992285, 0.104952)","(0.0498986, -0.97331, -0.224003)","(0.691565, -0.0642238, 0.719453)","(-0.0903826, -0.92628, 0.365837)","(-0.699298, 0.664915, 0.262431)","(-0.152812, -0.983961, -0.0920316)","(-0.000687747, -0.989008, -0.147859)","(-0.295121, -0.932472, -0.208328)","(0.126624, -0.851416, -0.508976)",0
3.7,"(-0.00147073, -0.0401466, 6.77322e-06)","(0.0676179, 0.992209, 0.104635)","(0.0497749, -0.973114, -0.224881)","(0.741386, 0.112211, 0.661631)","(-0.112332, -0.971291, 0.209701)","(-0.839148, 0.542255, 0.0423068)","(-0.213065, -0.973105, -0.0875836)","(-0.00161713, -0.990039, -0.140785)","(-0.369425, -0.897349, -0.241433)","(0.167422, -0.859262, -0.483362)",0
3.73333,"(-0.00447674, -0.0380964, 9.33177e-06)","(0.0725784, 0.991228, 0.110455)","(0.0186924, -0.974633, -0.223026)","(0.750266, 0.109475, 0.652009)","(-0.221545, -0.957992, 0.182125)","(-0.86724, 0.43471, 0.24274)","(-0.252698, -0.9659, -0.0563952)","(0.00396518, -0.992347, -0.123418)","(-0.409263, -0.86606, -0.28713)","(0.208844, -0.854103, -0.476332)",0
3.76667,"(-0.00704818, -0.036835, 1.4002e-05)","(0.0793415, 0.99084, 0.109272)","(-0.0218161, -0.974116, -0.224995)","(0.732399, 0.00404073, 0.680864)","(-0.376404, -0.901963, 0.211618)","(-0.790312, 0.392135, 0.470784)","(-0.280909, -0.959135, -0.0339308)","(0.0128732, -0.994032, -0.10833)","(-0.427877, -0.856419, -0.28891)","(0.23983, -0.849267, -0.470347)",0
3.8,"(-0.00931284, -0.0359103, 1.81901e-05)","(0.0851558, 0.991176, 0.101585)","(-0.0475707, -0.995081, -0.0868954)","(0.692911, -0.104268, 0.713444)","(-0.490929, -0.725759, 0.481937)","(-0.627279, 0.401516, 0.667312)","(-0.296985, -0.954845, -0.00845876)","(0.0316066, -0.993823, -0.106384)","(-0.420928, -0.856643, -0.298299)","(0.238487, -0.845849, -0.477142)",0
3.83333,"(-0.00931284, -0.0359103, 1.81901e-05)","(0.0810044, 0.993183, 0.0838185)","(-0.102937, -0.98083, 0.165455)","(0.673866, -0.177199, 0.71729)","(-0.392524, -0.372031, 0.841141)","(-0.475452, 0.48192, 0.736001)","(-0.311818, -0.949856, 0.0233225)","(0.0493792, -0.993164, -0.105771)","(-0.40108, -0.862845, -0.307624)","(0.221474, -0.850463, -0.47714)",0
3.86667,"(-0.0123486, -0.0360236, 1.22839e-05)","(0.0624607, 0.995478, 0.0715715)","(-0.100425, -0.884507, 0.455591)","(0.627643, -0.321358, 0.70908)","(0.0458179, 0.100405, 0.993891)","(-0.289013, 0.600056, 0.745925)","(-0.315741, -0.947018, 0.0588554)","(0.0764398, -0.99439, -0.0731124)","(-0.377686, -0.861137, -0.340287)","(0.208514, -0.847463, -0.488188)",0
3.9,"(-0.0123486, -0.0360236, 1.22839e-05)","(0.0406329, 0.996881, 0.0676557)","(0.0858186, -0.735697, 0.671852)","(0.570906, -0.441343, 0.692302)","(0.487916, 0.336707, 0.805336)","(-0.126712, 0.651834, 0.747701)","(-0.306484, -0.949419, 0.0683418)","(0.0964838, -0.994786, -0.0330377)","(-0.366423, -0.852826, -0.372052)","(0.206512, -0.842376, -0.497751)",0
3.93333,"(-0.0123486, -0.0360236, 1.22839e-05)","(0.0232118, 0.997453, 0.0674379)","(0.376364, -0.542416, 0.75109)","(0.464854, -0.572554, 0.675346)","(0.742341, 0.356284, 0.567443)","(0.00239462, 0.63987, 0.768479)","(-0.292689, -0.954641, 0.0547182)","(0.110646, -0.993765, 0.0136936)","(-0.364946, -0.844001, -0.393037)","(0.202455, -0.836309, -0.509508)",0
3.96667,"(-0.0123486, -0.0360236, 1.22839e-05)","(0.0124886, 0.997479, 0.0698601)","(0.613817, -0.324496, 0.719674)","(0.418727, -0.599924, 0.681732)","(0.860623, 0.258812, 0.438571)","(0.0450918, 0.57021, 0.82026)","(-0.279314, -0.959722, 0.0302824)","(0.117592, -0.991941, 0.0471734)","(-0.365565, -0.8331, -0.415098)","(0.186068, -0.837427, -0.513902)",0
4,"(-0.0123486, -0.0360236, 1.22839e-05)","(0.00108973, 0.997892, 0.0648837)","(0.698548, -0.275187, 0.660533)","(0.368071, -0.642225, 0.672362)","(0.912686, 0.160963, 0.375626)","(0.0838171, 0.505878, 0.858523)","(-0.271297, -0.962358, 0.0162822)","(0.12421, -0.98952, 0.0736284)","(-0.356682, -0.827422, -0.433763)","(0.169628, -0.839564, -0.516099)",0
4.03333,"(-0.0143013, -0.0351991, 7.78963e-06)","(-0.00745523, 0.998027, 0.062345)","(0.719856, -0.288571, 0.631296)","(0.336751, -0.674763, 0.656729)","(0.936817, 0.145464, 0.318141)","(0.0948399, 0.490676, 0.866165)","(-0.26197, -0.964952, 0.0154802)","(0.136351, -0.982814, 0.124437)","(-0.348409, -0.818454, -0.456885)","(0.158847, -0.847376, -0.506678)",0
4.06667,"(-0.0143013, -0.0351991, 7.78963e-06)","(-0.0110435, 0.998101, 0.0605966)","(0.698283, -0.321553, 0.639535)","(0.278143, -0.71477, 0.64167)","(0.915889, 0.2131, 0.3402)","(0.129601, 0.471914, 0.872067)","(-0.256014, -0.966485, 0.0190728)","(0.142254, -0.977448, 0.156072)","(-0.338882, -0.817501, -0.465672)","(0.156116, -0.852225, -0.499339)",0
4.1,"(-0.0164081, -0.0338457, 4.67533e-06)","(-0.00943053, 0.997508, 0.0699224)","(0.658443, -0.299454, 0.690493)","(0.234429, -0.683452, 0.691329)","(0.872278, 0.312028, 0.376523)","(0.138863, 0.513489, 0.846786)","(-0.250607, -0.967985, 0.0141618)","(0.144032, -0.972618, 0.182396)","(-0.321684, -0.818332, -0.47629)","(0.158443, -0.854473, -0.494745)",0
4.13333,"(-0.0164081, -0.0338457, 4.67533e-06)","(-0.0130067, 0.996597, 0.0813972)","(0.624258, -0.255076, 0.738402)","(0.154771, -0.617981, 0.770808)","(0.807203, 0.410994, 0.423684)","(0.105683, 0.569786, 0.814969)","(-0.246009, -0.969258, -0.00432716)","(0.134913, -0.981738, 0.134126)","(-0.293831, -0.837606, -0.46052)","(0.1656, -0.856221, -0.489349)",0
4.16667,"(-0.0203524, -0.0349003, 6.78087e-06)","(-0.00655286, 0.993571, 0.11302)","(0.565237, -0.233732, 0.791123)","(0.0167061, -0.495565, 0.86841)","(0.650074, 0.523522, 0.550753)","(-0.0317357, 0.630607, 0.775453)","(-0.244842, -0.969505, 0.01057)","(0.120587, -0.988689, 0.0891808)","(-0.243468, -0.867475, -0.433832)","(0.175325, -0.854243, -0.489418)",0
4.2,"(-0.0231495, -0.0354629, 7.39713e-06)","(0.0133983, 0.991671, 0.128101)","(0.466867, -0.272885, 0.841171)","(-0.197854, -0.433152, 0.879337)","(0.366144, 0.584276, 0.724265)","(-0.24653, 0.650435, 0.718441)","(-0.241453, -0.970009, 0.0279681)","(0.102494, -0.99447, 0.0229019)","(-0.19013, -0.9069, -0.376009)","(0.196493, -0.852264, -0.484805)",0
4.23333,"(-0.0260055, -0.0362519, 6.3662e-06)","(0.0474222, 0.98964, 0.13551)","(0.304958, -0.36728, 0.878695)","(-0.417065, -0.393992, 0.819041)","(0.0814218, 0.534461, 0.841262)","(-0.460069, 0.600613, 0.653912)","(-0.233764, -0.971876, 0.0285)","(0.0891555, -0.995844, -0.0185904)","(-0.142675, -0.934846, -0.325127)","(0.223552, -0.842501, -0.49012)",0
4.26667,"(-0.0292779, -0.0374298, 3.54168e-06)","(0.0786876, 0.991465, 0.103947)","(0.0812865, -0.556924, 0.826576)","(-0.588226, -0.398567, 0.703657)","(-0.0812849, 0.501991, 0.861044)","(-0.634364, 0.625426, 0.454341)","(-0.221, -0.975249, -0.00698152)","(0.0791392, -0.994489, -0.0687651)","(-0.118885, -0.953975, -0.275314)","(0.249695, -0.844246, -0.474237)",0
4.3,"(-0.0324751, -0.0382119, -1.47163e-06)","(0.106069, 0.991452, 0.0759821)","(-0.125721, -0.73459, 0.666762)","(-0.703471, -0.404755, 0.58421)","(-0.110563, 0.496276, 0.861096)","(-0.728788, 0.64874, 0.219099)","(-0.216312, -0.976114, -0.0202779)","(0.0774962, -0.992003, -0.0996172)","(-0.103746, -0.961025, -0.256258)","(0.271145, -0.846884, -0.457459)",0
4.33333,"(-0.0352174, -0.0388945, -4.77456e-06)","(0.132813, 0.990011, 0.0473206)","(-0.280622, -0.838234, 0.467563)","(-0.771047, -0.415977, 0.482129)","(-0.128945, 0.520981, 0.843773)","(-0.759533, 0.649414, -0.0370135)","(-0.223972, -0.974592, 0.00255679)","(0.0822391, -0.990271, -0.112249)","(-0.0830016, -0.966738, -0.241927)","(0.306854, -0.846, -0.436033)",0
4.36667,"(-0.0373276, -0.0394277, -8.61972e-06)","(0.158096, 0.986929, 0.0312668)","(-0.337804, -0.871874, 0.354578)","(-0.814521, -0.442209, 0.37551)","(-0.102544, 0.516151, 0.850337)","(-0.752814, 0.644294, -0.134747)","(-0.240126, -0.970054, 0.0365472)","(0.096015, -0.990028, -0.10308)","(-0.0579145, -0.974942, -0.214786)","(0.357726, -0.835406, -0.417289)",0
4.4,"(-0.0373276, -0.0394277, -8.61972e-06)","(0.171091, 0.985022, 0.021442)","(-0.346709, -0.873845, 0.340863)","(-0.821526, -0.466805, 0.327397)","(-0.0693118, 0.499811, 0.863357)","(-0.763324, 0.641409, -0.0770184)","(-0.251314, -0.966195, 0.0575121)","(0.109093, -0.990776, -0.0803893)","(-0.0427413, -0.980268, -0.192995)","(0.392215, -0.822425, -0.412048)",0
4.43333,"(-0.0397069, -0.0375486, -7.87149e-06)","(0.171931, 0.984981, 0.0158983)","(-0.323746, -0.856165, 0.402704)","(-0.813116, -0.461513, 0.354751)","(-0.0353166, 0.504095, 0.862926)","(-0.743889, 0.663628, 0.0789107)","(-0.254527, -0.964881, 0.0649709)","(0.11991, -0.991298, -0.0543059)","(-0.0453379, -0.98343, -0.17553)","(0.389977, -0.828595, -0.401683)",0
4.46667,"(-0.0397069, -0.0375486, -7.87149e-06)","(0.164655, 0.986277, 0.0120995)","(-0.281852, -0.78234, 0.55543)","(-0.774958, -0.41847, 0.473628)","(0.000822696, 0.52611, 0.850416)","(-0.691237, 0.664227, 0.284594)","(-0.246049, -0.967361, 0.0605983)","(0.134722, -0.990122, -0.0388426)","(-0.0614504, -0.981124, -0.183357)","(0.354677, -0.844283, -0.401734)",0
4.5,"(-0.0397354, -0.033665, -7.53837e-06)","(0.148137, 0.988514, 0.0299199)","(-0.172597, -0.698393, 0.694591)","(-0.691866, -0.349639, 0.631723)","(0.0294322, 0.581431, 0.813063)","(-0.557872, 0.685269, 0.468172)","(-0.236964, -0.966593, 0.0977013)","(0.14749, -0.988494, -0.0335736)","(-0.0788891, -0.979278, -0.186524)","(0.309556, -0.867602, -0.389154)",0
4.53333,"(-0.0389883, -0.0305679, -5.7913e-06)","(0.11313, 0.991639, 0.062073)","(0.0159191, -0.549242, 0.835512)","(-0.528329, -0.306823, 0.791662)","(0.137795, 0.616424, 0.775264)","(-0.360689, 0.716026, 0.597671)","(-0.229327, -0.965795, 0.12103)","(0.15568, -0.987668, -0.0166061)","(-0.091218, -0.973817, -0.208231)","(0.244312, -0.893144, -0.37763)",0
4.56667,"(-0.0382129, -0.0279967, 1.16242e-06)","(0.0746328, 0.993385, 0.087268)","(0.28792, -0.42619, 0.857592)","(-0.330103, -0.31109, 0.89121)","(0.313297, 0.651163, 0.691254)","(-0.160008, 0.702692, 0.693269)","(-0.206844, -0.971943, 0.111991)","(0.147125, -0.989049, -0.0116565)","(-0.116752, -0.963172, -0.242215)","(0.187069, -0.919983, -0.344437)",0
4.6,"(-0.0372359, -0.0254481, 4.05548e-06)","(0.0422685, 0.995442, 0.0854949)","(0.575993, -0.300927, 0.760049)","(-0.0369424, -0.365764, 0.929974)","(0.603711, 0.684509, 0.408633)","(0.000969139, 0.659933, 0.751324)","(-0.173584, -0.984587, 0.0213998)","(0.135023, -0.990775, -0.0115993)","(-0.145668, -0.944775, -0.293566)","(0.14015, -0.941588, -0.306219)",0
4.63333,"(-0.0359299, -0.0227088, 6.2304e-06)","(0.0235778, 0.997306, 0.0694551)","(0.7859, -0.276911, 0.552884)","(0.231307, -0.444679, 0.865308)","(0.832872, 0.551575, 0.045703)","(0.142337, 0.592886, 0.792607)","(-0.135447, -0.98848, -0.0675337)","(0.130582, -0.99129, -0.0170937)","(-0.175855, -0.927994, -0.328484)","(0.118407, -0.955462, -0.270319)",0
4.66667,"(-0.0347808, -0.020663, 5.47529e-06)","(0.00276056, 0.998186, 0.0601364)","(0.869287, -0.34086, 0.357986)","(0.463584, -0.56616, 0.68158)","(0.914287, 0.321972, -0.245792)","(0.296907, 0.499709, 0.813718)","(-0.118245, -0.985842, -0.118884)","(0.139466, -0.990103, -0.0156571)","(-0.184406, -0.921905, -0.340714)","(0.104703, -0.963607, -0.245965)",0
4.7,"(-0.0347808, -0.020663, 5.47529e-06)","(-0.0152212, 0.998286, 0.0565068)","(0.861446, -0.438653, 0.255919)","(0.587207, -0.700236, 0.406026)","(0.959695, 0.112621, -0.257491)","(0.481695, 0.37301, 0.792991)","(-0.10515, -0.986855, -0.122726)","(0.155171, -0.987879, -0.00406128)","(-0.184641, -0.925803, -0.329845)","(0.0988203, -0.968762, -0.227452)",0
4.73333,"(-0.0330822, -0.0190432, -3.55081e-06)","(-0.0311662, 0.997737, 0.0595862)","(0.809335, -0.54707, 0.213758)","(0.635968, -0.764226, 0.107254)","(0.974383, -0.00642276, -0.224802)","(0.661878, 0.219752, 0.716677)","(-0.0868587, -0.990352, -0.107972)","(0.169285, -0.985562, -0.00307352)","(-0.184925, -0.933796, -0.306313)","(0.104268, -0.97162, -0.212328)",0
4.76667,"(-0.0330822, -0.0190432, -3.55081e-06)","(-0.0448544, 0.996777, 0.066518)","(0.77499, -0.602364, 0.191176)","(0.657093, -0.749647, -0.0791055)","(0.977643, -0.0801416, -0.1944)","(0.781278, 0.0501004, 0.62217)","(-0.0662081, -0.994892, -0.0762006)","(0.178309, -0.983974, -0.001343)","(-0.191722, -0.945071, -0.264732)","(0.112905, -0.97314, -0.200625)",0
4.8,"(-0.0330822, -0.0190432, -3.55081e-06)","(-0.0634394, 0.995271, 0.0735634)","(0.736209, -0.653857, 0.17455)","(0.636407, -0.750282, -0.17906)","(0.968716, -0.156153, -0.192886)","(0.858277, -0.122994, 0.498231)","(-0.0537011, -0.997393, -0.0481941)","(0.189748, -0.981831, -0.00178144)","(-0.203351, -0.951751, -0.229821)","(0.126522, -0.974786, -0.183804)",0
4.83333,"(-0.0330822, -0.0190432, -3.55081e-06)","(-0.0833643, 0.993972, 0.0712028)","(0.712306, -0.68502, 0.152862)","(0.58043, -0.783742, -0.221017)","(0.959316, -0.216514, -0.181201)","(0.875357, -0.271492, 0.400052)","(-0.0373316, -0.999108, -0.0197423)","(0.206308, -0.978487, 0.001124)","(-0.237424, -0.950516, -0.20037)","(0.139248, -0.976238, -0.166042)",0
4.86667,"(-0.0330822, -0.0190432, -3.55081e-06)","(-0.100852, 0.993154, 0.0589334)","(0.694925, -0.703241, 0.150103)","(0.513091, -0.813433, -0.273979)","(0.945603, -0.285923, -0.155187)","(0.881903, -0.368656, 0.293837)","(-0.0117837, -0.99993, -0.000537231)","(0.225495, -0.974191, 0.0102373)","(-0.28327, -0.941734, -0.181372)","(0.138873, -0.981738, -0.130019)",0
4.9,"(-0.0330822, -0.0190432, -3.55081e-06)","(-0.114839, 0.992181, 0.0488708)","(0.683485, -0.713079, 0.156099)","(0.479489, -0.835906, -0.267118)","(0.933978, -0.325275, -0.147923)","(0.880601, -0.399387, 0.255012)","(0.0105857, -0.999907, 0.00862672)","(0.244314, -0.969558, 0.0163492)","(-0.325806, -0.929853, -0.170951)","(0.130948, -0.986413, -0.09921)",0
4.93333,"(-0.0323644, -0.0217874, 5.109e-06)","(-0.125568, 0.991202, 0.0418493)","(0.67361, -0.721284, 0.161244)","(0.466009, -0.842602, -0.269922)","(0.924866, -0.354759, -0.137001)","(0.879786, -0.406156, 0.247009)","(0.0191553, -0.99968, 0.016531)","(0.259292, -0.965457, 0.0257029)","(-0.345436, -0.924848, -0.159154)","(0.118963, -0.99023, -0.0727437)",0
4.96667,"(-0.0323644, -0.0217874, 5.109e-06)","(-0.137787, 0.989245, 0.0490786)","(0.658207, -0.736898, 0.154094)","(0.436746, -0.865897, -0.243873)","(0.913828, -0.389791, -0.113933)","(0.862413, -0.430775, 0.265852)","(0.018823, -0.999761, 0.0111473)","(0.274041, -0.961219, 0.0309747)","(-0.352641, -0.920898, -0.166105)","(0.114119, -0.990802, -0.0727219)",0
5,"(-0.0327634, -0.0246808, 5.01326e-06)","(-0.148475, 0.987462, 0.0536178)","(0.621148, -0.770695, 0.142141)","(0.311206, -0.928231, -0.20381)","(0.877402, -0.4697, -0.0977094)","(0.792736, -0.523119, 0.312914)","(0.0184532, -0.999803, 0.00729304)","(0.286433, -0.957289, 0.0394128)","(-0.355116, -0.92035, -0.163858)","(0.113596, -0.990539, -0.0770028)",0
5.03333,"(-0.0327634, -0.0246808, 5.01326e-06)","(-0.147161, 0.986858, 0.0667517)","(0.560428, -0.820483, 0.11282)","(0.192475, -0.970089, -0.147919)","(0.805146, -0.581955, -0.114313)","(0.707106, -0.610702, 0.356432)","(0.0141225, -0.999775, -0.0158275)","(0.296835, -0.9539, 0.0443242)","(-0.338937, -0.923417, -0.180065)","(0.120096, -0.989588, -0.0793278)",0
5.06667,"(-0.0342088, -0.022275, -4.85638e-07)","(-0.134549, 0.9873, 0.0844655)","(0.462797, -0.882855, 0.0799117)","(0.0990323, -0.988139, -0.117364)","(0.64883, -0.74637, -0.148159)","(0.645662, -0.662981, 0.378916)","(0.0155149, -0.999297, -0.0341184)","(0.301413, -0.950738, 0.0724337)","(-0.30426, -0.935457, -0.179851)","(0.115457, -0.991051, -0.0669945)",0
5.1,"(-0.0340833, -0.0198514, -1.75447e-06)","(-0.118707, 0.98699, 0.108441)","(0.286414, -0.95603, 0.0630367)","(0.106922, -0.987968, -0.111741)","(0.431114, -0.888181, -0.158984)","(0.638465, -0.667926, 0.382411)","(0.0540786, -0.997298, -0.0497164)","(0.230358, -0.969185, 0.0872711)","(-0.21534, -0.961371, -0.171451)","(0.0656374, -0.996096, -0.0590284)",0
5.13333,"(-0.033394, -0.0176442, -2.7182e-06)","(-0.106726, 0.986251, 0.126166)","(0.0757932, -0.994836, 0.0675033)","(0, 0, 0)","(0.187926, -0.973119, -0.133125)","(0, 0, 0)","(0.0845971, -0.99502, -0.0527177)","(0.147907, -0.985051, 0.0883047)","(-0.130404, -0.979818, -0.151496)","(0.0126731, -0.997679, -0.0669045)",0
5.16667,"(-0.033394, -0.0176442, -2.7182e-06)","(-0.0974684, 0.985667, 0.137694)","(-0.113614, -0.990584, 0.076387)","(0, 0, 0)","(0.0402599, -0.995, -0.091403)","(0, 0, 0)","(0.0571265, -0.995968, -0.0691644)","(0.0842052, -0.993276, 0.0794553)","(-0.0987429, -0.981679, -0.162961)","(0.00990479, -0.99627, -0.0857202)",0
5.2,"(-0.0301862, -0.0173072, 2.14777e-06)","(-0.0833701, 0.986678, 0.139701)","(-0.225076, -0.971434, 0.0752097)","(0, 0, 0)","(-0.0179633, -0.998929, -0.042635)","(0, 0, 0)","(-0.00909326, -0.995436, -0.0949952)","(0.124386, -0.988415, 0.0869734)","(-0.14108, -0.970407, -0.195975)","(0.0486184, -0.993843, -0.0995564)",0
5.23333,"(-0.0280667, -0.0212578, 4.6534e-06)","(-0.0760039, 0.988166, 0.133234)","(-0.31693, -0.945971, 0.06852)","(0, 0, 0)","(0.0182481, -0.999299, 0.0326771)","(0, 0, 0)","(-0.0679129, -0.989817, -0.125104)","(0.182866, -0.977537, 0.104788)","(-0.209407, -0.948876, -0.236184)","(0.0804611, -0.991485, -0.102387)",0
5.26667,"(-0.0256763, -0.0270176, 6.04927e-06)","(-0.0757242, 0.990765, 0.112476)","(-0.416986, -0.906323, 0.0685684)","(0, 0, 0)","(0.136303, -0.985685, 0.0992288)","(0, 0, 0)","(-0.0717048, -0.98759, -0.139728)","(0.233876, -0.965501, 0.114498)","(-0.250226, -0.935435, -0.249695)","(0.0645002, -0.992577, -0.103103)",0
5.3,"(-0.0231933, -0.0347917, 6.71349e-06)","(-0.0844964, 0.992664, 0.0864794)","(-0.512421, -0.855135, 0.078542)","(0, 0, 0)","(0.272932, -0.950274, 0.149955)","(0, 0, 0)","(-0.0729275, -0.986782, -0.144717)","(0.266135, -0.954569, 0.134052)","(-0.287001, -0.923994, -0.252718)","(0.0392179, -0.9932, -0.109621)",0
5.33333,"(-0.0205475, -0.0439754, 6.01574e-06)","(-0.090871, 0.994233, 0.0569456)","(-0.586839, -0.804874, 0.0883091)","(0, 0, 0)","(0.398932, -0.903375, 0.157373)","(0, 0, 0)","(-0.0665734, -0.987497, -0.142889)","(0.306635, -0.936263, 0.171423)","(-0.321058, -0.911701, -0.256364)","(-0.00323087, -0.991981, -0.126345)",0
5.36667,"(-0.0182348, -0.055912, 6.34319e-06)","(-0.0932499, 0.995113, 0.0324715)","(-0.61593, -0.781343, 0.100665)","(0, 0, 0)","(0.474977, -0.867347, 0.148679)","(0, 0, 0)","(-0.0386198, -0.992148, -0.118961)","(0.364244, -0.908711, 0.20389)","(-0.381361, -0.884851, -0.267586)","(-0.062195, -0.987344, -0.145888)",0
5.4,"(-0.0159634, -0.0710855, 8.73185e-06)","(-0.0901343, 0.995791, 0.0165995)","(-0.619242, -0.778113, 0.105256)","(0, 0, 0)","(0.553, -0.819787, 0.148797)","(0, 0, 0)","(0.0469576, -0.996316, -0.071766)","(0.425105, -0.877541, 0.221829)","(-0.476285, -0.828539, -0.294407)","(-0.128745, -0.978332, -0.162148)",0
5.43333,"(-0.0139725, -0.0900402, 1.27522e-05)","(-0.0862776, 0.995931, 0.0260133)","(-0.575439, -0.779593, 0.247193)","(0, 0, 0)","(0.642424, -0.696437, 0.319792)","(0, 0, 0)","(0.18918, -0.98187, 0.0118955)","(0.471601, -0.859644, 0.196482)","(-0.60172, -0.738634, -0.303895)","(-0.182235, -0.969106, -0.166203)",0
5.46667,"(-0.0118919, -0.11331, 1.61165e-05)","(-0.0819915, 0.994695, 0.0621223)","(-0.481804, -0.771065, 0.416322)","(0, 0, 0)","(0.775344, -0.432955, 0.459774)","(0, 0, 0)","(0.337285, -0.93907, 0.0662258)","(0.489534, -0.868599, 0.076756)","(-0.719003, -0.617974, -0.31803)","(-0.175952, -0.958939, -0.222434)",0
5.5,"(-0.00903685, -0.139792, 1.80518e-05)","(-0.0784416, 0.992347, 0.0953659)","(-0.332247, -0.862094, 0.382629)","(0, 0, 0)","(0.96438, -0.107314, 0.241776)","(0, 0, 0)","(0.454884, -0.884352, 0.104886)","(0.488211, -0.869772, -0.071736)","(-0.818583, -0.472275, -0.326923)","(-0.151741, -0.948554, -0.277886)",1
5.53333,"(-0.00583959, -0.165178, 1.7335e-05)","(-0.0760544, 0.990806, 0.111891)","(-0.130616, -0.983492, 0.125228)","(0, 0, 0)","(0.97197, 0.142971, -0.186635)","(0, 0, 0)","(0.537608, -0.834684, 0.1195)","(0.574297, -0.798552, -0.180268)","(-0.888811, -0.289629, -0.355148)","(-0.175469, -0.934613, -0.30937)",0
5.56667,"(-0.00151019, -0.190258, 1.46376e-05)","(-0.0785755, 0.989886, 0.118116)","(0.101249, -0.980059, -0.170975)","(0, 0, 0)","(0.873475, 0.182447, -0.451393)","(0, 0, 0)","(0.569879, -0.805733, 0.161342)","(0.635074, -0.74928, -0.187779)","(-0.914336, -0.090175, -0.394788)","(-0.303878, -0.874191, -0.378746)",0
5.6,"(0.00316895, -0.214601, 1.03155e-05)","(-0.0859939, 0.987068, 0.135286)","(0.318395, -0.918835, -0.233168)","(0, 0, 0)","(0.928254, 0.0325389, -0.37052)","(0, 0, 0)","(0.553958, -0.809467, 0.194662)","(0.665651, -0.731222, -0.149073)","(-0.891062, 0.0880402, -0.445261)","(-0.550806, -0.637926, -0.538203)",0
5.63333,"(0.0070065, -0.235671, 8.50088e-06)","(-0.092272, 0.980024, 0.176178)","(0.50191, -0.837098, -0.217608)","(0, 0, 0)","(0.932863, -0.195334, -0.302672)","(0, 0, 0)","(0.506183, -0.836658, 0.209242)","(0.624904, -0.768959, -0.134895)","(-0.845584, 0.211093, -0.490334)","(-0.712487, -0.255449, -0.653535)",0
5.66667,"(0.00949615, -0.253021, 6.46352e-06)","(-0.0892616, 0.972785, 0.213826)","(0.627028, -0.756869, -0.184351)","(0, 0, 0)","(0.861393, -0.418578, -0.28774)","(0, 0, 0)","(0.50143, -0.842635, 0.196299)","(0.62353, -0.766545, -0.153687)","(-0.817989, 0.269319, -0.508292)","(-0.807008, 0.00694346, -0.590499)",0
5.7,"(0.0112488, -0.268345, 7.70255e-06)","(-0.0816525, 0.968374, 0.235766)","(0.690543, -0.707737, -0.149195)","(0, 0, 0)","(0.815048, -0.501526, -0.29012)","(0, 0, 0)","(0.554713, -0.811387, 0.184239)","(0.678871, -0.712848, -0.176017)","(-0.82106, 0.275025, -0.500222)","(-0.872839, 0.0422834, -0.486173)",0
5.73333,"(0.0117576, -0.280399, 9.07122e-06)","(-0.0727908, 0.968815, 0.236851)","(0.722188, -0.683519, -0.106049)","(0, 0, 0)","(0.793553, -0.533022, -0.293534)","(0, 0, 0)","(0.635098, -0.751562, 0.17834)","(0.75514, -0.625514, -0.196202)","(-0.83937, 0.240151, -0.487633)","(-0.928003, -0.0110601, -0.37241)",0
5.76667,"(0.0115093, -0.286595, 1.02208e-05)","(-0.0705603, 0.971041, 0.228257)","(0.745613, -0.662071, -0.0756528)","(0, 0, 0)","(0.810024, -0.520108, -0.270829)","(0, 0, 0)","(0.687218, -0.705028, 0.175118)","(0.795903, -0.573389, -0.194328)","(-0.850778, 0.207633, -0.482768)","(-0.949607, -0.0105574, -0.313266)",0
5.8,"(0.0113509, -0.28945, 9.73023e-06)","(-0.0691028, 0.972046, 0.224392)","(0.767969, -0.636659, -0.0699214)","(0.568585, -0.81508, -0.111155)","(0.813519, -0.512239, -0.275314)","(0.795723, -0.52338, 0.304792)","(0.703659, -0.688713, 0.174752)","(0.826487, -0.524417, -0.204711)","(-0.856313, 0.188135, -0.480971)","(-0.961494, -0.0224974, -0.273902)",0
5.83333,"(0.0113509, -0.28945, 9.73023e-06)","(-0.0698187, 0.972968, 0.220132)","(0.772917, -0.630169, -0.0740759)","(0.572848, -0.811937, -0.112261)","(0.826544, -0.491329, -0.274628)","(0.795266, -0.514192, 0.321183)","(0.703567, -0.689089, 0.173636)","(0.822492, -0.52678, -0.214498)","(-0.857695, 0.185373, -0.479578)","(-0.966113, -0.0159576, -0.257627)",0
5.86667,"(0.0113509, -0.28945, 9.73023e-06)","(-0.0696862, 0.973589, 0.217411)","(0.774591, -0.628057, -0.0745191)","(0.5934, -0.79752, -0.108807)","(0.8336, -0.475542, -0.281019)","(0.790648, -0.518163, 0.326165)","(0.711152, -0.68152, 0.172607)","(0.840417, -0.497346, -0.21528)","(-0.860208, 0.179847, -0.477176)","(-0.96849, -0.0440595, -0.245124)",0
5.9,"(0.0110975, -0.287275, 1.04805e-05)","(-0.072111, 0.973911, 0.215167)","(0.782512, -0.619466, -0.062737)","(0.621132, -0.776499, -0.106039)","(0.838955, -0.465673, -0.281608)","(0.778864, -0.527744, 0.338904)","(0.723005, -0.669018, 0.172276)","(0.858595, -0.463839, -0.218329)","(-0.863838, 0.171994, -0.473499)","(-0.971798, -0.0793198, -0.222075)",0
5.93333,"(0.0110975, -0.287275, 1.04805e-05)","(-0.0737751, 0.974189, 0.213337)","(0.791396, -0.609289, -0.0495921)","(0.645015, -0.757312, -0.102149)","(0.839667, -0.462443, -0.284791)","(0.765895, -0.542396, 0.34527)","(0.734977, -0.654982, 0.175521)","(0.890254, -0.401882, -0.214334)","(-0.867742, 0.162138, -0.469825)","(-0.972969, -0.134387, -0.187808)",0
5.96667,"(0.0105145, -0.284199, 1.13969e-05)","(-0.0756751, 0.977252, 0.198123)","(0.798727, -0.600257, -0.041545)","(0.643803, -0.758571, -0.100443)","(0.840046, -0.456844, -0.292603)","(0.767274, -0.547638, 0.333741)","(0.738024, -0.649122, 0.184286)","(0.906151, -0.36699, -0.210257)","(-0.8704, 0.160733, -0.465369)","(-0.973187, -0.165806, -0.159424)",0
6,"(0.0105145, -0.284199, 1.13969e-05)","(-0.0745976, 0.97988, 0.185122)","(0.807438, -0.589042, -0.0327787)","(0.632675, -0.768336, -0.0968621)","(0.834207, -0.459284, -0.305217)","(0.775478, -0.545973, 0.317091)","(0.73789, -0.645328, 0.197663)","(0.919819, -0.337258, -0.200473)","(-0.870393, 0.157921, -0.466344)","(-0.971544, -0.194271, -0.1355)",0
6.03333,"(0.00994176, -0.281976, 1.16827e-05)","(-0.0729078, 0.982615, 0.170739)","(0.815547, -0.578142, -0.0252219)","(0.618535, -0.780345, -0.092062)","(0.823264, -0.473817, -0.312624)","(0.786147, -0.545502, 0.290517)","(0.73523, -0.644373, 0.210286)","(0.916877, -0.349406, -0.193009)","(-0.876881, 0.161164, -0.452885)","(-0.971405, -0.196472, -0.13331)",0
6.06667,"(0.00994176, -0.281976, 1.16827e-05)","(-0.0672676, 0.983015, 0.170754)","(0.822748, -0.568132, -0.0176456)","(0.605882, -0.790619, -0.0884739)","(0.806464, -0.500824, -0.314311)","(0.784864, -0.551291, 0.28296)","(0.740123, -0.636489, 0.217026)","(0.922156, -0.335982, -0.191688)","(-0.885737, 0.152691, -0.438356)","(-0.968071, -0.219088, -0.121816)",0
6.1,"(0.00994176, -0.281976, 1.16827e-05)","(-0.0595069, 0.983807, 0.169062)","(0.818662, -0.574275, -0.000915705)","(0.595391, -0.798741, -0.0867267)","(0.791873, -0.539616, -0.285924)","(0.785192, -0.556276, 0.272086)","(0.74732, -0.632246, 0.204397)","(0.894458, -0.39738, -0.20502)","(-0.899414, 0.144538, -0.412507)","(-0.972792, -0.179143, -0.146914)",0
6.13333,"(0.00839639, -0.279848, 1.21934e-05)","(-0.0526979, 0.98875, 0.139988)","(0.805892, -0.591265, 0.0307084)","(0.566339, -0.820399, -0.0787721)","(0.776262, -0.585893, -0.232692)","(0.79443, -0.568036, 0.214978)","(0.752134, -0.630387, 0.192108)","(0.879085, -0.432977, -0.199347)","(-0.906718, 0.143447, -0.396592)","(-0.971592, -0.154009, -0.179696)",0
6.16667,"(0.00839639, -0.279848, 1.21934e-05)","(-0.0517322, 0.994388, 0.0922853)","(0.788259, -0.613, 0.0536458)","(0.528416, -0.846391, -0.0663188)","(0.759229, -0.626931, -0.174723)","(0.791334, -0.589545, 0.161946)","(0.748573, -0.637695, 0.181615)","(0.870382, -0.460377, -0.17461)","(-0.911561, 0.153707, -0.381353)","(-0.966562, -0.141034, -0.214166)",0
6.2,"(0.00839639, -0.279848, 1.21934e-05)","(-0.054368, 0.998116, 0.0284292)","(0.773696, -0.631378, 0.0524909)","(0.466706, -0.883155, -0.0471531)","(0.740867, -0.652788, -0.158061)","(0.788427, -0.601923, 0.126773)","(0.744211, -0.642095, 0.184018)","(0.887063, -0.438763, -0.143545)","(-0.915091, 0.168691, -0.366268)","(-0.959203, -0.177344, -0.220177)",0
6.23333,"(0.00813416, -0.277752, 1.17382e-05)","(-0.0590395, 0.998142, -0.0150733)","(0.759814, -0.648996, 0.0385611)","(0.429764, -0.901221, -0.0557076)","(0.741577, -0.65437, -0.147865)","(0.77971, -0.606064, 0.157285)","(0.740782, -0.645713, 0.185194)","(0.880297, -0.458147, -0.123205)","(-0.917, 0.174731, -0.358581)","(-0.958272, -0.172417, -0.228008)",0
6.26667,"(0.00813416, -0.277752, 1.17382e-05)","(-0.0653078, 0.996762, -0.0469051)","(0.749109, -0.661002, 0.0437243)","(0.421, -0.904368, -0.0698434)","(0.765401, -0.62877, -0.137149)","(0.773175, -0.603024, 0.196373)","(0.734088, -0.652301, 0.18873)","(0.862142, -0.494213, -0.111646)","(-0.911046, 0.181524, -0.370195)","(-0.955117, -0.149958, -0.25547)",0
6.3,"(0.00813416, -0.277752, 1.17382e-05)","(-0.0749976, 0.995759, -0.0532882)","(0.747162, -0.661957, 0.0596798)","(0.453757, -0.886913, -0.0865416)","(0.800243, -0.587398, -0.120727)","(0.764256, -0.604801, 0.223893)","(0.724365, -0.661741, 0.193374)","(0.838279, -0.535401, -0.103121)","(-0.90054, 0.186161, -0.392902)","(-0.952166, -0.105462, -0.286806)",0
6.33333,"(0.0100403, -0.280654, 9.68031e-06)","(-0.0830886, 0.996434, -0.0146554)","(0.756823, -0.651135, 0.0569468)","(0.500081, -0.86264, -0.0759695)","(0.821424, -0.547826, -0.158586)","(0.765914, -0.583569, 0.269858)","(0.719291, -0.666146, 0.197153)","(0.85098, -0.510319, -0.124128)","(-0.891441, 0.190184, -0.411294)","(-0.95133, -0.114177, -0.286243)",0
6.36667,"(0.0105352, -0.282869, 9.77605e-06)","(-0.0887266, 0.993306, 0.073968)","(0.773138, -0.633576, 0.0289634)","(0.541546, -0.837313, -0.0750647)","(0.823516, -0.523855, -0.217709)","(0.780969, -0.547193, 0.30111)","(0.721383, -0.663542, 0.19829)","(0.881129, -0.438921, -0.175954)","(-0.889509, 0.191268, -0.414957)","(-0.958589, -0.149226, -0.242568)",0
6.4,"(0.010612, -0.285165, 1.02879e-05)","(-0.0924014, 0.981469, 0.16787)","(0.787872, -0.615826, 0.00405778)","(0.572884, -0.816024, -0.0768639)","(0.81819, -0.508097, -0.269076)","(0.798533, -0.507307, 0.324013)","(0.728954, -0.655684, 0.196735)","(0.911272, -0.342873, -0.228082)","(-0.888591, 0.190563, -0.417243)","(-0.961898, -0.203191, -0.182934)",0
6.43333,"(0.010612, -0.285165, 1.02879e-05)","(-0.0981234, 0.968866, 0.227313)","(0.800638, -0.599106, -0.00707518)","(0.592936, -0.800638, -0.086058)","(0.819198, -0.497703, -0.284969)","(0.811853, -0.49255, 0.313511)","(0.736019, -0.648913, 0.192842)","(0.927255, -0.27124, -0.258121)","(-0.887576, 0.189265, -0.419985)","(-0.960984, -0.240349, -0.136901)",0
6.46667,"(0.0104029, -0.287921, 1.17218e-05)","(-0.106605, 0.963347, 0.246168)","(0.80921, -0.587505, -0.00414417)","(0.605934, -0.790978, -0.0848351)","(0.824272, -0.491632, -0.280844)","(0.821425, -0.485665, 0.298982)","(0.742012, -0.643154, 0.189131)","(0.938689, -0.231581, -0.255407)","(-0.885888, 0.187692, -0.424234)","(-0.959803, -0.260257, -0.105091)",0
6.5,"(0.0104029, -0.287921, 1.17218e-05)","(-0.115017, 0.961354, 0.250139)","(0.816242, -0.577707, -0.00203776)","(0.612388, -0.786622, -0.0787786)","(0.825194, -0.492085, -0.277322)","(0.826668, -0.482785, 0.289032)","(0.748324, -0.636782, 0.185795)","(0.947171, -0.208705, -0.243535)","(-0.885388, 0.183244, -0.427212)","(-0.958559, -0.27405, -0.0778615)",0
6.53333,"(0.0104029, -0.287921, 1.17218e-05)","(-0.122114, 0.959762, 0.252875)","(0.824801, -0.565422, -0.00077454)","(0.614801, -0.785844, -0.0668483)","(0.818806, -0.501231, -0.279865)","(0.82818, -0.484111, 0.282406)","(0.751917, -0.633591, 0.182165)","(0.949106, -0.210301, -0.234462)","(-0.884266, 0.179952, -0.430919)","(-0.95915, -0.276769, -0.0585677)",0
6.56667,"(0.0104029, -0.287921, 1.17218e-05)","(-0.125075, 0.960329, 0.249249)","(0.832409, -0.554144, 0.00439277)","(0.62412, -0.779295, -0.0563317)","(0.804416, -0.506623, -0.310238)","(0.825413, -0.482698, 0.292738)","(0.755332, -0.630576, 0.178456)","(0.948719, -0.211965, -0.234526)","(-0.883713, 0.176772, -0.433363)","(-0.961855, -0.268148, -0.0541492)",0
6.6,"(0.0104029, -0.287921, 1.17218e-05)","(-0.115561, 0.963329, 0.242162)","(0.83566, -0.548937, -0.0184349)","(0.621513, -0.781944, -0.0478026)","(0.781944, -0.499395, -0.373054)","(0.822006, -0.480775, 0.305223)","(0.759161, -0.626551, 0.176375)","(0.950355, -0.191807, -0.24502)","(-0.882422, 0.173414, -0.437332)","(-0.959301, -0.277666, -0.0514186)",0
6.63333,"(0.0104029, -0.287921, 1.17218e-05)","(-0.0955992, 0.967485, 0.234165)","(0.829451, -0.557034, -0.0415358)","(0.60071, -0.79812, -0.0463904)","(0.757588, -0.475567, -0.447098)","(0.813705, -0.476791, 0.332497)","(0.763401, -0.620694, 0.178767)","(0.953343, -0.164547, -0.253103)","(-0.879733, 0.168088, -0.444765)","(-0.951076, -0.304887, -0.0499833)",0
6.66667,"(0.0104029, -0.287921, 1.17218e-05)","(-0.0715094, 0.96956, 0.234181)","(0.824323, -0.560529, -0.0793613)","(0.566867, -0.822748, -0.0418011)","(0.737458, -0.452519, -0.501381)","(0.803793, -0.475897, 0.356985)","(0.768218, -0.613797, 0.181916)","(0.955876, -0.128111, -0.264363)","(-0.876674, 0.162571, -0.452784)","(-0.932565, -0.357116, -0.0528358)",0
6.7,"(0.0104029, -0.287921, 1.17218e-05)","(-0.0534106, 0.968786, 0.242075)","(0.821386, -0.563222, -0.0900395)","(0.54378, -0.838036, -0.0447175)","(0.730203, -0.444392, -0.51896)","(0.790472, -0.479254, 0.381406)","(0.769525, -0.611448, 0.184291)","(0.956615, -0.117542, -0.266593)","(-0.870598, 0.158687, -0.465701)","(-0.920733, -0.38518, -0.0623456)",0
6.73333,"(0.0104029, -0.287921, 1.17218e-05)","(-0.0428242, 0.967782, 0.248123)","(0.821769, -0.56158, -0.0965601)","(0.53789, -0.841764, -0.0459176)","(0.732302, -0.441515, -0.518457)","(0.781619, -0.489199, 0.386983)","(0.767674, -0.612436, 0.188676)","(0.958227, -0.114836, -0.261942)","(-0.863437, 0.160343, -0.478296)","(-0.91801, -0.389616, -0.0738735)",0
6.76667,"(0.0104029, -0.287921, 1.17218e-05)","(-0.0377765, 0.966998, 0.251969)","(0.814508, -0.572421, -0.0944003)","(0.536148, -0.842456, -0.053045)","(0.742522, -0.438253, -0.506553)","(0.777787, -0.497478, 0.38414)","(0.764545, -0.61538, 0.191778)","(0.959281, -0.125525, -0.253027)","(-0.857899, 0.162246, -0.48753)","(-0.922706, -0.376379, -0.0833774)",0
6.8,"(0.0104029, -0.287921, 1.17218e-05)","(-0.0364811, 0.967795, 0.249082)","(0.804637, -0.585317, -0.0998108)","(0.534212, -0.843228, -0.0598581)","(0.761332, -0.430592, -0.484731)","(0.775604, -0.500884, 0.384128)","(0.760973, -0.618866, 0.194744)","(0.96025, -0.132113, -0.245898)","(-0.854702, 0.167364, -0.4914)","(-0.924721, -0.369221, -0.0925598)",0
6.83333,"(0.0104029, -0.287921, 1.17218e-05)","(-0.0421709, 0.970863, 0.235895)","(0.778368, -0.617899, -0.111104)","(0.51833, -0.851951, -0.0742533)","(0.795604, -0.410854, -0.445211)","(0.771675, -0.497935, 0.3957)","(0.748314, -0.633886, 0.195485)","(0.959051, -0.159985, -0.23372)","(-0.84821, 0.181611, -0.497551)","(-0.926916, -0.357421, -0.114351)",0
6.86667,"(0.0104029, -0.287921, 1.17218e-05)","(-0.050037, 0.975551, 0.214002)","(0.733298, -0.668001, -0.126681)","(0.414368, -0.906542, -0.0804955)","(0.839108, -0.369085, -0.399593)","(0.753411, -0.505075, 0.421036)","(0.726356, -0.659227, 0.194488)","(0.933231, -0.282153, -0.22242)","(-0.839238, 0.208678, -0.502128)","(-0.944828, -0.274273, -0.179096)",0
6.9,"(0.0104029, -0.287921, 1.17218e-05)","(-0.0562454, 0.977695, 0.20236)","(0.653324, -0.742722, -0.146738)","(0.290558, -0.952393, -0.0923193)","(0.882296, -0.295461, -0.36641)","(0.746197, -0.488135, 0.452675)","(0.705964, -0.681997, 0.191036)","(0.878983, -0.428233, -0.209774)","(-0.836612, 0.228807, -0.497722)","(-0.950435, -0.173405, -0.258079)",0
6.93333,"(0.0104029, -0.287921, 1.17218e-05)","(-0.0506363, 0.976232, 0.21073)","(0.56903, -0.804215, -0.171591)","(0.17096, -0.980969, -0.0920432)","(0.905335, -0.221043, -0.362641)","(0.732159, -0.463509, 0.499101)","(0.698069, -0.691875, 0.184413)","(0.825001, -0.521444, -0.217874)","(-0.847244, 0.229949, -0.478854)","(-0.946364, -0.111198, -0.303366)",0
6.96667,"(0.0104029, -0.287921, 1.17218e-05)","(-0.0244774, 0.974227, 0.224239)","(0.494862, -0.846968, -0.19431)","(0.116754, -0.991109, -0.0638022)","(0.894273, -0.187497, -0.40635)","(0.706209, -0.410802, 0.576638)","(0.699581, -0.691291, 0.180839)","(0.830906, -0.508871, -0.225045)","(-0.862787, 0.21459, -0.457766)","(-0.94877, -0.154553, -0.275589)",0
7,"(0.0083223, -0.286777, 1.03725e-05)","(0.00736301, 0.971024, 0.238867)","(0.461965, -0.860489, -0.214816)","(0.11031, -0.991917, 0.0627106)","(0.836471, -0.169598, -0.521108)","(0.547346, -0.422446, 0.722462)","(0.694622, -0.700205, 0.164964)","(0.855528, -0.461939, -0.233848)","(-0.881914, 0.201888, -0.425991)","(-0.96041, -0.190859, -0.202943)",0
7.03333,"(0.00546648, -0.287256, 1.46502e-05)","(0.0453161, 0.966733, 0.251743)","(0.471358, -0.850861, -0.232071)","(0.104032, -0.972, 0.210695)","(0.713869, -0.061949, -0.697534)","(0.287916, -0.403389, 0.868551)","(0.691032, -0.707757, 0.146818)","(0.884003, -0.395728, -0.248874)","(-0.910468, 0.195217, -0.364606)","(-0.973045, -0.19792, -0.11837)",0
7.06667,"(0.00139512, -0.287515, 1.43205e-05)","(0.0891282, 0.959102, 0.268663)","(0.517383, -0.81917, -0.247539)","(0.147214, -0.932725, 0.329168)","(0.518098, 0.120407, -0.846803)","(0.00369867, -0.35413, 0.935189)","(0.690143, -0.709041, 0.144788)","(0.907768, -0.330123, -0.258797)","(-0.936906, 0.184109, -0.297171)","(-0.975613, -0.207002, -0.0730046)",0
7.1,"(-0.00355431, -0.285199, 1.23811e-05)","(0.146533, 0.953722, 0.262568)","(0.536615, -0.802411, -0.261115)","(0.149618, -0.921745, 0.357771)","(0.354724, 0.283476, -0.890961)","(-0.111815, -0.297641, 0.948107)","(0.692195, -0.695535, 0.192607)","(0.936942, -0.276404, -0.21387)","(-0.944509, 0.151052, -0.291694)","(-0.941474, -0.321519, -0.101256)",0
7.13333,"(-0.00896397, -0.279819, 9.25581e-06)","(0.210824, 0.951356, 0.224667)","(0.510968, -0.817993, -0.264196)","(0.180526, -0.911341, 0.369957)","(0.314463, 0.319496, -0.893888)","(-0.178251, -0.248581, 0.952068)","(0.696158, -0.672776, 0.250471)","(0.949854, -0.282005, -0.135094)","(-0.936226, 0.0977551, -0.337528)","(-0.882384, -0.437694, -0.172691)",0
7.16667,"(-0.0136444, -0.269486, -6.75628e-07)","(0.269877, 0.946847, 0.175061)","(0.413733, -0.873437, -0.256775)","(0, 0, 0)","(0.345417, 0.235493, -0.908422)","(0, 0, 0)","(0.677049, -0.675106, 0.292978)","(0.944122, -0.320412, -0.0772685)","(-0.916327, 0.0308858, -0.399238)","(-0.790984, -0.574437, -0.210636)",0
7.2,"(-0.0172945, -0.25419, -1.20337e-05)","(0.321417, 0.937035, 0.13659)","(0.330315, -0.911601, -0.244695)","(0, 0, 0)","(0.364417, 0.0986457, -0.925996)","(0, 0, 0)","(0.654084, -0.693153, 0.302841)","(0.923992, -0.380057, -0.0423689)","(-0.901921, -0.0354393, -0.430444)","(-0.753665, -0.615683, -0.230052)",0
7.23333,"(-0.0195977, -0.235533, -1.37734e-05)","(0.362699, 0.924167, 0.119852)","(0.238304, -0.941156, -0.239659)","(0, 0, 0)","(0.340551, -0.221144, -0.913849)","(0, 0, 0)","(0.61741, -0.727455, 0.299357)","(0.900432, -0.434072, -0.0283616)","(-0.875255, -0.0936738, -0.474503)","(-0.677391, -0.701311, -0.222044)",0
7.26667,"(-0.0203068, -0.216168, -1.20031e-05)","(0.389809, 0.914308, 0.109956)","(0.169717, -0.96107, -0.218039)","(0, 0, 0)","(0.308183, -0.510326, -0.802864)","(0, 0, 0)","(0.594135, -0.760179, 0.26293)","(0.862525, -0.505976, -0.0062649)","(-0.850901, -0.161298, -0.49995)","(-0.592169, -0.768762, -0.241539)",0
7.3,"(-0.0200029, -0.195829, -9.30321e-06)","(0.400082, 0.910886, 0.101103)","(0.118235, -0.97585, -0.183679)","(0, 0, 0)","(0.281574, -0.728858, -0.624085)","(0, 0, 0)","(0.550214, -0.806182, 0.217565)","(0.80733, -0.589959, -0.0129116)","(-0.82332, -0.236237, -0.516077)","(-0.478948, -0.840921, -0.251913)",0
7.33333,"(-0.0183893, -0.176204, -2.16463e-06)","(0.392296, 0.914026, 0.103248)","(0.112678, -0.984466, -0.134653)","(0, 0, 0)","(0.301445, -0.799295, -0.519865)","(0, 0, 0)","(0.467212, -0.870029, 0.157364)","(0.71918, -0.694277, -0.0275814)","(-0.806369, -0.316954, -0.499309)","(-0.390575, -0.860137, -0.328047)",0
7.36667,"(-0.0157326, -0.157373, 6.06379e-06)","(0.373184, 0.918863, 0.128157)","(0.129617, -0.988731, -0.0749032)","(0, 0, 0)","(0.330558, -0.849926, -0.410314)","(0, 0, 0)","(0.361734, -0.924995, 0.116329)","(0.607972, -0.790617, -0.0727613)","(-0.792957, -0.381882, -0.474746)","(-0.349636, -0.850295, -0.393386)",0
7.4,"(-0.0125012, -0.138316, 7.66753e-06)","(0.356326, 0.920503, 0.16033)","(0.0789272, -0.996826, -0.0103816)","(0, 0, 0)","(0.344656, -0.90227, -0.259077)","(0, 0, 0)","(0.274014, -0.957801, 0.0868006)","(0.5238, -0.846118, -0.0985772)","(-0.795896, -0.441534, -0.414242)","(-0.337307, -0.838703, -0.427553)",0
7.43333,"(-0.00788274, -0.121397, 9.15132e-06)","(0.348982, 0.918636, 0.185257)","(-0.0638466, -0.997121, 0.0409012)","(0, 0, 0)","(0.232134, -0.966957, -0.105391)","(0, 0, 0)","(0.226508, -0.971087, 0.0753871)","(0.502524, -0.863747, -0.0375631)","(-0.798641, -0.483075, -0.358903)","(-0.371296, -0.86486, -0.33787)",0
7.46667,"(-0.00189589, -0.106438, 1.02801e-05)","(0.332086, 0.923424, 0.192374)","(-0.244143, -0.966673, 0.0770599)","(0, 0, 0)","(0.0869513, -0.995569, 0.0358092)","(0, 0, 0)","(0.126137, -0.991742, 0.0231827)","(0.470903, -0.881414, 0.0368772)","(-0.765015, -0.556299, -0.324473)","(-0.38222, -0.885041, -0.265726)",0
7.5,"(0.00354352, -0.0907629, 9.17627e-06)","(0.29695, 0.937094, 0.183512)","(-0.353763, -0.926812, 0.125978)","(0, 0, 0)","(-0.109206, -0.992581, 0.0534549)","(0, 0, 0)","(-0.000902577, -0.99923, -0.0392171)","(0.395736, -0.914697, 0.0819934)","(-0.711754, -0.611154, -0.34626)","(-0.359411, -0.909192, -0.210224)",0
7.53333,"(0.00834694, -0.0761664, 8.95388e-06)","(0.247791, 0.955356, 0.16092)","(-0.413351, -0.900211, 0.13697)","(-0.1645, -0.961954, 0.21814)","(-0.20248, -0.976071, 0.0792897)","(0.439563, 0.313784, 0.84162)","(-0.108607, -0.989787, -0.0923335)","(0.291951, -0.953942, 0.068987)","(-0.649066, -0.673588, -0.353542)","(-0.315233, -0.925542, -0.209762)",0
7.56667,"(0.0133614, -0.0627687, 1.13645e-05)","(0.210367, 0.970833, 0.115019)","(-0.439229, -0.89224, 0.104807)","(-0.140543, -0.954612, 0.262608)","(-0.261913, -0.958772, 0.110266)","(0.387577, 0.356932, 0.849931)","(-0.118021, -0.989359, -0.0850883)","(0.210408, -0.973543, 0.0891254)","(-0.620025, -0.699149, -0.356033)","(-0.281257, -0.942196, -0.182102)",0
7.6,"(0.0170415, -0.0483347, 1.42902e-05)","(0.181041, 0.980393, 0.0778098)","(-0.454687, -0.89001, 0.0337927)","(-0.117937, -0.939486, 0.321646)","(-0.245524, -0.949986, 0.192989)","(0.339318, 0.379912, 0.86054)","(-0.0883233, -0.9932, -0.0758459)","(0.14884, -0.982416, 0.112721)","(-0.584722, -0.736981, -0.339056)","(-0.252183, -0.95313, -0.167173)",0
7.63333,"(0.0192975, -0.0332374, 1.6513e-05)","(0.158643, 0.985351, 0.0625763)","(-0.426906, -0.904145, -0.0165362)","(-0.0885608, -0.906067, 0.413763)","(-0.193139, -0.956659, 0.217948)","(0.263169, 0.425935, 0.865634)","(-0.0597032, -0.995983, -0.0667324)","(0.0715875, -0.991733, 0.106489)","(-0.514054, -0.786052, -0.343323)","(-0.221633, -0.958256, -0.180622)",0
7.66667,"(0.0210438, -0.0209042, 1.99621e-05)","(0.13696, 0.987536, 0.0775569)","(-0.365903, -0.929568, -0.0449353)","(-0.0658767, -0.865712, 0.496189)","(-0.14032, -0.969778, 0.199599)","(0.2132, 0.470011, 0.856525)","(-0.0370721, -0.996945, -0.0687455)","(-0.00234809, -0.997044, 0.0768025)","(-0.384127, -0.856879, -0.343811)","(-0.188409, -0.960247, -0.20598)",0
7.7,"(0.0226521, -0.00996121, 2.09442e-05)","(0.121898, 0.987867, 0.0962254)","(-0.309509, -0.949214, -0.0565381)","(-0.0325556, -0.838725, 0.543581)","(-0.0788588, -0.979202, 0.186936)","(0.175966, 0.506148, 0.844305)","(-0.00841442, -0.996794, -0.0795727)","(-0.0660811, -0.996505, 0.0510994)","(-0.226111, -0.905101, -0.360092)","(-0.149326, -0.960087, -0.236504)",0
7.73333,"(0.0239021, -0.000889266, 1.51966e-05)","(0.109108, 0.987766, 0.111414)","(-0.247988, -0.967464, -0.0501443)","(0.0252341, -0.818287, 0.574255)","(-0.0310481, -0.98151, 0.188876)","(0.129595, 0.533642, 0.835722)","(0.0203108, -0.995731, -0.0900431)","(-0.108063, -0.993593, 0.0330967)","(-0.0862676, -0.923754, -0.373143)","(-0.0966902, -0.959129, -0.265938)",0
7.76667,"(0.0252433, 0.00579315, 7.01903e-06)","(0.0971093, 0.990553, 0.0968187)","(-0.184546, -0.981962, -0.0411573)","(0.08448, -0.810169, 0.580077)","(-0.00162046, -0.97705, 0.213006)","(0.0765581, 0.550688, 0.831193)","(0.0438475, -0.994415, -0.0960038)","(-0.127921, -0.991522, 0.0228061)","(0.00258146, -0.922189, -0.38673)","(-0.0522738, -0.950405, -0.306591)",0
7.8,"(0.0267972, 0.00874265, -3.1254e-06)","(0.0868614, 0.994103, 0.0649116)","(-0.125249, -0.991487, -0.0355765)","(0.11277, -0.803891, 0.583988)","(0.00655121, -0.970635, 0.240468)","(0.0351188, 0.578747, 0.814751)","(0.0563249, -0.995197, -0.0800625)","(-0.134925, -0.990779, 0.0123466)","(0.0526755, -0.919016, -0.390684)","(-0.0168604, -0.943646, -0.330526)",0
7.83333,"(0.0267972, 0.00874265, -3.1254e-06)","(0.0744041, 0.996958, 0.0232039)","(-0.0784193, -0.996726, -0.0196989)","(0.130434, -0.796286, 0.590691)","(0.0129887, -0.967718, 0.251699)","(0.00799927, 0.603278, 0.797491)","(0.061968, -0.995336, -0.0739328)","(-0.136143, -0.990682, 0.00367507)","(0.075795, -0.916628, -0.392489)","(-1.1369e-05, -0.933717, -0.358012)",0
7.86667,"(0.0310293, 0.00565416, -1.94365e-05)","(0.0589918, 0.998255, 0.00273477)","(-0.0663239, -0.997721, -0.0124285)","(0.146204, -0.783521, 0.603919)","(0.0416468, -0.967025, 0.251254)","(-0.00954625, 0.621445, 0.7834)","(0.0640521, -0.995221, -0.0737025)","(-0.134117, -0.990965, -0.000837467)","(0.0765666, -0.903699, -0.421267)","(0.00981215, -0.916162, -0.400687)",0
7.9,"(0.0332747, 0.00151697, -2.15969e-05)","(0.0394716, 0.999206, -0.00541967)","(-0.053032, -0.998588, -0.00320529)","(0.15918, -0.774306, 0.612464)","(0.0701684, -0.965491, 0.250807)","(-0.00715635, 0.630576, 0.776094)","(0.0687462, -0.99418, -0.0829472)","(-0.131515, -0.991312, -0.00224141)","(0.0677021, -0.893335, -0.444262)","(0.0146555, -0.895772, -0.444272)",0
7.93333,"(0.0352937, -0.00273211, -2.33448e-05)","(0.0205587, 0.999699, -0.0134193)","(-0.0484663, -0.998825, 0.000223456)","(0.148003, -0.768127, 0.622957)","(0.11065, -0.958489, 0.262784)","(0.00699272, 0.641739, 0.766891)","(0.0715517, -0.99379, -0.0852212)","(-0.127416, -0.991849, -0.000159038)","(0.0590428, -0.885566, -0.460746)","(0.0182389, -0.880205, -0.474242)",0
7.96667,"(0.0371518, -0.00588739, -2.44549e-05)","(0.00307765, 0.999809, -0.0193119)","(-0.0476831, -0.998796, 0.0114914)","(0.123319, -0.766348, 0.630478)","(0.154265, -0.952954, 0.260924)","(0.0342873, 0.64327, 0.764871)","(0.0737089, -0.993931, -0.0816532)","(-0.122778, -0.992434, 0.000589292)","(0.0520851, -0.889967, -0.453041)","(0.0184394, -0.876842, -0.480425)",0
8,"(0.0388776, -0.00789064, -2.74958e-05)","(-0.0108427, 0.999466, -0.0308119)","(-0.0585158, -0.997589, 0.0373222)","(0.107002, -0.767011, 0.632649)","(0.207216, -0.937662, 0.279017)","(0.0548912, 0.645274, 0.761977)","(0.0756506, -0.994111, -0.0775842)","(-0.117552, -0.993064, 0.00230056)","(0.0464328, -0.89612, -0.441376)","(0.0159537, -0.878307, -0.47783)",0
8.03333,"(0.040571, -0.0092346, -2.88837e-05)","(-0.0227477, 0.998965, -0.0393997)","(-0.0754981, -0.996197, 0.04349)","(0.0964333, -0.772483, 0.627671)","(0.26157, -0.925175, 0.275015)","(0.0653098, 0.644236, 0.762033)","(0.0776477, -0.994208, -0.0743024)","(-0.115215, -0.993322, 0.00600807)","(0.0409735, -0.900794, -0.43231)","(0.0100311, -0.878179, -0.478227)",0
8.06667,"(0.0423381, -0.0102647, -2.91773e-05)","(-0.0346138, 0.998167, -0.049652)","(-0.0975531, -0.994691, 0.0327677)","(0.0827674, -0.779879, 0.620433)","(0.294906, -0.910816, 0.288868)","(0.0722744, 0.634616, 0.769441)","(0.0795471, -0.99422, -0.0721008)","(-0.113648, -0.993385, 0.0164352)","(0.0387579, -0.903133, -0.427607)","(0.00420386, -0.880235, -0.474519)",0
8.1,"(0.0423381, -0.0102647, -2.91773e-05)","(-0.0487539, 0.997553, -0.0501128)","(-0.114837, -0.993371, -0.00508249)","(0.0761506, -0.784209, 0.615806)","(0.307319, -0.90749, 0.286387)","(0.0682003, 0.614019, 0.786339)","(0.0811262, -0.994281, -0.0694564)","(-0.113641, -0.993028, 0.0313128)","(0.0312327, -0.905498, -0.4232)","(-0.000261977, -0.883722, -0.468013)",0
8.13333,"(0.0453826, -0.0118368, -2.81551e-05)","(-0.0666158, 0.996669, -0.0470488)","(-0.113335, -0.993106, -0.0299327)","(0.0801747, -0.799331, 0.595518)","(0.301129, -0.906563, 0.295745)","(0.0612235, 0.610199, 0.789879)","(0.0828586, -0.994256, -0.0677519)","(-0.113401, -0.992664, 0.0419399)","(0.0219852, -0.906052, -0.422595)","(-0.00161187, -0.88737, -0.461054)",0
8.16667,"(0.0453826, -0.0118368, -2.81551e-05)","(-0.0849245, 0.995142, -0.049792)","(-0.0960861, -0.994389, -0.0442465)","(0.0999844, -0.820946, 0.562183)","(0.291412, -0.908016, 0.300975)","(0.0523005, 0.626611, 0.777575)","(0.0867584, -0.994309, -0.0618217)","(-0.114534, -0.992359, 0.0458794)","(0.0134764, -0.909516, -0.41545)","(-0.00077762, -0.889865, -0.456223)",0
8.2,"(0.0475678, -0.0139005, -2.8163e-05)","(-0.0991402, 0.993644, -0.0533092)","(-0.080602, -0.99544, -0.0510144)","(0.111546, -0.843894, 0.524786)","(0.296489, -0.908916, 0.2932)","(0.0462091, 0.653099, 0.755861)","(0.0950013, -0.993953, -0.0550664)","(-0.115179, -0.992406, 0.0431747)","(0.00627834, -0.910016, -0.414525)","(-0.00244259, -0.889296, -0.457325)",0
8.23333,"(0.0475678, -0.0139005, -2.8163e-05)","(-0.105845, 0.992635, -0.0589263)","(-0.0794262, -0.994579, -0.0671076)","(0.118017, -0.859567, 0.497208)","(0.298856, -0.908731, 0.291364)","(0.0464288, 0.660593, 0.749308)","(0.105132, -0.993326, -0.0474366)","(-0.115792, -0.992409, 0.0414329)","(0.00356887, -0.910353, -0.413817)","(-0.00403143, -0.885963, -0.463738)",0
8.26667,"(0.0483184, -0.0161247, -3.17452e-05)","(-0.10587, 0.992475, -0.0615178)","(-0.0809515, -0.993184, -0.0838624)","(0.113743, -0.868119, 0.483147)","(0.299584, -0.908623, 0.290952)","(0.0465129, 0.657602, 0.751928)","(0.116175, -0.992316, -0.0425614)","(-0.115305, -0.992437, 0.0421114)","(0.00781348, -0.904377, -0.426663)","(-0.00584525, -0.877641, -0.479283)",0
8.3,"(0.0483184, -0.0161247, -3.17452e-05)","(-0.103668, 0.992387, -0.066489)","(-0.0838083, -0.991641, -0.0981072)","(0.110697, -0.874149, 0.472875)","(0.290321, -0.910845, 0.293385)","(0.0479343, 0.651486, 0.757145)","(0.125233, -0.99135, -0.0392673)","(-0.114388, -0.992436, 0.0445775)","(0.0150003, -0.900062, -0.435503)","(-0.00604848, -0.86946, -0.493967)",0
8.33333,"(0.0483631, -0.0189577, -3.44022e-05)","(-0.102404, 0.992311, -0.0695201)","(-0.0829538, -0.991669, -0.0985502)","(0.109524, -0.876078, 0.469565)","(0.281904, -0.914319, 0.290776)","(0.0467155, 0.648365, 0.759895)","(0.132799, -0.990475, -0.0363798)","(-0.113546, -0.992331, 0.0488503)","(0.0208913, -0.896274, -0.443008)","(-0.00675734, -0.86285, -0.505416)",0
8.36667,"(0.0483631, -0.0189577, -3.44022e-05)","(-0.101928, 0.99243, -0.0685137)","(-0.0821105, -0.992381, -0.0918547)","(0.111157, -0.877496, 0.466525)","(0.27499, -0.919067, 0.282305)","(0.043674, 0.646826, 0.761386)","(0.138993, -0.989693, -0.0344859)","(-0.112516, -0.992294, 0.051894)","(0.0209334, -0.89468, -0.446217)","(-0.00883802, -0.858781, -0.512267)",0
8.4,"(0.0481277, -0.0222947, -3.4213e-05)","(-0.101833, 0.993407, -0.0526505)","(-0.0794907, -0.99226, -0.0954049)","(0.112026, -0.877182, 0.466907)","(0.26825, -0.926431, 0.264134)","(0.0395336, 0.64455, 0.76354)","(0.143221, -0.989065, -0.035196)","(-0.111741, -0.992296, 0.0535004)","(0.0187729, -0.891481, -0.452669)","(-0.0103387, -0.855028, -0.518478)",0
8.43333,"(0.0481277, -0.0222947, -3.4213e-05)","(-0.101374, 0.994263, -0.0341344)","(-0.0781967, -0.991204, -0.106767)","(0.112057, -0.877652, 0.466016)","(0.264671, -0.931256, 0.250422)","(0.0363482, 0.64266, 0.765289)","(0.146262, -0.988548, -0.0371492)","(-0.110752, -0.992391, 0.0537902)","(0.0157117, -0.886606, -0.462259)","(-0.0113542, -0.851144, -0.524809)",0
8.46667,"(0.0475863, -0.024921, -3.04722e-05)","(-0.101036, 0.994883, -0.000326764)","(-0.077965, -0.988712, -0.127948)","(0.111993, -0.87752, 0.46628)","(0.263667, -0.93389, 0.241514)","(0.0352604, 0.636231, 0.770693)","(0.148871, -0.987913, -0.0431954)","(-0.109893, -0.992688, 0.0499443)","(0.013445, -0.880485, -0.473884)","(-0.0117975, -0.848449, -0.529145)",0
8.5,"(0.0475863, -0.024921, -3.04722e-05)","(-0.100978, 0.994451, 0.0295151)","(-0.0776553, -0.987628, -0.136237)","(0.110082, -0.881252, 0.459649)","(0.262938, -0.933438, 0.244043)","(0.0416536, 0.624257, 0.780108)","(0.151302, -0.987305, -0.048331)","(-0.106983, -0.993261, 0.044573)","(0.0127218, -0.875909, -0.482308)","(-0.0141535, -0.847035, -0.531348)",0
8.53333,"(0.0475863, -0.024921, -3.04722e-05)","(-0.101256, 0.991804, 0.0779191)","(-0.0778037, -0.985771, -0.149007)","(0.100471, -0.896452, 0.431602)","(0.262331, -0.93441, 0.240957)","(0.0601596, 0.584708, 0.80901)","(0.153579, -0.986644, -0.0542839)","(-0.101314, -0.994061, 0.039733)","(0.0136114, -0.869851, -0.493126)","(-0.0172172, -0.84516, -0.534237)",0
8.56667,"(0.0460105, -0.0263163, -2.36876e-05)","(-0.102219, 0.98863, 0.110282)","(-0.0761741, -0.984244, -0.159563)","(0.0872132, -0.916268, 0.390956)","(0.264267, -0.934215, 0.239594)","(0.0978522, 0.51945, 0.84888)","(0.154277, -0.986338, -0.0577621)","(-0.0950737, -0.994717, 0.0387283)","(0.0151724, -0.865378, -0.500889)","(-0.0212333, -0.842735, -0.537909)",0
8.6,"(0.0460105, -0.0263163, -2.36876e-05)","(-0.101695, 0.980777, 0.166539)","(-0.0735725, -0.984688, -0.15804)","(0.0820688, -0.940691, 0.329188)","(0.273352, -0.914234, 0.29909)","(0.143555, 0.376019, 0.915424)","(0.152597, -0.986426, -0.0606418)","(-0.0908807, -0.995058, 0.0400095)","(0.018187, -0.862009, -0.506567)","(-0.026038, -0.840442, -0.541276)",0
8.63333,"(0.0460105, -0.0263163, -2.36876e-05)","(-0.0951683, 0.974165, 0.204808)","(-0.0726971, -0.985035, -0.156275)","(0.0820082, -0.959406, 0.269841)","(0.283379, -0.884297, 0.371099)","(0.197194, 0.180437, 0.963617)","(0.150449, -0.986676, -0.0619257)","(-0.0904599, -0.995009, 0.0421213)","(0.021879, -0.85956, -0.510566)","(-0.0309032, -0.838906, -0.543399)",0
8.66667,"(0.0440696, -0.0278475, -2.30358e-05)","(-0.0869458, 0.967745, 0.236455)","(-0.0730475, -0.984935, -0.156742)","(0.0757317, -0.9811, 0.178067)","(0.280233, -0.862932, 0.420498)","(0.276988, -0.146601, 0.949624)","(0.145938, -0.987508, -0.0594075)","(-0.0921932, -0.994778, 0.0437758)","(0.0288136, -0.860379, -0.50884)","(-0.0346354, -0.842437, -0.53768)",0
8.7,"(0.0440696, -0.0278475, -2.30358e-05)","(-0.0802208, 0.958326, 0.274182)","(-0.0738425, -0.983446, -0.16547)","(0.0621019, -0.997426, 0.0358509)","(0.272549, -0.883094, 0.38192)","(0.342285, -0.545493, 0.765035)","(0.143117, -0.987997, -0.0581312)","(-0.0951607, -0.994821, 0.0357146)","(0.0332606, -0.861392, -0.506851)","(-0.0347248, -0.848264, -0.528434)",0
8.73333,"(0.0440696, -0.0278475, -2.30358e-05)","(-0.0781673, 0.943036, 0.323378)","(-0.0716282, -0.983962, -0.163366)","(0.047397, -0.992584, -0.111938)","(0.260953, -0.909379, 0.323933)","(0.334265, -0.806242, 0.488098)","(0.141267, -0.988344, -0.0567369)","(-0.097951, -0.995009, 0.0190361)","(0.0353098, -0.866012, -0.498775)","(-0.0326749, -0.858446, -0.511863)",0
8.76667,"(0.0425814, -0.0295614, -1.34832e-05)","(-0.0757789, 0.921122, 0.381827)","(-0.0703725, -0.985398, -0.155044)","(0.0355881, -0.975259, -0.218184)","(0.256291, -0.92464, 0.281702)","(0.287658, -0.904272, 0.315509)","(0.142394, -0.988113, -0.0579371)","(-0.0994802, -0.995037, 0.00239549)","(0.0337579, -0.869175, -0.493351)","(-0.0288111, -0.866143, -0.498966)",0
8.8,"(0.0425814, -0.0295614, -1.34832e-05)","(-0.0739865, 0.912993, 0.401211)","(-0.0691432, -0.985283, -0.156321)","(0.0208865, -0.968465, -0.248271)","(0.252692, -0.929728, 0.267867)","(0.253563, -0.915443, 0.312522)","(0.144064, -0.987883, -0.0577264)","(-0.100097, -0.994967, -0.00453201)","(0.0329309, -0.872085, -0.488246)","(-0.0240642, -0.873213, -0.486744)",0
8.83333,"(0.0425814, -0.0295614, -1.34832e-05)","(-0.0724091, 0.904113, 0.421115)","(-0.0689828, -0.979497, -0.189278)","(-0.0084658, -0.96368, -0.266925)","(0.260218, -0.934175, 0.244138)","(0.177287, -0.933284, 0.312329)","(0.146008, -0.987637, -0.0570523)","(-0.100468, -0.994937, -0.0026382)","(0.03432, -0.874704, -0.483441)","(-0.0193019, -0.877204, -0.479729)",0
8.86667,"(0.0425814, -0.0295614, -1.34832e-05)","(-0.0719241, 0.894935, 0.440361)","(-0.0679821, -0.97072, -0.230394)","(-0.0380362, -0.959666, -0.278556)","(0.275367, -0.93841, 0.208708)","(0.0923575, -0.947012, 0.307632)","(0.148194, -0.987363, -0.0561423)","(-0.100483, -0.994939, -0.000413923)","(0.0369416, -0.875924, -0.481033)","(-0.0162549, -0.879573, -0.475485)",0
8.9,"(0.0425814, -0.0295614, -1.34832e-05)","(-0.0724117, 0.883125, 0.463517)","(-0.0675405, -0.959055, -0.275047)","(-0.0678535, -0.954242, -0.291237)","(0.300628, -0.938693, 0.168753)","(0.0206425, -0.953969, 0.299195)","(0.15004, -0.987046, -0.0568166)","(-0.100334, -0.994952, 0.00169319)","(0.0400447, -0.876543, -0.479655)","(-0.0152986, -0.879506, -0.475641)",0
8.93333,"(0.0425814, -0.0295614, -1.34832e-05)","(-0.0754638, 0.877466, 0.473665)","(-0.0695313, -0.952378, -0.296886)","(-0.0808899, -0.952917, -0.292244)","(0.323378, -0.935308, 0.143616)","(0.0117613, -0.955408, 0.295054)","(0.151386, -0.986718, -0.0589143)","(-0.0994556, -0.995039, 0.00232784)","(0.041962, -0.875632, -0.481153)","(-0.0151917, -0.878984, -0.47661)",0
8.96667,"(0.0425814, -0.0295614, -1.34832e-05)","(-0.0784887, 0.872959, 0.481438)","(-0.077152, -0.946027, -0.314769)","(-0.0857248, -0.950574, -0.29843)","(0.346287, -0.92957, 0.126432)","(0.0172187, -0.958722, 0.283823)","(0.152488, -0.986424, -0.0609514)","(-0.0986146, -0.995098, 0.00741367)","(0.044296, -0.872084, -0.487347)","(-0.0137223, -0.874804, -0.484282)",0
9,"(0.0404639, -0.0280421, 4.59002e-06)","(-0.0820503, 0.8697, 0.486713)","(-0.0878575, -0.940448, -0.328388)","(-0.0838878, -0.949811, -0.301367)","(0.367332, -0.924393, 0.102786)","(0.0232346, -0.963221, 0.267704)","(0.153325, -0.986665, -0.0546236)","(-0.0980755, -0.99508, 0.0140623)","(0.0438134, -0.867714, -0.495129)","(-0.0137893, -0.869834, -0.493151)",0
9.03333,"(0.0404639, -0.0280421, 4.59002e-06)","(-0.0844966, 0.86738, 0.49042)","(-0.0971536, -0.939916, -0.327291)","(-0.0816357, -0.951363, -0.297059)","(0.382634, -0.919056, 0.0944841)","(0.0171584, -0.968919, 0.246783)","(0.159865, -0.987132, -0.00356047)","(-0.0980569, -0.994848, 0.0257322)","(0.0377858, -0.854921, -0.517381)","(-0.0142533, -0.862059, -0.506608)",0
9.06667,"(0.0378916, -0.0244819, 4.6476e-06)","(-0.0889123, 0.868091, 0.488377)","(-0.100517, -0.94667, -0.306124)","(-0.089263, -0.953836, -0.286756)","(0.413284, -0.905598, 0.0953374)","(-0.00155637, -0.967842, 0.251552)","(0.172502, -0.984387, 0.0350037)","(-0.0990273, -0.993644, 0.0535257)","(0.00844252, -0.774471, -0.632553)","(-0.0218479, -0.862215, -0.506071)",0
9.1,"(0.0356281, -0.0217735, 3.02885e-06)","(-0.0877371, 0.873016, 0.479734)","(-0.105129, -0.955722, -0.274852)","(-0.104159, -0.957056, -0.270544)","(0.42716, -0.892355, 0.145729)","(-0.0119889, -0.96036, 0.278506)","(0.178747, -0.980412, 0.0827162)","(-0.0946097, -0.992292, 0.0800298)","(-0.0335799, -0.672771, -0.739088)","(-0.0259172, -0.86506, -0.500998)",0
9.13333,"(0.0328248, -0.0187998, -2.93739e-07)","(-0.083336, 0.889514, 0.449244)","(-0.103209, -0.970476, -0.218)","(-0.116215, -0.962717, -0.244275)","(0.428062, -0.885046, 0.182912)","(-0.00939849, -0.943528, 0.331158)","(0.169859, -0.981095, 0.0927431)","(-0.0830063, -0.991416, 0.10102)","(-0.0852932, -0.556198, -0.826661)","(-0.0180024, -0.873439, -0.486601)",0
9.16667,"(0.0294621, -0.0159079, -3.76501e-06)","(-0.0756544, 0.908457, 0.411074)","(-0.0934293, -0.980319, -0.173915)","(-0.118293, -0.968291, -0.220043)","(0.398201, -0.891044, 0.21789)","(0.0080273, -0.929499, 0.368738)","(0.153164, -0.983745, 0.0937343)","(-0.0704363, -0.991873, 0.10596)","(-0.145174, -0.485337, -0.862191)","(-0.00194562, -0.883846, -0.467775)",0
9.2,"(0.0256774, -0.0126605, -6.39278e-06)","(-0.0657163, 0.92619, 0.371286)","(-0.0871754, -0.98742, -0.131913)","(-0.115739, -0.972056, -0.204233)","(0.369404, -0.904518, 0.213044)","(0.0161982, -0.920976, 0.389282)","(0.138442, -0.988339, 0.0634021)","(-0.0629666, -0.991555, 0.113376)","(-0.199536, -0.410747, -0.889647)","(0.0213292, -0.898276, -0.438913)",0
9.23333,"(0.0213899, -0.0098119, -1.02069e-05)","(-0.0519146, 0.940993, 0.334419)","(-0.100831, -0.986168, -0.131554)","(-0.118611, -0.971832, -0.203652)","(0.34855, -0.916729, 0.195245)","(0.020334, -0.918023, 0.396005)","(0.115926, -0.992942, 0.025034)","(-0.0626163, -0.990313, 0.123932)","(-0.24785, -0.377485, -0.892231)","(0.0397052, -0.913826, -0.404161)",0
9.26667,"(0.0170099, -0.00784773, -1.19647e-05)","(-0.0297967, 0.951909, 0.30493)","(-0.121961, -0.97923, -0.161971)","(-0.125668, -0.970039, -0.207923)","(0.313945, -0.947064, 0.0671506)","(0, 0, 0)","(0.0579882, -0.998185, -0.0162796)","(-0.0538545, -0.989885, 0.13125)","(-0.238955, -0.425878, -0.872656)","(0.0681099, -0.920808, -0.384024)",0
9.3,"(0.0123471, -0.00648477, -1.24974e-05)","(-0.0115351, 0.958904, 0.283496)","(-0.151033, -0.969139, -0.194829)","(-0.131847, -0.967184, -0.217192)","(0.27258, -0.961718, -0.0282672)","(0, 0, 0)","(-0.00540263, -0.999028, -0.043741)","(-0.0388892, -0.99341, 0.107816)","(-0.220802, -0.549293, -0.80593)","(0.0982674, -0.91127, -0.399914)",0
9.33333,"(0.00735477, -0.00558093, -1.32264e-05)","(0.000759722, 0.957844, 0.287289)","(-0.167902, -0.958649, -0.229784)","(-0.12936, -0.964991, -0.228162)","(0.230329, -0.963656, -0.135336)","(0, 0, 0)","(-0.0501888, -0.996366, -0.0688209)","(-0.00792672, -0.998419, 0.0556438)","(-0.181848, -0.700274, -0.690324)","(0.128242, -0.902519, -0.411114)",0
9.36667,"(0.00159506, -0.00527376, -1.43045e-05)","(0.00850713, 0.955624, 0.294465)","(-0.196723, -0.951471, -0.236651)","(-0.120845, -0.964092, -0.236482)","(0.211678, -0.969412, -0.124227)","(0, 0, 0)","(-0.0537532, -0.996108, -0.0698516)","(0.0221077, -0.999738, 0.00599012)","(-0.163273, -0.818905, -0.550215)","(0.163013, -0.893332, -0.418789)",0
9.4,"(-0.00436518, -0.00541019, -1.49839e-05)","(0.01671, 0.953291, 0.301592)","(-0.215853, -0.945141, -0.245187)","(-0.113477, -0.963386, -0.242921)","(0.191463, -0.971423, -0.140283)","(0, 0, 0)","(-0.0443811, -0.996368, -0.0726659)","(0.0466145, -0.998694, -0.0209251)","(-0.13615, -0.869762, -0.474318)","(0.206516, -0.884957, -0.417374)",0
9.43333,"(-0.0107466, -0.0053215, -1.59558e-05)","(0.0243264, 0.955415, 0.294261)","(-0.235205, -0.941483, -0.24143)","(-0.109161, -0.96137, -0.25269)","(0.157204, -0.982458, -0.100315)","(0, 0, 0)","(-0.0329097, -0.996516, -0.0766342)","(0.0568075, -0.998204, -0.0189918)","(-0.0933279, -0.879129, -0.467357)","(0.246387, -0.868567, -0.429982)",0
9.46667,"(-0.0178245, -0.00511801, -1.54541e-05)","(0.0283514, 0.960136, 0.278091)","(-0.246696, -0.941484, -0.229673)","(-0.100472, -0.958303, -0.267508)","(0.102336, -0.993863, -0.0419939)","(0, 0, 0)","(-0.0227255, -0.996712, -0.0777767)","(0.0622259, -0.997922, -0.0167286)","(-0.0362523, -0.88375, -0.466552)","(0.277585, -0.859123, -0.429947)",0
9.5,"(-0.0251673, -0.00431371, -1.29276e-05)","(0.0329729, 0.964358, 0.26254)","(-0.253459, -0.94243, -0.218141)","(-0.0801777, -0.957094, -0.278464)","(0.0384583, -0.998725, 0.0326895)","(0, 0, 0)","(-0.0071435, -0.997088, -0.0759311)","(0.0755066, -0.997144, -0.00159118)","(0.0248732, -0.888073, -0.459029)","(0.297744, -0.861351, -0.41161)",0
9.53333,"(-0.0325652, -0.00350475, -7.21263e-06)","(0.0419118, 0.964783, 0.259685)","(-0.259561, -0.942372, -0.211098)","(-0.0581903, -0.955117, -0.290457)","(-0.0194166, -0.995842, 0.0890073)","(0.142051, -0.940725, 0.30799)","(0.0202531, -0.997038, -0.0742004)","(0.0930314, -0.995586, 0.0124122)","(0.0634971, -0.896179, -0.439126)","(0.317385, -0.875857, -0.363512)",0
9.56667,"(-0.0396571, -0.00252632, -1.07954e-06)","(0.0541342, 0.962175, 0.267)","(-0.266898, -0.940404, -0.210729)","(-0.0343211, -0.955481, -0.293048)","(-0.0713737, -0.98935, 0.126858)","(0.179619, -0.932728, 0.312659)","(0.0498464, -0.995941, -0.0749444)","(0.111952, -0.993455, 0.0226642)","(0.0896077, -0.896552, -0.433779)","(0.330753, -0.882231, -0.335067)",0
9.6,"(-0.046629, -0.00131067, 2.90354e-06)","(0.063427, 0.961809, 0.266273)","(-0.270273, -0.940217, -0.20723)","(-0.0154359, -0.957525, -0.287938)","(-0.129471, -0.980116, 0.150368)","(0.20058, -0.926961, 0.317033)","(0.0807673, -0.994387, -0.0683502)","(0.12023, -0.992437, 0.0247541)","(0.0989324, -0.911398, -0.399456)","(0.330466, -0.893656, -0.303596)",0
9.63333,"(-0.0528698, -0.000152171, -2.82284e-07)","(0.0701058, 0.966007, 0.24883)","(-0.271822, -0.941477, -0.199332)","(0.0131813, -0.96363, -0.266915)","(-0.182382, -0.969304, 0.164881)","(0.243947, -0.910673, 0.333413)","(0.104119, -0.993085, -0.0542435)","(0.121311, -0.992109, 0.0316722)","(0.108658, -0.918947, -0.379117)","(0.318689, -0.897, -0.306315)",0
9.66667,"(-0.0586082, -0.000657427, -5.95734e-06)","(0.0715559, 0.979394, 0.188856)","(-0.265362, -0.949119, -0.169575)","(0.0406762, -0.978238, -0.203461)","(-0.203892, -0.962402, 0.179471)","(0.279251, -0.884316, 0.374172)","(0.130154, -0.990943, -0.0330371)","(0.0791747, -0.995972, 0.042091)","(0.12713, -0.929398, -0.346494)","(0.317734, -0.901714, -0.293183)",0
9.7,"(-0.0642525, -0.00317134, -1.77992e-05)","(0.0714015, 0.991274, 0.110809)","(-0.254721, -0.95812, -0.130853)","(0.0588447, -0.993042, -0.102001)","(-0.156839, -0.965612, 0.207354)","(0.319629, -0.798751, 0.50974)","(0.14191, -0.9898, -0.0125449)","(0.0109225, -0.997397, 0.0712737)","(0.171837, -0.921115, -0.349312)","(0.284202, -0.904169, -0.318917)",0
9.73333,"(-0.0695116, -0.00714583, -2.58406e-05)","(0.0680142, 0.997684, -0.00114668)","(-0.242593, -0.967345, -0.0734266)","(0.0584099, -0.992228, 0.109871)","(-0.00160672, -0.962119, 0.272626)","(0.328553, -0.559309, 0.761069)","(0.145706, -0.989324, 0.00290255)","(-0.0930739, -0.976941, 0.192154)","(0.227537, -0.820357, -0.524634)","(0.212482, -0.928009, -0.306023)",0
9.76667,"(-0.0746724, -0.0127661, -3.45271e-05)","(0.0591469, 0.997586, -0.0363714)","(-0.231921, -0.972312, -0.0286773)","(0.0462813, -0.961363, 0.271365)","(0.274482, -0.901279, 0.335194)","(0.329404, -0.151182, 0.932007)","(0.142667, -0.989664, -0.0145466)","(-0.165986, -0.950119, 0.264049)","(0.242764, -0.721729, -0.648207)","(0.108525, -0.944461, -0.310185)",0
9.8,"(-0.0800977, -0.0216356, -3.22185e-05)","(0.05027, 0.998302, -0.0294306)","(-0.215818, -0.975454, 0.0437209)","(0.0269358, -0.896048, 0.443139)","(0.561845, -0.726549, 0.395547)","(0.29638, 0.262432, 0.918308)","(0.144145, -0.987893, -0.0573545)","(-0.221335, -0.928607, 0.297826)","(0.24001, -0.64789, -0.722934)","(-0.0102358, -0.952797, -0.303436)",0
9.83333,"(-0.0858534, -0.0314894, -2.86575e-05)","(0.0448785, 0.998745, 0.0222487)","(-0.198632, -0.973232, 0.115607)","(0.00345563, -0.84973, 0.527207)","(0.749453, -0.5139, 0.417406)","(0.284076, 0.493115, 0.822276)","(0.149913, -0.983602, -0.10027)","(-0.27026, -0.937571, 0.218906)","(0.292909, -0.70687, -0.643847)","(-0.109506, -0.937918, -0.329118)",0
9.86667,"(-0.0911959, -0.0403825, -2.11743e-05)","(0.0448975, 0.99807, 0.0429053)","(-0.180316, -0.965204, 0.189389)","(-0.0178194, -0.79796, 0.602447)","(0.81585, -0.341795, 0.466438)","(0.251916, 0.59138, 0.766034)","(0.166519, -0.979975, -0.10918)","(-0.310456, -0.934193, 0.175787)","(0.357057, -0.716521, -0.599256)","(-0.189948, -0.917324, -0.34991)",0
9.9,"(-0.0969379, -0.047885, -1.90665e-05)","(0.0449732, 0.997741, 0.0499095)","(-0.177585, -0.95699, 0.229422)","(-0.0253749, -0.781903, 0.622883)","(0.834498, -0.247428, 0.492334)","(0.232191, 0.607673, 0.759487)","(0.1927, -0.976326, -0.0982589)","(-0.342488, -0.92737, 0.150618)","(0.415064, -0.702461, -0.578161)","(-0.20718, -0.909998, -0.359138)",0
9.93333,"(-0.102937, -0.0539121, -1.45362e-05)","(0.0426632, 0.997911, 0.0485038)","(-0.177765, -0.944513, 0.276215)","(-0.0242358, -0.792995, 0.608746)","(0.832698, -0.196769, 0.517587)","(0.233278, 0.607921, 0.758956)","(0.210459, -0.973849, -0.0855897)","(-0.352607, -0.922762, 0.155495)","(0.437241, -0.702375, -0.561684)","(-0.183982, -0.919607, -0.347094)",0
9.96667,"(-0.109369, -0.0567786, -1.50138e-05)","(0.0417649, 0.998345, 0.0395359)","(-0.184892, -0.930544, 0.316075)","(-0.0229592, -0.79377, 0.607784)","(0.831004, -0.184691, 0.524711)","(0.232144, 0.60466, 0.761902)","(0.215715, -0.973427, -0.0768549)","(-0.357751, -0.917427, 0.174189)","(0.483469, -0.692151, -0.535896)","(-0.141542, -0.930568, -0.337653)",0
10,"(-0.115811, -0.0574281, -1.55672e-05)","(0.0509361, 0.998327, 0.0273719)","(-0.197156, -0.917974, 0.344169)","(-0.042868, -0.791125, 0.61015)","(0.829693, -0.188016, 0.525603)","(0.231808, 0.608084, 0.759275)","(0.213772, -0.974554, -0.0674277)","(-0.353767, -0.914304, 0.197221)","(0.545775, -0.669806, -0.503477)","(-0.0993427, -0.945517, -0.310047)",0
10.0333,"(-0.122197, -0.0568402, -1.53261e-05)","(0.0626011, 0.997549, 0.0312486)","(-0.213142, -0.910279, 0.354912)","(-0.0670526, -0.779874, 0.622335)","(0.819101, -0.182053, 0.543994)","(0.236038, 0.59564, 0.767788)","(0.213852, -0.975304, -0.0552175)","(-0.341093, -0.91228, 0.226716)","(0.593932, -0.633425, -0.496002)","(-0.067498, -0.944214, -0.322341)",0
10.0667,"(-0.128759, -0.0561916, -1.16297e-05)","(0.0751983, 0.996737, 0.0293176)","(-0.230047, -0.895812, 0.380261)","(-0.104553, -0.768421, 0.631346)","(0.817145, -0.163801, 0.55267)","(0.246809, 0.593604, 0.765976)","(0.201878, -0.979041, -0.0269196)","(-0.331696, -0.910737, 0.246042)","(0.622843, -0.570603, -0.535237)","(-0.0537352, -0.940977, -0.334179)",0
10.1,"(-0.135458, -0.055294, -7.41328e-06)","(0.0789989, 0.996874, 0.000923784)","(-0.233664, -0.878915, 0.415824)","(-0.12309, -0.753795, 0.645478)","(0.798109, -0.142987, 0.5853)","(0.257954, 0.582684, 0.770674)","(0.158045, -0.98708, 0.0263579)","(-0.32205, -0.91306, 0.250211)","(0.633732, -0.506997, -0.584241)","(-0.033088, -0.916694, -0.398218)",0
10.1333,"(-0.141898, -0.0533113, -5.3891e-07)","(0.084596, 0.995314, -0.0468417)","(-0.25286, -0.873132, 0.416777)","(-0.140459, -0.741884, 0.655652)","(0.796301, -0.141221, 0.588185)","(0.268784, 0.59489, 0.757536)","(0.108777, -0.990822, 0.0802509)","(-0.293643, -0.933065, 0.207759)","(0.565276, -0.475675, -0.673941)","(0.00591866, -0.887679, -0.460424)",0
10.1667,"(-0.148215, -0.0509524, 6.55064e-06)","(0.0911904, 0.992905, -0.0763098)","(-0.273153, -0.882998, 0.38171)","(-0.144251, -0.739315, 0.657727)","(0.788727, -0.162094, 0.592989)","(0.280127, 0.594928, 0.753385)","(0.0598192, -0.991076, 0.11912)","(-0.256504, -0.95535, 0.146673)","(0.441417, -0.433522, -0.785627)","(0.0357424, -0.848686, -0.527688)",0
10.2,"(-0.154889, -0.0467061, 1.22502e-05)","(0.0982606, 0.99278, -0.068797)","(-0.294157, -0.890155, 0.347988)","(-0.151549, -0.747461, 0.646789)","(0.787884, -0.179388, 0.589118)","(0.293142, 0.600631, 0.743848)","(0.029395, -0.988356, 0.149295)","(-0.207486, -0.974218, 0.0885949)","(0.29005, -0.416331, -0.861707)","(0.0371397, -0.825345, -0.563407)",0
10.2333,"(-0.161585, -0.0404661, 1.61562e-05)","(0.102414, 0.993814, -0.0429624)","(-0.302159, -0.893857, 0.331238)","(-0.151939, -0.75845, 0.633773)","(0.776708, -0.199226, 0.597524)","(0.296627, 0.58962, 0.751239)","(-0.0414994, -0.971995, 0.231308)","(-0.173035, -0.983025, 0.0610011)","(0.22917, -0.412306, -0.881751)","(0.019959, -0.829477, -0.558183)",0
10.2667,"(-0.167967, -0.033156, 1.86834e-05)","(0.105429, 0.994196, -0.021416)","(-0.306687, -0.895305, 0.323067)","(-0.14809, -0.76551, 0.62615)","(0.764047, -0.209189, 0.610305)","(0.288045, 0.583833, 0.759058)","(-0.135923, -0.929009, 0.34419)","(-0.139771, -0.98852, 0.0573725)","(0.227641, -0.48863, -0.842271)","(0.0173152, -0.852403, -0.522599)",0
10.3,"(-0.174186, -0.025842, 1.76733e-05)","(0.109505, 0.993955, -0.00785763)","(-0.314986, -0.899044, 0.304145)","(-0.139598, -0.773421, 0.61833)","(0.757024, -0.216379, 0.616518)","(0.27314, 0.572866, 0.7728)","(-0.246758, -0.876576, 0.41319)","(-0.117733, -0.991099, 0.0621407)","(0.236747, -0.577766, -0.781112)","(0.0366633, -0.876974, -0.479136)",0
10.3333,"(-0.180247, -0.0179357, 1.63234e-05)","(0.114746, 0.993385, 0.00448256)","(-0.317723, -0.905109, 0.282542)","(-0.132239, -0.782668, 0.60823)","(0.753946, -0.216051, 0.620393)","(0.260164, 0.568289, 0.780617)","(-0.297295, -0.854955, 0.42505)","(-0.0916643, -0.994136, 0.0573695)","(0.213463, -0.70569, -0.6756)","(0.0588018, -0.892109, -0.447977)",0
10.3667,"(-0.186358, -0.0120443, 1.59856e-05)","(0.119348, 0.992737, 0.015124)","(-0.315205, -0.912653, 0.260211)","(-0.133437, -0.806875, 0.575454)","(0.754969, -0.206849, 0.622283)","(0.261749, 0.581625, 0.770195)","(-0.303531, -0.913011, 0.272544)","(-0.0723859, -0.996456, 0.042856)","(0.123408, -0.855496, -0.502889)","(0.0988839, -0.90098, -0.422442)",0
10.4,"(-0.192409, -0.00848533, 1.51626e-05)","(0.123476, 0.99216, 0.0192942)","(-0.310723, -0.918743, 0.243643)","(-0.135781, -0.833078, 0.536233)","(0.76136, -0.197518, 0.617509)","(0.262414, 0.588729, 0.76455)","(-0.255137, -0.958568, 0.126699)","(-0.0535673, -0.998364, 0.0200022)","(0.00559824, -0.933647, -0.35815)","(0.138729, -0.908764, -0.393577)",0
10.4333,"(-0.198671, -0.00658325, 1.41028e-05)","(0.125181, 0.992128, 0.00341973)","(-0.307354, -0.922871, 0.232039)","(-0.142769, -0.865092, 0.480867)","(0.78579, -0.187882, 0.589266)","(0.267885, 0.597089, 0.756123)","(-0.208448, -0.977982, -0.0100059)","(-0.0349411, -0.999341, 0.0098684)","(-0.091114, -0.955553, -0.280386)","(0.174725, -0.907964, -0.380883)",0
10.4667,"(-0.205531, -0.00590134, 1.41252e-05)","(0.125932, 0.991875, -0.018051)","(-0.309263, -0.92179, 0.233795)","(-0.152804, -0.87421, 0.460877)","(0.812763, -0.183376, 0.552982)","(0.265211, 0.587156, 0.764795)","(-0.180169, -0.983592, -0.00930791)","(-0.01423, -0.999887, 0.00489716)","(-0.115904, -0.947497, -0.298019)","(0.195912, -0.905192, -0.377154)",0
10.5,"(-0.213049, -0.00666447, 1.38962e-05)","(0.127438, 0.991133, -0.0376218)","(-0.316481, -0.919231, 0.234209)","(-0.166366, -0.876542, 0.45166)","(0.83807, -0.181028, 0.514653)","(0.2686, 0.587263, 0.763529)","(-0.159131, -0.987236, -0.00647604)","(0.00790611, -0.999939, 0.00775599)","(-0.106143, -0.946386, -0.305103)","(0.221468, -0.900894, -0.373286)",0
10.5333,"(-0.220842, -0.00788126, 1.33983e-05)","(0.131699, 0.990063, -0.0492965)","(-0.327817, -0.914799, 0.235963)","(-0.180817, -0.873272, 0.452439)","(0.849821, -0.184659, 0.493664)","(0.280252, 0.597571, 0.751244)","(-0.125923, -0.991978, -0.011084)","(0.0266719, -0.999622, 0.00664347)","(-0.101538, -0.947888, -0.301991)","(0.257591, -0.898488, -0.355479)",0
10.5667,"(-0.229193, -0.00925242, 1.42915e-05)","(0.13765, 0.988839, -0.0570114)","(-0.341846, -0.911997, 0.226724)","(-0.191274, -0.879745, 0.435273)","(0.854908, -0.193545, 0.481325)","(0.296641, 0.60955, 0.735155)","(-0.0758896, -0.99693, -0.0192468)","(0.051776, -0.998632, 0.00733137)","(-0.0777265, -0.952792, -0.293506)","(0.297265, -0.893177, -0.337444)",0
10.6,"(-0.238021, -0.0105718, 1.34846e-05)","(0.1448, 0.987441, -0.0631936)","(-0.359052, -0.908576, 0.213473)","(-0.203042, -0.888121, 0.412329)","(0.854198, -0.202667, 0.478823)","(0.320185, 0.616404, 0.719394)","(-0.0258353, -0.999351, -0.0250929)","(0.0785483, -0.996868, 0.00920631)","(-0.0422051, -0.957498, -0.285337)","(0.328599, -0.88911, -0.3186)",0
10.6333,"(-0.246711, -0.0118064, 1.0731e-05)","(0.1538, 0.986158, -0.0619512)","(-0.379395, -0.901578, 0.207887)","(-0.219097, -0.892103, 0.395156)","(0.847683, -0.208902, 0.48764)","(0.340366, 0.611071, 0.714663)","(0.0147642, -0.999149, -0.0385239)","(0.1078, -0.994046, 0.0158866)","(0.0240591, -0.959029, -0.282283)","(0.363258, -0.879977, -0.306079)",0
10.6667,"(-0.254981, -0.0131533, 6.25639e-06)","(0.162862, 0.984309, -0.067909)","(-0.397918, -0.893716, 0.207203)","(-0.233425, -0.89587, 0.37806)","(0.839647, -0.211307, 0.500341)","(0.358742, 0.602803, 0.712694)","(0.0404905, -0.998083, -0.0468141)","(0.121235, -0.99163, 0.0443991)","(0.0832408, -0.954128, -0.287594)","(0.40684, -0.856934, -0.316457)",0
10.7,"(-0.262768, -0.0139612, 1.48378e-06)","(0.170071, 0.982287, -0.0786656)","(-0.40951, -0.887669, 0.210582)","(-0.244558, -0.898562, 0.364386)","(0.832671, -0.211573, 0.511757)","(0.368871, 0.603447, 0.706955)","(0.0606885, -0.996672, -0.0544314)","(0.11165, -0.98931, 0.0938046)","(0.135123, -0.94301, -0.304095)","(0.461676, -0.812257, -0.356502)",0
10.7333,"(-0.269858, -0.0144444, -2.56752e-06)","(0.173411, 0.980032, -0.0972964)","(-0.412188, -0.885073, 0.216209)","(-0.23706, -0.901452, 0.362196)","(0.828072, -0.212606, 0.518745)","(0.366498, 0.607633, 0.7046)","(0.0757007, -0.995703, -0.0533399)","(0.0672127, -0.986172, 0.151483)","(0.184359, -0.930129, -0.317604)","(0.507017, -0.758793, -0.40886)",0
10.7667,"(-0.27646, -0.0149886, -6.00708e-06)","(0.175082, 0.976735, -0.123836)","(-0.41006, -0.885015, 0.220451)","(-0.232869, -0.898288, 0.372628)","(0.823853, -0.217693, 0.523331)","(0.362086, 0.618645, 0.697261)","(0.079559, -0.995862, -0.0439302)","(-0.0145151, -0.981138, 0.192763)","(0.230349, -0.915042, -0.331115)","(0.531609, -0.737015, -0.417373)",0
10.8,"(-0.282176, -0.0157861, -1.38692e-05)","(0.17645, 0.973421, -0.146006)","(-0.40854, -0.884555, 0.225071)","(-0.238344, -0.8867, 0.396175)","(0.821828, -0.226809, 0.522643)","(0.357212, 0.616294, 0.701841)","(0.0730703, -0.996784, -0.0329123)","(-0.140113, -0.954315, 0.263914)","(0.271631, -0.90134, -0.337347)","(0.45507, -0.81562, -0.357317)",0
10.8333,"(-0.287223, -0.0169333, -1.80765e-05)","(0.174072, 0.972789, -0.152906)","(-0.407024, -0.88392, 0.230255)","(-0.254556, -0.85814, 0.445867)","(0.821756, -0.239526, 0.517053)","(0.336855, 0.589862, 0.733888)","(0.0453813, -0.998729, -0.0219428)","(-0.244742, -0.917964, 0.312159)","(0.329306, -0.798598, -0.503785)","(0.301336, -0.911785, -0.279007)",0
10.8667,"(-0.292114, -0.0202767, -2.17319e-05)","(0.168693, 0.97856, -0.118163)","(-0.400805, -0.882881, 0.244698)","(-0.275529, -0.833663, 0.478634)","(0.818805, -0.246385, 0.51851)","(0.308652, 0.567156, 0.763589)","(0.0327716, -0.999144, -0.0252302)","(-0.307506, -0.885157, 0.349196)","(0.365783, -0.723203, -0.585816)","(0.100172, -0.967581, -0.231845)",0
10.9,"(-0.297133, -0.0255361, -2.94121e-05)","(0.157222, 0.984592, -0.0765497)","(-0.381372, -0.883259, 0.272779)","(-0.277213, -0.820168, 0.500477)","(0.810635, -0.246419, 0.531176)","(0.264932, 0.565583, 0.780978)","(0.029166, -0.998846, -0.038147)","(-0.347929, -0.891551, 0.289971)","(0.411866, -0.663774, -0.624316)","(-0.0245148, -0.971326, -0.236484)",0
10.9333,"(-0.301788, -0.0317777, -3.95889e-05)","(0.143023, 0.988908, -0.0400625)","(-0.347809, -0.887997, 0.300817)","(-0.273364, -0.822935, 0.498046)","(0.797896, -0.235872, 0.554731)","(0.220082, 0.57847, 0.785453)","(0.048868, -0.99746, -0.0518306)","(-0.394325, -0.894908, 0.20892)","(0.458773, -0.72712, -0.510709)","(-0.102327, -0.958184, -0.267231)",0
10.9667,"(-0.3067, -0.0386309, -4.34284e-05)","(0.128604, 0.991246, -0.0298809)","(-0.316389, -0.891856, 0.32325)","(-0.256718, -0.8222, 0.508019)","(0.795044, -0.220214, 0.565165)","(0.164694, 0.575635, 0.80095)","(0.0683605, -0.99561, -0.0639261)","(-0.433025, -0.891413, 0.133688)","(0.5099, -0.732127, -0.451656)","(-0.133172, -0.952894, -0.272503)",0
11,"(-0.312224, -0.0449093, -4.62692e-05)","(0.117448, 0.992729, -0.0263675)","(-0.299598, -0.893195, 0.335325)","(-0.247124, -0.819711, 0.516723)","(0.79411, -0.203283, 0.57277)","(0.121429, 0.562391, 0.817907)","(0.0924156, -0.993588, -0.0651264)","(-0.432782, -0.894644, 0.110958)","(0.536717, -0.728019, -0.426525)","(-0.137694, -0.94991, -0.280556)",0
11.0333,"(-0.318014, -0.0493404, -4.61932e-05)","(0.11131, 0.993496, -0.0240008)","(-0.298228, -0.889652, 0.345802)","(-0.242088, -0.81126, 0.532213)","(0.789317, -0.194625, 0.582323)","(0.100859, 0.554189, 0.826258)","(0.115288, -0.991173, -0.0654607)","(-0.413483, -0.902985, 0.116832)","(0.545927, -0.726433, -0.417442)","(-0.123647, -0.954608, -0.270988)",0
11.0667,"(-0.323677, -0.0521682, -4.27844e-05)","(0.108677, 0.993897, -0.0189433)","(-0.299147, -0.884691, 0.357536)","(-0.245513, -0.793848, 0.556354)","(0.784982, -0.191902, 0.589047)","(0.0977967, 0.556871, 0.824821)","(0.130787, -0.989528, -0.0610749)","(-0.390959, -0.91258, 0.119787)","(0.560745, -0.720975, -0.407136)","(-0.119743, -0.949891, -0.288735)",0
11.1,"(-0.329845, -0.0538122, -3.47972e-05)","(0.107207, 0.994126, -0.0148271)","(-0.296256, -0.881433, 0.367843)","(-0.251824, -0.765191, 0.59251)","(0.782971, -0.188951, 0.592667)","(0.0986335, 0.558645, 0.823521)","(0.137002, -0.989012, -0.0555494)","(-0.376039, -0.916886, 0.133846)","(0.593764, -0.695284, -0.404998)","(-0.111376, -0.944934, -0.307726)",0
11.1333,"(-0.336102, -0.054283, -2.67094e-05)","(0.106569, 0.994247, -0.0108099)","(-0.281199, -0.882241, 0.377596)","(-0.255929, -0.738747, 0.623501)","(0.785849, -0.180138, 0.591601)","(0.0979507, 0.569591, 0.816071)","(0.128208, -0.991054, -0.0370844)","(-0.369327, -0.915068, 0.162013)","(0.638827, -0.637528, -0.430648)","(-0.0954763, -0.937189, -0.335501)",0
11.1667,"(-0.342506, -0.0545078, -1.89775e-05)","(0.105907, 0.994026, -0.0263647)","(-0.250131, -0.889986, 0.381259)","(-0.247277, -0.707795, 0.661725)","(0.794559, -0.17394, 0.58174)","(0.0924158, 0.571936, 0.815076)","(0.0996282, -0.995022, 0.00230012)","(-0.355198, -0.914508, 0.193674)","(0.643116, -0.582693, -0.496861)","(-0.0892004, -0.929386, -0.358169)",0
11.2,"(-0.349068, -0.0539846, -1.37336e-05)","(0.105906, 0.993079, -0.0507766)","(-0.208729, -0.909072, 0.360584)","(-0.219707, -0.68555, 0.694082)","(0.809655, -0.167657, 0.56245)","(0.081329, 0.574924, 0.814155)","(0.0523103, -0.997241, 0.0526688)","(-0.331728, -0.924989, 0.185341)","(0.577345, -0.536245, -0.615722)","(-0.0717589, -0.911206, -0.405654)",0
11.2333,"(-0.355722, -0.052673, -8.26501e-06)","(0.105647, 0.991681, -0.0735363)","(-0.17774, -0.926831, 0.330746)","(-0.172092, -0.664789, 0.726938)","(0.828954, -0.160166, 0.535894)","(0.0708538, 0.578384, 0.812682)","(-0.0228738, -0.995183, 0.0953317)","(-0.301286, -0.942756, 0.142963)","(0.426645, -0.464887, -0.775792)","(-0.0489152, -0.906527, -0.419304)",0
11.2667,"(-0.361969, -0.0511052, -2.97292e-06)","(0.105615, 0.992196, -0.066283)","(-0.157905, -0.927747, 0.338158)","(-0.103505, -0.659567, 0.744485)","(0.840803, -0.150053, 0.520129)","(0.0651532, 0.590031, 0.804748)","(-0.100879, -0.974291, 0.201447)","(-0.25851, -0.961111, 0.0971491)","(0.270893, -0.429148, -0.861655)","(-0.0216759, -0.907234, -0.420068)",0
11.3,"(-0.368315, -0.0495698, 8.85286e-07)","(0.105569, 0.993622, -0.0396349)","(-0.14401, -0.914218, 0.378769)","(-0.0119566, -0.662374, 0.749078)","(0.846541, -0.141298, 0.513228)","(0.0870102, 0.588843, 0.803551)","(-0.201167, -0.92232, 0.329935)","(-0.214275, -0.973587, 0.0788377)","(0.175734, -0.431746, -0.884711)","(-0.0169193, -0.913569, -0.406333)",0
11.3333,"(-0.37395, -0.048452, -1.02993e-06)","(0.106572, 0.994237, -0.0116371)","(-0.123732, -0.895922, 0.426632)","(0.125159, -0.671425, 0.730427)","(0.839145, -0.130239, 0.528085)","(0.140125, 0.581775, 0.801189)","(-0.269007, -0.860404, 0.432828)","(-0.156972, -0.984281, 0.0809388)","(0.1424, -0.553014, -0.820913)","(-0.0391063, -0.897282, -0.439721)",0
11.3667,"(-0.379069, -0.0483079, -4.80142e-06)","(0.107515, 0.99417, 0.00820603)","(-0.109801, -0.881318, 0.45959)","(0.284452, -0.695574, 0.659745)","(0.822705, -0.133189, 0.552646)","(0.275274, 0.545654, 0.791508)","(-0.319932, -0.86648, 0.383218)","(-0.100684, -0.991029, 0.0878899)","(0.0371178, -0.674508, -0.737334)","(-0.0548729, -0.879007, -0.47364)",0
11.4,"(-0.383954, -0.0489062, -1.18681e-05)","(0.107073, 0.993966, 0.0238187)","(-0.0993774, -0.858735, 0.50269)","(0.424053, -0.733904, 0.530626)","(0.803399, -0.162249, 0.57291)","(0.449396, 0.447708, 0.773046)","(-0.316471, -0.915552, 0.248215)","(-0.0600251, -0.994601, 0.0846528)","(-0.112237, -0.784062, -0.610451)","(-0.0447974, -0.850923, -0.523377)",0
11.4333,"(-0.388564, -0.0501818, -1.92854e-05)","(0.0984468, 0.994552, 0.0342697)","(-0.0831033, -0.829845, 0.551771)","(0.504923, -0.815495, 0.282877)","(0.789779, -0.216382, 0.573959)","(0.655132, 0.246045, 0.714327)","(-0.292406, -0.94914, 0.116757)","(-0.0192283, -0.99713, 0.0732261)","(-0.261649, -0.848202, -0.460535)","(-0.0190414, -0.835386, -0.549334)",0
11.4667,"(-0.39282, -0.0518669, -2.47131e-05)","(0.0867444, 0.995706, 0.0323273)","(-0.0584997, -0.801002, 0.595796)","(0.503828, -0.862141, 0.05358)","(0.768536, -0.27297, 0.578654)","(0.763384, 0.0197477, 0.645642)","(-0.267926, -0.961411, 0.0624858)","(0.00224246, -0.997894, 0.0648202)","(-0.32348, -0.877782, -0.353354)","(0.0201287, -0.821779, -0.56945)",0
11.5,"(-0.397591, -0.0536581, -2.65741e-05)","(0.075182, 0.996941, 0.0213495)","(-0.0304202, -0.772415, 0.634389)","(0.479072, -0.874709, -0.0733149)","(0.74174, -0.321207, 0.588769)","(0.794623, -0.108855, 0.597264)","(-0.254799, -0.965063, 0.0610869)","(0.0281115, -0.997732, 0.0611599)","(-0.32941, -0.899246, -0.287829)","(0.0461102, -0.821618, -0.568171)",0
11.5333,"(-0.402163, -0.0552333, -2.7106e-05)","(0.0713218, 0.997388, 0.0114391)","(-0.00921636, -0.757905, 0.6523)","(0.429258, -0.903145, -0.00821602)","(0.727563, -0.327094, 0.603044)","(0.803398, -0.0453643, 0.593712)","(-0.24399, -0.968607, 0.0476404)","(0.0353318, -0.996596, 0.0744889)","(-0.305151, -0.910243, -0.279893)","(0.0850472, -0.843109, -0.530974)",0
11.5667,"(-0.406444, -0.0559588, -2.38112e-05)","(0.0698564, 0.997527, 0.00770851)","(0.000626551, -0.744765, 0.667326)","(0.317484, -0.93289, 0.170057)","(0.738245, -0.282193, 0.612668)","(0.723746, 0.136772, 0.676376)","(-0.233923, -0.971825, 0.0289285)","(0.0401785, -0.99714, 0.064016)","(-0.266366, -0.920478, -0.285955)","(0.1126, -0.863521, -0.491581)",0
11.6,"(-0.410554, -0.0561789, -1.64844e-05)","(0.0748421, 0.996998, 0.0198166)","(-0.0476243, -0.733757, 0.67774)","(0.153774, -0.914288, 0.374741)","(0.744817, -0.165042, 0.646536)","(0.435211, 0.318879, 0.841967)","(-0.226789, -0.973924, -0.00617833)","(0.0422777, -0.997636, 0.0541801)","(-0.229474, -0.920177, -0.3172)","(0.14219, -0.881805, -0.449668)",0
11.6333,"(-0.41417, -0.0559428, -2.98726e-06)","(0.084417, 0.994831, 0.0564312)","(-0.180637, -0.693478, 0.697466)","(0.00746272, -0.866357, 0.49937)","(0.689781, -0.00348037, 0.72401)","(-0.116978, 0.333437, 0.935487)","(-0.220035, -0.974648, -0.0405786)","(0.0411969, -0.998878, 0.0233449)","(-0.200388, -0.910403, -0.361954)","(0.159356, -0.876073, -0.455085)",0
11.6667,"(-0.417122, -0.0554822, 6.59968e-06)","(0.0872375, 0.988668, 0.122168)","(-0.387547, -0.635196, 0.668082)","(-0.105137, -0.902804, 0.417003)","(0.553673, 0.226461, 0.80135)","(-0.593327, 0.0304479, 0.804386)","(-0.214109, -0.973686, -0.0780572)","(0.0426079, -0.999088, -0.00288319)","(-0.184504, -0.903552, -0.386719)","(0.177826, -0.868477, -0.462738)",0
11.7,"(-0.419443, -0.0547677, 1.34215e-05)","(0.0803884, 0.983128, 0.164305)","(-0.553332, -0.615416, 0.561325)","(-0.161888, -0.953037, 0.255956)","(0.220764, 0.392717, 0.892769)","(-0.6731, -0.39522, 0.625091)","(-0.208068, -0.974147, -0.0880085)","(0.0538926, -0.998221, -0.0255199)","(-0.172437, -0.905301, -0.388196)","(0.18083, -0.869389, -0.459851)",0
11.7333,"(-0.421308, -0.0538547, 1.79722e-05)","(0.0611195, 0.980592, 0.186289)","(-0.705698, -0.659176, 0.259766)","(-0.143548, -0.985174, 0.0939506)","(-0.319987, 0.484934, 0.813909)","(-0.481239, -0.734023, 0.479186)","(-0.20679, -0.975988, -0.0684572)","(0.0646642, -0.996942, -0.0438867)","(-0.157859, -0.91281, -0.376642)","(0.187774, -0.867737, -0.460188)",0
11.7667,"(-0.422971, -0.0524206, 1.79378e-05)","(0.0485759, 0.981648, 0.184414)","(-0.690193, -0.721567, -0.054532)","(-0.0607234, -0.996334, 0.0602671)","(-0.789952, 0.207137, 0.577122)","(-0.0567328, -0.878631, 0.474119)","(-0.209445, -0.977178, -0.035448)","(0.071147, -0.995857, -0.056625)","(-0.136042, -0.918635, -0.370949)","(0.218327, -0.859398, -0.46235)",0
11.8,"(-0.424588, -0.0510678, 1.13685e-05)","(0.0444019, 0.981309, 0.187248)","(-0.606934, -0.753839, -0.251708)","(0.00869262, -0.996258, 0.0859895)","(-0.924463, -0.143765, 0.353128)","(0.273751, -0.770024, 0.576301)","(-0.213785, -0.976324, -0.032969)","(0.0657631, -0.99622, -0.0567583)","(-0.118204, -0.923551, -0.364803)","(0.298385, -0.849218, -0.435655)",0
11.8333,"(-0.425652, -0.0492695, 1.18648e-05)","(0.0529828, 0.982768, 0.177089)","(-0.467346, -0.852256, -0.235048)","(0.0114318, -0.983997, 0.177816)","(-0.805244, -0.493212, 0.329127)","(0.551262, -0.381764, 0.741867)","(-0.208028, -0.976288, -0.0598836)","(0.0694061, -0.995322, -0.0672105)","(-0.0941509, -0.916704, -0.388315)","(0.398098, -0.816357, -0.418424)",0
11.8667,"(-0.425652, -0.0492695, 1.18648e-05)","(0.0674544, 0.98735, 0.143491)","(-0.325052, -0.922245, -0.209295)","(-0.00640355, -0.935149, 0.354197)","(-0.710064, -0.623338, 0.327504)","(0.421303, 0.128232, 0.897809)","(-0.196616, -0.977082, -0.0815636)","(0.0809429, -0.99405, -0.0728929)","(-0.080009, -0.903839, -0.420325)","(0.483402, -0.795665, -0.365021)",0
11.9,"(-0.425652, -0.0492695, 1.18648e-05)","(0.0773003, 0.990948, 0.109754)","(-0.225988, -0.943209, -0.243489)","(-0.145737, -0.823246, 0.548659)","(-0.627643, -0.68781, 0.364666)","(0.0883733, 0.50814, 0.856728)","(-0.186263, -0.97955, -0.0760839)","(0.0950438, -0.990976, -0.0945195)","(-0.072814, -0.905736, -0.417542)","(0.541619, -0.763635, -0.351442)",0
11.9333,"(-0.425652, -0.0492695, 1.18648e-05)","(0.091505, 0.993254, 0.0712321)","(-0.188578, -0.969677, -0.15545)","(-0.342123, -0.660458, 0.668392)","(-0.540591, -0.650903, 0.532997)","(-0.412176, 0.567095, 0.713102)","(-0.187441, -0.981112, -0.047796)","(0.116785, -0.991483, -0.057644)","(-0.0801978, -0.922582, -0.377374)","(0.58688, -0.742893, -0.321996)",0
11.9667,"(-0.426073, -0.0537234, 4.10243e-05)","(0.103176, 0.993128, 0.0552347)","(-0.272269, -0.96127, 0.0427829)","(-0.631567, -0.432981, 0.643157)","(-0.365616, -0.486389, 0.793569)","(-0.831707, 0.318621, 0.454691)","(-0.19865, -0.980052, -0.00597454)","(0.153771, -0.988105, 0.00196901)","(-0.0877969, -0.949595, -0.300935)","(0.620256, -0.71623, -0.319838)",1
12,"(-0.42496, -0.0595529, 4.77081e-05)","(0.105286, 0.99349, 0.0435085)","(-0.327504, -0.901037, 0.284382)","(-0.80701, -0.333829, 0.487127)","(-0.235098, -0.163871, 0.958058)","(-0.997467, 0.0513438, 0.0492373)","(-0.220615, -0.975323, 0.00854738)","(0.19221, -0.978983, 0.0681796)","(-0.090963, -0.964975, -0.246068)","(0.639622, -0.699888, -0.317868)",0
12.0333,"(-0.424014, -0.0656623, 5.34305e-05)","(0.0953723, 0.994298, 0.047714)","(-0.428002, -0.810494, 0.399893)","(-0.911581, -0.280919, 0.300173)","(-0.192516, 0.117689, 0.974211)","(-0.960712, -0.0806354, -0.265576)","(-0.255538, -0.966799, 0.000818151)","(0.217024, -0.972294, 0.0868599)","(-0.0946532, -0.972179, -0.214263)","(0.646442, -0.691151, -0.323146)",0
12.0667,"(-0.423651, -0.0713283, 5.63239e-05)","(0.082718, 0.995091, 0.0543225)","(-0.49417, -0.758399, 0.425003)","(-0.924676, -0.339089, 0.173184)","(-0.185451, 0.215854, 0.958653)","(-0.931857, -0.0745821, -0.355076)","(-0.294178, -0.955271, -0.0302755)","(0.221209, -0.971365, 0.0866966)","(-0.0944706, -0.968082, -0.23215)","(0.6563, -0.671773, -0.3435)",0
12.1,"(-0.424362, -0.075859, 5.35804e-05)","(0.0825378, 0.993785, 0.0746947)","(-0.546291, -0.715024, 0.436242)","(-0.91658, -0.377603, 0.131521)","(-0.175637, 0.213877, 0.960941)","(-0.944091, -0.0431229, -0.326852)","(-0.318168, -0.946787, -0.0486266)","(0.235841, -0.968274, 0.0826137)","(-0.091501, -0.95194, -0.292297)","(0.66512, -0.651848, -0.364294)",0
12.1333,"(-0.426825, -0.0762459, 4.75741e-05)","(0.0912636, 0.993412, 0.0693091)","(-0.539798, -0.740571, 0.400216)","(-0.860656, -0.468017, 0.200578)","(-0.20705, 0.191327, 0.95944)","(-0.975411, 0.0122191, -0.220055)","(-0.319173, -0.946098, -0.0550155)","(0.250862, -0.964262, 0.0852427)","(-0.0691278, -0.935856, -0.345536)","(0.67233, -0.646049, -0.361377)",0
12.1667,"(-0.431633, -0.0726381, 3.7902e-05)","(0.109043, 0.99243, 0.0565094)","(-0.485298, -0.815209, 0.3161)","(-0.692784, -0.644761, 0.323008)","(-0.29724, 0.135248, 0.945175)","(-0.99026, 0.133009, -0.0411588)","(-0.290299, -0.954904, -0.0623311)","(0.266522, -0.960013, 0.0856802)","(-0.0432447, -0.923928, -0.380115)","(0.677168, -0.649663, -0.345515)",0
12.2,"(-0.438478, -0.0668598, 2.89553e-05)","(0.136065, 0.990286, 0.0286435)","(-0.370082, -0.900729, 0.227434)","(-0.374179, -0.813783, 0.444687)","(-0.40939, 0.0213832, 0.912109)","(-0.952236, 0.182732, 0.244652)","(-0.234809, -0.96929, -0.073088)","(0.269221, -0.959164, 0.0867462)","(-0.0162203, -0.92248, -0.385705)","(0.689134, -0.652536, -0.315105)",0
12.2333,"(-0.446192, -0.0578522, 1.69858e-05)","(0.16619, 0.985689, 0.0282459)","(-0.258596, -0.955789, 0.139983)","(0.0272181, -0.878105, 0.477694)","(-0.491913, -0.130253, 0.860846)","(-0.861662, 0.113564, 0.494612)","(-0.156019, -0.982354, -0.103148)","(0.276523, -0.957793, 0.0785324)","(-0.00791308, -0.922697, -0.385444)","(0.70536, -0.650412, -0.281836)",0
12.2667,"(-0.453985, -0.0487708, 9.93493e-06)","(0.19284, 0.980959, 0.0230738)","(-0.192104, -0.981027, -0.0261279)","(0.366976, -0.851045, 0.375567)","(-0.552305, -0.358229, 0.752749)","(-0.857532, -0.152601, 0.491276)","(-0.0747791, -0.988915, -0.12828)","(0.280552, -0.957144, 0.0718671)","(-0.00346753, -0.926416, -0.376484)","(0.714234, -0.66074, -0.230851)",0
12.3,"(-0.460911, -0.0413759, 4.27957e-06)","(0.207602, 0.977958, 0.0223337)","(-0.186086, -0.956175, -0.226055)","(0.576559, -0.780705, 0.240997)","(-0.541826, -0.574687, 0.613319)","(-0.845431, -0.414573, 0.336713)","(-0.0134599, -0.989502, -0.143889)","(0.271136, -0.960241, 0.0665018)","(0.00208205, -0.929287, -0.369352)","(0.71441, -0.669936, -0.202)",0
12.3333,"(-0.465915, -0.0342483, 4.28627e-06)","(0.213904, 0.976428, 0.0288544)","(-0.188901, -0.911313, -0.365822)","(0.666629, -0.735271, 0.122403)","(-0.453199, -0.753422, 0.47641)","(-0.789748, -0.591995, 0.160746)","(0.0195033, -0.990132, -0.138777)","(0.214068, -0.974742, 0.0636708)","(0.0173312, -0.936775, -0.349503)","(0.708014, -0.672697, -0.21493)",0
12.3667,"(-0.468903, -0.0265278, 2.48528e-06)","(0.212079, 0.976057, 0.0483254)","(-0.185172, -0.897691, -0.399829)","(0.688003, -0.718656, 0.100923)","(-0.375861, -0.819427, 0.432744)","(-0.769392, -0.628749, 0.112741)","(0.0216719, -0.990354, -0.136858)","(0.0962288, -0.993955, 0.0528572)","(0.0306557, -0.944052, -0.328369)","(0.683, -0.662614, -0.307333)",0
12.4,"(-0.470618, -0.0221231, 6.36405e-06)","(0.207425, 0.975439, 0.0741204)","(-0.242277, -0.866587, -0.436266)","(0.667126, -0.741449, 0.0720875)","(-0.263296, -0.859349, 0.4384)","(-0.773262, -0.622294, 0.121721)","(0.0084526, -0.994018, -0.108885)","(-0.0333861, -0.99898, 0.0304016)","(0.0311732, -0.962278, -0.270278)","(0.619324, -0.682287, -0.388487)",0
12.4333,"(-0.471302, -0.018221, 9.90364e-06)","(0.192842, 0.977282, 0.0879294)","(-0.367418, -0.810626, -0.455948)","(0.622166, -0.782217, 0.0323532)","(-0.0780643, -0.896563, 0.435983)","(-0.789776, -0.591583, 0.162123)","(-0.0224637, -0.996864, -0.0758754)","(-0.156842, -0.987121, 0.0315129)","(0.0361192, -0.972908, -0.228355)","(0.541944, -0.711033, -0.448028)",0
12.4667,"(-0.471525, -0.015786, 1.4027e-05)","(0.176, 0.978904, 0.103782)","(-0.512037, -0.75304, -0.413218)","(0.566264, -0.824183, -0.00826859)","(0.181106, -0.901665, 0.392685)","(-0.806223, -0.56058, 0.189089)","(-0.0506421, -0.997678, -0.0455442)","(-0.230717, -0.9722, 0.039965)","(0.0500169, -0.976295, -0.210588)","(0.431017, -0.7831, -0.448306)",0
12.5,"(-0.471525, -0.015786, 1.4027e-05)","(0.158642, 0.979864, 0.121244)","(-0.602685, -0.732251, -0.317142)","(0.523468, -0.851741, -0.0227725)","(0.373911, -0.859818, 0.347711)","(-0.802458, -0.552201, 0.226129)","(-0.0761603, -0.996032, -0.0460483)","(-0.274542, -0.959759, 0.0590644)","(0.0750754, -0.969077, -0.235062)","(0.304409, -0.84274, -0.443987)",0
12.5333,"(-0.471525, -0.015786, 1.4027e-05)","(0.149947, 0.978229, 0.143474)","(-0.643047, -0.727517, -0.239186)","(0.503151, -0.863988, -0.0190929)","(0.462869, -0.823627, 0.327705)","(-0.793709, -0.556919, 0.244678)","(-0.0906944, -0.994686, -0.0487256)","(-0.293336, -0.953583, 0.0680751)","(0.0900247, -0.96285, -0.254589)","(0.194858, -0.896177, -0.398618)",0
12.5667,"(-0.472851, -0.0176237, 1.46481e-05)","(0.144213, 0.978149, 0.149755)","(-0.656033, -0.72777, -0.19993)","(0.497189, -0.86752, -0.0145386)","(0.502954, -0.788097, 0.354881)","(-0.770501, -0.568758, 0.287823)","(-0.10202, -0.993646, -0.0475335)","(-0.303322, -0.948982, 0.0861904)","(0.101409, -0.957127, -0.271336)","(0.145393, -0.919306, -0.365701)",0
12.6,"(-0.472851, -0.0176237, 1.46481e-05)","(0.140994, 0.97882, 0.148434)","(-0.657274, -0.724924, -0.206096)","(0.505553, -0.862592, -0.0187739)","(0.516178, -0.769145, 0.376797)","(-0.757834, -0.568163, 0.320746)","(-0.116792, -0.992537, -0.035065)","(-0.318798, -0.941407, 0.11009)","(0.114423, -0.94841, -0.295678)","(0.13867, -0.924726, -0.354475)",0
12.6333,"(-0.472888, -0.0199341, 1.06333e-05)","(0.136385, 0.979522, 0.14811)","(-0.654714, -0.722004, -0.223739)","(0.520551, -0.853435, -0.0259963)","(0.532481, -0.760773, 0.371065)","(-0.748691, -0.565603, 0.345767)","(-0.13914, -0.990233, -0.00882048)","(-0.327568, -0.935979, 0.129003)","(0.132718, -0.93495, -0.329021)","(0.138031, -0.90958, -0.391934)",0
12.6667,"(-0.472888, -0.0199341, 1.06333e-05)","(0.133577, 0.978959, 0.154263)","(-0.65852, -0.712401, -0.242563)","(0.540212, -0.841137, -0.0256659)","(0.538135, -0.763109, 0.357875)","(-0.751157, -0.563325, 0.344134)","(-0.157272, -0.987481, 0.0121436)","(-0.324982, -0.936273, 0.133339)","(0.146958, -0.924215, -0.352462)","(0.136722, -0.886305, -0.442459)",0
12.7,"(-0.470091, -0.0253474, 8.28798e-06)","(0.12588, 0.978739, 0.161936)","(-0.679596, -0.703305, -0.208593)","(0.559216, -0.828816, -0.0185027)","(0.551415, -0.760669, 0.342525)","(-0.758769, -0.557301, 0.337172)","(-0.165287, -0.985668, 0.0337345)","(-0.312117, -0.937837, 0.151807)","(0.138075, -0.917189, -0.373765)","(0.143367, -0.859061, -0.491385)",0
12.7333,"(-0.467521, -0.0309744, 8.84179e-06)","(0.114034, 0.979443, 0.166396)","(-0.695694, -0.707768, -0.122783)","(0.579689, -0.814768, -0.0106744)","(0.542324, -0.738103, 0.401358)","(-0.755672, -0.560978, 0.338029)","(-0.160642, -0.985669, 0.0514814)","(-0.259407, -0.951211, 0.167048)","(0.1127, -0.9127, -0.392781)","(0.0986465, -0.827345, -0.552964)",0
12.7667,"(-0.464042, -0.0402287, 7.23083e-06)","(0.102414, 0.983255, 0.150738)","(-0.662198, -0.749105, 0.0183449)","(0.59994, -0.799901, -0.0151647)","(0.451331, -0.641378, 0.620431)","(-0.699627, -0.607051, 0.376843)","(-0.165274, -0.982041, 0.09099)","(-0.180579, -0.956223, 0.230278)","(0.0896881, -0.898065, -0.430621)","(0.0687865, -0.782187, -0.619234)",0
12.8,"(-0.459377, -0.0507412, 6.47991e-06)","(0.0911479, 0.986505, 0.136012)","(-0.578819, -0.799068, 0.162664)","(0.603187, -0.797393, -0.0181335)","(0.273088, -0.402234, 0.87386)","(-0.572547, -0.667178, 0.476511)","(-0.194438, -0.972066, 0.131461)","(-0.0639432, -0.974282, 0.21607)","(0.0881613, -0.876602, -0.473071)","(0.0524998, -0.726913, -0.684719)",0
12.8333,"(-0.454273, -0.0608028, 5.61854e-06)","(0.0819534, 0.989172, 0.121748)","(-0.473424, -0.836953, 0.274555)","(0.532714, -0.846199, -0.012771)","(0.0650357, -0.0316911, 0.99738)","(-0.362663, -0.746297, 0.558136)","(-0.241234, -0.958617, 0.151193)","(0.0348206, -0.985842, 0.16402)","(0.094894, -0.851462, -0.51576)","(0.120087, -0.68389, -0.719634)",0
12.8667,"(-0.448693, -0.0681221, 9.50956e-06)","(0.0726353, 0.989243, 0.126972)","(-0.378461, -0.844916, 0.378)","(0.400454, -0.913431, -0.0726694)","(-0.0511003, 0.232263, 0.97131)","(-0.121329, -0.855736, 0.502987)","(-0.275767, -0.951534, 0.136146)","(0.139626, -0.989485, 0.0377349)","(0.0845572, -0.848043, -0.523137)","(0.208992, -0.671146, -0.711256)",0
12.9,"(-0.44137, -0.0726746, 1.19502e-05)","(0.0679047, 0.988472, 0.135321)","(-0.245049, -0.83322, 0.495676)","(0.23279, -0.956466, -0.176015)","(-0.0957296, 0.356888, 0.929229)","(0.0971845, -0.954263, 0.282731)","(-0.283011, -0.95381, 0.100756)","(0.211345, -0.97428, -0.0781725)","(0.0595587, -0.860929, -0.505227)","(0.312656, -0.686121, -0.656875)",0
12.9333,"(-0.432061, -0.073278, 1.46942e-05)","(0.061202, 0.989068, 0.134157)","(-0.10537, -0.809947, 0.57696)","(0.125081, -0.959064, -0.25407)","(-0.031672, 0.414437, 0.909527)","(0.23496, -0.969072, 0.0754554)","(-0.280482, -0.957054, 0.0733242)","(0.278759, -0.949747, -0.14239)","(0.00291377, -0.89289, -0.450265)","(0.374192, -0.723128, -0.580574)",0
12.9667,"(-0.420921, -0.0725545, 1.40709e-05)","(0.0395715, 0.988088, 0.148712)","(0.0400425, -0.761263, 0.647206)","(0.0650118, -0.967877, -0.242873)","(0.147658, 0.385875, 0.910658)","(0.249277, -0.968381, 0.00998766)","(-0.277576, -0.958992, 0.0573193)","(0.314019, -0.937375, -0.150733)","(-0.0746253, -0.904936, -0.418953)","(0.409079, -0.740977, -0.532547)",0
13,"(-0.407336, -0.0710204, 9.00773e-06)","(0.00544316, 0.990626, 0.136497)","(0.172968, -0.733293, 0.657543)","(-0.00445847, -0.99144, -0.130489)","(0.442728, 0.290074, 0.848439)","(0.207623, -0.976682, 0.0546298)","(-0.300374, -0.952564, 0.0489645)","(0.320335, -0.943101, -0.0891392)","(-0.156307, -0.904772, -0.396176)","(0.417726, -0.762792, -0.493613)",0
13.0333,"(-0.391968, -0.0678318, -6.3271e-06)","(-0.0345264, 0.99325, 0.110735)","(0.307716, -0.698984, 0.645548)","(-0.0700859, -0.997518, 0.00675496)","(0.674726, 0.0610306, 0.73554)","(0.243289, -0.939297, 0.241932)","(-0.318873, -0.946962, 0.039778)","(0.304874, -0.951993, -0.0275829)","(-0.225577, -0.879687, -0.418647)","(0.403298, -0.775759, -0.485334)",0
13.0667,"(-0.375907, -0.0636884, -2.18285e-05)","(-0.0703516, 0.995879, 0.0572253)","(0.417343, -0.745579, 0.519555)","(-0.126907, -0.990778, 0.0474642)","(0.850894, -0.242062, 0.466247)","(0.298013, -0.881633, 0.365938)","(-0.3344, -0.942127, 0.0239575)","(0.28218, -0.959195, 0.0178739)","(-0.287024, -0.85214, -0.437578)","(0.370959, -0.801206, -0.469529)",0
13.1,"(-0.36037, -0.0582959, -3.73724e-05)","(-0.107376, 0.994071, 0.0171337)","(0.46609, -0.802698, 0.37207)","(-0.134496, -0.990558, 0.0265737)","(0.845376, -0.48808, 0.217068)","(0.367004, -0.817707, 0.443467)","(-0.328206, -0.944598, 0.00389326)","(0.270601, -0.961923, 0.0384562)","(-0.343473, -0.822579, -0.453199)","(0.304202, -0.829498, -0.468396)",0
13.1333,"(-0.345202, -0.0495836, -4.9768e-05)","(-0.146198, 0.989119, -0.0164308)","(0.461089, -0.859313, 0.221311)","(-0.118215, -0.991193, -0.0596877)","(0.765823, -0.642573, 0.0248159)","(0.343269, -0.84874, 0.402251)","(-0.316424, -0.948423, -0.0192344)","(0.266648, -0.962608, 0.0478047)","(-0.364353, -0.818781, -0.443671)","(0.21417, -0.868027, -0.447951)",0
13.1667,"(-0.331791, -0.0393557, -5.62377e-05)","(-0.183565, 0.982648, -0.0265767)","(0.426839, -0.892351, 0.146693)","(-0.0731049, -0.993302, -0.0894766)","(0.691095, -0.719996, 0.0631969)","(0.326021, -0.854744, 0.403884)","(-0.287405, -0.957524, -0.0233546)","(0.241881, -0.969358, 0.0428888)","(-0.369873, -0.843485, -0.389522)","(0.111904, -0.907659, -0.404515)",0
13.2,"(-0.319445, -0.0309984, -5.40098e-05)","(-0.219313, 0.975126, -0.0321009)","(0.366008, -0.925704, 0.0954534)","(-0.0356728, -0.990245, -0.134696)","(0.618306, -0.775914, 0.125124)","(0.295316, -0.850303, 0.43563)","(-0.242702, -0.970084, -0.00577302)","(0.204624, -0.977735, 0.0465015)","(-0.369008, -0.87596, -0.310687)","(0.028586, -0.946745, -0.320713)",0
13.2333,"(-0.308544, -0.0237989, -5.24749e-05)","(-0.248672, 0.968553, -0.00821321)","(0.294165, -0.954925, 0.0398041)","(-0.015722, -0.984468, -0.174862)","(0.513696, -0.831152, 0.212846)","(0.262701, -0.858127, 0.441141)","(-0.179983, -0.983503, 0.0180902)","(0.158126, -0.985856, 0.0555441)","(-0.371396, -0.897748, -0.236883)","(-0.0307363, -0.969265, -0.244092)",0
13.2667,"(-0.299843, -0.0180123, -4.88708e-05)","(-0.271773, 0.962337, 0.00689058)","(0.219639, -0.975573, -0.00395224)","(-0.0500325, -0.980905, -0.18794)","(0.409054, -0.885015, 0.222313)","(0.230127, -0.869636, 0.436778)","(-0.131001, -0.990983, 0.0281235)","(0.12539, -0.98989, 0.0662998)","(-0.353838, -0.909801, -0.216936)","(-0.0683687, -0.976736, -0.203256)",0
13.3,"(-0.292834, -0.0153135, -4.37668e-05)","(-0.272661, 0.961836, 0.0229559)","(0.144793, -0.988557, -0.0423063)","(-0.0882148, -0.976468, -0.196794)","(0.295122, -0.924636, 0.240729)","(0.326952, -0.856967, 0.398385)","(-0.0749668, -0.996948, 0.021794)","(0.112512, -0.990861, 0.0744056)","(-0.342168, -0.911326, -0.228923)","(-0.0987256, -0.974064, -0.203597)",0
13.3333,"(-0.28589, -0.0148776, -3.80746e-05)","(-0.263783, 0.963938, 0.0352552)","(0.0393196, -0.998641, -0.034219)","(-0.117696, -0.971708, -0.204773)","(0.232107, -0.943081, 0.238169)","(0.502989, -0.782567, 0.366867)","(-0.0159387, -0.999852, 0.00653721)","(0.100744, -0.991396, 0.0835782)","(-0.356798, -0.900638, -0.248083)","(-0.133693, -0.968961, -0.207944)",0
13.3667,"(-0.28005, -0.0146379, -3.40773e-05)","(-0.253053, 0.966289, 0.0474414)","(-0.110137, -0.99391, 0.00345219)","(-0.101172, -0.963864, -0.246436)","(0.241891, -0.923309, 0.29831)","(0.740418, -0.594203, 0.314172)","(0.0372855, -0.999273, -0.00792458)","(0.0919952, -0.990815, 0.0991068)","(-0.393424, -0.86414, -0.313815)","(-0.203573, -0.957129, -0.206064)",0
13.4,"(-0.275433, -0.01402, -2.72951e-05)","(-0.252436, 0.965947, 0.056761)","(-0.266605, -0.961985, 0.0592111)","(-0.0180032, -0.960875, -0.276396)","(0.267873, -0.889385, 0.370457)","(0.872678, -0.273161, 0.404744)","(0.0883419, -0.996048, -0.00911944)","(0.0854408, -0.989528, 0.116339)","(-0.438099, -0.808204, -0.393543)","(-0.273692, -0.935821, -0.222107)",0
13.4333,"(-0.270951, -0.01228, -1.65338e-05)","(-0.256742, 0.966138, 0.0257039)","(-0.375681, -0.922119, 0.0925237)","(0.102704, -0.960125, -0.260021)","(0.331465, -0.83772, 0.434001)","(0.850499, 0.144018, 0.505876)","(0.140362, -0.989945, 0.0175572)","(0.0851167, -0.987987, 0.128981)","(-0.474521, -0.754325, -0.453678)","(-0.331144, -0.91222, -0.241243)",0
13.4667,"(-0.267338, -0.00936719, -9.48706e-06)","(-0.257751, 0.966139, -0.0118684)","(-0.451875, -0.887618, 0.0891215)","(0.284872, -0.940702, -0.184195)","(0.412605, -0.794589, 0.445405)","(0.610479, 0.476041, 0.633009)","(0.212698, -0.975697, 0.0526731)","(0.0800075, -0.989053, 0.123989)","(-0.501256, -0.758876, -0.415752)","(-0.352198, -0.90397, -0.242476)",0
13.5,"(-0.265546, -0.0067301, -5.29368e-06)","(-0.25799, 0.965021, -0.0466421)","(-0.519382, -0.849596, 0.0918053)","(0.524678, -0.850709, -0.0317493)","(0.510553, -0.73594, 0.444666)","(0.348593, 0.584236, 0.732906)","(0.275282, -0.956575, 0.0958329)","(0.074642, -0.99034, 0.116857)","(-0.508268, -0.796589, -0.327277)","(-0.353388, -0.905111, -0.236411)",0
13.5333,"(-0.264766, -0.00448397, -3.12412e-07)","(-0.244076, 0.968522, -0.0489146)","(-0.58908, -0.793725, 0.151608)","(0.845379, -0.524509, 0.101122)","(0.566911, -0.703468, 0.428655)","(0.203418, 0.437827, 0.875745)","(0.291212, -0.950125, 0.111613)","(0.124298, -0.980183, 0.154246)","(-0.466049, -0.844212, -0.264771)","(-0.356297, -0.898931, -0.254902)",0
13.5667,"(-0.264766, -0.00448397, -3.12412e-07)","(-0.223568, 0.974275, -0.028368)","(-0.635406, -0.73246, 0.244463)","(0.999794, -0.0110903, -0.0170093)","(0.581212, -0.700597, 0.413952)","(0.493877, 0.500052, 0.711361)","(0.281758, -0.956388, 0.0770392)","(0.21945, -0.943584, 0.247975)","(-0.420589, -0.874297, -0.242299)","(-0.279165, -0.927975, -0.246838)",0
13.6,"(-0.264766, -0.00448397, -3.12412e-07)","(-0.193176, 0.981162, 0.00208325)","(-0.68315, -0.660302, 0.31194)","(0.854555, 0.436161, -0.281956)","(0.58644, -0.731994, 0.346804)","(0.754306, 0.622106, 0.209778)","(0.246564, -0.968973, 0.0172714)","(0.343237, -0.906801, 0.244746)","(-0.355357, -0.904277, -0.236654)","(-0.13505, -0.972037, -0.192106)",1
13.6333,"(-0.264766, -0.00448397, -3.12412e-07)","(-0.15485, 0.987572, 0.0268886)","(-0.696346, -0.625283, 0.352311)","(0.607692, 0.641644, -0.467977)","(0.592603, -0.710299, 0.379863)","(0.639011, 0.7481, -0.178919)","(0.237797, -0.971233, -0.0125782)","(0.4191, -0.886148, 0.19773)","(-0.314346, -0.931576, -0.18263)","(0.122442, -0.98864, -0.0871761)",0
13.6667,"(-0.262364, -0.00532995, 3.06868e-05)","(-0.116067, 0.992751, 0.0312235)","(-0.676376, -0.648118, 0.349941)","(0.435261, 0.791244, -0.429512)","(0.64159, -0.630909, 0.436252)","(0.398621, 0.906413, -0.139702)","(0.226844, -0.973248, 0.0364616)","(0.45216, -0.884694, 0.113434)","(-0.275337, -0.955546, -0.105457)","(0.381826, -0.924206, -0.00721653)",0
13.7,"(-0.259969, -0.00749625, 4.03899e-05)","(-0.0840741, 0.995909, 0.0331175)","(-0.615279, -0.691175, 0.37909)","(0.306283, 0.915861, -0.259594)","(0.67465, -0.510736, 0.532913)","(0.206888, 0.978363, -0.00189427)","(0.191407, -0.977929, 0.0837765)","(0.468145, -0.858491, 0.209365)","(-0.212288, -0.974579, -0.0716159)","(0.619796, -0.782015, 0.0656149)",0
13.7333,"(-0.256682, -0.0105435, 4.88521e-05)","(-0.0733909, 0.99587, 0.053452)","(-0.557621, -0.730079, 0.395023)","(0.195646, 0.97263, -0.125357)","(0.716882, -0.449225, 0.533177)","(0.0362065, 0.998917, 0.0292075)","(0.148985, -0.983094, 0.106439)","(0.490085, -0.821577, 0.291252)","(-0.141268, -0.987501, -0.0699007)","(0.769297, -0.635908, 0.0616711)",0
13.7667,"(-0.252582, -0.014398, 4.98617e-05)","(-0.0674386, 0.993796, 0.0884388)","(-0.538711, -0.735416, 0.411039)","(0.129636, 0.990902, -0.0361563)","(0.712447, -0.464367, 0.526101)","(-0.111601, 0.987751, 0.109053)","(0.0981746, -0.991139, 0.0894677)","(0.546205, -0.779531, 0.306581)","(-0.0748962, -0.992235, -0.0992997)","(0.839715, -0.541645, 0.0387308)",0
13.8,"(-0.24731, -0.0191219, 5.17586e-05)","(-0.0607926, 0.991551, 0.114588)","(-0.544589, -0.734996, 0.403985)","(0.0857068, 0.996108, -0.0205619)","(0.703212, -0.53402, 0.469377)","(-0.234424, 0.965019, 0.117406)","(0.0710544, -0.994412, 0.0780741)","(0.600318, -0.769469, 0.218029)","(-0.0687228, -0.992148, -0.104501)","(0.845029, -0.534008, -0.0275879)",0
13.8333,"(-0.241591, -0.0233106, 4.94865e-05)","(-0.0554898, 0.991138, 0.12069)","(-0.561468, -0.722786, 0.402906)","(0.0755047, 0.99644, -0.0375121)","(0.673089, -0.600099, 0.432241)","(-0.343426, 0.933814, 0.100251)","(0.0400289, -0.998537, 0.036364)","(0.636066, -0.754867, 0.159989)","(-0.101565, -0.986559, -0.12801)","(0.818812, -0.574057, -0.00248861)",0
13.8667,"(-0.235969, -0.026018, 4.92118e-05)","(-0.0524762, 0.992877, 0.106968)","(-0.552545, -0.709127, 0.437988)","(0.115302, 0.979683, -0.164092)","(0.648552, -0.644932, 0.404281)","(-0.384187, 0.921312, -0.0598694)","(0.0187107, -0.999802, -0.00683999)","(0.634877, -0.755171, 0.163239)","(-0.155819, -0.977239, -0.143963)","(0.767312, -0.640745, 0.0260447)",0
13.9,"(-0.229974, -0.0273021, 4.62161e-05)","(-0.0517648, 0.994052, 0.0958204)","(-0.506132, -0.723283, 0.469778)","(0.219484, 0.888612, -0.402734)","(0.634009, -0.662185, 0.399429)","(-0.386291, 0.875342, -0.290785)","(0.0101971, -0.998273, -0.0578504)","(0.629972, -0.760134, 0.159158)","(-0.215065, -0.961762, -0.169593)","(0.702291, -0.710929, 0.0369697)",0
13.9333,"(-0.223485, -0.0271509, 4.29807e-05)","(-0.0560567, 0.995025, 0.0823588)","(-0.439943, -0.764125, 0.471767)","(0.362991, 0.663091, -0.654635)","(0.650173, -0.662954, 0.371171)","(-0.307924, 0.81652, -0.488342)","(0.00112062, -0.996942, -0.078142)","(0.625937, -0.770881, 0.118089)","(-0.277075, -0.944343, -0.17733)","(0.6214, -0.783486, -0.00347597)",0
13.9667,"(-0.216856, -0.0261303, 3.91306e-05)","(-0.0627009, 0.995687, 0.0683745)","(-0.402451, -0.800763, 0.443636)","(0.47278, 0.317382, -0.822039)","(0.670516, -0.664545, 0.329829)","(-0.175998, 0.809405, -0.560257)","(-0.0182225, -0.995716, -0.0906481)","(0.631149, -0.77318, 0.0619984)","(-0.336773, -0.922617, -0.188048)","(0.508408, -0.859115, -0.0586694)",0
14,"(-0.210177, -0.0264328, 4.07477e-05)","(-0.0717519, 0.996038, 0.0525348)","(-0.392687, -0.819648, 0.417101)","(0.502114, -0.108141, -0.858014)","(0.681216, -0.637393, 0.360104)","(0.0847473, 0.842243, -0.532395)","(-0.0481548, -0.994469, -0.0933408)","(0.602223, -0.797168, 0.0430129)","(-0.383987, -0.904745, -0.184365)","(0.402664, -0.911045, -0.0886543)",0
14.0333,"(-0.203074, -0.0302387, 3.24329e-05)","(-0.0738962, 0.99653, 0.0383043)","(-0.406072, -0.819208, 0.404974)","(0.391191, -0.54692, -0.740167)","(0.650661, -0.602104, 0.462721)","(0.529248, 0.796626, -0.292032)","(-0.0813797, -0.992304, -0.0933258)","(0.563801, -0.822081, 0.0794419)","(-0.414059, -0.892067, -0.181028)","(0.309373, -0.948415, -0.069261)",0
14.0667,"(-0.19655, -0.0359368, 2.37619e-05)","(-0.0750942, 0.996591, 0.0341666)","(-0.409642, -0.813866, 0.412086)","(0.214976, -0.806593, -0.55063)","(0.612398, -0.532091, 0.584677)","(0.918562, 0.372323, 0.132741)","(-0.118234, -0.987495, -0.104276)","(0.515654, -0.84823, 0.120857)","(-0.42433, -0.882666, -0.2021)","(0.259612, -0.964502, -0.0483519)",0
14.1,"(-0.189409, -0.0435437, 1.07133e-05)","(-0.0692691, 0.997006, 0.0343647)","(-0.417859, -0.800956, 0.428794)","(0.0773486, -0.924485, -0.373288)","(0.57776, -0.501912, 0.643644)","(0.880951, -0.218207, 0.419893)","(-0.146717, -0.982438, -0.115278)","(0.471927, -0.866876, 0.160658)","(-0.440531, -0.870893, -0.217892)","(0.218192, -0.975688, -0.020626)",0
14.1333,"(-0.18188, -0.0532366, -6.22729e-07)","(-0.0719955, 0.996772, 0.0355375)","(-0.443653, -0.827073, 0.345141)","(-0.124794, -0.935393, -0.330858)","(0.68213, -0.580969, 0.444043)","(0.689111, -0.557165, 0.463351)","(-0.222499, -0.964987, -0.138906)","(0.432093, -0.882558, 0.185439)","(-0.440913, -0.865978, -0.235963)","(0.191047, -0.981425, -0.0174968)",0
14.1667,"(-0.173359, -0.0619399, -1.65103e-05)","(-0.0722692, 0.996924, 0.0303434)","(-0.474214, -0.853513, 0.215953)","(-0.286955, -0.909833, -0.299769)","(0.747714, -0.644118, 0.161357)","(0.58501, -0.680083, 0.441872)","(-0.302873, -0.941153, -0.149997)","(0.400323, -0.870486, 0.28635)","(-0.447064, -0.861032, -0.2424)","(0.148177, -0.988944, -0.00584102)",0
14.2,"(-0.162871, -0.0666092, -2.24891e-05)","(-0.0750554, 0.996919, 0.022803)","(-0.496681, -0.864826, 0.0733773)","(-0.419146, -0.850156, -0.318671)","(0.757927, -0.643351, -0.107921)","(0.525628, -0.730012, 0.436805)","(-0.37652, -0.912697, -0.158797)","(0.392983, -0.842882, 0.367579)","(-0.476272, -0.84502, -0.243118)","(0.0896339, -0.995406, -0.033662)",0
14.2333,"(-0.149385, -0.0691115, -2.43171e-05)","(-0.0751382, 0.996982, 0.0195359)","(-0.517698, -0.854416, 0.044308)","(-0.423133, -0.848096, -0.318891)","(0.758161, -0.645017, -0.0956256)","(0.497555, -0.766358, 0.406367)","(-0.396295, -0.905048, -0.154396)","(0.386358, -0.857012, 0.340965)","(-0.553892, -0.798601, -0.235457)","(0.0185279, -0.995129, -0.0968238)",0
14.2667,"(-0.135036, -0.0699226, -1.98013e-05)","(-0.0908429, 0.995653, 0.0205476)","(-0.522553, -0.851025, 0.0519043)","(-0.406842, -0.856426, -0.317828)","(0.772989, -0.632136, -0.0537755)","(0.499587, -0.771598, 0.393763)","(-0.390675, -0.908662, -0.147332)","(0.35833, -0.907327, 0.219904)","(-0.6355, -0.740468, -0.218741)","(-0.0571136, -0.981753, -0.181383)",0
14.3,"(-0.119768, -0.0681889, -1.36519e-05)","(-0.119994, 0.992315, 0.0302162)","(-0.490043, -0.867382, 0.0866433)","(-0.375089, -0.865113, -0.332999)","(0.786679, -0.6054, 0.120945)","(0.547276, -0.74187, 0.387451)","(-0.360521, -0.925899, -0.112852)","(0.320252, -0.938346, 0.130174)","(-0.699604, -0.671179, -0.245097)","(-0.122976, -0.962817, -0.240543)",0
14.3333,"(-0.104228, -0.0653092, -9.62862e-06)","(-0.151295, 0.987609, 0.0416944)","(-0.418402, -0.887922, 0.191139)","(-0.318346, -0.887288, -0.333732)","(0.748523, -0.538624, 0.386778)","(0.668992, -0.625893, 0.400883)","(-0.250988, -0.966354, -0.0562671)","(0.260728, -0.958534, 0.11504)","(-0.76842, -0.557069, -0.314968)","(-0.187939, -0.942394, -0.276716)",0
14.3667,"(-0.0900704, -0.0607917, -4.27575e-06)","(-0.172814, 0.983423, 0.0548966)","(-0.332197, -0.896064, 0.294474)","(-0.209434, -0.915696, -0.342984)","(0.650608, -0.437708, 0.620581)","(0.781018, -0.481532, 0.397666)","(-0.0610613, -0.998043, 0.0134497)","(0.209988, -0.971365, 0.111151)","(-0.817576, -0.407957, -0.406375)","(-0.263623, -0.919623, -0.291198)",0
14.4,"(-0.0777218, -0.0550298, 4.30411e-07)","(-0.181476, 0.98158, 0.0597176)","(-0.27474, -0.879358, 0.388905)","(-0.0421801, -0.937631, -0.345064)","(0.583175, -0.379055, 0.718488)","(0.889929, -0.187273, 0.415878)","(0.171428, -0.982866, 0.067723)","(0.110095, -0.99373, 0.019466)","(-0.857032, -0.269351, -0.439257)","(-0.280904, -0.915343, -0.288513)",0
14.4333,"(-0.0670743, -0.0487868, 1.99354e-06)","(-0.181156, 0.981502, 0.0619301)","(-0.263133, -0.877546, 0.400842)","(0.171397, -0.945662, -0.276309)","(0.591149, -0.401212, 0.699695)","(0.849031, 0.0837713, 0.52166)","(0.334267, -0.937543, 0.0963291)","(0.025856, -0.997297, -0.0687701)","(-0.86698, -0.228088, -0.443081)","(-0.275868, -0.923161, -0.267715)",0
14.4667,"(-0.057403, -0.0416654, 9.64343e-06)","(-0.165367, 0.984227, 0.0628633)","(-0.261624, -0.870721, 0.416411)","(0.403204, -0.886551, -0.226835)","(0.579278, -0.445641, 0.682526)","(0.703652, 0.396429, 0.589676)","(0.428161, -0.897863, 0.102565)","(-0.0480867, -0.989814, -0.133999)","(-0.863478, -0.241027, -0.443071)","(-0.242222, -0.940056, -0.240049)",0
14.5,"(-0.0483996, -0.0344274, 2.15394e-05)","(-0.148636, 0.986788, 0.0644792)","(-0.273643, -0.866562, 0.417361)","(0.621, -0.755729, -0.207925)","(0.588356, -0.494546, 0.639736)","(0.590435, 0.627656, 0.50738)","(0.471894, -0.877885, 0.0814497)","(-0.0939881, -0.986957, -0.130701)","(-0.775329, -0.417549, -0.473833)","(-0.259869, -0.941634, -0.213993)",0
14.5333,"(-0.0388018, -0.0281589, 3.08817e-05)","(-0.127758, 0.989616, 0.0658655)","(-0.289137, -0.859607, 0.421278)","(0.750672, -0.556067, -0.356764)","(0.599128, -0.539487, 0.591607)","(0.541602, 0.815583, 0.203695)","(0.515147, -0.856764, 0.0240836)","(-0.13453, -0.984889, -0.109067)","(-0.591876, -0.667047, -0.452472)","(-0.284358, -0.93581, -0.208327)",0
14.5667,"(-0.0286996, -0.0233909, 3.66834e-05)","(-0.117907, 0.991256, 0.0592326)","(-0.347542, -0.836874, 0.422914)","(0.806648, -0.33965, -0.48369)","(0.625711, -0.610987, 0.484954)","(0.452058, 0.889329, -0.0688347)","(0.557366, -0.829677, -0.0312912)","(-0.186172, -0.977944, -0.0946896)","(-0.348072, -0.880652, -0.321399)","(-0.327344, -0.924695, -0.194386)",0
14.6,"(-0.0175089, -0.019447, 4.26834e-05)","(-0.104587, 0.993569, 0.0433766)","(-0.403542, -0.8294, 0.386328)","(0.769795, -0.223301, -0.597956)","(0.646301, -0.658029, 0.386383)","(0.265115, 0.948313, -0.1744)","(0.581271, -0.812086, -0.0513763)","(-0.210396, -0.97407, -0.0831956)","(-0.134706, -0.978569, -0.155745)","(-0.370238, -0.912049, -0.176327)",0
14.6333,"(-0.00582722, -0.0171194, 4.20166e-05)","(-0.0884903, 0.996062, 0.00556125)","(-0.460746, -0.836919, 0.295431)","(0.842465, -0.269833, -0.466308)","(0.677516, -0.699286, 0.227971)","(-0.0242481, 0.996734, 0.0770249)","(0.586282, -0.809775, -0.0232064)","(-0.239931, -0.968489, -0.0667983)","(0.0746749, -0.996874, -0.0258033)","(-0.410956, -0.899715, -0.147063)",0
14.6667,"(0.00623359, -0.0174884, 3.69744e-05)","(-0.0664585, 0.997256, -0.0326269)","(-0.473411, -0.853527, 0.217657)","(0.909372, -0.409724, -0.0718975)","(0.702094, -0.703076, 0.112903)","(-0.32074, 0.846114, 0.425695)","(0.578779, -0.815479, 0.00312085)","(-0.277652, -0.959673, -0.0440115)","(0.265789, -0.963703, 0.0251417)","(-0.436153, -0.890904, -0.126728)",0
14.7,"(0.0189457, -0.0210079, 3.1122e-05)","(-0.0461168, 0.996334, -0.0720499)","(-0.473049, -0.855134, 0.212061)","(0.817155, -0.447744, 0.36302)","(0.707069, -0.701867, 0.0862335)","(-0.46021, 0.505349, 0.729952)","(0.561243, -0.827587, 0.0102402)","(-0.322398, -0.946235, -0.026453)","(0.356033, -0.933759, 0.036532)","(-0.4803, -0.867661, -0.128364)",0
14.7333,"(0.0327728, -0.0261464, 2.66673e-05)","(-0.0375986, 0.995317, -0.0890511)","(-0.448952, -0.852856, 0.266607)","(0.7344, -0.411489, 0.539753)","(0.70181, -0.697702, 0.143786)","(-0.500002, 0.315092, 0.806669)","(0.546475, -0.837387, 0.0122012)","(-0.367651, -0.929632, -0.0248407)","(0.351964, -0.935228, 0.0383359)","(-0.530433, -0.83548, -0.143575)",0
14.7667,"(0.0473042, -0.0315962, 2.45036e-05)","(-0.0393715, 0.994486, -0.0971972)","(-0.443511, -0.858012, 0.259062)","(0.761292, -0.430478, 0.484895)","(0.704025, -0.693503, 0.152977)","(-0.51303, 0.2229, 0.828925)","(0.530776, -0.846915, 0.031819)","(-0.403109, -0.914738, -0.0275413)","(0.307717, -0.949543, 0.0606564)","(-0.574254, -0.800528, -0.171427)",0
14.8,"(0.0621206, -0.0363586, 2.14802e-05)","(-0.0598608, 0.993737, -0.0943553)","(-0.426728, -0.874602, 0.230161)","(0.836609, -0.441069, 0.324874)","(0.72342, -0.682341, 0.105233)","(-0.419004, 0.427482, 0.801059)","(0.51565, -0.855915, 0.0389119)","(-0.424337, -0.905044, -0.0288842)","(0.277098, -0.959605, 0.048733)","(-0.615681, -0.765069, -0.1887)",0
14.8333,"(0.0770964, -0.0389505, 1.8624e-05)","(-0.0840797, 0.9925, -0.0887407)","(-0.407887, -0.891125, 0.198805)","(0.88261, -0.440067, 0.165351)","(0.765462, -0.634322, 0.108187)","(-0.207401, 0.622281, 0.754819)","(0.487072, -0.872526, 0.0382048)","(-0.401464, -0.915373, -0.0303246)","(0.248319, -0.96856, 0.0151594)","(-0.660214, -0.720117, -0.213421)",0
14.8667,"(0.0914284, -0.0399595, 1.72806e-05)","(-0.109486, 0.990569, -0.0823746)","(-0.376813, -0.902109, 0.210266)","(0.907752, -0.418532, -0.0285863)","(0.811661, -0.55519, 0.181578)","(0.0516319, 0.796595, 0.602304)","(0.442931, -0.896113, 0.0281658)","(-0.315415, -0.948465, -0.0304648)","(0.232776, -0.972123, -0.0281378)","(-0.739704, -0.63044, -0.235337)",0
14.9,"(0.105067, -0.0397698, 1.72836e-05)","(-0.125192, 0.989187, -0.0763895)","(-0.367141, -0.907904, 0.20228)","(0.895666, -0.439997, -0.0646932)","(0.844797, -0.44076, 0.303396)","(0.177951, 0.75188, 0.63483)","(0.4064, -0.913206, 0.0298961)","(-0.195704, -0.9803, -0.0266648)","(0.183422, -0.981549, -0.0540227)","(-0.78319, -0.563055, -0.263784)",0
14.9333,"(0.117903, -0.0391722, 1.58833e-05)","(-0.141268, 0.987667, -0.0675024)","(-0.371423, -0.905131, 0.20684)","(0.874718, -0.472567, -0.107465)","(0.851603, -0.333963, 0.40403)","(0.295373, 0.703355, 0.646565)","(0.374527, -0.926588, 0.0341058)","(-0.101903, -0.994548, -0.0221363)","(0.09019, -0.992567, -0.0817063)","(-0.787591, -0.543085, -0.291135)",0
14.9667,"(0.130048, -0.0388257, 1.54886e-05)","(-0.160418, 0.985691, -0.0517692)","(-0.372425, -0.904518, 0.207717)","(0.84206, -0.530961, -0.0949477)","(0.833941, -0.242922, 0.49551)","(0.3972, 0.616483, 0.679839)","(0.333792, -0.942392, 0.021911)","(-0.0549123, -0.998419, -0.0120307)","(0.00469446, -0.993759, -0.111447)","(-0.707847, -0.645739, -0.28631)",0
15,"(0.141946, -0.0383016, 1.21159e-05)","(-0.175668, 0.983816, -0.0352963)","(-0.368606, -0.903571, 0.218379)","(0.810992, -0.571007, -0.12745)","(0.818409, -0.203229, 0.537499)","(0.532313, 0.568483, 0.627272)","(0.285359, -0.958403, 0.00574311)","(-0.0228651, -0.999691, -0.00977804)","(-0.052403, -0.989111, -0.137527)","(-0.641454, -0.719353, -0.266587)",0
15.0333,"(0.153925, -0.0373241, 9.47765e-06)","(-0.187202, 0.982146, -0.0185691)","(-0.365107, -0.904373, 0.220923)","(0.766143, -0.629938, -0.12729)","(0.805337, -0.189879, 0.561586)","(0.601516, 0.515554, 0.610232)","(0.24221, -0.97022, -0.00256037)","(0.0342444, -0.999286, -0.0159848)","(-0.0989742, -0.983645, -0.150485)","(-0.563599, -0.787528, -0.249309)",0
15.0667,"(0.165116, -0.0364061, 7.4455e-06)","(-0.193629, 0.980999, -0.0121558)","(-0.374438, -0.898108, 0.230649)","(0.72597, -0.677111, -0.120365)","(0.791505, -0.188943, 0.581223)","(0.623271, 0.48629, 0.612418)","(0.219769, -0.975519, 0.00801908)","(0.122808, -0.992085, -0.0261776)","(-0.147098, -0.9776, -0.150533)","(-0.524502, -0.807729, -0.269206)",0
15.1,"(0.176002, -0.0355623, 6.5682e-06)","(-0.198005, 0.980199, 0.00213974)","(-0.383607, -0.88812, 0.253156)","(0.681287, -0.726293, -0.0913559)","(0.775884, -0.191252, 0.601188)","(0.605418, 0.463235, 0.647211)","(0.194145, -0.980536, 0.0292751)","(0.232379, -0.970527, -0.0638535)","(-0.221124, -0.965716, -0.136002)","(-0.369498, -0.872766, -0.318984)",0
15.1333,"(0.186937, -0.0347329, 5.87809e-06)","(-0.195824, 0.980561, 0.0123523)","(-0.399072, -0.86772, 0.296317)","(0.655597, -0.751321, -0.0755637)","(0.768188, -0.215994, 0.602689)","(0.60031, 0.463666, 0.651646)","(0.171738, -0.984833, 0.0246775)","(0.314733, -0.946184, -0.0753668)","(-0.265329, -0.952651, -0.148518)","(-0.202395, -0.933077, -0.297329)",0
15.1667,"(0.198028, -0.0346054, 8.36863e-06)","(-0.185276, 0.982349, 0.0257429)","(-0.417222, -0.837448, 0.352997)","(0.640994, -0.755764, -0.133969)","(0.757004, -0.271451, 0.594356)","(0.627882, 0.491072, 0.603832)","(0.136729, -0.99051, 0.0139447)","(0.360419, -0.929877, -0.073675)","(-0.320556, -0.933793, -0.158978)","(0.0100552, -0.972671, -0.231969)",0
15.2,"(0.209217, -0.034755, 9.41991e-06)","(-0.174912, 0.984156, 0.0290247)","(-0.4394, -0.801526, 0.405567)","(0.629046, -0.740167, -0.237598)","(0.748164, -0.351989, 0.562454)","(0.677809, 0.533755, 0.505649)","(0.0684552, -0.997436, -0.020861)","(0.364388, -0.93078, -0.0294878)","(-0.34078, -0.917561, -0.204818)","(0.135592, -0.981153, -0.137672)",0
15.2333,"(0.221053, -0.035199, 9.68776e-06)","(-0.167076, 0.985442, 0.0314722)","(-0.457871, -0.774431, 0.436591)","(0.612083, -0.710313, -0.347578)","(0.726587, -0.424486, 0.540262)","(0.716698, 0.572017, 0.398924)","(-0.0129803, -0.99894, -0.0441555)","(0.353685, -0.935363, -0.0014635)","(-0.35786, -0.906092, -0.225684)","(0.228279, -0.967587, -0.107996)",0
15.2667,"(0.23356, -0.036235, 9.23774e-06)","(-0.166915, 0.985562, 0.0284085)","(-0.46011, -0.768017, 0.445476)","(0.588921, -0.705277, -0.39466)","(0.706955, -0.469173, 0.529237)","(0.729792, 0.590869, 0.343915)","(-0.0840927, -0.993763, -0.073235)","(0.333374, -0.942727, 0.0113211)","(-0.375947, -0.890904, -0.25486)","(0.246333, -0.962976, -0.109533)",0
15.3,"(0.246561, -0.0367784, 6.92881e-06)","(-0.173083, 0.984609, 0.0242443)","(-0.44979, -0.77748, 0.439561)","(0.561851, -0.720759, -0.405992)","(0.691721, -0.491318, 0.529271)","(0.727633, 0.606969, 0.319591)","(-0.109605, -0.989139, -0.0979366)","(0.306436, -0.951853, 0.00850393)","(-0.419362, -0.864879, -0.275898)","(0.217848, -0.968903, -0.117343)",0
15.3333,"(0.258865, -0.035358, 5.31464e-06)","(-0.1856, 0.982472, 0.0173374)","(-0.427896, -0.794574, 0.430764)","(0.529615, -0.756269, -0.384141)","(0.680148, -0.507741, 0.52877)","(0.710319, 0.616751, 0.339212)","(-0.0991952, -0.989792, -0.102334)","(0.287848, -0.957664, 0.00472768)","(-0.484943, -0.830769, -0.273226)","(0.156162, -0.981502, -0.110757)",0
15.3667,"(0.269849, -0.0331796, 4.84488e-06)","(-0.199502, 0.97981, 0.0130728)","(-0.399968, -0.822489, 0.404397)","(0.502755, -0.79661, -0.335633)","(0.679253, -0.512601, 0.52522)","(0.660522, 0.617797, 0.426658)","(-0.0101111, -0.997961, -0.0630221)","(0.25143, -0.967835, 0.0088769)","(-0.561165, -0.789524, -0.248488)","(0.0809393, -0.989425, -0.120362)",0
15.4,"(0.279369, -0.0309348, 5.4033e-06)","(-0.210305, 0.977586, 0.0099188)","(-0.376156, -0.85317, 0.361397)","(0.493972, -0.837595, -0.233294)","(0.684692, -0.515146, 0.515579)","(0.581933, 0.591525, 0.558079)","(0.129965, -0.991504, -0.0054203)","(0.207739, -0.978007, 0.0186331)","(-0.608235, -0.761622, -0.223566)","(-0.0365897, -0.990198, -0.134795)",0
15.4333,"(0.287116, -0.0281344, 7.39521e-06)","(-0.215135, 0.976553, 0.00776318)","(-0.363406, -0.871123, 0.330273)","(0.492287, -0.859391, -0.138205)","(0.691929, -0.492443, 0.527952)","(0.509848, 0.56841, 0.645729)","(0.310196, -0.947378, 0.0790787)","(0.165962, -0.985727, 0.0282575)","(-0.700196, -0.660534, -0.270962)","(-0.112609, -0.981821, -0.152796)",0
15.4667,"(0.293123, -0.0258267, 1.10754e-05)","(-0.216985, 0.976174, 0.00127954)","(-0.36391, -0.872135, 0.327032)","(0.498738, -0.864896, -0.0567004)","(0.707492, -0.447497, 0.546993)","(0.455859, 0.582819, 0.672692)","(0.465562, -0.87474, 0.134467)","(0.141988, -0.989677, 0.0194438)","(-0.782806, -0.536835, -0.314679)","(-0.138095, -0.975414, -0.171748)",0
15.5,"(0.2985, -0.0260091, 1.36541e-05)","(-0.216764, 0.976161, -0.0110639)","(-0.371688, -0.856839, 0.357317)","(0.488755, -0.872355, 0.0106828)","(0.738097, -0.315991, 0.596123)","(0.39027, 0.628188, 0.673105)","(0.586594, -0.788507, 0.184838)","(0.128698, -0.991655, 0.00758937)","(-0.841755, -0.427201, -0.330072)","(-0.0968261, -0.978317, -0.183086)",0
15.5333,"(0.303088, -0.0271396, 1.53293e-05)","(-0.216722, 0.975883, -0.0261562)","(-0.371662, -0.839404, 0.396571)","(0.46341, -0.876003, 0.133676)","(0.775639, -0.0810872, 0.625946)","(0.291683, 0.663398, 0.689075)","(0.650826, -0.736598, 0.18398)","(0.117962, -0.992992, -0.00726583)","(-0.860456, -0.407217, -0.306251)","(-0.0688679, -0.980223, -0.185526)",0
15.5667,"(0.306585, -0.0280758, 1.56192e-05)","(-0.206729, 0.977854, -0.0326262)","(-0.367103, -0.817898, 0.443033)","(0.392487, -0.866893, 0.307328)","(0.76923, 0.194427, 0.608673)","(0.190879, 0.671477, 0.716019)","(0.676168, -0.716016, 0.173545)","(0.109929, -0.993755, -0.0191604)","(-0.855617, -0.419977, -0.302555)","(-0.0609546, -0.982067, -0.178405)",0
15.6,"(0.309909, -0.0289409, 1.6115e-05)","(-0.182528, 0.982572, -0.0351442)","(-0.338087, -0.807305, 0.48369)","(0.297764, -0.855229, 0.424169)","(0.696088, 0.376728, 0.611178)","(0.133107, 0.655488, 0.743383)","(0.682253, -0.71378, 0.158268)","(0.101584, -0.994413, -0.0286993)","(-0.842659, -0.436362, -0.315459)","(-0.0573532, -0.983221, -0.173166)",0
15.6333,"(0.31295, -0.0292295, 1.65617e-05)","(-0.153602, 0.987886, -0.0220917)","(-0.293779, -0.81764, 0.495136)","(0.185101, -0.885573, 0.426025)","(0.571513, 0.452296, 0.684691)","(0.152864, 0.633773, 0.758264)","(0.67419, -0.725816, 0.136601)","(0.0887822, -0.995255, -0.039807)","(-0.804523, -0.482766, -0.345948)","(-0.0626457, -0.983753, -0.168244)",0
15.6667,"(0.316014, -0.0290365, 1.2199e-05)","(-0.14163, 0.989919, -0.00128568)","(-0.218232, -0.859994, 0.461286)","(0.123297, -0.935232, 0.331872)","(0.414124, 0.468226, 0.780555)","(0.261615, 0.565028, 0.782497)","(0.649817, -0.752458, 0.107448)","(0.0720431, -0.995978, -0.0532775)","(-0.731676, -0.584641, -0.350493)","(-0.0804693, -0.981902, -0.171446)",0
15.7,"(0.319167, -0.0285934, 7.91489e-06)","(-0.149588, 0.988148, 0.0344604)","(-0.162898, -0.90017, 0.403929)","(0.123374, -0.984008, 0.128479)","(0.337093, 0.252332, 0.907026)","(0.581656, 0.399527, 0.708558)","(0.619992, -0.782223, 0.0611276)","(0.0559085, -0.996076, -0.0686091)","(-0.626299, -0.712289, -0.316851)","(-0.107626, -0.978471, -0.176102)",0
15.7333,"(0.322168, -0.0289347, 5.13359e-06)","(-0.165565, 0.98475, 0.0534373)","(-0.0886846, -0.927222, 0.36386)","(0.206936, -0.975757, -0.0712502)","(0.33507, -0.117205, 0.934875)","(0.835217, 0.0341605, 0.548858)","(0.550653, -0.834399, 0.0236794)","(0.041543, -0.996499, -0.0725478)","(-0.47073, -0.847555, -0.24508)","(-0.144514, -0.972904, -0.180484)",0
15.7667,"(0.324829, -0.0295253, 1.78381e-06)","(-0.168595, 0.983145, 0.0707246)","(0.0190577, -0.942587, 0.333415)","(0.310247, -0.926665, -0.212223)","(0.359411, -0.545122, 0.757407)","(0.906016, -0.263575, 0.331155)","(0.462588, -0.886389, -0.0180951)","(0.0311541, -0.99687, -0.0726583)","(-0.336208, -0.922692, -0.188691)","(-0.165998, -0.969917, -0.178058)",0
15.8,"(0.327349, -0.0323865, -3.83938e-07)","(-0.16442, 0.982634, 0.0859973)","(0.190743, -0.944435, 0.267693)","(0.398157, -0.886718, -0.234952)","(0.458944, -0.745764, 0.482914)","(0.855583, -0.415717, 0.308475)","(0.337239, -0.940127, -0.0493152)","(0.0129824, -0.997061, -0.0755082)","(-0.220483, -0.95823, -0.182158)","(-0.161394, -0.970668, -0.178199)",0
15.8333,"(0.328654, -0.0358504, 1.82665e-06)","(-0.155324, 0.981101, 0.115389)","(0.350537, -0.920675, 0.1717)","(0.462511, -0.860147, -0.215012)","(0.571407, -0.784741, 0.240155)","(0.856493, -0.404813, 0.320228)","(0.279481, -0.957247, -0.0746282)","(-0.00218072, -0.996186, -0.0872228)","(-0.171804, -0.966708, -0.18963)","(-0.131739, -0.973134, -0.188825)",0
15.8667,"(0.329292, -0.0395428, 6.46948e-06)","(-0.146393, 0.980152, 0.133681)","(0.461623, -0.880573, 0.107214)","(0.516017, -0.830653, -0.209146)","(0.704522, -0.707407, 0.0567827)","(0.87183, -0.371207, 0.319559)","(0.251323, -0.964232, -0.0842178)","(-0.00375782, -0.995551, -0.0941502)","(-0.132269, -0.970749, -0.200378)","(-0.106398, -0.975334, -0.193397)",0
15.9,"(0.329752, -0.042339, 1.03151e-05)","(-0.141515, 0.980944, 0.133127)","(0.528164, -0.84463, 0.0874245)","(0.576784, -0.789126, -0.211188)","(0.791923, -0.610553, 0.00915006)","(0.885721, -0.353607, 0.300766)","(0.263334, -0.961302, -0.080957)","(0.00883807, -0.995287, -0.0965664)","(-0.130456, -0.971548, -0.197675)","(-0.097285, -0.975626, -0.196699)",0
15.9333,"(0.329973, -0.0447763, 1.34477e-05)","(-0.133774, 0.985355, 0.105738)","(0.587722, -0.805886, 0.0716283)","(0.631515, -0.743031, -0.221571)","(0.869227, -0.493956, -0.0212772)","(0.896701, -0.338127, 0.285652)","(0.266565, -0.961019, -0.0733843)","(0.0212586, -0.995724, -0.0898943)","(-0.126909, -0.975642, -0.17893)","(-0.10034, -0.978072, -0.182503)",0
15.9667,"(0.329865, -0.047248, 1.45049e-05)","(-0.125517, 0.988865, 0.0799413)","(0.636634, -0.769256, 0.0542436)","(0.676428, -0.701106, -0.225601)","(0.915436, -0.402356, -0.00934675)","(0.911634, -0.287823, 0.293395)","(0.26616, -0.96167, -0.0659449)","(0.0271056, -0.99619, -0.0828959)","(-0.134978, -0.978593, -0.155357)","(-0.0982345, -0.980557, -0.169876)",0
16,"(0.329803, -0.0493822, 1.44546e-05)","(-0.110576, 0.991896, 0.0625707)","(0.692739, -0.72001, 0.041217)","(0.705308, -0.674529, -0.218061)","(0.971233, -0.237994, -0.00808113)","(0.939673, -0.128056, 0.3172)","(0.260194, -0.963621, -0.061097)","(0.0290022, -0.996606, -0.0770401)","(-0.138551, -0.980129, -0.141956)","(-0.0985748, -0.981951, -0.161418)",0
16.0333,"(0.329888, -0.0522217, 9.45306e-06)","(-0.0948501, 0.993681, 0.0600116)","(0.725094, -0.686989, 0.0477973)","(0.695304, -0.692139, -0.193637)","(0.998492, -0.0471215, -0.0281588)","(0.910674, 0.0629005, 0.408309)","(0.251382, -0.966204, -0.0570662)","(0.030785, -0.996743, -0.0745331)","(-0.140204, -0.979571, -0.144164)","(-0.100148, -0.982247, -0.158623)",0
16.0667,"(0.33041, -0.0558863, 3.67439e-06)","(-0.0753517, 0.995792, 0.0521603)","(0.747488, -0.663662, 0.0285394)","(0.646103, -0.760458, -0.0652271)","(0.962959, 0.180191, -0.200603)","(0.795495, 0.231319, 0.56007)","(0.245039, -0.967982, -0.0544598)","(0.027624, -0.996885, -0.073879)","(-0.138503, -0.977745, -0.157582)","(-0.102298, -0.982505, -0.155622)",0
16.1,"(0.33091, -0.060754, 1.16727e-06)","(-0.0591951, 0.997469, 0.0394003)","(0.760086, -0.645713, -0.0729667)","(0.57888, -0.805535, 0.126533)","(0.827995, 0.334947, -0.449704)","(0.608322, 0.341868, 0.716289)","(0.232149, -0.970432, -0.066097)","(0.0251641, -0.996777, -0.0761775)","(-0.132273, -0.976151, -0.172141)","(-0.106144, -0.983839, -0.144202)",0
16.1333,"(0.331618, -0.0646217, -1.19791e-06)","(-0.0433558, 0.99865, 0.0286091)","(0.785128, -0.584821, -0.203857)","(0.522419, -0.786586, 0.329181)","(0.532143, 0.484327, -0.694443)","(0.398135, 0.41577, 0.817694)","(0.202571, -0.975215, -0.088995)","(0.0224989, -0.996476, -0.0808042)","(-0.109623, -0.976552, -0.18528)","(-0.109161, -0.98508, -0.133045)",0
16.1667,"(0.332826, -0.0683451, 4.34881e-07)","(-0.0389852, 0.999059, 0.0190213)","(0.808172, -0.503408, -0.305677)","(0.512872, -0.73596, 0.441957)","(0.216434, 0.553091, -0.804516)","(0.190801, 0.458396, 0.868025)","(0.172919, -0.978498, -0.112429)","(0.0230545, -0.996433, -0.0811758)","(-0.0948457, -0.976804, -0.191987)","(-0.120804, -0.986126, -0.113847)",0
16.2,"(0.334263, -0.0710077, 6.52908e-06)","(-0.0378482, 0.999207, 0.0123565)","(0.829327, -0.452217, -0.328203)","(0.516596, -0.686095, 0.512252)","(-0.0142712, 0.54266, -0.839831)","(0.00712917, 0.411661, 0.911309)","(0.152264, -0.980603, -0.123426)","(0.0220935, -0.996982, -0.074427)","(-0.0887509, -0.979101, -0.182987)","(-0.137173, -0.985719, -0.0976788)",0
16.2333,"(0.335793, -0.0728777, 1.37513e-05)","(-0.0425989, 0.999091, 0.00165815)","(0.830549, -0.447593, -0.331436)","(0.513954, -0.660354, 0.547526)","(-0.11836, 0.505672, -0.854568)","(-0.131341, 0.347244, 0.928532)","(0.150851, -0.980825, -0.123395)","(0.0179345, -0.998442, -0.0528311)","(-0.106715, -0.980728, -0.163661)","(-0.158882, -0.983807, -0.0829437)",0
16.2667,"(0.337722, -0.0735602, 1.78342e-05)","(-0.0498599, 0.998745, -0.00478863)","(0.822221, -0.460907, -0.333942)","(0.506495, -0.656923, 0.558494)","(-0.13191, 0.491166, -0.86102)","(-0.18214, 0.288171, 0.940097)","(0.152989, -0.980836, -0.120643)","(0.0148757, -0.999022, -0.0416373)","(-0.126343, -0.980655, -0.149511)","(-0.169938, -0.982304, -0.0787415)",0
16.3,"(0.340549, -0.0680609, 1.32964e-05)","(-0.0643926, 0.9979, -0.00700244)","(0.811768, -0.48814, -0.32055)","(0.450904, -0.695834, 0.559017)","(-0.0817434, 0.531717, -0.842968)","(-0.163702, 0.287561, 0.943668)","(0.157916, -0.980734, -0.114996)","(0.0107552, -0.999764, -0.0188835)","(-0.143725, -0.980097, -0.136942)","(-0.177806, -0.981477, -0.0713233)",0
16.3333,"(0.343042, -0.0595634, 5.73113e-06)","(-0.0876059, 0.996083, -0.0119973)","(0.781774, -0.584048, -0.218444)","(0.346844, -0.732187, 0.586175)","(0.248047, 0.56429, -0.787432)","(-0.0773127, 0.345475, 0.935238)","(0.153737, -0.983234, -0.0980602)","(0, 0, 0)","(-0.140137, -0.980097, -0.140613)","(0, 0, 0)",0
16.4333,"(0.344473, -0.0485334, -8.78284e-07)","(-0.103676, 0.994236, -0.0272947)","(0.662998, -0.744904, -0.0745109)","(0.246398, -0.759928, 0.601497)","(0.660332, 0.449944, -0.601259)","(-0.0319746, 0.405333, 0.91361)","(0.151212, -0.985495, -0.0770314)","(-0.102963, -0.993273, 0.0529768)","(-0.12625, -0.976683, -0.173642)","(-0.273464, -0.934616, -0.2274)",0
16.4667,"(0.345383, -0.0361635, -6.74245e-06)","(-0.0988645, 0.994098, -0.044657)","(0.402302, -0.902713, 0.152521)","(0.218077, -0.778284, 0.588827)","(0.964651, 0.233952, -0.121302)","(-0.0411578, 0.483456, 0.874401)","(0.178787, -0.98219, -0.057768)","(-0.107825, -0.993123, 0.0456021)","(-0.108059, -0.972817, -0.204818)","(-0.273679, -0.928831, -0.249746)",0
16.5,"(0.346203, -0.0246228, -8.99364e-06)","(-0.0811438, 0.995105, -0.0564057)","(0.101743, -0.953142, 0.284901)","(0.266493, -0.796704, 0.542443)","(0.974648, -0.0402415, 0.220094)","(-0.0876747, 0.521643, 0.848647)","(0.214027, -0.975617, -0.0486285)","(-0.119788, -0.991964, 0.0407335)","(-0.0971515, -0.973172, -0.208562)","(-0.261715, -0.929728, -0.259058)",0
16.5333,"(0.346149, -0.0191958, -2.8715e-06)","(-0.068201, 0.996214, -0.0539054)","(-0.156366, -0.901994, 0.402439)","(0.32269, -0.834006, 0.447554)","(0.836741, -0.217467, 0.502566)","(-0.0205493, 0.56947, 0.821755)","(0.237543, -0.970142, -0.0489726)","(-0.136645, -0.990423, 0.0197547)","(-0.0954285, -0.979516, -0.17732)","(-0.249242, -0.931712, -0.26418)",0
16.5667,"(0.346129, -0.0168637, 5.12185e-06)","(-0.074629, 0.996222, -0.0444001)","(-0.301359, -0.850133, 0.431805)","(0.390856, -0.890244, 0.233873)","(0.771331, -0.33848, 0.538961)","(0.210445, 0.619284, 0.756439)","(0.229698, -0.972341, -0.0423291)","(-0.151449, -0.988247, -0.0207744)","(-0.10143, -0.985962, -0.132633)","(-0.236876, -0.935716, -0.261392)",0
16.6,"(0.346129, -0.0168637, 5.12185e-06)","(-0.0938092, 0.995298, -0.0241147)","(-0.40624, -0.779125, 0.477423)","(0.47419, -0.875169, -0.0960407)","(0.716375, -0.38311, 0.583125)","(0.581885, 0.582399, 0.567645)","(0.221062, -0.974483, -0.0389197)","(-0.154307, -0.986315, -0.0580731)","(-0.124738, -0.984515, -0.123173)","(-0.238669, -0.934612, -0.263701)",0
16.6333,"(0.347638, -0.0150292, 1.02283e-05)","(-0.113584, 0.993516, -0.00498748)","(-0.46743, -0.746571, 0.473435)","(0.548149, -0.754184, -0.361577)","(0.702864, -0.432429, 0.56479)","(0.808209, 0.471311, 0.353078)","(0.212491, -0.976623, -0.0324689)","(-0.154648, -0.984211, -0.0860922)","(-0.132173, -0.983973, -0.119698)","(-0.238773, -0.929061, -0.282548)",0
16.6667,"(0.347845, -0.0106362, 7.67908e-06)","(-0.124552, 0.992213, -0.0002249)","(-0.496794, -0.746166, 0.443206)","(0.593597, -0.675386, -0.437603)","(0.691555, -0.506007, 0.515469)","(0.847099, 0.425603, 0.318255)","(0.205261, -0.978683, 0.00688111)","(-0.1542, -0.986684, -0.051749)","(-0.127513, -0.985488, -0.112041)","(-0.225787, -0.942093, -0.247953)",0
16.7,"(0.347577, -0.00420145, 8.68491e-06)","(-0.119531, 0.992766, -0.0113602)","(-0.501592, -0.779802, 0.374586)","(0.601189, -0.691308, -0.400831)","(0.691676, -0.543452, 0.475652)","(0.731936, 0.449963, 0.511666)","(0.190016, -0.981001, 0.0391399)","(-0.15149, -0.988273, -0.0191861)","(-0.098005, -0.990132, -0.100164)","(-0.208503, -0.954855, -0.211608)",0
16.7333,"(0.34694, 0.00247389, 1.01802e-05)","(-0.102582, 0.994314, -0.0285837)","(-0.497387, -0.813056, 0.302567)","(0.581298, -0.779427, -0.233637)","(0.687442, -0.556694, 0.466385)","(0.491188, 0.498759, 0.714125)","(0.181309, -0.981025, 0.068675)","(-0.147134, -0.988972, 0.0169103)","(-0.0791957, -0.992938, -0.0883279)","(-0.196906, -0.965398, -0.170982)",0
16.7667,"(0.346195, 0.00858943, 9.59947e-06)","(-0.076764, 0.99629, -0.0389005)","(-0.504548, -0.824251, 0.256986)","(0.569159, -0.822202, -0.00649645)","(0.688705, -0.528852, 0.495984)","(0.238171, 0.483121, 0.842537)","(0.191269, -0.980034, 0.0543122)","(-0.14845, -0.988854, 0.0114321)","(-0.0820584, -0.993068, -0.0841626)","(-0.218721, -0.959403, -0.178064)",0
16.8,"(0.346195, 0.00858943, 9.59947e-06)","(-0.057577, 0.997194, -0.0478349)","(-0.519515, -0.828762, 0.207985)","(0.547903, -0.812552, 0.198902)","(0.699562, -0.51226, 0.4982)","(0.0602298, 0.49288, 0.86801)","(0.208453, -0.976949, 0.0460289)","(-0.153724, -0.988073, 0.00893362)","(-0.0967118, -0.992536, -0.0742966)","(-0.256346, -0.950412, -0.176076)",0
16.8333,"(0.344744, 0.00458565, 8.30903e-06)","(-0.0470604, 0.997554, -0.0516929)","(-0.527768, -0.832508, 0.168494)","(0.576147, -0.794957, 0.189996)","(0.71004, -0.524206, 0.470161)","(0.132388, 0.520029, 0.843827)","(0.217376, -0.974861, 0.0489186)","(-0.158438, -0.98735, 0.00618343)","(-0.104828, -0.993086, -0.052833)","(-0.300616, -0.937651, -0.174471)",0
16.8667,"(0.344147, -0.00355228, 4.87878e-06)","(-0.0513878, 0.997689, -0.0444495)","(-0.527338, -0.83671, 0.147753)","(0.688717, -0.724498, 0.0277748)","(0.712776, -0.532637, 0.456343)","(0.437266, 0.49611, 0.750116)","(0.212586, -0.975298, 0.0600137)","(-0.158484, -0.987341, 0.00642275)","(-0.11757, -0.99154, -0.0550137)","(-0.321818, -0.930583, -0.174496)",0
16.9,"(0.343683, -0.0125444, 5.78305e-07)","(-0.0588628, 0.997896, -0.0271914)","(-0.516854, -0.838945, 0.170388)","(0.799444, -0.580925, -0.153025)","(0.700143, -0.541788, 0.465044)","(0.718701, 0.390738, 0.575147)","(0.214023, -0.974152, 0.0722599)","(-0.158296, -0.987388, -0.00273708)","(-0.136567, -0.988817, -0.0599116)","(-0.332262, -0.924938, -0.18464)",0
16.9333,"(0.343021, -0.0199026, -1.85058e-06)","(-0.0700765, 0.997472, -0.011829)","(-0.509597, -0.837531, 0.197113)","(0.879731, -0.407014, -0.245791)","(0.694822, -0.531695, 0.484276)","(0.834373, 0.299969, 0.462428)","(0.213606, -0.975245, 0.0571852)","(-0.157915, -0.987435, -0.00598052)","(-0.148148, -0.98413, -0.0976776)","(-0.334187, -0.92381, -0.1868)",0
16.9667,"(0.342402, -0.0249006, 2.57879e-06)","(-0.0747841, 0.997166, -0.00822379)","(-0.509243, -0.840412, 0.185414)","(0.899667, -0.335583, -0.279254)","(0.70323, -0.548585, 0.452242)","(0.810698, 0.354371, 0.466038)","(0.209964, -0.976742, 0.0434688)","(-0.162994, -0.986458, -0.018277)","(-0.130521, -0.985833, -0.10534)","(-0.333078, -0.92201, -0.197373)",0
17,"(0.342402, -0.0249006, 2.57879e-06)","(-0.0759459, 0.99707, -0.00919612)","(-0.513726, -0.842769, 0.160703)","(0.900844, -0.325319, -0.287484)","(0.719753, -0.567225, 0.400264)","(0.738234, 0.467034, 0.486713)","(0.199106, -0.979603, 0.0271249)","(-0.176023, -0.983453, -0.0428518)","(-0.0999531, -0.989059, -0.108501)","(-0.333188, -0.917082, -0.218968)",0
17.0333,"(0.341194, -0.01887, 1.14506e-05)","(-0.0712043, 0.997426, -0.00850169)","(-0.519171, -0.842008, 0.146575)","(0.887957, -0.358543, -0.288061)","(0.733793, -0.575315, 0.361331)","(0.618486, 0.600742, 0.506541)","(0.19788, -0.979947, 0.0233849)","(-0.189911, -0.978742, -0.0774463)","(-0.074591, -0.992881, -0.0928582)","(-0.3296, -0.910979, -0.247952)",0
17.0667,"(0.340408, -0.0125495, 1.52481e-05)","(-0.0638197, 0.997957, -0.00288326)","(-0.531944, -0.833309, 0.150438)","(0.889715, -0.397278, -0.224896)","(0.742085, -0.570057, 0.352626)","(0.473642, 0.688443, 0.549281)","(0.19612, -0.980544, 0.0084074)","(-0.195922, -0.975601, -0.0990814)","(-0.051224, -0.993862, -0.0980522)","(-0.326395, -0.908247, -0.261829)",0
17.1,"(0.339609, -0.00659106, 1.92606e-05)","(-0.0540085, 0.998537, 0.00253406)","(-0.543355, -0.82841, 0.136025)","(0.886518, -0.442545, -0.135054)","(0.75152, -0.577, 0.319827)","(0.274932, 0.741292, 0.61229)","(0.195005, -0.980794, -0.00392569)","(-0.19393, -0.975832, -0.100711)","(-0.0202705, -0.994639, -0.101401)","(-0.319732, -0.912607, -0.254795)",0
17.1333,"(0.338581, -0.00113568, 2.12932e-05)","(-0.0445792, 0.998985, 0.0064135)","(-0.552443, -0.82605, 0.111574)","(0.877935, -0.476494, -0.0467271)","(0.754857, -0.600536, 0.263719)","(0.0939941, 0.738209, 0.667991)","(0.195771, -0.980609, -0.00888892)","(-0.191958, -0.977107, -0.0917279)","(-0.000774859, -0.995118, -0.0986927)","(-0.310066, -0.919156, -0.242924)",0
17.1667,"(0.337411, 0.00263211, 2.12213e-05)","(-0.0357282, 0.99936, 0.00163956)","(-0.556756, -0.827404, 0.0736586)","(0.834399, -0.549718, 0.0398548)","(0.746655, -0.632331, 0.206552)","(-0.0462439, 0.678514, 0.733131)","(0.19501, -0.980776, -0.00704511)","(-0.189192, -0.97816, -0.0860772)","(0.0125014, -0.996522, -0.0823884)","(-0.300231, -0.924328, -0.23554)",0
17.2,"(0.336094, 0.00495636, 1.94555e-05)","(-0.0269411, 0.999583, -0.010369)","(-0.560732, -0.826891, 0.0428006)","(0.759517, -0.63951, 0.119)","(0.72138, -0.663272, 0.199204)","(-0.101669, 0.608313, 0.787159)","(0.196527, -0.980497, 0.00176337)","(-0.185281, -0.979488, -0.0792065)","(0.00927115, -0.998212, -0.0590471)","(-0.278074, -0.93134, -0.23512)",0
17.2333,"(0.336094, 0.00495636, 1.94555e-05)","(-0.0214957, 0.999485, -0.0238199)","(-0.559077, -0.828872, 0.0201001)","(0.674346, -0.716455, 0.178748)","(0.692091, -0.682693, 0.234393)","(-0.0892706, 0.556595, 0.825974)","(0.204719, -0.978694, 0.0157639)","(-0.180497, -0.981181, -0.0685976)","(0.00162181, -0.999214, -0.039603)","(-0.252601, -0.939147, -0.232798)",0
17.2667,"(0.333539, 0.000703371, 1.52258e-05)","(-0.0202954, 0.999409, -0.0277388)","(-0.554199, -0.832375, 0.00395135)","(0.657109, -0.732435, 0.178176)","(0.667208, -0.691575, 0.276689)","(0.0374299, 0.571007, 0.820092)","(0.2262, -0.973251, 0.0401958)","(-0.1672, -0.984708, -0.048936)","(-0.0176214, -0.998802, -0.0456606)","(-0.223651, -0.949716, -0.219133)",0
17.3,"(0.332441, -0.0055262, 1.22914e-05)","(-0.0331567, 0.999319, -0.016162)","(-0.546198, -0.837635, 0.00593795)","(0.751424, -0.657252, 0.0581493)","(0.664637, -0.685518, 0.297192)","(0.321708, 0.582519, 0.746442)","(0.250337, -0.966769, 0.0518537)","(-0.147461, -0.988584, -0.0309494)","(-0.0480657, -0.993748, -0.100771)","(-0.207846, -0.956559, -0.204438)",0
17.3333,"(0.331251, -0.0128252, 7.63587e-06)","(-0.0516373, 0.998618, 0.00977601)","(-0.533331, -0.845622, 0.0219594)","(0.892446, -0.441974, -0.0905433)","(0.667987, -0.671088, 0.321611)","(0.632253, 0.469732, 0.616124)","(0.29243, -0.953543, 0.0723831)","(-0.131124, -0.991221, -0.0169814)","(-0.0898356, -0.985063, -0.146906)","(-0.194573, -0.961836, -0.192389)",0
17.3667,"(0.330021, -0.0207251, 4.1829e-06)","(-0.0764449, 0.996254, 0.0404177)","(-0.512219, -0.857342, 0.0509518)","(0.963063, -0.140919, -0.22946)","(0.674166, -0.656319, 0.338741)","(0.833213, 0.287669, 0.472231)","(0.332382, -0.938796, 0.0904692)","(-0.126376, -0.991904, -0.0125103)","(-0.0988806, -0.980234, -0.171361)","(-0.19282, -0.963181, -0.18736)",0
17.4,"(0.328897, -0.0278214, 1.97082e-06)","(-0.0944459, 0.993211, 0.0679075)","(-0.493552, -0.867732, 0.0587062)","(0.956775, 0.140544, -0.254615)","(0.677427, -0.660094, 0.324606)","(0.88579, 0.214747, 0.411412)","(0.375285, -0.919326, 0.118325)","(-0.128263, -0.991679, -0.0110466)","(-0.0841613, -0.98421, -0.155715)","(-0.194372, -0.963962, -0.181648)",0
17.4333,"(0.327022, -0.0314745, -2.00467e-07)","(-0.109235, 0.990966, 0.077808)","(-0.491324, -0.869891, 0.0434809)","(0.901424, 0.364516, -0.233587)","(0.691977, -0.665204, 0.280485)","(0.868102, 0.30492, 0.391692)","(0.391076, -0.912933, 0.116675)","(-0.107677, -0.994148, -0.00869728)","(-0.0453984, -0.989283, -0.138775)","(-0.228924, -0.957212, -0.177027)",0
17.4667,"(0.324814, -0.0333359, -1.46781e-06)","(-0.117194, 0.989529, 0.0842447)","(-0.504195, -0.863582, -0.00373739)","(0.823933, 0.531905, -0.19548)","(0.709374, -0.672775, 0.210148)","(0.805785, 0.466846, 0.364369)","(0.399861, -0.90978, 0.111408)","(-0.0761519, -0.997038, -0.0107794)","(-0.0103364, -0.992195, -0.124266)","(-0.257978, -0.948138, -0.18569)",0
17.5,"(0.322246, -0.0348454, -2.26223e-06)","(-0.119935, 0.989543, 0.0801212)","(-0.519584, -0.853741, -0.0340356)","(0.735228, 0.66081, -0.150897)","(0.725422, -0.660012, 0.195314)","(0.707382, 0.610977, 0.355412)","(0.399208, -0.910975, 0.103721)","(-0.0449713, -0.998913, -0.0122299)","(0.0131927, -0.993995, -0.108623)","(-0.275487, -0.941221, -0.195476)",0
17.5333,"(0.318996, -0.0363535, -4.72688e-06)","(-0.120854, 0.989387, 0.0806727)","(-0.534335, -0.843955, -0.0471712)","(0.675461, 0.730572, -0.100088)","(0.737732, -0.644842, 0.199825)","(0.580847, 0.731728, 0.35664)","(0.40117, -0.907366, 0.125497)","(-0.034259, -0.999226, -0.0193391)","(0.0283417, -0.995182, -0.0938583)","(-0.257374, -0.940803, -0.220566)",0
17.5667,"(0.314904, -0.038081, -3.19057e-06)","(-0.12237, 0.990309, 0.0656815)","(-0.546699, -0.836562, -0.0358439)","(0.647387, 0.758941, -0.06999)","(0.746632, -0.615601, 0.252144)","(0.389554, 0.837836, 0.382464)","(0.399007, -0.903615, 0.155802)","(-0.0167527, -0.999515, -0.0262414)","(0.0334998, -0.995953, -0.0834047)","(-0.23475, -0.909973, -0.341822)",0
17.6,"(0.310101, -0.0413385, -1.88746e-06)","(-0.122122, 0.990924, 0.0561831)","(-0.568732, -0.822409, -0.0137296)","(0.648118, 0.75955, -0.0550169)","(0.74118, -0.57514, 0.346217)","(0.191682, 0.899157, 0.393414)","(0.387907, -0.904722, 0.176083)","(0.0240791, -0.99912, -0.0343355)","(0.0383198, -0.995094, -0.0912157)","(-0.247286, -0.859738, -0.446878)",0
17.6333,"(0.304347, -0.0445207, -3.06265e-07)","(-0.111545, 0.992661, 0.0467051)","(-0.606483, -0.794389, 0.0335373)","(0.697255, 0.714852, -0.0531315)","(0.7446, -0.506745, 0.434488)","(0.0109296, 0.908805, 0.417078)","(0.372414, -0.911646, 0.17381)","(0.0727303, -0.995978, -0.0523243)","(0.0415174, -0.993606, -0.104997)","(-0.257049, -0.821917, -0.50831)",0
17.6667,"(0.297979, -0.0479719, 4.16073e-06)","(-0.0944137, 0.993781, 0.0590329)","(-0.623346, -0.765647, 0.15882)","(0.802246, 0.591069, 0.0838938)","(0.737978, -0.376203, 0.560231)","(-0.125167, 0.851832, 0.50864)","(0.36107, -0.919499, 0.155404)","(0.107464, -0.992314, -0.0613639)","(0.000560118, -0.990618, -0.136661)","(-0.260679, -0.842754, -0.47097)",0
17.7,"(0.290824, -0.0509268, 9.99677e-06)","(-0.0777219, 0.9928, 0.0911465)","(-0.583368, -0.751711, 0.307591)","(0.920439, 0.274102, 0.278676)","(0.742179, -0.197258, 0.640516)","(-0.183502, 0.743193, 0.643421)","(0.35219, -0.924896, 0.143285)","(0.127906, -0.989769, -0.06323)","(-0.0983414, -0.978495, -0.181318)","(-0.213667, -0.860221, -0.462997)",0
17.7333,"(0.283174, -0.0538826, 1.08581e-05)","(-0.0641127, 0.990068, 0.125118)","(-0.47188, -0.769576, 0.430211)","(0.896958, -0.167833, 0.409021)","(0.694066, 0.0374011, 0.718939)","(-0.133726, 0.620247, 0.772924)","(0.293598, -0.9522, 0.0843543)","(0.152669, -0.98794, -0.025829)","(-0.233095, -0.928624, -0.288658)","(-0.161305, -0.871199, -0.463674)",0
17.7667,"(0.275252, -0.0560163, 1.29526e-05)","(-0.0550741, 0.987714, 0.146244)","(-0.331869, -0.816171, 0.472998)","(0.737974, -0.570701, 0.360132)","(0.592221, 0.246332, 0.7672)","(0.0505547, 0.515469, 0.855416)","(0.190103, -0.981708, -0.0105388)","(0.185566, -0.982287, 0.0260253)","(-0.360701, -0.844962, -0.394885)","(-0.107574, -0.894171, -0.43461)",0
17.8,"(0.266673, -0.0584805, 1.41e-05)","(-0.0446636, 0.987803, 0.149164)","(-0.195238, -0.8287, 0.524537)","(0.553721, -0.828865, 0.0798554)","(0.420467, 0.432093, 0.797811)","(0.512652, 0.208569, 0.832879)","(0.0382437, -0.995307, -0.0888885)","(0.235212, -0.970069, 0.0603427)","(-0.486222, -0.760845, -0.429771)","(-0.0813462, -0.918777, -0.386305)",1
17.8333,"(0.256625, -0.0600579, 1.51352e-05)","(-0.0305727, 0.989271, 0.142859)","(-0.0795419, -0.741473, 0.666252)","(0.342296, -0.925589, -0.161612)","(0.239363, 0.539346, 0.807348)","(0.79878, -0.365938, 0.477536)","(-0.125081, -0.986935, -0.101557)","(0.276909, -0.958762, 0.0640089)","(-0.56314, -0.713402, -0.41705)","(-0.0458108, -0.925619, -0.375674)",0
17.8667,"(0.245006, -0.0614376, 2.45997e-05)","(-0.00410316, 0.991913, 0.126853)","(0.00387418, -0.531323, 0.847161)","(0.174051, -0.939072, -0.296395)","(0.125342, 0.58983, 0.797741)","(0.662383, -0.741382, 0.107708)","(-0.262924, -0.962131, -0.0719439)","(0.322228, -0.945249, 0.0517098)","(-0.606001, -0.702917, -0.372385)","(-0.0152326, -0.919392, -0.393047)",0
17.9,"(0.231472, -0.061406, 2.92453e-05)","(0.0295675, 0.992406, 0.1194)","(0.0714298, -0.245686, 0.966714)","(0.0465526, -0.932707, -0.357617)","(0.086304, 0.617019, 0.782202)","(0.459401, -0.874374, -0.156271)","(-0.344194, -0.936517, -0.0668376)","(0.32879, -0.942631, 0.057828)","(-0.568539, -0.72777, -0.383555)","(0.0678045, -0.916483, -0.394285)",0
17.9333,"(0.216168, -0.0596172, 3.70038e-05)","(0.0647249, 0.990703, 0.11966)","(0.136146, -0.0810233, 0.98737)","(-0.0950947, -0.921606, -0.376297)","(0.0981572, 0.650911, 0.752782)","(0.325081, -0.885736, -0.331352)","(-0.350393, -0.933227, -0.0794476)","(0.335929, -0.938715, 0.0772437)","(-0.512949, -0.763233, -0.392884)","(0.156616, -0.91491, -0.372036)",0
17.9667,"(0.200221, -0.0569523, 4.42551e-05)","(0.100676, 0.986552, 0.12876)","(0.193329, 0.016147, 0.981001)","(-0.204146, -0.883159, -0.42232)","(0.10837, 0.688212, 0.71737)","(0.227939, -0.850679, -0.473697)","(-0.320093, -0.942356, -0.0974957)","(0.317845, -0.942885, 0.0997104)","(-0.435976, -0.798476, -0.415164)","(0.247847, -0.904529, -0.346987)",0
18,"(0.184974, -0.0540448, 4.76462e-05)","(0.127251, 0.982749, 0.134205)","(0.213803, 0.0159451, 0.976747)","(-0.292103, -0.88344, -0.366347)","(0.148445, 0.667737, 0.729446)","(0.146111, -0.890002, -0.431913)","(-0.277037, -0.9542, -0.112928)","(0.308638, -0.944615, 0.111557)","(-0.351393, -0.835474, -0.422501)","(0.293922, -0.894191, -0.337686)",0
18.0333,"(0.17144, -0.0508786, 4.04702e-05)","(0.140407, 0.980702, 0.136053)","(0.163231, 0.0232973, 0.986313)","(-0.348318, -0.868811, -0.351913)","(0.190753, 0.559244, 0.806759)","(0.042487, -0.943781, -0.327831)","(-0.234906, -0.965053, -0.116157)","(0.274519, -0.958151, 0.0811499)","(-0.267002, -0.869383, -0.415791)","(0.300179, -0.887814, -0.348826)",0
18.0667,"(0.160143, -0.0474496, 3.76133e-05)","(0.13715, 0.980996, 0.13725)","(0.0930021, -0.026496, 0.995313)","(-0.402597, -0.857499, -0.32033)","(0.242297, 0.296584, 0.923759)","(-0.0514378, -0.98803, -0.145433)","(-0.203478, -0.971632, -0.120532)","(0.234986, -0.971427, 0.0333374)","(-0.190322, -0.89154, -0.411016)","(0.287445, -0.8726, -0.394899)",0
18.1,"(0.151024, -0.0435587, 2.53058e-05)","(0.13334, 0.983151, 0.125037)","(0.0186356, -0.198564, 0.979911)","(-0.451793, -0.849654, -0.271978)","(0.264411, -0.0688453, 0.96195)","(-0.101403, -0.993226, 0.0567385)","(-0.184693, -0.976177, -0.11387)","(0.182878, -0.983081, -0.0103728)","(-0.133664, -0.896907, -0.421535)","(0.257543, -0.851461, -0.456821)",0
18.1333,"(0.143688, -0.0405476, 1.11125e-05)","(0.130667, 0.986191, 0.10175)","(-0.00724454, -0.51123, 0.859414)","(-0.451269, -0.863194, -0.226391)","(0.226201, -0.479898, 0.847662)","(-0.0497751, -0.974082, 0.220651)","(-0.163236, -0.980818, -0.106541)","(0.109567, -0.993629, -0.0263845)","(-0.1009, -0.899574, -0.424954)","(0.228744, -0.831628, -0.506034)",0
18.1667,"(0.137154, -0.0382699, 1.48779e-07)","(0.127686, 0.988819, 0.0770254)","(-0.0896566, -0.81382, 0.574159)","(-0.412648, -0.876639, -0.247437)","(0.125995, -0.769446, 0.626161)","(0.156578, -0.936705, 0.313155)","(-0.136861, -0.98518, -0.103391)","(0.0187257, -0.999008, -0.0404148)","(-0.083773, -0.899024, -0.429811)","(0.184417, -0.786872, -0.588917)",0
18.2,"(0.131107, -0.0362756, -4.38024e-06)","(0.122735, 0.990232, 0.0661615)","(-0.164591, -0.956973, 0.238983)","(-0.364797, -0.925889, -0.0982539)","(-0.000529297, -0.912203, 0.409737)","(0.348217, -0.715285, 0.605897)","(-0.105627, -0.988493, -0.108276)","(-0.0543603, -0.996502, -0.0634748)","(-0.0799141, -0.901356, -0.425641)","(0.129562, -0.699145, -0.703143)",0
18.2333,"(0.125318, -0.0352569, -6.03045e-06)","(0.116676, 0.989015, 0.0907525)","(-0.233429, -0.972278, 0.0136126)","(-0.308671, -0.945722, 0.101647)","(-0.114819, -0.954816, 0.274122)","(0.460757, -0.278707, 0.84263)","(-0.0762707, -0.989948, -0.119107)","(-0.0706129, -0.995308, -0.0661479)","(-0.066246, -0.881934, -0.466694)","(0.0782012, -0.541609, -0.836985)",0
18.2667,"(0.119665, -0.0360885, -2.20919e-06)","(0.107596, 0.985972, 0.127603)","(-0.243697, -0.965458, -0.0922056)","(-0.182389, -0.9104, 0.371358)","(-0.172295, -0.959651, 0.222224)","(0.319427, 0.179684, 0.930419)","(-0.0446143, -0.991699, -0.12059)","(-0.0484792, -0.997881, -0.0434)","(-0.0499373, -0.85063, -0.523388)","(0.0475804, -0.425874, -0.90353)",0
18.3,"(0.114395, -0.0364724, 4.40655e-06)","(0.0986461, 0.981731, 0.162705)","(-0.232458, -0.968227, -0.0921971)","(-0.0175337, -0.878911, 0.476663)","(-0.185049, -0.959295, 0.213332)","(0.186288, 0.444242, 0.876325)","(-0.00721482, -0.993409, -0.1144)","(0.0161431, -0.999756, -0.0150904)","(-0.0302867, -0.82673, -0.561782)","(0.0555711, -0.413342, -0.908879)",0
18.3333,"(0.109567, -0.0362307, 9.61479e-06)","(0.088271, 0.979838, 0.179235)","(-0.220491, -0.973689, -0.0575606)","(0.126077, -0.80105, 0.585169)","(-0.140346, -0.962121, 0.233724)","(0.0592004, 0.525644, 0.848642)","(0.0175918, -0.993201, -0.115078)","(0.101724, -0.993853, -0.0436856)","(-0.00450155, -0.834119, -0.551566)","(0.0985613, -0.509625, -0.854733)",0
18.3667,"(0.105525, -0.0351754, 8.18854e-06)","(0.0829084, 0.978318, 0.189791)","(-0.195487, -0.980517, -0.0192789)","(0.170305, -0.687402, 0.706027)","(-0.0864453, -0.960069, 0.266073)","(-0.000335408, 0.540588, 0.841287)","(0.0244447, -0.993178, -0.114018)","(0.201528, -0.9756, -0.0871227)","(0.0291687, -0.859067, -0.511032)","(0.180925, -0.65186, -0.73644)",0
18.4,"(0.102089, -0.0332356, 3.60133e-06)","(0.077802, 0.977998, 0.193564)","(-0.17498, -0.983491, -0.0461163)","(0.14448, -0.529114, 0.83616)","(-0.00310813, -0.962374, 0.271711)","(-0.035882, 0.482696, 0.875053)","(0.0189032, -0.993759, -0.109939)","(0.26867, -0.958095, -0.0993544)","(0.0615998, -0.889434, -0.452894)","(0.311203, -0.77129, -0.555216)",0
18.4333,"(0.0997849, -0.0310064, -1.5868e-06)","(0.0765726, 0.974238, 0.212127)","(-0.15795, -0.986682, 0.0388623)","(0.0996828, -0.325297, 0.940343)","(0.0488205, -0.895885, 0.441596)","(-0.0759034, 0.3286, 0.941414)","(0.022481, -0.994565, -0.101663)","(0.323165, -0.945719, -0.034336)","(0.08897, -0.911392, -0.401808)","(0.433119, -0.820806, -0.372405)",0
18.4667,"(0.0981004, -0.028896, -5.22199e-06)","(0.0754585, 0.965602, 0.248834)","(-0.105899, -0.989438, 0.0989812)","(0.0620821, -0.221348, 0.973217)","(0.11695, -0.843186, 0.524748)","(-0.11965, 0.155292, 0.980596)","(0.0292464, -0.995103, -0.0944146)","(0.355083, -0.934452, 0.0267469)","(0.103464, -0.928991, -0.355346)","(0.506424, -0.81682, -0.276296)",0
18.5,"(0.0981004, -0.028896, -5.22199e-06)","(0.0758215, 0.954089, 0.289769)","(-0.0417255, -0.978972, 0.19968)","(0.00431739, -0.168512, 0.98569)","(0.108699, -0.780487, 0.61565)","(-0.142279, 0.0557745, 0.988254)","(0.0358977, -0.996224, -0.0790464)","(0.375671, -0.924143, 0.0695075)","(0.115442, -0.932513, -0.342187)","(0.531419, -0.800735, -0.276435)",0
18.5333,"(0.0976572, -0.0262762, -1.96329e-06)","(0.0645961, 0.944942, 0.320798)","(0.0430612, -0.884945, 0.463701)","(-0.0418565, -0.188914, 0.981101)","(0.122916, -0.588367, 0.799197)","(-0.137488, 0.095221, 0.985916)","(0.0359638, -0.997356, -0.063152)","(0.373271, -0.923344, 0.0900298)","(0.112341, -0.935739, -0.334324)","(0.527866, -0.803116, -0.276338)",0
18.5667,"(0.0976572, -0.0262762, -1.96329e-06)","(0.0423917, 0.944795, 0.324907)","(0.108155, -0.719571, 0.685945)","(-0.0735106, -0.164438, 0.983644)","(0.107927, -0.309098, 0.944886)","(-0.13051, 0.159956, 0.978459)","(0.0291577, -0.997968, -0.0566475)","(0.365357, -0.923929, 0.113443)","(0.111756, -0.936253, -0.333078)","(0.519752, -0.809943, -0.271754)",0
18.6,"(0.0976572, -0.0262762, -1.96329e-06)","(0.0114567, 0.954069, 0.299366)","(0.151193, -0.590873, 0.792471)","(-0.0572761, -0.162052, 0.985119)","(0.106962, -0.140772, 0.984247)","(-0.147214, 0.206474, 0.967314)","(0.022915, -0.997674, -0.0641915)","(0.353098, -0.927591, 0.122051)","(0.106373, -0.936948, -0.332886)","(0.505761, -0.815868, -0.280295)",0
18.6333,"(0.0976572, -0.0262762, -1.96329e-06)","(-0.00793417, 0.964505, 0.263945)","(0.171194, -0.682299, 0.710747)","(-0.0417772, -0.182909, 0.982242)","(0.116314, -0.297039, 0.947755)","(-0.169613, 0.263853, 0.949533)","(0.0256415, -0.997792, -0.0612635)","(0.343801, -0.934087, 0.096345)","(0.0932858, -0.935747, -0.340112)","(0.49244, -0.811123, -0.315566)",0
18.6667,"(0.0969974, -0.0240758, 1.46393e-05)","(-0.0143586, 0.973005, 0.230337)","(0.171005, -0.81791, 0.549346)","(-0.0262341, -0.213127, 0.976672)","(0.126268, -0.513872, 0.848523)","(-0.175619, 0.29605, 0.938889)","(0.0440686, -0.997642, -0.0526205)","(0.345271, -0.936857, 0.0555626)","(0.0737437, -0.934648, -0.347842)","(0.488278, -0.805931, -0.334754)",0
18.7,"(0.0948527, -0.0234351, 1.48318e-05)","(-0.0121951, 0.979538, 0.200887)","(0.153279, -0.92922, 0.336238)","(-0.0220505, -0.238436, 0.970908)","(0.159248, -0.710171, 0.685782)","(-0.146113, 0.363741, 0.919969)","(0.069212, -0.996605, -0.0445849)","(0.355122, -0.934361, 0.029286)","(0.0576791, -0.929912, -0.363231)","(0.490598, -0.80717, -0.328314)",0
18.7333,"(0.092434, -0.0230165, 1.61454e-05)","(-0.00964939, 0.987419, 0.15783)","(0.103605, -0.993221, 0.0527157)","(-0.0107341, -0.273412, 0.961837)","(0.132652, -0.892737, 0.430608)","(-0.100299, 0.387942, 0.91621)","(0.0866089, -0.995221, -0.0450923)","(0.363884, -0.931287, 0.0171043)","(0.0603431, -0.92622, -0.372124)","(0.493676, -0.809427, -0.317983)",0
18.7667,"(0.0899892, -0.0227789, 1.89749e-05)","(-0.0112434, 0.991933, 0.126265)","(0.021852, -0.999384, -0.0274551)","(0.0346338, -0.303133, 0.952319)","(0.0671061, -0.940423, 0.333319)","(-0.0579805, 0.35788, 0.931966)","(0.0933849, -0.994592, -0.0454646)","(0.366871, -0.929785, 0.0300889)","(0.0808902, -0.926114, -0.368468)","(0.49226, -0.817935, -0.297761)",0
18.8,"(0.0877531, -0.0225718, 2.00506e-05)","(-0.0109323, 0.992498, 0.121774)","(-0.0623754, -0.997979, 0.012111)","(0.188162, -0.32191, 0.927884)","(-0.0467572, -0.937827, 0.343939)","(-0.025101, 0.229274, 0.973038)","(0.0955298, -0.994415, -0.0448676)","(0.360768, -0.931934, 0.0366826)","(0.0975115, -0.928687, -0.357815)","(0.470319, -0.832565, -0.292636)",0
18.8333,"(0.0877531, -0.0225718, 2.00506e-05)","(-0.0123453, 0.993698, 0.111407)","(-0.135076, -0.99013, 0.037369)","(0.334736, -0.476134, 0.813172)","(-0.134386, -0.915684, 0.378766)","(0.0712591, 0.00706064, 0.997433)","(0.100594, -0.993973, -0.0435675)","(0.334554, -0.941087, 0.0492887)","(0.104215, -0.930913, -0.350058)","(0.426946, -0.854371, -0.296256)",0
18.8667,"(0.0854595, -0.022291, 1.97204e-05)","(-0.0134306, 0.996955, 0.0768208)","(-0.180133, -0.983378, -0.02281)","(0.43045, -0.703689, 0.565274)","(-0.192634, -0.913743, 0.357724)","(0.196803, -0.241616, 0.950205)","(0.105723, -0.993526, -0.0415765)","(0.272103, -0.961071, 0.0479785)","(0.0981149, -0.930306, -0.353417)","(0.362254, -0.878126, -0.312516)",0
18.9,"(0.0854595, -0.022291, 1.97204e-05)","(-0.0202868, 0.998472, 0.0513985)","(-0.184145, -0.979266, -0.0844284)","(0.350679, -0.911297, 0.215783)","(-0.197049, -0.916777, 0.347408)","(0.306863, -0.551959, 0.775355)","(0.107805, -0.993375, -0.0398126)","(0.187321, -0.981845, 0.0298537)","(0.0986564, -0.926599, -0.362879)","(0.287831, -0.891126, -0.350782)",0
18.9333,"(0.0852787, -0.0197436, 1.97622e-06)","(-0.0343312, 0.998763, 0.0359581)","(-0.153948, -0.986529, -0.0553156)","(0.182546, -0.980721, 0.069732)","(-0.0950169, -0.914266, 0.393815)","(0.176052, -0.737784, 0.651675)","(0.099375, -0.99465, -0.0282294)","(0.0990138, -0.994779, 0.0247324)","(0.106198, -0.924612, -0.365806)","(0.186852, -0.899994, -0.393823)",0
18.9667,"(0.0852787, -0.0197436, 1.97622e-06)","(-0.0480761, 0.998023, 0.0404916)","(-0.0113216, -0.999056, -0.0419348)","(-0.0304963, -0.996895, 0.0725947)","(0.196085, -0.867251, 0.457632)","(-0.244282, -0.732682, 0.635219)","(0.0907517, -0.995691, -0.019073)","(0.0243262, -0.999431, 0.0233698)","(0.114323, -0.913655, -0.390084)","(0.0994297, -0.891284, -0.44241)",0
19,"(0.086165, -0.0162948, -8.55313e-06)","(-0.0571837, 0.997713, 0.0360394)","(0.132535, -0.986705, 0.0940634)","(-0.178541, -0.96316, 0.201113)","(0.558925, -0.621553, 0.548885)","(-0.638395, -0.472212, 0.607838)","(0.0820507, -0.996627, -0.00164912)","(-0.0402256, -0.996947, 0.0669289)","(0.116094, -0.904514, -0.410337)","(0.0203287, -0.880854, -0.47295)",0
19.0333,"(0.0858409, -0.0138333, -1.82971e-05)","(-0.0565785, 0.997561, 0.0408779)","(0.286842, -0.916118, 0.280087)","(-0.240525, -0.930444, 0.276444)","(0.763757, -0.285896, 0.578739)","(-0.824197, -0.222237, 0.520875)","(0.0741095, -0.997168, 0.0127972)","(-0.0850448, -0.989366, 0.117994)","(0.118018, -0.894494, -0.431221)","(-0.0177174, -0.873139, -0.487149)",0
19.0667,"(0.0858409, -0.0138333, -1.82971e-05)","(-0.0508079, 0.998508, 0.0200157)","(0.359033, -0.780323, 0.512046)","(-0.282885, -0.909166, 0.305602)","(0.828713, 0.0805344, 0.553849)","(-0.865921, -0.180977, 0.466292)","(0.0661088, -0.99762, 0.0195879)","(-0.109732, -0.982843, 0.148252)","(0.120065, -0.895917, -0.427688)","(-0.0333333, -0.872092, -0.488205)",0
19.1,"(0.0837608, -0.0138019, -2.14361e-05)","(-0.0346627, 0.99935, -0.00986152)","(0.413827, -0.60497, 0.680263)","(-0.343064, -0.857136, 0.384219)","(0.732683, 0.329502, 0.595486)","(-0.87885, 0.0263425, 0.47637)","(0.0661467, -0.997672, 0.0165991)","(-0.12461, -0.982348, 0.139519)","(0.117348, -0.896236, -0.427774)","(-0.0315112, -0.883065, -0.468192)",0
19.1333,"(0.0822508, -0.0160862, -1.88596e-05)","(-0.00965513, 0.999137, -0.0404083)","(0.397586, -0.460324, 0.793743)","(-0.345894, -0.789813, 0.50651)","(0.558664, 0.549426, 0.621309)","(-0.703556, 0.328476, 0.630168)","(0.0802837, -0.996729, 0.00927072)","(-0.126928, -0.986085, 0.107358)","(0.108596, -0.902527, -0.416716)","(-0.0155305, -0.901212, -0.433099)",0
19.1667,"(0.0806215, -0.0206971, -1.72047e-05)","(0.0111011, 0.998922, -0.045066)","(0.258887, -0.313788, 0.913518)","(-0.214794, -0.688534, 0.692664)","(0.259086, 0.621191, 0.739592)","(-0.29338, 0.584197, 0.756731)","(0.0938121, -0.995494, 0.0137952)","(-0.12205, -0.987808, 0.0966406)","(0.100318, -0.910853, -0.400353)","(-0.0188969, -0.917634, -0.396977)",0
19.2,"(0.0793116, -0.0272238, -1.01193e-05)","(0.0263546, 0.998846, -0.0401548)","(-0.0564766, -0.254321, 0.96547)","(0.0800012, -0.603175, 0.793586)","(0.0769149, 0.674872, 0.733915)","(0.0762942, 0.592303, 0.802095)","(0.104507, -0.994524, 0.000876878)","(-0.107027, -0.990616, 0.0849969)","(0.101373, -0.916431, -0.38714)","(-0.00987202, -0.927037, -0.37484)",0
19.2333,"(0.0780656, -0.0339875, -4.81069e-06)","(0.0353278, 0.999278, 0.0139841)","(-0.482842, -0.22092, 0.847383)","(0.421658, -0.546125, 0.723846)","(-0.000977942, 0.685649, 0.727932)","(0.22933, 0.574728, 0.785555)","(0.111909, -0.993486, -0.0214977)","(-0.095613, -0.993298, 0.0649432)","(0.103365, -0.910639, -0.400065)","(-0.0115965, -0.919981, -0.391791)",0
19.2667,"(0.0770249, -0.0403115, 1.42411e-06)","(0.0449787, 0.994781, 0.091584)","(-0.800637, -0.200741, 0.56452)","(0.712109, -0.468421, 0.522956)","(0.0379874, 0.705701, 0.707491)","(0.242841, 0.578699, 0.778547)","(0.120678, -0.991161, -0.0551012)","(-0.0872138, -0.995697, 0.0313256)","(0.106368, -0.894127, -0.434998)","(-0.00427086, -0.902217, -0.431262)",0
19.3,"(0.0760236, -0.0451736, 3.80679e-06)","(0.0490536, 0.981079, 0.18729)","(-0.91135, -0.19007, 0.365122)","(0.819545, -0.415622, 0.394467)","(0.0893594, 0.674754, 0.732613)","(0.196872, 0.603776, 0.772461)","(0.124583, -0.989943, -0.0670167)","(-0.0842579, -0.99622, 0.0211333)","(0.110661, -0.882639, -0.45684)","(4.21989e-05, -0.88207, -0.471119)",0
19.3333,"(0.0752683, -0.04744, 7.63828e-06)","(0.0519838, 0.968079, 0.245195)","(-0.930643, -0.17501, 0.321364)","(0.861178, -0.338067, 0.379583)","(0.127157, 0.652756, 0.74682)","(0.11975, 0.624296, 0.771955)","(0.124743, -0.989722, -0.0699309)","(-0.0847127, -0.995893, 0.0319555)","(0.115352, -0.876895, -0.466636)","(0.00990568, -0.863635, -0.504021)",0
19.3667,"(0.0752683, -0.04744, 7.63828e-06)","(0.0536988, 0.959916, 0.275097)","(-0.930285, -0.152815, 0.333494)","(0.86487, -0.272556, 0.42156)","(0.170359, 0.631779, 0.756196)","(0.0462903, 0.642088, 0.765232)","(0.126325, -0.989957, -0.0634576)","(-0.0858149, -0.994924, 0.0525641)","(0.118294, -0.87864, -0.4626)","(0.0177341, -0.857582, -0.514042)",0
19.4,"(0.0752683, -0.04744, 7.63828e-06)","(0.0540531, 0.960935, 0.271446)","(-0.933603, -0.0860661, 0.34782)","(0.881509, -0.17362, 0.439087)","(0.22356, 0.66505, 0.712552)","(-0.0444607, 0.669911, 0.741109)","(0.127834, -0.989269, -0.0707416)","(-0.0870615, -0.994957, 0.0498158)","(0.118755, -0.879528, -0.46079)","(0.0220725, -0.856384, -0.515868)",0
19.4333,"(0.0752683, -0.04744, 7.63828e-06)","(0.0478907, 0.970205, 0.237505)","(-0.963632, 0.0280042, 0.265762)","(0.916221, -0.0777365, 0.39306)","(0.276111, 0.732684, 0.622042)","(-0.103924, 0.726133, 0.679655)","(0.129232, -0.987083, -0.0946935)","(-0.0881609, -0.996081, 0.00712105)","(0.11511, -0.874289, -0.471559)","(0.0187145, -0.859096, -0.511472)",0
19.4667,"(0.0752683, -0.04744, 7.63828e-06)","(0.0352301, 0.981245, 0.189519)","(-0.973294, 0.129925, 0.189255)","(0.938062, 0.00152291, 0.346464)","(0.303973, 0.804152, 0.510823)","(-0.133424, 0.787279, 0.601988)","(0.127033, -0.984561, -0.120428)","(-0.0895253, -0.995342, -0.035763)","(0.107171, -0.868135, -0.484619)","(0.00867874, -0.859787, -0.51058)",0
19.5,"(0.0778389, -0.0433228, 7.4527e-06)","(0.0174565, 0.988379, 0.151001)","(-0.97615, 0.184057, 0.115125)","(0.95158, 0.0335415, 0.305567)","(0.292699, 0.83703, 0.462285)","(-0.0981724, 0.829656, 0.549576)","(0.125081, -0.983384, -0.131568)","(-0.0902261, -0.994449, -0.0541342)","(0.0962096, -0.863452, -0.495172)","(-0.00733838, -0.858062, -0.513494)",0
19.5333,"(0.0792525, -0.0402085, 5.81192e-06)","(-0.00130935, 0.989762, 0.142721)","(-0.968176, 0.172242, 0.181572)","(0.944769, 0.030498, 0.326316)","(0.2567, 0.829062, 0.496751)","(-0.0548661, 0.830446, 0.554391)","(0.118568, -0.985516, -0.121244)","(-0.0915388, -0.995801, -0.00134132)","(0.0888583, -0.869004, -0.486761)","(-0.0248619, -0.857637, -0.513654)",0
19.5667,"(0.0804412, -0.0370409, 5.6705e-06)","(-0.0161401, 0.987045, 0.159627)","(-0.94853, 0.151254, 0.278233)","(0.932283, 0.0132246, 0.361488)","(0.222301, 0.798988, 0.55875)","(-0.0100806, 0.814094, 0.580645)","(0.108232, -0.988583, -0.104833)","(-0.0927198, -0.991144, 0.095056)","(0.0911398, -0.865937, -0.491779)","(-0.0413777, -0.849648, -0.525724)",0
19.6,"(0.0809985, -0.0343609, 7.75037e-06)","(-0.0258921, 0.983598, 0.178508)","(-0.923303, 0.135271, 0.359462)","(0.91627, -0.0151346, 0.400276)","(0.207322, 0.775226, 0.596692)","(0.00249411, 0.791044, 0.611754)","(0.0963368, -0.991079, -0.0920942)","(-0.0934664, -0.981937, 0.16451)","(0.0984021, -0.85801, -0.504119)","(-0.0502831, -0.844341, -0.533442)",0
19.6333,"(0.0809985, -0.0343609, 7.75037e-06)","(-0.0297272, 0.981108, 0.191163)","(-0.902861, 0.13239, 0.409043)","(0.901074, -0.0304676, 0.432594)","(0.201899, 0.757749, 0.620527)","(-0.0308386, 0.742236, 0.669429)","(0.0911629, -0.991637, -0.0913497)","(-0.0913386, -0.978231, 0.186339)","(0.103438, -0.834114, -0.541806)","(-0.0563841, -0.838775, -0.541552)",0
19.6667,"(0.0809985, -0.0343609, 7.75037e-06)","(-0.0292064, 0.980316, 0.195261)","(-0.894013, 0.115408, 0.432923)","(0.880223, -0.0451224, 0.472411)","(0.202547, 0.71791, 0.666018)","(-0.0848806, 0.668998, 0.738402)","(0.0947489, -0.990495, -0.0997137)","(-0.0850196, -0.982724, 0.164391)","(0.103769, -0.81476, -0.570437)","(-0.057091, -0.835882, -0.545933)",0
19.7,"(0.07814, -0.0384026, 1.74098e-05)","(-0.026899, 0.97862, 0.203912)","(-0.879869, 0.0683492, 0.470275)","(0.857269, -0.0650385, 0.510745)","(0.195768, 0.664444, 0.721241)","(-0.129515, 0.597398, 0.791417)","(0.102817, -0.988971, -0.106602)","(-0.0772453, -0.984339, 0.158459)","(0.110055, -0.800243, -0.58949)","(-0.0507083, -0.826434, -0.560745)",0
19.7333,"(0.0758292, -0.0418064, 1.89106e-05)","(-0.0204542, 0.976891, 0.212756)","(-0.874784, 0.0140712, 0.484309)","(0.837408, -0.0919406, 0.538791)","(0.196196, 0.622438, 0.757679)","(-0.157309, 0.57348, 0.803975)","(0.112563, -0.989453, -0.0911741)","(-0.0645762, -0.990626, 0.120378)","(0.127452, -0.792376, -0.596571)","(-0.0254973, -0.79582, -0.604995)",0
19.7667,"(0.0731671, -0.0449694, 1.93793e-05)","(-0.0132591, 0.975703, 0.218698)","(-0.872725, -0.0223739, 0.4877)","(0.837076, -0.102758, 0.53735)","(0.194669, 0.610964, 0.76735)","(-0.183325, 0.575527, 0.79697)","(0.123144, -0.990086, -0.0675646)","(-0.0556877, -0.992449, 0.10929)","(0.142277, -0.795109, -0.589541)","(0.00518158, -0.75837, -0.651804)",0
19.8,"(0.0704641, -0.0469045, 1.92486e-05)","(-0.0045957, 0.976968, 0.213337)","(-0.877531, -0.0224161, 0.478996)","(0.853308, -0.0776326, 0.515596)","(0.19793, 0.607843, 0.768993)","(-0.240095, 0.58919, 0.771498)","(0.130272, -0.991116, -0.0268161)","(-0.0540461, -0.98431, 0.167967)","(0.15115, -0.806146, -0.572086)","(0.0331651, -0.714662, -0.698684)",0
19.8333,"(0.0678666, -0.0480665, 1.94027e-05)","(0.00353965, 0.977545, 0.210697)","(-0.871472, -0.00832332, 0.490375)","(0.864846, -0.0408259, 0.500374)","(0.20269, 0.605415, 0.769669)","(-0.288809, 0.597402, 0.748131)","(0.12699, -0.991202, 0.0373169)","(-0.0635748, -0.940468, 0.333884)","(0.156973, -0.822149, -0.547203)","(0.046781, -0.701241, -0.711388)",0
19.8667,"(0.0678666, -0.0480665, 1.94027e-05)","(0.0142672, 0.977308, 0.211341)","(-0.86281, 0.00891061, 0.505449)","(0.866593, -0.00212223, 0.499011)","(0.214644, 0.599376, 0.771153)","(-0.32875, 0.61544, 0.716349)","(0.117834, -0.989311, 0.0859027)","(-0.0724859, -0.864077, 0.498113)","(0.17068, -0.833897, -0.524866)","(0.0534316, -0.704683, -0.707508)",0
19.9,"(0.0642829, -0.0481074, 2.17807e-05)","(0.0235512, 0.975901, 0.216941)","(-0.857589, 0.0217988, 0.513873)","(0.863003, 0.0265196, 0.504501)","(0.231048, 0.598831, 0.766823)","(-0.338318, 0.630023, 0.699008)","(0.105885, -0.987785, 0.114323)","(-0.094014, -0.790725, 0.604909)","(0.186412, -0.836761, -0.514861)","(0.0745508, -0.747508, -0.660056)",0
19.9333,"(0.0642829, -0.0481074, 2.17807e-05)","(0.0312002, 0.977255, 0.20976)","(-0.865161, 0.0378412, 0.500064)","(0.859314, 0.0513238, 0.508866)","(0.242106, 0.599971, 0.762509)","(-0.349174, 0.64913, 0.675801)","(0.100748, -0.991793, 0.0787129)","(-0.121884, -0.755608, 0.643585)","(0.208899, -0.848411, -0.486374)","(0.106001, -0.79169, -0.601657)",0
19.9667,"(0.06166, -0.046478, 2.36704e-05)","(0.0351101, 0.980714, 0.19227)","(-0.876867, 0.0546814, 0.477613)","(0.856343, 0.0627965, 0.512576)","(0.24773, 0.60218, 0.758953)","(-0.352508, 0.659653, 0.663774)","(0.0962745, -0.994186, 0.0482272)","(-0.146394, -0.74971, 0.645371)","(0.223702, -0.842466, -0.49011)","(0.131945, -0.840219, -0.525949)",0
20,"(0.0609299, -0.0431363, 2.03365e-05)","(0.0389174, 0.988495, 0.146162)","(-0.917171, 0.0936361, 0.387336)","(0.87525, 0.071235, 0.478396)","(0.245601, 0.638691, 0.729215)","(-0.353909, 0.68552, 0.636248)","(0.0938989, -0.995439, 0.0168377)","(-0.153784, -0.829624, 0.536726)","(0.235872, -0.836315, -0.494916)","(0.138441, -0.870504, -0.472288)",0
20.0333,"(0.0604405, -0.0389102, 1.51356e-05)","(0.0406968, 0.994999, 0.0912197)","(-0.970321, 0.144565, 0.193851)","(0.905022, 0.0926051, 0.415162)","(0.235433, 0.745934, 0.62302)","(-0.338663, 0.713671, 0.613173)","(0.0944912, -0.99551, -0.00556103)","(-0.145603, -0.919709, 0.364604)","(0.250814, -0.847698, -0.46744)","(0.140165, -0.910426, -0.389202)",0
20.0667,"(0.0603958, -0.034638, 1.20056e-05)","(0.0388257, 0.997881, 0.0522207)","(-0.980911, 0.194456, 5.89381e-05)","(0.9259, 0.131672, 0.354078)","(0.193668, 0.847919, 0.493484)","(-0.301933, 0.74816, 0.590842)","(0.0953123, -0.995135, -0.0249255)","(-0.132321, -0.975632, 0.175025)","(0.263745, -0.882465, -0.389479)","(0.148099, -0.938881, -0.310756)",0
20.1,"(0.0607552, -0.0301041, 7.80742e-06)","(0.0294282, 0.998302, 0.0502687)","(-0.975087, 0.218317, -0.0392922)","(0.931151, 0.165808, 0.324756)","(0.155414, 0.881058, 0.446749)","(-0.248198, 0.760442, 0.600105)","(0.0813889, -0.9947, -0.062839)","(-0.122655, -0.985172, 0.119967)","(0.286332, -0.901266, -0.325166)","(0.15814, -0.964579, -0.211137)",0
20.1333,"(0.0615144, -0.0268329, 2.73208e-06)","(0.0150601, 0.997462, 0.0695893)","(-0.973793, 0.227298, -0.00792464)","(0.92395, 0.187836, 0.333217)","(0.117858, 0.88204, 0.456196)","(-0.192687, 0.767202, 0.611779)","(0.0610444, -0.994316, -0.0872369)","(-0.116823, -0.985339, 0.124332)","(0.29668, -0.898942, -0.322311)","(0.164255, -0.969942, -0.179537)",0
20.1667,"(0.0615144, -0.0268329, 2.73208e-06)","(-0.00215093, 0.996957, 0.0779207)","(-0.974361, 0.224231, 0.0184587)","(0.922669, 0.191353, 0.334763)","(0.0964552, 0.86537, 0.491763)","(-0.152527, 0.769139, 0.620613)","(0.0409973, -0.992954, -0.11118)","(-0.114015, -0.981821, 0.15175)","(0.308981, -0.889226, -0.337353)","(0.169403, -0.972265, -0.161256)",0
20.2,"(0.0615144, -0.0268329, 2.73208e-06)","(-0.0133954, 0.996755, 0.0793744)","(-0.974883, 0.221416, 0.0240365)","(0.915794, 0.192157, 0.352698)","(0.0809547, 0.839595, 0.537147)","(-0.136984, 0.776023, 0.615649)","(0.0388827, -0.991845, -0.121376)","(-0.109271, -0.977973, 0.177846)","(0.305893, -0.88837, -0.342387)","(0.169292, -0.975345, -0.141573)",0
20.2333,"(0.0615144, -0.0268329, 2.73208e-06)","(-0.0199993, 0.995571, 0.091856)","(-0.974354, 0.209991, 0.0808608)","(0.912051, 0.187425, 0.364738)","(0.0829556, 0.791189, 0.60592)","(-0.146808, 0.777248, 0.611827)","(0.0456125, -0.988875, -0.141584)","(-0.103163, -0.977424, 0.18439)","(0.29364, -0.886287, -0.358148)","(0.163987, -0.980879, -0.104806)",0
20.2667,"(0.0633933, -0.0311537, 3.24892e-07)","(-0.0204388, 0.991801, 0.12615)","(-0.961632, 0.195427, 0.192539)","(0.90312, 0.177779, 0.390857)","(0.116362, 0.736497, 0.666357)","(-0.170439, 0.766435, 0.619297)","(0.0615071, -0.985294, -0.159411)","(-0.0934828, -0.976649, 0.193435)","(0.271965, -0.876952, -0.39622)","(0.155134, -0.983621, -0.0917766)",0
20.3,"(0.0632538, -0.0361871, 7.01719e-06)","(-0.0173376, 0.985232, 0.170343)","(-0.951658, 0.175654, 0.251977)","(0.894469, 0.163444, 0.416186)","(0.169158, 0.717476, 0.675732)","(-0.205471, 0.756251, 0.621182)","(0.0818475, -0.981196, -0.174801)","(-0.0819585, -0.988734, 0.12525)","(0.245667, -0.860247, -0.446792)","(0.146651, -0.967424, -0.206362)",0
20.3333,"(0.0629234, -0.0417338, 2.24342e-05)","(-0.0128397, 0.979488, 0.201093)","(-0.934488, 0.151089, 0.322342)","(0.879033, 0.142603, 0.454934)","(0.220183, 0.660021, 0.718256)","(-0.241425, 0.726886, 0.642923)","(0.0973885, -0.978653, -0.180983)","(-0.0737279, -0.992771, 0.0947101)","(0.227204, -0.842685, -0.48812)","(0.139581, -0.940918, -0.30853)",0
20.3667,"(0.0625057, -0.0472509, 3.63221e-05)","(-0.00587999, 0.976881, 0.213703)","(-0.922119, 0.121752, 0.367251)","(0.861125, 0.117982, 0.494515)","(0.247774, 0.593939, 0.765405)","(-0.289347, 0.686743, 0.66683)","(0.104269, -0.977147, -0.185235)","(-0.0743648, -0.986909, 0.14311)","(0.224011, -0.826468, -0.516497)","(0.138361, -0.915264, -0.37835)",0
20.4,"(0.0618409, -0.0515529, 4.36015e-05)","(0.000985254, 0.976456, 0.215716)","(-0.909441, 0.0886619, 0.40627)","(0.841364, 0.0945109, 0.532141)","(0.240317, 0.542408, 0.80501)","(-0.325539, 0.641822, 0.694326)","(0.10445, -0.977542, -0.183036)","(-0.0828789, -0.953613, 0.289401)","(0.230275, -0.792713, -0.564428)","(0.145585, -0.920099, -0.363623)",0
20.4333,"(0.0612036, -0.0540659, 4.68897e-05)","(0.0142807, 0.976177, 0.216505)","(-0.905789, 0.0666346, 0.418458)","(0.839446, 0.0826992, 0.537114)","(0.225529, 0.546675, 0.806401)","(-0.363242, 0.621296, 0.694296)","(0.10419, -0.978531, -0.177826)","(-0.0892926, -0.924461, 0.370673)","(0.248989, -0.767533, -0.590675)","(0.157094, -0.929119, -0.334752)",0
20.4667,"(0.0612036, -0.0540659, 4.68897e-05)","(0.0276978, 0.975972, 0.21613)","(-0.914515, 0.0557612, 0.400691)","(0.849173, 0.0792925, 0.522129)","(0.210023, 0.570542, 0.793959)","(-0.381501, 0.622601, 0.683246)","(0.10488, -0.979293, -0.173166)","(-0.088249, -0.945549, 0.313287)","(0.26195, -0.74746, -0.61048)","(0.160735, -0.924026, -0.346902)",0
20.5,"(0.0612036, -0.0540659, 4.68897e-05)","(0.0404168, 0.976719, 0.21068)","(-0.923606, 0.0549672, 0.379381)","(0.869498, 0.080541, 0.487325)","(0.192181, 0.592794, 0.782088)","(-0.391863, 0.632271, 0.668339)","(0.106195, -0.981326, -0.160382)","(-0.0805642, -0.97583, 0.203137)","(0.271248, -0.751037, -0.601971)","(0.158856, -0.918418, -0.362316)",0
20.5333,"(0.0596066, -0.05114, 3.58393e-05)","(0.0472406, 0.982182, 0.1819)","(-0.949589, 0.0561825, 0.308423)","(0.894106, 0.0805901, 0.440545)","(0.176046, 0.629089, 0.757136)","(-0.378386, 0.650455, 0.658584)","(0.114364, -0.983797, -0.138074)","(-0.0678426, -0.989097, 0.130711)","(0.278102, -0.780133, -0.560403)","(0.147361, -0.911175, -0.384767)",0
20.5667,"(0.0594667, -0.0473444, 3.04708e-05)","(0.0510491, 0.988423, 0.142879)","(-0.975209, 0.0618288, 0.212474)","(0.918272, 0.0764072, 0.388508)","(0.16618, 0.698885, 0.695661)","(-0.34543, 0.675998, 0.650926)","(0.124888, -0.985631, -0.113727)","(-0.0578353, -0.991374, 0.11761)","(0.286462, -0.82723, -0.483353)","(0.137596, -0.918329, -0.371132)",0
20.6,"(0.0594198, -0.0425713, 2.33383e-05)","(0.0526518, 0.992708, 0.108436)","(-0.988988, 0.0753319, 0.127391)","(0.934547, 0.0597326, 0.35079)","(0.157874, 0.766625, 0.622383)","(-0.285924, 0.706348, 0.647549)","(0.134984, -0.985914, -0.0987608)","(-0.0496224, -0.992131, 0.114955)","(0.29046, -0.873418, -0.390863)","(0.129805, -0.930975, -0.341229)",0
20.6333,"(0.0595201, -0.0378609, 1.56587e-05)","(0.0511165, 0.993015, 0.106336)","(-0.983661, 0.0878717, 0.157127)","(0.936472, 0.00779756, 0.350656)","(0.150167, 0.783843, 0.602528)","(-0.227013, 0.730413, 0.644175)","(0.135082, -0.9865, -0.0925771)","(-0.0475432, -0.986047, 0.159531)","(0.286585, -0.888587, -0.358166)","(0.12615, -0.942426, -0.309707)",0
20.6667,"(0.0599271, -0.0342531, 1.05722e-05)","(0.0481336, 0.991802, 0.118374)","(-0.969299, 0.0968559, 0.226005)","(0.929671, -0.0429497, 0.365879)","(0.133235, 0.763759, 0.631602)","(-0.182476, 0.731564, 0.656899)","(0.1113, -0.990476, -0.081047)","(-0.0482705, -0.976849, 0.208415)","(0.296558, -0.886892, -0.354226)","(0.126014, -0.954987, -0.268551)",0
20.7,"(0.0599271, -0.0342531, 1.05722e-05)","(0.0395598, 0.990267, 0.133439)","(-0.951982, 0.107863, 0.286524)","(0.922032, -0.0776986, 0.379237)","(0.126959, 0.741403, 0.658941)","(-0.154579, 0.728324, 0.66757)","(0.087763, -0.995863, -0.0235707)","(-0.049159, -0.968087, 0.245745)","(0.286152, -0.895277, -0.341463)","(0.125133, -0.965726, -0.227411)",0
20.7333,"(0.0606388, -0.0322378, 5.70891e-06)","(0.0312719, 0.989986, 0.13766)","(-0.946847, 0.130255, 0.294133)","(0.920349, -0.0761128, 0.383621)","(0.127706, 0.743632, 0.65628)","(-0.13528, 0.714851, 0.686067)","(0.0698875, -0.997121, 0.0294144)","(-0.0470323, -0.968474, 0.244636)","(0.264575, -0.906714, -0.328435)","(0.121876, -0.971016, -0.205605)",0
20.7667,"(0.0606388, -0.0322378, 5.70891e-06)","(0.0228694, 0.990467, 0.135837)","(-0.935322, 0.149406, 0.320704)","(0.915387, -0.057267, 0.398482)","(0.134457, 0.727495, 0.672809)","(-0.147941, 0.725001, 0.672672)","(0.0756664, -0.995542, 0.0563093)","(-0.0456991, -0.945448, 0.322552)","(0.221831, -0.915209, -0.336429)","(0.116833, -0.974678, -0.190662)",0
20.8,"(0.0607177, -0.0365574, 9.98411e-06)","(0.0100613, 0.98861, 0.150163)","(-0.910445, 0.0885774, 0.404034)","(0.891992, 0.0070908, 0.451995)","(0.141105, 0.690241, 0.709688)","(-0.196175, 0.719141, 0.666597)","(0.0835997, -0.996046, 0.0300539)","(-0.0374581, -0.922219, 0.384849)","(0.186918, -0.912662, -0.36347)","(0.104098, -0.964281, -0.24357)",0
20.8333,"(0.0599388, -0.0409709, 9.74902e-06)","(-0.00934977, 0.986974, 0.160609)","(-0.864262, -0.0459433, 0.500939)","(0.79607, 0.0822707, 0.599587)","(0.13001, 0.644495, 0.753474)","(-0.170885, 0.685496, 0.707738)","(0.0842036, -0.996447, 0.00178047)","(-0.0178011, -0.896812, 0.442053)","(0.15667, -0.908491, -0.387426)","(0.0712302, -0.947191, -0.31266)",0
20.8667,"(0.0587389, -0.0461196, 5.33495e-06)","(-0.0235687, 0.986084, 0.16457)","(-0.763987, -0.260396, 0.590354)","(0.574833, 0.108462, 0.81105)","(0.0358807, 0.642211, 0.765688)","(-0.0987292, 0.642261, 0.7601)","(0.0830053, -0.996453, -0.0138471)","(0.00549482, -0.935769, 0.352572)","(0.137152, -0.896386, -0.421522)","(0.0332284, -0.891662, -0.45148)",0
20.9,"(0.0568027, -0.0510794, 4.22024e-06)","(-0.0199138, 0.987937, 0.153568)","(-0.694033, -0.518008, 0.499987)","(0.240443, 0.0526921, 0.969232)","(-0.160284, 0.609961, 0.776052)","(-0.00704369, 0.600358, 0.799701)","(0.0874049, -0.995942, -0.0214636)","(0.0345532, -0.974399, 0.222152)","(0.135825, -0.884734, -0.445868)","(0.00624755, -0.798017, -0.602602)",0
20.9333,"(0.0547948, -0.0550736, 2.35679e-07)","(0.0025112, 0.990998, 0.133852)","(-0.615346, -0.77005, 0.168441)","(-0.0586276, -0.0529623, 0.996874)","(-0.564228, 0.536687, 0.627387)","(-0.0560146, 0.636681, 0.76909)","(0.100309, -0.994475, -0.0309354)","(0.047232, -0.994352, 0.0950415)","(0.155606, -0.876372, -0.455806)","(-0.00154947, -0.633781, -0.773511)",1
20.9667,"(0.053126, -0.0580188, -3.0557e-06)","(0.0243715, 0.994038, 0.106276)","(-0.458014, -0.871944, -0.173024)","(-0.229931, -0.158011, 0.960294)","(-0.881013, 0.121954, 0.457104)","(-0.200157, 0.644378, 0.738047)","(0.112857, -0.992507, -0.0468281)","(0.0481136, -0.998202, 0.035749)","(0.174078, -0.884668, -0.432503)","(-0.00535012, -0.510922, -0.85961)",0
21,"(0.053126, -0.0580188, -3.0557e-06)","(0.0411762, 0.9968, 0.0685142)","(-0.2901, -0.900525, -0.323877)","(-0.282114, -0.363089, 0.888019)","(-0.89643, -0.35291, 0.268083)","(-0.373061, 0.614325, 0.695292)","(0.118609, -0.992363, -0.0338673)","(0.0209954, -0.99942, 0.0268217)","(0.193234, -0.905682, -0.377361)","(-0.0055933, -0.456862, -0.88952)",0
21.0333,"(0.053126, -0.0580188, -3.0557e-06)","(0.0469052, 0.99764, 0.0501483)","(-0.18711, -0.957982, -0.217396)","(-0.236068, -0.554428, 0.798048)","(-0.613948, -0.731254, 0.297214)","(-0.507766, 0.50653, 0.696851)","(0.12337, -0.989039, 0.0811317)","(-0.0334076, -0.999044, -0.0282016)","(0.194901, -0.936438, -0.291716)","(0.00360699, -0.493741, -0.869601)",0
21.0667,"(0.053126, -0.0580188, -3.0557e-06)","(0.0430325, 0.996086, 0.0772091)","(-0.126672, -0.979871, -0.154297)","(-0.124374, -0.679104, 0.723428)","(-0.353178, -0.886351, 0.29941)","(-0.53341, 0.40887, 0.740473)","(0.125819, -0.974267, 0.187012)","(-0.0755097, -0.993326, -0.0871927)","(0.184476, -0.948064, -0.259119)","(-0.0178935, -0.509243, -0.860437)",0
21.1,"(0.053126, -0.0580188, -3.0557e-06)","(0.0300704, 0.99445, 0.10082)","(-0.0869669, -0.994136, -0.0642717)","(0.126749, -0.658354, 0.74196)","(-0.0949828, -0.940221, 0.32705)","(-0.579436, 0.392076, 0.714514)","(0.136577, -0.955815, 0.260316)","(-0.098466, -0.988263, -0.116795)","(0.163879, -0.952605, -0.256296)","(-0.071102, -0.509142, -0.857741)",0
21.1333,"(0.0538073, -0.0557829, 1.12907e-05)","(0.0173297, 0.993014, 0.116721)","(-0.0440521, -0.998865, -0.018102)","(0.448927, -0.468369, 0.760982)","(0.0791633, -0.958345, 0.274423)","(-0.656825, 0.393122, 0.643456)","(0.166868, -0.95277, 0.253741)","(-0.100231, -0.98555, -0.13655)","(0.125408, -0.959743, -0.25133)","(-0.11393, -0.499804, -0.858613)",0
21.1667,"(0.0543172, -0.0530379, 6.55274e-06)","(0.0109972, 0.993675, 0.111757)","(-0.00640454, -0.999391, 0.0342969)","(0.714249, -0.159915, 0.681378)","(0.225117, -0.94168, 0.250123)","(-0.764047, 0.409401, 0.498621)","(0.20316, -0.946321, 0.251399)","(-0.110404, -0.977718, -0.178546)","(0.0854716, -0.978182, -0.189353)","(-0.125749, -0.520094, -0.844801)",0
21.2,"(0.0545335, -0.049282, -2.1162e-06)","(0.0117413, 0.993344, 0.114581)","(-0.00104239, -0.999298, 0.0374547)","(0.804848, 0.113262, 0.582572)","(0.245748, -0.958595, 0.143885)","(-0.81983, 0.409676, 0.400056)","(0.231344, -0.943715, 0.236393)","(-0.119906, -0.968449, -0.218471)","(0.0520631, -0.988575, -0.141451)","(-0.12493, -0.562846, -0.817066)",0
21.2333,"(0.0548433, -0.0448499, -7.07977e-06)","(0.0114709, 0.992698, 0.120076)","(0.0307878, -0.999088, 0.0296033)","(0.812673, 0.236147, 0.532726)","(0.264044, -0.95484, 0.136242)","(-0.771765, 0.491494, 0.4035)","(0.235563, -0.95057, 0.202303)","(-0.122114, -0.966072, -0.227579)","(0.0323838, -0.987794, -0.15236)","(-0.151379, -0.608808, -0.778741)",0
21.2667,"(0.0552617, -0.0399988, -9.95728e-06)","(0.00907232, 0.992581, 0.121243)","(0.0429054, -0.999079, 0.00115393)","(0.816858, 0.242342, 0.523463)","(0.202201, -0.974729, 0.0949615)","(-0.66525, 0.598596, 0.446234)","(0.230207, -0.956286, 0.180338)","(-0.124252, -0.966445, -0.224822)","(0.0214199, -0.986398, -0.162975)","(-0.162172, -0.652142, -0.740548)",0
21.3,"(0.0557288, -0.0344681, -1.3815e-05)","(0.00390344, 0.991741, 0.128194)","(0.0110247, -0.999073, -0.0416173)","(0.82115, 0.192737, 0.537183)","(0.202702, -0.975048, 0.0905126)","(-0.506184, 0.645936, 0.57144)","(0.221846, -0.960285, 0.169225)","(-0.128519, -0.959973, -0.248866)","(0.0114725, -0.98757, -0.156763)","(-0.150499, -0.715272, -0.682449)",0
21.3333,"(0.0562118, -0.0296136, -1.50853e-05)","(-0.00315633, 0.990549, 0.137124)","(-0.0722186, -0.990632, -0.115901)","(0.836601, 0.14367, 0.528637)","(0.201276, -0.977981, 0.0551407)","(-0.383114, 0.644671, 0.661531)","(0.216902, -0.963189, 0.158809)","(-0.136449, -0.955254, -0.262435)","(0.00620256, -0.991058, -0.133287)","(-0.118488, -0.789378, -0.602364)",0
21.3667,"(0.0567011, -0.02528, -1.3213e-05)","(-0.00868852, 0.987971, 0.154394)","(-0.143993, -0.971445, -0.188574)","(0.849086, 0.0977711, 0.519128)","(0.224571, -0.972664, 0.0591019)","(-0.269076, 0.630195, 0.728322)","(0.214278, -0.968322, 0.12821)","(-0.141184, -0.955753, -0.258077)","(0.00534159, -0.989437, -0.144867)","(-0.0952452, -0.86508, -0.492509)",0
21.4,"(0.0571419, -0.0221086, -1.16548e-05)","(-0.0128769, 0.984749, 0.173503)","(-0.163281, -0.951068, -0.262315)","(0.854071, 0.0201896, 0.519764)","(0.204235, -0.97697, 0.0617837)","(-0.175416, 0.643961, 0.744676)","(0.212221, -0.972787, 0.0929911)","(-0.145999, -0.95847, -0.24499)","(0.00718709, -0.982624, -0.185466)","(-0.0802913, -0.910302, -0.406084)",0
21.4333,"(0.0575139, -0.019932, -1.03676e-05)","(-0.0174456, 0.980723, 0.194621)","(-0.161197, -0.945012, -0.284548)","(0.852132, -0.109307, 0.511784)","(0.184131, -0.981457, 0.0532775)","(-0.0666804, 0.656131, 0.751696)","(0.211394, -0.975696, 0.0577098)","(-0.147861, -0.959813, -0.238529)","(0.00978561, -0.970301, -0.241703)","(-0.0748704, -0.924651, -0.373384)",0
21.4667,"(0.0575139, -0.019932, -1.03676e-05)","(-0.0283727, 0.979888, 0.197523)","(-0.15256, -0.946188, -0.285401)","(0.829448, -0.295816, 0.473824)","(0.180265, -0.981967, 0.0569642)","(0.0672592, 0.614552, 0.786004)","(0.20956, -0.977031, 0.0386529)","(-0.150074, -0.964572, -0.216978)","(0.00274364, -0.953824, -0.300355)","(-0.072852, -0.913483, -0.400301)",0
21.5,"(0.0581131, -0.0174866, -2.8112e-07)","(-0.0407991, 0.983466, 0.176437)","(-0.152392, -0.94863, -0.277268)","(0.773684, -0.493826, 0.396923)","(0.176724, -0.981727, 0.0705798)","(0.22567, 0.521708, 0.822735)","(0.206619, -0.978198, 0.0209144)","(-0.151464, -0.974492, -0.165602)","(-0.0275274, -0.92666, -0.374892)","(-0.0971032, -0.893383, -0.438677)",0
21.5333,"(0.0581131, -0.0174866, -2.8112e-07)","(-0.0503921, 0.988639, 0.141614)","(-0.156062, -0.949556, -0.272009)","(0.661036, -0.700786, 0.268198)","(0.173433, -0.97337, 0.149904)","(0.406033, 0.349757, 0.844279)","(0.208893, -0.977936, 0.00202513)","(-0.146704, -0.983599, -0.104928)","(-0.079486, -0.901912, -0.424544)","(-0.126071, -0.886853, -0.444519)",0
21.5667,"(0.057777, -0.0145539, 5.72042e-06)","(-0.0512709, 0.990509, 0.127526)","(-0.168311, -0.960288, -0.222528)","(0.511495, -0.856277, 0.0718511)","(0.165823, -0.954218, 0.248941)","(0.61652, 0.0766947, 0.783595)","(0.221767, -0.975084, -0.00558353)","(-0.132743, -0.990085, -0.0459484)","(-0.146409, -0.879639, -0.452549)","(-0.164577, -0.890574, -0.42402)",0
21.6,"(0.0571635, -0.012036, 7.63885e-06)","(-0.0512326, 0.986964, 0.152569)","(-0.163641, -0.972743, -0.164297)","(0.343688, -0.934802, -0.0895769)","(0.157698, -0.934229, 0.319918)","(0.735725, -0.278628, 0.617313)","(0.23213, -0.972655, -0.00765418)","(-0.119404, -0.992656, -0.0194317)","(-0.199627, -0.874649, -0.441744)","(-0.175371, -0.902276, -0.393881)",0
21.6333,"(0.056383, -0.00867546, 4.11035e-06)","(-0.0541552, 0.980156, 0.190687)","(-0.155703, -0.980266, -0.1218)","(0.208867, -0.960719, -0.182739)","(0.150888, -0.930679, 0.333271)","(0.619832, -0.643529, 0.449087)","(0.21542, -0.976512, -0.00425697)","(-0.111602, -0.993752, 0.00117316)","(-0.200108, -0.879669, -0.431439)","(-0.177047, -0.918566, -0.3534)",0
21.6667,"(0.0555421, -0.00610726, -7.75466e-07)","(-0.0594004, 0.973909, 0.219027)","(-0.139208, -0.981696, -0.129974)","(0.109181, -0.974953, -0.19377)","(0.148361, -0.939858, 0.307663)","(0.351814, -0.861609, 0.365865)","(0.165925, -0.986113, -0.00702195)","(-0.111992, -0.993472, 0.0217141)","(-0.146999, -0.901794, -0.406396)","(-0.162826, -0.932447, -0.322537)",0
21.7,"(0.0547403, -0.00387343, -3.7489e-06)","(-0.0651863, 0.972024, 0.225653)","(-0.128036, -0.981452, -0.142681)","(0.0421568, -0.978637, -0.201227)","(0.153151, -0.942644, 0.296593)","(0.119159, -0.929813, 0.348209)","(0.113457, -0.993506, -0.00850866)","(-0.113321, -0.992644, 0.0426076)","(-0.0749028, -0.923941, -0.375131)","(-0.146661, -0.942331, -0.300836)",0
21.7333,"(0.0547403, -0.00387343, -3.7489e-06)","(-0.0715, 0.972204, 0.222952)","(-0.115617, -0.983449, -0.139504)","(0.0127279, -0.976952, -0.213081)","(0.155954, -0.946014, 0.284141)","(0.0494389, -0.932565, 0.3576)","(0.0811528, -0.996672, -0.00770817)","(-0.114813, -0.992072, 0.0510965)","(-0.0362197, -0.939855, -0.339647)","(-0.135817, -0.944406, -0.299418)",0
21.7667,"(0.0528951, -0.00161054, -9.73637e-06)","(-0.0762622, 0.973615, 0.215075)","(-0.107543, -0.985, -0.13494)","(0.0119616, -0.977669, -0.209809)","(0.155115, -0.947072, 0.281059)","(0.0364657, -0.928614, 0.369251)","(0.0750394, -0.997167, -0.00530615)","(-0.111954, -0.992742, 0.0439334)","(-0.0304779, -0.947894, -0.317125)","(-0.133254, -0.944086, -0.301571)",0
21.8,"(0.0528951, -0.00161054, -9.73637e-06)","(-0.0781059, 0.975008, 0.207987)","(-0.104711, -0.985995, -0.129803)","(0.0213504, -0.977907, -0.207948)","(0.153147, -0.949748, 0.272992)","(0.0130942, -0.926219, 0.37676)","(0.0770769, -0.997011, -0.00534509)","(-0.103051, -0.994119, 0.0332791)","(-0.0348619, -0.952294, -0.303185)","(-0.12792, -0.946645, -0.295802)",0
21.8333,"(0.0503793, -0.00243998, -7.95419e-06)","(-0.0746717, 0.975814, 0.205454)","(-0.107508, -0.985667, -0.130007)","(0.0290514, -0.980378, -0.194974)","(0.148232, -0.95112, 0.270921)","(-0.0111816, -0.925864, 0.377691)","(0.0819422, -0.996613, -0.0069807)","(-0.0894634, -0.995702, 0.0239344)","(-0.0381199, -0.952969, -0.30066)","(-0.118496, -0.946995, -0.298596)",0
21.8667,"(0.0503793, -0.00243998, -7.95419e-06)","(-0.0710112, 0.976128, 0.20526)","(-0.111129, -0.984939, -0.132458)","(0.0317681, -0.981364, -0.189513)","(0.139093, -0.952646, 0.270404)","(-0.0298242, -0.92213, 0.385728)","(0.0831922, -0.996481, -0.0101865)","(-0.0770729, -0.996865, 0.0178994)","(-0.0373061, -0.953775, -0.298196)","(-0.104993, -0.948143, -0.300002)",0
21.9,"(0.0479103, -0.00452112, -1.16641e-05)","(-0.0671801, 0.976331, 0.205584)","(-0.11497, -0.981963, -0.150104)","(0.0244985, -0.981519, -0.189791)","(0.110412, -0.95422, 0.277982)","(-0.0468301, -0.915971, 0.398502)","(0.0792867, -0.996718, -0.016332)","(-0.0679519, -0.997542, 0.0170856)","(-0.0313842, -0.955359, -0.293777)","(-0.0947464, -0.94837, -0.302684)",0
21.9333,"(0.0479103, -0.00452112, -1.16641e-05)","(-0.0618227, 0.976079, 0.208442)","(-0.122478, -0.975695, -0.181712)","(0.0160027, -0.980503, -0.195849)","(0.0759623, -0.955168, 0.286153)","(-0.0562518, -0.910377, 0.409939)","(0.0732688, -0.997063, -0.0223013)","(-0.0633553, -0.997837, 0.0175517)","(-0.0233546, -0.957206, -0.288462)","(-0.085641, -0.950291, -0.299354)",0
21.9667,"(0.0458149, -0.00406457, -1.51261e-05)","(-0.0499117, 0.975868, 0.212579)","(-0.140971, -0.965895, -0.217197)","(0.00196993, -0.980421, -0.196903)","(0.0313164, -0.954836, 0.295478)","(-0.0531888, -0.911584, 0.407658)","(0.0691843, -0.997265, -0.0260003)","(-0.0597464, -0.99805, 0.0180544)","(-0.0140331, -0.960869, -0.276648)","(-0.079236, -0.954854, -0.286312)",0
22,"(0.0458149, -0.00406457, -1.51261e-05)","(-0.0349015, 0.975231, 0.21842)","(-0.165521, -0.954574, -0.247774)","(-0.0133511, -0.979829, -0.199391)","(-0.0155217, -0.954504, 0.297793)","(-0.0433347, -0.917735, 0.394823)","(0.0698405, -0.99726, -0.0243987)","(-0.0567179, -0.99808, 0.0248704)","(-0.00641006, -0.967281, -0.253624)","(-0.0737228, -0.963405, -0.257712)",0
22.0333,"(0.0439711, -0.00668699, -1.57137e-05)","(-0.021971, 0.97494, 0.221382)","(-0.1854, -0.946032, -0.265802)","(-0.0271037, -0.979285, -0.200665)","(-0.0568575, -0.948429, 0.311849)","(-0.0350958, -0.923571, 0.381817)","(0.0728582, -0.997133, -0.0204471)","(-0.0537917, -0.998114, 0.0295899)","(0.00124702, -0.973221, -0.229868)","(-0.071124, -0.969615, -0.234069)",0
22.0667,"(0.0433249, -0.0117914, -1.36151e-05)","(-0.0146715, 0.979052, 0.203081)","(-0.190877, -0.968772, -0.158265)","(-0.0274592, -0.981442, -0.189785)","(-0.0258462, -0.851214, 0.524182)","(-0.0358125, -0.923427, 0.3821)","(0.0788241, -0.996833, -0.010495)","(-0.0516794, -0.998418, 0.0221552)","(0.00785655, -0.974695, -0.2234)","(-0.0701179, -0.967831, -0.241632)",0
22.1,"(0.0428549, -0.0198566, -1.17718e-05)","(-0.0129691, 0.984021, 0.177579)","(-0.175707, -0.983562, 0.0416201)","(-0.0191257, -0.983458, -0.180123)","(0.0541597, -0.597395, 0.800116)","(-0.0361962, -0.925315, 0.377467)","(0.0806977, -0.996735, -0.00272197)","(-0.0508095, -0.998642, 0.0114764)","(0.0151097, -0.961968, -0.272745)","(-0.0808242, -0.958099, -0.274797)",0
22.1333,"(0.0426229, -0.0300596, -9.72883e-06)","(-0.0136799, 0.987184, 0.158998)","(-0.149851, -0.952385, 0.265531)","(-0.00618798, -0.985178, -0.171421)","(0.257327, -0.190615, 0.947338)","(-0.0136488, -0.92571, 0.377988)","(0.0831961, -0.996532, 0.00133635)","(-0.0489664, -0.998783, 0.00593488)","(0.0182985, -0.933893, -0.357083)","(-0.0981208, -0.927157, -0.361598)",0
22.1667,"(0.0424167, -0.0415075, -7.66315e-06)","(-0.0202854, 0.986183, 0.164415)","(-0.0686005, -0.919454, 0.387166)","(0.021441, -0.983694, -0.17857)","(0.41815, 0.160103, 0.894157)","(0.0493434, -0.930942, 0.361817)","(0.0939303, -0.988384, 0.119478)","(-0.0439248, -0.993919, 0.100975)","(0.0157058, -0.910824, -0.412495)","(-0.121758, -0.898178, -0.422436)",0
22.2,"(0.042282, -0.0518083, -4.84218e-06)","(-0.0260789, 0.985371, 0.168415)","(0.0251079, -0.903642, 0.427552)","(0.0868035, -0.982022, -0.167625)","(0.560885, 0.3586, 0.7462)","(0.104254, -0.925929, 0.363025)","(0.118303, -0.963693, 0.239376)","(-0.033111, -0.975199, 0.218841)","(0.0009955, -0.903342, -0.428921)","(-0.139792, -0.879286, -0.455317)",0
22.2333,"(0.0421292, -0.0611326, -3.65353e-06)","(-0.0293765, 0.986796, 0.159281)","(0.168166, -0.863704, 0.475117)","(0.160694, -0.97935, -0.122685)","(0.629842, 0.462789, 0.623799)","(0.127604, -0.917254, 0.37731)","(0.161261, -0.931892, 0.324919)","(-0.0126661, -0.950299, 0.311082)","(-0.0380241, -0.904878, -0.42397)","(-0.163405, -0.8333, -0.52812)",0
22.2667,"(0.0421007, -0.0686021, -2.45948e-06)","(-0.0233658, 0.991356, 0.1291)","(0.274388, -0.821729, 0.499472)","(0.209314, -0.977296, -0.032874)","(0.718176, 0.442113, 0.537363)","(0.0686875, -0.90577, 0.418166)","(0.208186, -0.924587, 0.319057)","(0.0128113, -0.95258, 0.304017)","(-0.0811144, -0.885251, -0.457987)","(-0.193026, -0.779666, -0.595703)",0
22.3,"(0.0420571, -0.0753367, -2.90838e-06)","(-0.0149017, 0.994786, 0.100886)","(0.382602, -0.752294, 0.536348)","(0.220546, -0.970799, 0.0943837)","(0.828424, 0.391651, 0.400405)","(-0.0291796, -0.801955, 0.596672)","(0.240925, -0.924956, 0.293958)","(0.033716, -0.964177, 0.263109)","(-0.109889, -0.85889, -0.500233)","(-0.217493, -0.707494, -0.67242)",0
22.3333,"(0.0420786, -0.0809456, -2.7332e-06)","(-0.00738102, 0.997556, 0.0694765)","(0.425159, -0.735566, 0.527429)","(0.220984, -0.950085, 0.220238)","(0.909267, 0.298106, 0.290459)","(-0.113821, -0.553193, 0.825241)","(0.249165, -0.935121, 0.251924)","(0.0460036, -0.969356, 0.241315)","(-0.107083, -0.833838, -0.541523)","(-0.23284, -0.707645, -0.667102)",0
22.3667,"(0.0421375, -0.0839757, -4.60255e-06)","(-0.00425671, 0.998377, 0.0567948)","(0.455702, -0.740595, 0.493817)","(0.216055, -0.905818, 0.364435)","(0.960088, 0.187362, 0.207669)","(-0.252615, -0.174428, 0.951715)","(0.256097, -0.946589, 0.195917)","(0.0490341, -0.971884, 0.230298)","(-0.111809, -0.818627, -0.563337)","(-0.230149, -0.70554, -0.670257)",0
22.4,"(0.0421375, -0.0839757, -4.60255e-06)","(-0.00298561, 0.999276, 0.0379274)","(0.463734, -0.767912, 0.441885)","(0.196439, -0.860819, 0.46947)","(0.976281, 0.107361, 0.188015)","(-0.24773, 0.0948461, 0.964175)","(0.268216, -0.936409, 0.226271)","(0.05252, -0.972534, 0.226759)","(-0.119138, -0.829109, -0.546246)","(-0.225619, -0.707904, -0.669305)",0
22.4333,"(0.0421375, -0.0839757, -4.60255e-06)","(0.00368882, 0.999528, 0.0304865)","(0.497561, -0.775841, 0.387949)","(0.156136, -0.838786, 0.521593)","(0.983695, 0.0584612, 0.170079)","(-0.235535, 0.240874, 0.941543)","(0.294785, -0.898366, 0.325639)","(0.065618, -0.97111, 0.229434)","(-0.131855, -0.846023, -0.516584)","(-0.235949, -0.695946, -0.678224)",0
22.4667,"(0.0421375, -0.0839757, -4.60255e-06)","(0.0124909, 0.999517, 0.0284498)","(0.526274, -0.778001, 0.343148)","(0.126877, -0.852489, 0.507114)","(0.986932, 0.0241681, 0.159317)","(-0.111971, 0.309118, 0.944409)","(0.316515, -0.864355, 0.390779)","(0.0859288, -0.965841, 0.244474)","(-0.141168, -0.866454, -0.478883)","(-0.261612, -0.693109, -0.671684)",0
22.5,"(0.0421375, -0.0839757, -4.60255e-06)","(0.027236, 0.998687, 0.0433876)","(0.548338, -0.78503, 0.28819)","(0.0963074, -0.873354, 0.477471)","(0.990056, -0.0284544, 0.137768)","(-0.0735216, 0.357613, 0.930971)","(0.342106, -0.85939, 0.380016)","(0.105221, -0.964618, 0.241745)","(-0.158014, -0.865822, -0.474746)","(-0.288209, -0.698258, -0.655264)",0
22.5333,"(0.0421375, -0.0839757, -4.60255e-06)","(0.0427115, 0.997432, 0.0574952)","(0.550184, -0.798924, 0.242937)","(0.0701635, -0.878185, 0.473148)","(0.989281, -0.0994484, 0.106926)","(-0.0581553, 0.406773, 0.911676)","(0.358381, -0.863568, 0.354701)","(0.113779, -0.967266, 0.226825)","(-0.171517, -0.87446, -0.453763)","(-0.302471, -0.722263, -0.621971)",0
22.5667,"(0.0421375, -0.0839757, -4.60255e-06)","(0.0558156, 0.996407, 0.0636935)","(0.531004, -0.821984, 0.205857)","(0.0414008, -0.876141, 0.480274)","(0.980977, -0.183028, 0.0646929)","(-0.0385129, 0.464227, 0.884879)","(0.362385, -0.869079, 0.336719)","(0.114469, -0.973967, 0.195667)","(-0.170826, -0.883101, -0.43698)","(-0.304857, -0.738641, -0.601226)",0
22.6,"(0.0412846, -0.081305, -4.38099e-06)","(0.0647196, 0.996052, 0.0607592)","(0.502908, -0.845663, 0.178709)","(0.0233955, -0.865386, 0.50056)","(0.965952, -0.25719, 0.028108)","(-0.00901058, 0.527774, 0.849337)","(0.361039, -0.876671, 0.317961)","(0.113432, -0.981003, 0.157375)","(-0.160546, -0.899528, -0.406294)","(-0.307556, -0.753653, -0.580876)",0
22.6333,"(0.0404352, -0.0794339, -2.61222e-06)","(0.0724785, 0.995765, 0.0565583)","(0.478177, -0.866707, 0.142005)","(0.0227519, -0.852473, 0.522276)","(0.946997, -0.321243, -0.000464074)","(0.047984, 0.562694, 0.825271)","(0.350671, -0.907037, 0.233053)","(0.104399, -0.989694, 0.0980171)","(-0.149027, -0.910268, -0.386267)","(-0.29636, -0.789411, -0.537588)",0
22.6667,"(0.03933, -0.076807, -4.6459e-07)","(0.081042, 0.995398, 0.0511295)","(0.459428, -0.881023, 0.112802)","(0.0367096, -0.845027, 0.533462)","(0.93629, -0.350774, -0.0178573)","(0.112547, 0.575165, 0.810258)","(0.332879, -0.931825, 0.144545)","(0.0939806, -0.994849, 0.0379873)","(-0.139465, -0.919639, -0.367169)","(-0.277482, -0.837068, -0.47151)",0
22.7,"(0.0379877, -0.0733089, 8.48947e-07)","(0.0900389, 0.994827, 0.0470418)","(0.440099, -0.893206, 0.0921723)","(0.0516861, -0.842755, 0.53581)","(0.931217, -0.362815, -0.0346448)","(0.170901, 0.567035, 0.805769)","(0.309802, -0.949699, 0.0457594)","(0.0847262, -0.996387, 0.00578515)","(-0.134536, -0.919322, -0.369794)","(-0.255516, -0.872472, -0.416539)",0
22.7333,"(0.0366363, -0.0690067, 2.13399e-06)","(0.0941398, 0.994645, 0.0426508)","(0.415036, -0.905347, 0.0899564)","(0.0610212, -0.84398, 0.532892)","(0.927358, -0.372664, -0.0336014)","(0.202538, 0.564795, 0.79999)","(0.294123, -0.95564, 0.0156289)","(0.0812472, -0.996677, 0.00586146)","(-0.129165, -0.916678, -0.378177)","(-0.24386, -0.888815, -0.387995)",0
22.7667,"(0.0355602, -0.064055, 3.23649e-06)","(0.0987783, 0.994311, 0.0398673)","(0.389772, -0.916434, 0.090706)","(0.0549585, -0.842716, 0.535545)","(0.918911, -0.393265, -0.0307507)","(0.217591, 0.571152, 0.791479)","(0.27802, -0.960554, -0.0064169)","(0.0760472, -0.997031, 0.0120472)","(-0.114652, -0.921661, -0.370668)","(-0.234099, -0.898704, -0.370848)",0
22.8,"(0.0347236, -0.0588465, 2.6559e-06)","(0.102841, 0.993982, 0.0377335)","(0.367635, -0.926052, 0.0852785)","(0.044767, -0.846222, 0.530947)","(0.910763, -0.412579, -0.0170281)","(0.223063, 0.580882, 0.782828)","(0.267651, -0.963511, -0.00319655)","(0.0642179, -0.997845, 0.0134532)","(-0.102527, -0.930302, -0.352173)","(-0.21837, -0.91458, -0.340379)",0
22.8333,"(0.0339712, -0.053905, 1.20564e-06)","(0.111956, 0.993154, 0.0333399)","(0.349795, -0.93367, 0.0768297)","(0.0385872, -0.846806, 0.530501)","(0.897947, -0.440102, -0.00130091)","(0.215541, 0.595021, 0.774269)","(0.25241, -0.967618, -0.00233368)","(0.0489194, -0.998719, 0.0129494)","(-0.0885242, -0.942714, -0.321644)","(-0.20158, -0.931639, -0.302347)",0
22.8667,"(0.0333303, -0.0494145, -1.03423e-07)","(0.124485, 0.991895, 0.0254496)","(0.328364, -0.941293, 0.0783849)","(0.0478869, -0.841973, 0.53739)","(0.885532, -0.464513, 0.00775888)","(0.202123, 0.603677, 0.771181)","(0.246501, -0.969073, 0.0116157)","(0.0391426, -0.999115, 0.0154256)","(-0.0785694, -0.956205, -0.281954)","(-0.196502, -0.94877, -0.247432)",0
22.9,"(0.0326704, -0.0458842, -3.63076e-07)","(0.138222, 0.990273, 0.0159173)","(0.302881, -0.948998, 0.0875544)","(0.072196, -0.824601, 0.561088)","(0.874726, -0.484195, 0.0202301)","(0.185058, 0.604304, 0.774965)","(0.239353, -0.970653, 0.0232909)","(0.0382016, -0.998918, 0.0265087)","(-0.0644155, -0.969461, -0.236635)","(-0.201386, -0.959403, -0.197458)",0
22.9333,"(0.031905, -0.0429572, -3.52086e-07)","(0.149362, 0.988739, 0.00931314)","(0.281202, -0.954679, 0.0975384)","(0.102184, -0.798112, 0.593781)","(0.872724, -0.488161, -0.00721911)","(0.190206, 0.602542, 0.77509)","(0.233398, -0.971949, 0.0289939)","(0.0458515, -0.998119, 0.0407075)","(-0.0517333, -0.975101, -0.215644)","(-0.211687, -0.961968, -0.172645)",0
22.9667,"(0.0310118, -0.0401229, 5.98235e-07)","(0.157419, 0.987521, 0.00455745)","(0.272754, -0.956599, 0.102581)","(0.122321, -0.766506, 0.630481)","(0.883324, -0.464021, -0.0665123)","(0.209916, 0.593413, 0.777043)","(0.220951, -0.974902, 0.0273118)","(0.0546727, -0.996034, 0.0701967)","(-0.0360205, -0.972637, -0.229523)","(-0.218811, -0.960212, -0.173533)",0
23,"(0.0302566, -0.0371876, 2.60784e-06)","(0.165795, 0.986158, 0.00199447)","(0.274673, -0.955683, 0.105945)","(0.148466, -0.73342, 0.663365)","(0.895886, -0.416676, -0.154171)","(0.234639, 0.590364, 0.772279)","(0.207306, -0.978092, 0.0189786)","(0.0617354, -0.993541, 0.0952103)","(-0.0184989, -0.969785, -0.24326)","(-0.219521, -0.959317, -0.177545)",0
23.0333,"(0.0296364, -0.0341019, 4.42932e-06)","(0.173362, 0.984858, 0.000428524)","(0.282573, -0.953209, 0.107445)","(0.177223, -0.701997, 0.689777)","(0.912967, -0.340415, -0.224964)","(0.245747, 0.593531, 0.766374)","(0.196749, -0.980442, 0.00471787)","(0.066295, -0.991292, 0.11378)","(-0.00393653, -0.970251, -0.242071)","(-0.21541, -0.960966, -0.173615)",0
23.0667,"(0.0291911, -0.0301711, 5.44298e-06)","(0.179331, 0.983789, 0.000403106)","(0.292115, -0.950254, 0.108098)","(0.217577, -0.67878, 0.701368)","(0.92313, -0.272476, -0.271271)","(0.24079, 0.606661, 0.757616)","(0.188682, -0.981979, -0.0107394)","(0.0668087, -0.990819, 0.117533)","(0.00447013, -0.973387, -0.229126)","(-0.208967, -0.963787, -0.16567)",0
23.1,"(0.0289495, -0.0255193, 4.92628e-06)","(0.181622, 0.983368, 0.000383775)","(0.301274, -0.947406, 0.107958)","(0.239356, -0.672544, 0.700281)","(0.930098, -0.232459, -0.284394)","(0.230597, 0.622498, 0.747878)","(0.175461, -0.984217, -0.0230291)","(0.0630851, -0.990518, 0.122042)","(0.0141433, -0.975939, -0.217586)","(-0.204695, -0.965061, -0.163578)",0
23.1333,"(0.0289304, -0.0209037, 3.00459e-06)","(0.1814, 0.983409, 0.000241625)","(0.306525, -0.945901, 0.106366)","(0.247316, -0.682097, 0.688171)","(0.933307, -0.217037, -0.286063)","(0.225398, 0.632291, 0.741218)","(0.15712, -0.98714, -0.0294464)","(0.0522984, -0.9907, 0.125614)","(0.0214994, -0.978583, -0.204729)","(-0.197406, -0.968196, -0.153715)",0
23.1667,"(0.0290176, -0.0158713, 1.1879e-07)","(0.180591, 0.983558, -0.000274555)","(0.310199, -0.944917, 0.104443)","(0.236945, -0.693522, 0.680356)","(0.935305, -0.214527, -0.281393)","(0.230328, 0.639551, 0.733432)","(0.133824, -0.990381, -0.0351594)","(0.0297148, -0.991529, 0.12644)","(0.0202788, -0.981628, -0.189727)","(-0.181641, -0.972636, -0.144866)",0
23.2,"(0.0291777, -0.0110323, -2.7318e-06)","(0.182307, 0.983241, 0.000944086)","(0.349371, -0.93232, 0.0933769)","(0.211807, -0.685394, 0.696687)","(0.9318, -0.127144, -0.339975)","(0.22875, 0.606238, 0.761675)","(0.115454, -0.992607, -0.0374421)","(-0.00488145, -0.991837, 0.127418)","(0.00958935, -0.985983, -0.166568)","(-0.15492, -0.980082, -0.124257)",0
23.2333,"(0.029419, -0.00734578, -5.265e-06)","(0.184086, 0.98291, 0.00074005)","(0.385593, -0.918571, 0.0868612)","(0.189455, -0.668441, 0.719231)","(0.918097, -0.0476146, -0.393484)","(0.227342, 0.583059, 0.779973)","(0.0965169, -0.994568, -0.0389765)","(-0.0329044, -0.991128, 0.128771)","(-0.00338151, -0.988538, -0.150933)","(-0.141441, -0.98293, -0.117654)",0
23.2667,"(0.0297625, -0.00481131, -9.21083e-06)","(0.184113, 0.982905, -0.0006502)","(0.381629, -0.920484, 0.0840779)","(0.174686, -0.65176, 0.738034)","(0.90568, 0.029459, -0.422938)","(0.239584, 0.565601, 0.78911)","(0.0806965, -0.995749, -0.0444089)","(-0.047509, -0.990594, 0.128318)","(-0.0154754, -0.988657, -0.149395)","(-0.139596, -0.982189, -0.125768)",0
23.3,"(0.0297625, -0.00481131, -9.21083e-06)","(0.178966, 0.983837, -0.00602784)","(0.318565, -0.942455, 0.101461)","(0.183312, -0.659375, 0.729123)","(0.91976, 0.0184765, -0.392045)","(0.272655, 0.596521, 0.754865)","(0.0617047, -0.996701, -0.0527273)","(-0.0480458, -0.991058, 0.124481)","(-0.0234503, -0.986602, -0.161452)","(-0.151336, -0.976634, -0.152588)",0
23.3333,"(0.0311929, -0.00301105, -1.84041e-05)","(0.169154, 0.985445, -0.0168962)","(0.240686, -0.962076, 0.128376)","(0.197711, -0.67643, 0.709473)","(0.936009, 0.0219256, -0.351292)","(0.306708, 0.614207, 0.727104)","(0.0456078, -0.997184, -0.0595279)","(-0.0507417, -0.991389, 0.120717)","(-0.0283766, -0.98445, -0.173358)","(-0.157294, -0.972584, -0.171287)",0
23.3667,"(0.0311929, -0.00301105, -1.84041e-05)","(0.15783, 0.987057, -0.0284205)","(0.199585, -0.967894, 0.152799)","(0.221422, -0.683244, 0.695808)","(0.946671, 0.0236097, -0.321336)","(0.326353, 0.618632, 0.714694)","(0.0315853, -0.997537, -0.0626342)","(-0.0552991, -0.99133, 0.119192)","(-0.0252639, -0.9837, -0.178035)","(-0.160881, -0.969676, -0.183971)",0
23.4,"(0.0311929, -0.00301105, -1.84041e-05)","(0.145246, 0.988612, -0.0393571)","(0.160534, -0.971103, 0.1766)","(0.242713, -0.678575, 0.693272)","(0.964518, 0.0197264, -0.263278)","(0.330593, 0.6108, 0.719466)","(0.0177642, -0.997856, -0.0629884)","(-0.0592792, -0.991309, 0.117445)","(-0.0257463, -0.982942, -0.182104)","(-0.163226, -0.9667, -0.1971)",0
23.4333,"(0.0337994, -0.00403987, -2.59122e-05)","(0.133523, 0.990012, -0.0452538)","(0.119857, -0.973333, 0.195593)","(0.252815, -0.670555, 0.697453)","(0.984651, 0.0119734, -0.174125)","(0.33311, 0.602437, 0.725333)","(0.00670069, -0.998001, -0.062837)","(-0.0596731, -0.991557, 0.115124)","(-0.0296293, -0.982024, -0.186417)","(-0.167094, -0.963144, -0.210792)",0
23.4667,"(0.0337994, -0.00403987, -2.59122e-05)","(0.122151, 0.991291, -0.0492137)","(0.0594143, -0.969833, 0.236421)","(0.245976, -0.674628, 0.695969)","(0.99902, 0.0295853, -0.0329196)","(0.316025, 0.605815, 0.730148)","(-0.00203576, -0.998189, -0.0601258)","(-0.059234, -0.991911, 0.112269)","(-0.0404361, -0.981124, -0.189103)","(-0.173742, -0.95876, -0.224929)",0
23.5,"(0.0337994, -0.00403987, -2.59122e-05)","(0.114186, 0.992443, -0.0449249)","(0.0102096, -0.954305, 0.298659)","(0.229324, -0.692031, 0.684473)","(0.976019, 0.122103, 0.180214)","(0.274512, 0.630593, 0.725944)","(-0.0086967, -0.998325, -0.0572015)","(-0.0585993, -0.992696, 0.105453)","(-0.0519905, -0.979422, -0.195013)","(-0.180305, -0.954295, -0.238349)",0
23.5333,"(0.0364357, -0.00458747, -1.58087e-05)","(0.110209, 0.993118, -0.0396359)","(-0.0228879, -0.925239, 0.378693)","(0.221446, -0.709234, 0.66929)","(0.862371, 0.287344, 0.416833)","(0.205045, 0.667676, 0.715657)","(-0.0149787, -0.998385, -0.0547972)","(-0.0589085, -0.993829, 0.0939918)","(-0.0575016, -0.97661, -0.207188)","(-0.185198, -0.94942, -0.253582)",0
23.5667,"(0.0364357, -0.00458747, -1.58087e-05)","(0.110903, 0.992879, -0.0434937)","(-0.0501965, -0.881913, 0.468731)","(0.279873, -0.692352, 0.665071)","(0.66127, 0.473626, 0.581722)","(0.102822, 0.704365, 0.702351)","(-0.0192154, -0.99859, -0.0494782)","(-0.0595776, -0.995012, 0.0800103)","(-0.0615907, -0.974332, -0.216527)","(-0.185901, -0.947544, -0.260001)",0
23.6,"(0.0394062, -0.00381361, -6.02431e-06)","(0.109601, 0.992577, -0.0527172)","(-0.0812156, -0.809074, 0.582068)","(0.420425, -0.577807, 0.699558)","(0.423975, 0.632205, 0.648508)","(-0.0324493, 0.735499, 0.676748)","(-0.0219518, -0.998936, -0.0405553)","(-0.064105, -0.994988, 0.0767457)","(-0.0610822, -0.97378, -0.219139)","(-0.183281, -0.947004, -0.263802)",0
23.6333,"(0.0394062, -0.00381361, -6.02431e-06)","(0.101112, 0.993657, -0.0492183)","(-0.166692, -0.694438, 0.699978)","(0.544378, -0.375409, 0.750147)","(0.23406, 0.685743, 0.689182)","(-0.161141, 0.714479, 0.680848)","(-0.0314318, -0.999148, -0.0267462)","(-0.0747193, -0.993406, 0.086954)","(-0.0524622, -0.97573, -0.212601)","(-0.178354, -0.947528, -0.265294)",0
23.6667,"(0.0426581, -0.00100089, 1.20001e-07)","(0.0897915, 0.994985, -0.0440771)","(-0.256165, -0.485231, 0.83602)","(0.736724, -0.018486, 0.675941)","(0.0975426, 0.699797, 0.707651)","(-0.30023, 0.841132, 0.449843)","(-0.0458392, -0.998839, -0.0148194)","(-0.0913093, -0.990919, 0.0986994)","(-0.0347227, -0.980743, -0.192194)","(-0.178702, -0.95064, -0.253672)",0
23.7,"(0.0447102, 0.000861824, 3.90713e-06)","(0.0774369, 0.996307, -0.0371015)","(-0.297351, -0.220107, 0.929051)","(0.776668, 0.347265, 0.525541)","(0.0558471, 0.639719, 0.766577)","(-0.386497, 0.882876, 0.266738)","(-0.0536114, -0.998548, -0.00518916)","(-0.113726, -0.987617, 0.108067)","(0.00532747, -0.985248, -0.171051)","(-0.173017, -0.956782, -0.233738)",0
23.7333,"(0.0464644, 0.00283004, 3.48468e-06)","(0.0612017, 0.99736, -0.0390796)","(-0.237644, 0.0588291, 0.969569)","(0.66898, 0.625786, 0.401071)","(0.0727331, 0.650588, 0.75594)","(-0.398214, 0.907955, 0.130551)","(-0.0517771, -0.998659, -3.8502e-05)","(-0.142948, -0.983717, 0.108938)","(0.0399454, -0.985106, -0.167242)","(-0.155698, -0.963059, -0.219718)",0
23.7667,"(0.0479521, 0.00418302, 1.61524e-06)","(0.0428547, 0.998776, -0.0246893)","(-0.148737, 0.362703, 0.919959)","(0.438744, 0.763499, 0.473892)","(0.132684, 0.726558, 0.674172)","(-0.353203, 0.888667, 0.292437)","(-0.044418, -0.999009, -0.00280018)","(-0.167661, -0.980586, 0.10169)","(0.0765692, -0.977048, -0.198781)","(-0.131203, -0.958935, -0.251453)",0
23.8,"(0.0479521, 0.00418302, 1.61524e-06)","(0.0260472, 0.998713, 0.0435156)","(-0.0783837, 0.663789, 0.743801)","(0.226033, 0.854487, 0.467719)","(0.216768, 0.860305, 0.461397)","(-0.256187, 0.906564, 0.335425)","(-0.0427944, -0.999068, -0.00557421)","(-0.182142, -0.979646, 0.0843637)","(0.105739, -0.962326, -0.250497)","(-0.10921, -0.942461, -0.315977)",0
23.8333,"(0.0506419, 0.00581158, -3.6262e-06)","(0.0198984, 0.991944, 0.125107)","(-0.0459213, 0.855632, 0.515543)","(0.0944416, 0.921204, 0.377445)","(0.285435, 0.926263, 0.246096)","(-0.18871, 0.943752, 0.271516)","(-0.0459199, -0.998939, -0.00361209)","(-0.179869, -0.981664, 0.0631084)","(0.135945, -0.94888, -0.284862)","(-0.0934169, -0.922284, -0.375053)",0
23.8667,"(0.0506419, 0.00581158, -3.6262e-06)","(0.0166556, 0.977948, 0.208183)","(-0.0325587, 0.921649, 0.386656)","(0.0492122, 0.952864, 0.29938)","(0.36352, 0.922849, 0.127291)","(-0.155777, 0.971234, 0.180104)","(-0.0514676, -0.998429, 0.0221284)","(-0.16784, -0.984024, 0.0593853)","(0.16594, -0.938448, -0.30295)","(-0.0730745, -0.911867, -0.40393)",0
23.9,"(0.0506419, 0.00581158, -3.6262e-06)","(0.0154263, 0.97346, 0.228338)","(-0.0274426, 0.924693, 0.379724)","(0.0491814, 0.950209, 0.307707)","(0.423442, 0.90297, 0.0730914)","(-0.153198, 0.976332, 0.152661)","(-0.0540785, -0.997305, 0.0495811)","(-0.151336, -0.986561, 0.061601)","(0.176632, -0.935555, -0.305839)","(-0.0589735, -0.912901, -0.403899)",0
23.9333,"(0.0506419, 0.00581158, -3.6262e-06)","(0.0155678, 0.974085, 0.225645)","(-0.02132, 0.918903, 0.393906)","(0.0734097, 0.946709, 0.313612)","(0.462389, 0.886232, 0.0280862)","(-0.159491, 0.972479, 0.169843)","(-0.0504452, -0.996331, 0.0691331)","(-0.138071, -0.988263, 0.0653603)","(0.177181, -0.929282, -0.324102)","(-0.0451142, -0.913383, -0.404595)",0
23.9667,"(0.0506419, 0.00581158, -3.6262e-06)","(0.0160702, 0.977777, 0.209031)","(-0.0168581, 0.911833, 0.410216)","(0.0894801, 0.944236, 0.316878)","(0.470046, 0.88264, -0.00197586)","(-0.165941, 0.967728, 0.189645)","(-0.0377759, -0.99752, 0.059393)","(-0.132651, -0.989497, 0.0574347)","(0.160096, -0.92741, -0.338052)","(-0.0337392, -0.914164, -0.403938)",0
24,"(0.0506419, 0.00581158, -3.6262e-06)","(0.0175979, 0.981994, 0.188091)","(-0.0285499, 0.911183, 0.411011)","(0.0873503, 0.941945, 0.324206)","(0.482394, 0.875847, -0.0137013)","(-0.168796, 0.971524, 0.166279)","(-0.0175342, -0.999261, 0.0342174)","(-0.132059, -0.990329, 0.0425318)","(0.138139, -0.930152, -0.340197)","(-0.0177012, -0.918057, -0.396054)",0
24.0333,"(0.0506419, 0.00581158, -3.6262e-06)","(0.0183426, 0.987946, 0.153708)","(-0.0545207, 0.8991, 0.434335)","(0.0514928, 0.940134, 0.336892)","(0.509423, 0.860494, 0.00612032)","(-0.172769, 0.977108, 0.124144)","(0.00613618, -0.999969, 0.00490496)","(-0.133273, -0.990876, 0.0200719)","(0.114653, -0.939941, -0.321506)","(-0.00615493, -0.927671, -0.373348)",0
24.0667,"(0.0502062, 0.00329026, -1.00829e-05)","(0.0202573, 0.992539, 0.120234)","(-0.0784708, 0.843892, 0.530744)","(-0.0335958, 0.898737, 0.4372)","(0.569512, 0.808788, 0.146686)","(-0.215769, 0.953441, 0.210698)","(0.0317653, -0.999378, -0.0153168)","(-0.133591, -0.991036, -0.000727201)","(0.0908965, -0.943815, -0.317727)","(-0.00245411, -0.932044, -0.362337)",0
24.1,"(0.049787, 0.000237203, -1.02609e-05)","(0.0223929, 0.993989, 0.107169)","(-0.109155, 0.75741, 0.643751)","(-0.175786, 0.788929, 0.588805)","(0.638186, 0.708843, 0.300435)","(-0.256389, 0.899959, 0.352616)","(0.0504641, -0.998144, -0.0340884)","(-0.133324, -0.99053, -0.0327903)","(0.0733515, -0.940208, -0.332609)","(-0.00506305, -0.933052, -0.359706)",0
24.1333,"(0.0494174, -0.00375106, -7.18306e-06)","(0.0236321, 0.992301, 0.121573)","(-0.149819, 0.657138, 0.738731)","(-0.343779, 0.619654, 0.705581)","(0.687665, 0.580174, 0.43648)","(-0.251791, 0.83681, 0.486158)","(0.0609936, -0.997776, -0.0268761)","(-0.132083, -0.989662, -0.0558859)","(0.0558825, -0.929934, -0.363455)","(-0.0208015, -0.931328, -0.363588)",0
24.1667,"(0.0491171, -0.00833209, -4.01633e-06)","(0.020329, 0.992386, 0.121475)","(-0.21985, 0.622338, 0.75124)","(-0.550723, 0.571713, 0.608152)","(0.756097, 0.540667, 0.368776)","(-0.233595, 0.916795, 0.323914)","(0.059801, -0.997941, -0.0231952)","(-0.130599, -0.987876, -0.0839352)","(0.0420032, -0.924809, -0.378107)","(-0.0383904, -0.931596, -0.361461)",0
24.2,"(0.0489504, -0.0133497, -1.97524e-06)","(0.0178046, 0.994358, 0.104569)","(-0.287641, 0.59808, 0.748039)","(-0.692085, 0.540185, 0.478767)","(0.804367, 0.520396, 0.286673)","(-0.216198, 0.959552, 0.180329)","(0.0566022, -0.998388, -0.00414199)","(-0.122519, -0.988533, -0.0882713)","(0.0333953, -0.926125, -0.375735)","(-0.0634372, -0.911821, -0.405657)",0
24.2333,"(0.0487361, -0.0171653, 5.90319e-07)","(0.0138092, 0.996592, 0.0813218)","(-0.338466, 0.589625, 0.733336)","(-0.734402, 0.474111, 0.485666)","(0.838351, 0.484041, 0.250743)","(-0.323665, 0.934717, 0.146786)","(0.0562751, -0.998394, 0.00654788)","(-0.114206, -0.990791, -0.0727266)","(0.0300792, -0.933127, -0.358287)","(-0.0776752, -0.875153, -0.477571)",0
24.2667,"(0.0483853, -0.0207936, 4.26988e-06)","(0.00883281, 0.9971, 0.0755844)","(-0.350261, 0.575869, 0.73871)","(-0.648065, 0.305574, 0.697593)","(0.856919, 0.421361, 0.296891)","(-0.450864, 0.812021, 0.370599)","(0.0625145, -0.997271, 0.0392726)","(-0.101156, -0.994312, -0.0333235)","(0.0410598, -0.945191, -0.323925)","(-0.0863804, -0.82023, -0.565475)",0
24.3,"(0.0478923, -0.0235578, 4.0567e-06)","(-0.000339851, 0.995548, 0.0942571)","(-0.324991, 0.546566, 0.771781)","(-0.462477, 0.0999868, 0.880975)","(0.87885, 0.327089, 0.347327)","(-0.572668, 0.624342, 0.53127)","(0.0768162, -0.993227, 0.0871714)","(-0.0917219, -0.995676, 0.0146852)","(0.0459166, -0.94708, -0.317697)","(-0.0807506, -0.789052, -0.608996)",0
24.3333,"(0.0473444, -0.0260952, 9.38866e-07)","(-0.010738, 0.994769, 0.101584)","(-0.292908, 0.574765, 0.764101)","(-0.298642, -0.0430182, 0.953395)","(0.950027, 0.276698, 0.144521)","(-0.657353, 0.536353, 0.529352)","(0.0916565, -0.988311, 0.121819)","(-0.0826718, -0.995272, 0.0509772)","(0.0482414, -0.945804, -0.321136)","(-0.0697591, -0.783069, -0.61801)",0
24.3667,"(0.046764, -0.0281264, -1.60621e-06)","(-0.0210148, 0.995331, 0.0942012)","(-0.306857, 0.695458, 0.649751)","(-0.168378, -0.0814799, 0.982349)","(0.951769, 0.217841, -0.216056)","(-0.730472, 0.484097, 0.481727)","(0.101882, -0.988745, 0.109559)","(-0.0789189, -0.994324, 0.0713617)","(0.0389824, -0.936192, -0.34932)","(-0.0570359, -0.813246, -0.579118)",0
24.4,"(0.046764, -0.0281264, -1.60621e-06)","(-0.0286391, 0.997236, 0.0685608)","(-0.350432, 0.869322, 0.348534)","(0.0309337, 0.0577896, 0.997849)","(0.785578, 0.156826, -0.598559)","(-0.799539, 0.53029, 0.282011)","(0.102918, -0.991781, 0.0760211)","(-0.0766265, -0.994101, 0.0767576)","(0.0384502, -0.939822, -0.339493)","(-0.0527454, -0.841845, -0.537136)",0
24.4333,"(0.0457046, -0.0302458, -8.4898e-06)","(-0.0325976, 0.998012, 0.0539454)","(-0.369179, 0.927091, 0.0648792)","(0.398678, 0.296875, 0.86771)","(0.665776, 0.107412, -0.73838)","(-0.811923, 0.576888, 0.0893374)","(0.104838, -0.992104, 0.0688418)","(-0.0715727, -0.994606, 0.0750748)","(0.0480008, -0.951122, -0.305062)","(-0.0581792, -0.85534, -0.51479)",0
24.4667,"(0.0457046, -0.0302458, -8.4898e-06)","(-0.0328128, 0.997308, 0.0655781)","(-0.375294, 0.926895, 0.00450794)","(0.706025, 0.443953, 0.551755)","(0.622286, 0.0495776, -0.781218)","(-0.81324, 0.581809, 0.0118142)","(0.1154, -0.97922, 0.166767)","(-0.065435, -0.994899, 0.0767747)","(0.064061, -0.957904, -0.279849)","(-0.0633094, -0.850212, -0.52262)",0
24.5,"(0.0457046, -0.0302458, -8.4898e-06)","(-0.0327162, 0.994853, 0.0959034)","(-0.382228, 0.911304, 0.153057)","(0.830179, 0.443743, 0.337484)","(0.701525, -0.00148362, -0.712643)","(-0.840451, 0.5366, 0.0755153)","(0.133492, -0.953245, 0.271116)","(-0.055726, -0.99489, 0.0841935)","(0.0701575, -0.956486, -0.283218)","(-0.0669648, -0.843195, -0.533421)",0
24.5333,"(0.0457046, -0.0302458, -8.4898e-06)","(-0.0335706, 0.98877, 0.145628)","(-0.371994, 0.837672, 0.399908)","(0.813327, 0.382487, 0.438409)","(0.872289, -0.0720881, -0.483648)","(-0.873953, 0.402121, 0.272958)","(0.158003, -0.921552, 0.35465)","(-0.0431301, -0.994539, 0.0950314)","(0.0605523, -0.947359, -0.314394)","(-0.0740155, -0.836229, -0.543362)",0
24.5667,"(0.0431936, -0.0307177, 6.98394e-06)","(-0.0344275, 0.981111, 0.19036)","(-0.365838, 0.766631, 0.527674)","(0.779947, 0.328034, 0.532989)","(0.973758, -0.0800424, -0.213046)","(-0.882119, 0.33903, 0.326992)","(0.177968, -0.92009, 0.348944)","(-0.031797, -0.994358, 0.1012)","(0.0434586, -0.942914, -0.330187)","(-0.0818368, -0.83581, -0.542885)",0
24.6,"(0.0431936, -0.0307177, 6.98394e-06)","(-0.035535, 0.976458, 0.212758)","(-0.382373, 0.707136, 0.594769)","(0.775384, 0.330347, 0.538191)","(0.996329, -0.0470061, -0.071546)","(-0.92603, 0.308199, 0.217904)","(0.190768, -0.91852, 0.346307)","(-0.0249376, -0.993933, 0.107127)","(0.0288287, -0.935873, -0.351157)","(-0.086687, -0.83856, -0.537868)",0
24.6333,"(0.0431936, -0.0307177, 6.98394e-06)","(-0.0357386, 0.976547, 0.212316)","(-0.428087, 0.698399, 0.573569)","(0.81019, 0.431761, 0.396451)","(0.982639, 0.0273201, -0.183506)","(-0.951335, 0.302757, -0.0574456)","(0.197969, -0.918066, 0.343456)","(-0.0249115, -0.993155, 0.114116)","(0.0184695, -0.926929, -0.374781)","(-0.0831922, -0.840961, -0.534663)",0
24.6667,"(0.0414652, -0.0323038, 2.32017e-05)","(-0.0366625, 0.978769, 0.201661)","(-0.476124, 0.679052, 0.558744)","(0.810527, 0.538202, 0.23105)","(0.9417, 0.0886591, -0.324561)","(-0.901754, 0.28774, -0.322561)","(0.209023, -0.905426, 0.369476)","(-0.0250896, -0.992079, 0.123088)","(0.00687289, -0.917646, -0.397339)","(-0.0802323, -0.832377, -0.548372)",0
24.7,"(0.0414652, -0.0323038, 2.32017e-05)","(-0.0370486, 0.984267, 0.172758)","(-0.569077, 0.747677, 0.342242)","(0.775598, 0.629642, 0.0447054)","(0.842061, 0.153227, -0.51716)","(-0.789567, 0.317447, -0.525178)","(0.227335, -0.885766, 0.404644)","(-0.0219557, -0.989521, 0.142713)","(-0.00508716, -0.921768, -0.387708)","(-0.0864243, -0.813092, -0.575684)",0
24.7333,"(0.0414652, -0.0323038, 2.32017e-05)","(-0.0386678, 0.988601, 0.145507)","(-0.627683, 0.771212, 0.106048)","(0.741008, 0.667399, -0.0740635)","(0.757344, 0.192807, -0.623903)","(-0.675092, 0.398083, -0.621113)","(0.24998, -0.871839, 0.421198)","(-0.0137586, -0.987627, 0.156219)","(-0.0236133, -0.929223, -0.368765)","(-0.0974504, -0.801175, -0.590442)",0
24.7667,"(0.0392678, -0.0341661, 1.94803e-05)","(-0.041776, 0.992947, 0.110955)","(-0.64672, 0.751418, -0.13086)","(0.705676, 0.690497, -0.158857)","(0.691497, 0.229686, -0.684892)","(-0.567731, 0.465572, -0.678914)","(0.274636, -0.864028, 0.421937)","(-0.000378894, -0.985454, 0.169944)","(-0.0460002, -0.937971, -0.343648)","(-0.115721, -0.800165, -0.588511)",0
24.8,"(0.0392678, -0.0341661, 1.94803e-05)","(-0.0471469, 0.994207, 0.0965883)","(-0.669962, 0.728557, -0.142673)","(0.7039, 0.698007, -0.131574)","(0.696009, 0.249203, -0.673402)","(-0.566819, 0.516959, -0.641458)","(0.303471, -0.857271, 0.415923)","(0.0176466, -0.984618, 0.173826)","(-0.071151, -0.943531, -0.323555)","(-0.136854, -0.806813, -0.574738)",0
24.8333,"(0.036434, -0.0361851, 1.43748e-05)","(-0.0533072, 0.995376, 0.0799063)","(-0.680157, 0.716689, -0.154089)","(0.702807, 0.699347, -0.130292)","(0.677265, 0.271214, -0.683926)","(-0.551314, 0.557459, -0.620719)","(0.335609, -0.832324, 0.441139)","(0.0394221, -0.982459, 0.182264)","(-0.0899091, -0.948844, -0.302673)","(-0.162961, -0.806851, -0.567833)",0
24.8667,"(0.0340395, -0.037341, 1.15364e-05)","(-0.0566742, 0.995607, 0.0745332)","(-0.692869, 0.713022, -0.107393)","(0.715503, 0.692337, -0.0934089)","(0.684603, 0.302402, -0.663228)","(-0.548121, 0.613697, -0.568277)","(0.358509, -0.815933, 0.453569)","(0.0622357, -0.981361, 0.181814)","(-0.101708, -0.950264, -0.294369)","(-0.184542, -0.803811, -0.565537)",0
24.9,"(0.0307306, -0.0385634, 1.05036e-05)","(-0.056131, 0.995977, 0.0698455)","(-0.710599, 0.701798, -0.0502762)","(0.737142, 0.671288, -0.0774165)","(0.696232, 0.352541, -0.625281)","(-0.51374, 0.69838, -0.498335)","(0.367944, -0.819674, 0.439035)","(0.084111, -0.981523, 0.171867)","(-0.104697, -0.949172, -0.296836)","(-0.19612, -0.803703, -0.561782)",0
24.9333,"(0.0266171, -0.0397213, 1.455e-05)","(-0.0473229, 0.996547, 0.068233)","(-0.759257, 0.650791, 0.000360105)","(0.777355, 0.627578, -0.0431954)","(0.738499, 0.426518, -0.522208)","(-0.472316, 0.81406, -0.33797)","(0.364361, -0.837068, 0.408116)","(0.109689, -0.981077, 0.159548)","(-0.0866156, -0.948413, -0.304976)","(-0.194916, -0.803784, -0.562084)",0
24.9667,"(0.0220448, -0.0413039, 1.7768e-05)","(-0.0307948, 0.994474, 0.10036)","(-0.826665, 0.523495, 0.206346)","(0.829282, 0.543641, 0.129407)","(0.833055, 0.514414, -0.203462)","(-0.413917, 0.909884, -0.0280122)","(0.354191, -0.853137, 0.383023)","(0.126291, -0.980082, 0.153261)","(-0.0583452, -0.934275, -0.351747)","(-0.161546, -0.805822, -0.569696)",0
25,"(0.0174217, -0.0439903, 1.71359e-05)","(-0.00892161, 0.989334, 0.145392)","(-0.856439, 0.291188, 0.426288)","(0.861074, 0.377872, 0.340242)","(0.812387, 0.535734, 0.230253)","(-0.325813, 0.893339, 0.309502)","(0.315218, -0.851252, 0.419532)","(0.135158, -0.979288, 0.150753)","(-0.00212435, -0.91297, -0.408021)","(-0.0961123, -0.811078, -0.576988)",1
25.0333,"(0.0129575, -0.0468232, 1.42187e-05)","(0.00940457, 0.981397, 0.191761)","(-0.833076, -0.0134732, 0.552995)","(0.851303, 0.0983837, 0.515368)","(0.646179, 0.535456, 0.543819)","(-0.204393, 0.822279, 0.531113)","(0.253759, -0.818431, 0.515536)","(0.141224, -0.97905, 0.146689)","(0.0606892, -0.874753, -0.480753)","(-0.0382766, -0.806045, -0.590615)",0
25.0667,"(0.00834372, -0.0494704, 1.11545e-05)","(0.0200708, 0.977795, 0.208598)","(-0.793487, -0.321146, 0.516956)","(0.819008, -0.196028, 0.539258)","(0.454263, 0.564649, 0.68907)","(-0.111811, 0.779051, 0.616909)","(0.172387, -0.742434, 0.64736)","(0.153817, -0.975238, 0.158904)","(0.0909176, -0.874518, -0.476395)","(-0.0160749, -0.799453, -0.600514)",0
25.1,"(0.00395057, -0.0528575, 7.59773e-06)","(0.0246456, 0.97254, 0.231428)","(-0.673886, -0.593849, 0.43957)","(0.712623, -0.470786, 0.520124)","(0.212288, 0.55238, 0.806108)","(0.0156669, 0.710811, 0.703209)","(0.086258, -0.791096, 0.60558)","(0.186311, -0.968172, 0.167128)","(0.0288404, -0.88846, -0.458046)","(-0.0154192, -0.799875, -0.599968)",0
25.1333,"(-0.000775278, -0.0560337, 2.79979e-06)","(0.0279998, 0.969088, 0.24512)","(-0.48537, -0.779537, 0.395901)","(0.532682, -0.691285, 0.488237)","(-0.0933951, 0.394303, 0.914222)","(0.171908, 0.574369, 0.800343)","(-0.0252489, -0.915381, 0.401796)","(0.239932, -0.955047, 0.174123)","(-0.129302, -0.890882, -0.435442)","(-0.0140533, -0.821595, -0.569899)",0
25.1667,"(-0.0064043, -0.0589799, -6.57747e-07)","(0.0302695, 0.971514, 0.23504)","(-0.368694, -0.889123, 0.271155)","(0.311186, -0.885052, 0.346189)","(-0.351761, 0.0938021, 0.931378)","(0.353348, 0.329847, 0.875412)","(-0.171155, -0.979797, 0.103459)","(0.295315, -0.945584, 0.136598)","(-0.278324, -0.850571, -0.446167)","(0.00417194, -0.839643, -0.543123)",0
25.2,"(-0.0133815, -0.0616995, -5.76349e-07)","(0.0339604, 0.97797, 0.205963)","(-0.296073, -0.950762, 0.0916095)","(0.127363, -0.980641, 0.148736)","(-0.541292, -0.255174, 0.801179)","(0.501123, -0.0114296, 0.865301)","(-0.306944, -0.951344, -0.0270142)","(0.334506, -0.930915, 0.146638)","(-0.394508, -0.773905, -0.495413)","(0.0115388, -0.843518, -0.536978)",0
25.2333,"(-0.021246, -0.0643239, -2.86335e-07)","(0.0411299, 0.979895, 0.195227)","(-0.242478, -0.966865, -0.0798533)","(0.0334618, -0.998566, -0.0417882)","(-0.581323, -0.564781, 0.585736)","(0.55144, -0.408655, 0.727265)","(-0.410815, -0.911177, -0.0314187)","(0.358806, -0.920566, 0.154324)","(-0.47926, -0.693159, -0.538368)","(0.0421099, -0.839509, -0.541711)",0
25.2667,"(-0.0310496, -0.065859, -3.42117e-06)","(0.0507382, 0.976218, 0.210769)","(-0.202869, -0.965776, -0.161618)","(0.0194921, -0.99222, -0.122959)","(-0.552695, -0.733501, 0.395606)","(0.499772, -0.678741, 0.538088)","(-0.464584, -0.885529, 0.000696541)","(0.379745, -0.911042, 0.160614)","(-0.558677, -0.618421, -0.552662)","(0.0879089, -0.837974, -0.538583)",0
25.3,"(-0.0432475, -0.0663085, -4.49787e-06)","(0.0649293, 0.970424, 0.232511)","(-0.190127, -0.964738, -0.182023)","(0.00294589, -0.986461, -0.163971)","(-0.467559, -0.829551, 0.305342)","(0.38581, -0.827039, 0.408849)","(-0.485522, -0.874091, 0.0152938)","(0.402775, -0.911009, 0.0885116)","(-0.613221, -0.598107, -0.515974)","(0.166795, -0.834701, -0.524836)",0
25.3333,"(-0.0577687, -0.0638255, -2.26609e-06)","(0.0893067, 0.966584, 0.240289)","(-0.188264, -0.961031, -0.202428)","(-0.0304505, -0.981998, -0.186423)","(-0.312014, -0.902588, 0.296618)","(0.264001, -0.892681, 0.365272)","(-0.480968, -0.876676, 0.0104019)","(0.4282, -0.903588, 0.0131983)","(-0.606962, -0.640402, -0.470619)","(0.26229, -0.817837, -0.512198)",0
25.3667,"(-0.0734384, -0.0603209, -2.11312e-06)","(0.128624, 0.962282, 0.239728)","(-0.18028, -0.959915, -0.214624)","(-0.0773011, -0.977513, -0.196195)","(-0.169553, -0.939803, 0.296687)","(0.172145, -0.929085, 0.327363)","(-0.45353, -0.891203, 0.00818361)","(0.438764, -0.898263, -0.0246865)","(-0.554067, -0.70919, -0.435959)","(0.377105, -0.791368, -0.481174)",0
25.4,"(-0.0897736, -0.0558195, -3.08519e-06)","(0.170367, 0.959653, 0.223701)","(-0.159459, -0.9643, -0.21142)","(-0.118574, -0.971635, -0.204611)","(-0.0676074, -0.936082, 0.345223)","(0.108168, -0.947144, 0.302024)","(-0.417862, -0.908385, 0.0150735)","(0.438398, -0.89853, -0.0212498)","(-0.497132, -0.758513, -0.421329)","(0.461242, -0.76104, -0.456151)",0
25.4333,"(-0.105834, -0.0496513, -4.70774e-06)","(0.199841, 0.95639, 0.213031)","(-0.15386, -0.969688, -0.189822)","(-0.147558, -0.969217, -0.197093)","(-0.0387896, -0.923978, 0.380474)","(0.0484587, -0.952286, 0.301335)","(-0.373724, -0.927486, 0.0100294)","(0.415577, -0.909544, -0.00501003)","(-0.415104, -0.8057, -0.422535)","(0.500461, -0.750942, -0.430842)",0
25.4667,"(-0.120643, -0.0425823, -6.32112e-06)","(0.215647, 0.955139, 0.202992)","(-0.161107, -0.97218, -0.17003)","(-0.166346, -0.967403, -0.190948)","(-0.0305734, -0.900396, 0.433996)","(-0.0130586, -0.947488, 0.319526)","(-0.327952, -0.944671, -0.00663738)","(0.399518, -0.916712, 0.00500367)","(-0.324632, -0.846312, -0.422338)","(0.480479, -0.773198, -0.41389)",0
25.5,"(-0.133349, -0.0356529, -7.09076e-06)","(0.221961, 0.949795, 0.220506)","(-0.175638, -0.971522, -0.159046)","(-0.185097, -0.96311, -0.195342)","(-0.00200129, -0.912251, 0.409626)","(-0.0638121, -0.947173, 0.31431)","(-0.272208, -0.961819, -0.0284248)","(0.369479, -0.929173, -0.0111183)","(-0.213855, -0.884996, -0.413579)","(0.46218, -0.803324, -0.37558)",0
25.5333,"(-0.144312, -0.028774, -6.67167e-06)","(0.224047, 0.943525, 0.244056)","(-0.193409, -0.968371, -0.157639)","(-0.198587, -0.957499, -0.209185)","(-0.00320272, -0.928497, 0.371325)","(-0.085554, -0.950066, 0.300092)","(-0.222613, -0.974073, -0.040318)","(0.310271, -0.949208, -0.0522993)","(-0.151451, -0.90707, -0.392794)","(0.452812, -0.823815, -0.341014)",0
25.5667,"(-0.15347, -0.0223699, -5.70249e-06)","(0.220241, 0.935184, 0.277353)","(-0.203906, -0.966115, -0.158253)","(-0.20396, -0.954465, -0.217709)","(0.00152218, -0.95071, 0.310077)","(-0.118514, -0.952264, 0.281333)","(-0.178344, -0.982681, -0.0503182)","(0.219437, -0.970153, -0.103205)","(-0.118053, -0.918624, -0.377085)","(0.44043, -0.837535, -0.32335)",0
25.6,"(-0.161261, -0.0172934, -5.41527e-06)","(0.214163, 0.93169, 0.293407)","(-0.217775, -0.95967, -0.177787)","(-0.204778, -0.955056, -0.21432)","(-0.0110193, -0.957049, 0.289718)","(-0.15177, -0.947971, 0.27985)","(-0.148381, -0.987055, -0.0608746)","(0.118271, -0.985292, -0.123337)","(-0.103172, -0.924366, -0.367291)","(0.372478, -0.869426, -0.324589)",0
25.6333,"(-0.167632, -0.0133527, -4.46278e-06)","(0.208268, 0.93122, 0.29909)","(-0.222834, -0.95177, -0.2109)","(-0.206612, -0.958261, -0.197603)","(-0.0169873, -0.957814, 0.286888)","(-0.193052, -0.942005, 0.274514)","(-0.127471, -0.989679, -0.0654693)","(0.0332667, -0.992069, -0.12121)","(-0.0846155, -0.930298, -0.35691)","(0.27581, -0.911468, -0.305214)",0
25.6667,"(-0.17339, -0.011252, -4.65305e-06)","(0.201921, 0.933407, 0.296612)","(-0.215029, -0.944249, -0.249311)","(-0.210463, -0.958652, -0.19155)","(-0.0230682, -0.956055, 0.292278)","(-0.206584, -0.940978, 0.26811)","(-0.113859, -0.991408, -0.0643933)","(-0.0366197, -0.993138, -0.111069)","(-0.0725803, -0.932402, -0.354059)","(0.19041, -0.939605, -0.284407)",0
25.7,"(-0.178374, -0.0103865, -4.48117e-06)","(0.196359, 0.934641, 0.29646)","(-0.20328, -0.941948, -0.267229)","(-0.211922, -0.959699, -0.18457)","(-0.0284745, -0.952565, 0.303)","(-0.202128, -0.943945, 0.260982)","(-0.0940536, -0.993854, -0.0583776)","(-0.0857715, -0.990058, -0.111481)","(-0.04829, -0.935127, -0.351007)","(0.151908, -0.946369, -0.285148)",0
25.7333,"(-0.183174, -0.0103021, -4.97605e-06)","(0.187246, 0.936402, 0.296799)","(-0.182771, -0.944701, -0.272278)","(-0.204939, -0.961933, -0.180789)","(-0.0354898, -0.949744, 0.311008)","(-0.189025, -0.946777, 0.260543)","(-0.0781276, -0.995458, -0.0543941)","(-0.131642, -0.984626, -0.114815)","(-0.0301039, -0.935675, -0.351577)","(0.131351, -0.937577, -0.322018)",0
25.7667,"(-0.187272, -0.010499, -6.20679e-06)","(0.175951, 0.940705, 0.290026)","(-0.168985, -0.948675, -0.267319)","(-0.183953, -0.968689, -0.166743)","(-0.0307185, -0.947636, 0.317872)","(-0.1791, -0.948609, 0.260892)","(-0.06205, -0.996737, -0.0516204)","(-0.165069, -0.97921, -0.1179)","(-0.0150732, -0.931458, -0.363535)","(0.112681, -0.921558, -0.37153)",0
25.8,"(-0.190897, -0.0103504, -7.28496e-06)","(0.163146, 0.949431, 0.268263)","(-0.165301, -0.949243, -0.267606)","(-0.152094, -0.975878, -0.156621)","(-0.0187523, -0.945326, 0.325588)","(-0.173702, -0.94843, 0.265157)","(-0.0518592, -0.997586, -0.0461882)","(-0.203886, -0.975315, -0.084795)","(-0.000213721, -0.922387, -0.386266)","(0.0946526, -0.895083, -0.435738)",0
25.8333,"(-0.193916, -0.00976791, -9.23794e-06)","(0.152215, 0.957845, 0.243645)","(-0.176429, -0.947287, -0.267431)","(-0.119459, -0.982467, -0.143138)","(-0.0016325, -0.943661, 0.330909)","(-0.169973, -0.949807, 0.262634)","(-0.0489194, -0.998146, -0.0362076)","(-0.250921, -0.967851, -0.0174275)","(0.0224798, -0.909484, -0.415131)","(0.0904573, -0.864638, -0.494185)",0
25.8667,"(-0.196706, -0.00900329, -1.2273e-05)","(0.148895, 0.965137, 0.215271)","(-0.194825, -0.942247, -0.272423)","(-0.0956715, -0.985943, -0.136976)","(0.00445016, -0.940275, 0.340387)","(-0.169937, -0.950036, 0.261826)","(-0.0519026, -0.998307, -0.0262511)","(-0.294674, -0.953993, 0.0553603)","(0.0510152, -0.901114, -0.430571)","(0.0955496, -0.833868, -0.543631)",0
25.9,"(-0.199167, -0.00808715, -1.50934e-05)","(0.148907, 0.968726, 0.198485)","(-0.209356, -0.936554, -0.281135)","(-0.081793, -0.989047, -0.122869)","(0.00254758, -0.938936, 0.344081)","(-0.172467, -0.952798, 0.249864)","(-0.0606383, -0.997939, -0.0210127)","(-0.327599, -0.94074, 0.0876782)","(0.0761969, -0.896481, -0.436482)","(0.0987627, -0.826092, -0.554814)",0
25.9333,"(-0.201481, -0.00756742, -1.55406e-05)","(0.151628, 0.970543, 0.187229)","(-0.211346, -0.93714, -0.27767)","(-0.0674771, -0.991728, -0.109185)","(-0.0103274, -0.938728, 0.344504)","(-0.18246, -0.952816, 0.242589)","(-0.0660221, -0.997682, -0.0164865)","(-0.338087, -0.936974, 0.0881885)","(0.106145, -0.893477, -0.436385)","(0.0864599, -0.833909, -0.545087)",0
25.9667,"(-0.203637, -0.0082507, -1.68845e-05)","(0.152385, 0.969365, 0.192638)","(-0.202871, -0.939849, -0.274821)","(-0.0422869, -0.995098, -0.0893937)","(-0.0284085, -0.940667, 0.338139)","(-0.199499, -0.952023, 0.232061)","(-0.0712358, -0.997421, -0.0087141)","(-0.341697, -0.93644, 0.0795175)","(0.146409, -0.880007, -0.451832)","(0.0699134, -0.846519, -0.527748)",0
26,"(-0.205191, -0.00955086, -1.54551e-05)","(0.153495, 0.969142, 0.192879)","(-0.179666, -0.942405, -0.282121)","(-0.00631191, -0.997532, -0.0699246)","(-0.0698637, -0.935806, 0.345522)","(-0.213755, -0.947357, 0.238377)","(-0.0787265, -0.996892, 0.00303816)","(-0.345368, -0.934899, 0.0817587)","(0.182498, -0.8665, -0.46462)","(0.069431, -0.853784, -0.515978)",0
26.0333,"(-0.205976, -0.0117797, -1.23844e-05)","(0.155119, 0.970031, 0.187024)","(-0.157052, -0.940476, -0.301397)","(0.0242321, -0.998032, -0.0578402)","(-0.131316, -0.920273, 0.368583)","(-0.218668, -0.943631, 0.248484)","(-0.0852464, -0.996307, 0.0102612)","(-0.352494, -0.932114, 0.0831396)","(0.199033, -0.854788, -0.479294)","(0.0819991, -0.852898, -0.515597)",0
26.0667,"(-0.205912, -0.0155891, -9.4783e-06)","(0.152385, 0.97276, 0.174691)","(-0.138037, -0.939866, -0.312405)","(0.0535677, -0.997131, -0.0534873)","(-0.228152, -0.891731, 0.390848)","(-0.213535, -0.940292, 0.265056)","(-0.0953785, -0.995341, 0.0141262)","(-0.363684, -0.927219, 0.0894367)","(0.199711, -0.848478, -0.490103)","(0.0884378, -0.848805, -0.521257)",0
26.1,"(-0.205293, -0.0200664, -8.53925e-06)","(0.143834, 0.974989, 0.169435)","(-0.126386, -0.942364, -0.3098)","(0.0860594, -0.994886, -0.0528724)","(-0.37762, -0.825389, 0.419686)","(-0.210361, -0.940144, 0.268101)","(-0.105925, -0.994353, 0.00648332)","(-0.364914, -0.927113, 0.0854387)","(0.19573, -0.847417, -0.493532)","(0.0762517, -0.833082, -0.547869)",0
26.1333,"(-0.204036, -0.0255559, -7.62255e-06)","(0.126466, 0.97579, 0.178441)","(-0.111466, -0.948028, -0.298023)","(0.125608, -0.990761, -0.0511386)","(-0.545428, -0.726862, 0.417349)","(-0.207222, -0.939781, 0.271792)","(-0.118277, -0.992979, -0.00167312)","(-0.363861, -0.92733, 0.0875403)","(0.183946, -0.849943, -0.493721)","(0.0668659, -0.804538, -0.590125)",0
26.1667,"(-0.201597, -0.0318475, -6.57351e-06)","(0.100413, 0.975032, 0.198066)","(-0.105159, -0.963137, -0.247607)","(0.161643, -0.985283, -0.0555798)","(-0.664981, -0.521657, 0.534485)","(-0.196282, -0.940586, 0.277078)","(-0.122619, -0.992371, -0.0128274)","(-0.313335, -0.946475, 0.077506)","(0.157424, -0.858651, -0.487788)","(0.0214352, -0.75143, -0.659464)",0
26.2,"(-0.197846, -0.0371375, -4.25815e-06)","(0.0685678, 0.973185, 0.219565)","(-0.103794, -0.988258, -0.112126)","(0.192245, -0.977283, -0.0892131)","(-0.645715, -0.266923, 0.715405)","(-0.16337, -0.946387, 0.278681)","(-0.124773, -0.992182, -0.00272779)","(-0.224864, -0.972596, 0.0591058)","(0.115927, -0.864264, -0.489498)","(-0.0326575, -0.686011, -0.726858)",0
26.2333,"(-0.192968, -0.0409276, 5.26523e-07)","(0.0329947, 0.970373, 0.239348)","(-0.115118, -0.989857, 0.0832581)","(0.22417, -0.964135, -0.142096)","(-0.499121, 0.00173058, 0.866531)","(-0.114102, -0.963196, 0.24338)","(-0.134602, -0.990657, 0.0219486)","(-0.114262, -0.993231, 0.0208744)","(0.0664457, -0.868611, -0.49102)","(-0.0607544, -0.637998, -0.767637)",0
26.2667,"(-0.186902, -0.0444018, 5.89746e-06)","(-0.000941293, 0.970007, 0.243077)","(-0.120394, -0.95584, 0.268097)","(0.250917, -0.942741, -0.219728)","(-0.364912, 0.173534, 0.914727)","(-0.0470961, -0.987798, 0.148447)","(-0.17081, -0.98399, 0.0508736)","(-0.018037, -0.999823, -0.00532416)","(0.02802, -0.867347, -0.496915)","(-0.0279408, -0.621749, -0.782718)",0
26.3,"(-0.180068, -0.0468248, 1.15335e-05)","(-0.031978, 0.969802, 0.241789)","(-0.13322, -0.915907, 0.378639)","(0.272455, -0.92574, -0.262248)","(-0.291573, 0.28126, 0.914264)","(0.0134082, -0.997544, 0.0687482)","(-0.21732, -0.972874, 0.0793025)","(0.0443649, -0.998462, -0.0332361)","(0.000723544, -0.868364, -0.495927)","(0.0633464, -0.641183, -0.764769)",0
26.3333,"(-0.172845, -0.048059, 1.57514e-05)","(-0.0515008, 0.973304, 0.223669)","(-0.162607, -0.881194, 0.443911)","(0.281523, -0.920129, -0.272227)","(-0.245498, 0.362246, 0.899171)","(0.0618049, -0.99757, 0.0321596)","(-0.2625, -0.959849, 0.0989105)","(0.110559, -0.991923, -0.0621652)","(-0.0203959, -0.874486, -0.484622)","(0.139644, -0.661531, -0.736801)",0
26.3667,"(-0.16518, -0.049157, 1.80031e-05)","(-0.059205, 0.979765, 0.191196)","(-0.212956, -0.837793, 0.502745)","(0.286387, -0.930228, -0.229472)","(-0.234124, 0.40867, 0.882142)","(0.0921765, -0.993308, 0.0695912)","(-0.287697, -0.950457, 0.117734)","(0.171653, -0.980923, -0.0912387)","(-0.0576949, -0.891615, -0.449104)","(0.210773, -0.693321, -0.689116)",0
26.4,"(-0.156517, -0.0495589, 1.83925e-05)","(-0.0624779, 0.985772, 0.156044)","(-0.278283, -0.769354, 0.575024)","(0.283567, -0.936444, -0.206547)","(-0.238209, 0.409114, 0.880842)","(0.115476, -0.989354, 0.0885658)","(-0.314224, -0.941499, 0.121831)","(0.251006, -0.96354, -0.0926599)","(-0.100102, -0.898031, -0.428393)","(0.259463, -0.735805, -0.625516)",0
26.4333,"(-0.146494, -0.0488573, 1.79552e-05)","(-0.0668245, 0.989133, 0.130962)","(-0.352717, -0.707894, 0.611945)","(0.25607, -0.94524, -0.202362)","(-0.244524, 0.407694, 0.879769)","(0.155691, -0.981727, 0.109415)","(-0.333169, -0.935789, 0.115313)","(0.311158, -0.94749, -0.0737843)","(-0.1444, -0.897569, -0.416556)","(0.303065, -0.772033, -0.558675)",0
26.4667,"(-0.135203, -0.0469764, 1.76471e-05)","(-0.0729205, 0.989425, 0.125386)","(-0.438082, -0.667424, 0.602188)","(0.207711, -0.957175, -0.201676)","(-0.254475, 0.406493, 0.8775)","(0.195367, -0.966343, 0.167369)","(-0.350168, -0.931196, 0.101274)","(0.338954, -0.939852, -0.0422847)","(-0.191786, -0.873309, -0.447828)","(0.326032, -0.79072, -0.518135)",0
26.5,"(-0.123089, -0.0444824, 1.57645e-05)","(-0.076645, 0.987981, 0.134237)","(-0.551829, -0.630351, 0.546024)","(0.142158, -0.975298, -0.169074)","(-0.277182, 0.412255, 0.86788)","(0.200029, -0.935472, 0.291344)","(-0.350723, -0.934485, 0.0610842)","(0.327121, -0.94498, -0.00216686)","(-0.244181, -0.845656, -0.474596)","(0.322124, -0.788188, -0.524401)",0
26.5333,"(-0.110744, -0.0418302, 1.31591e-05)","(-0.0803719, 0.983763, 0.16047)","(-0.671663, -0.560968, 0.483925)","(0.0943787, -0.989368, -0.110648)","(-0.315557, 0.399882, 0.860533)","(0.151159, -0.899326, 0.410322)","(-0.34365, -0.939091, 0.00343699)","(0.297275, -0.954273, 0.0314737)","(-0.297722, -0.823955, -0.482141)","(0.301043, -0.789618, -0.534674)",0
26.5667,"(-0.0988922, -0.0389042, 9.67966e-06)","(-0.0846604, 0.977266, 0.194382)","(-0.772461, -0.474664, 0.421899)","(0.0637837, -0.994596, -0.081915)","(-0.361109, 0.371723, 0.855232)","(0.094896, -0.882957, 0.459763)","(-0.332663, -0.941779, -0.0488528)","(0.267726, -0.962108, 0.0516852)","(-0.330404, -0.824468, -0.459441)","(0.271069, -0.799923, -0.535392)",0
26.6,"(-0.0880665, -0.0363498, 5.9609e-06)","(-0.0904374, 0.971865, 0.217485)","(-0.825157, -0.419627, 0.378192)","(0.0470762, -0.99446, -0.0939863)","(-0.412939, 0.358037, 0.837431)","(0.0714495, -0.878834, 0.471748)","(-0.321657, -0.94442, -0.0678752)","(0.246118, -0.967964, 0.0497118)","(-0.343889, -0.83288, -0.433648)","(0.207586, -0.823597, -0.527821)",0
26.6333,"(-0.0782726, -0.033873, 1.56258e-06)","(-0.0950957, 0.971065, 0.219065)","(-0.847694, -0.391428, 0.358049)","(0.0407175, -0.991814, -0.121026)","(-0.452322, 0.363278, 0.814515)","(0.0683673, -0.871474, 0.485654)","(-0.310428, -0.948504, -0.0630512)","(0.231852, -0.971605, 0.0472072)","(-0.344662, -0.840733, -0.417583)","(0.122022, -0.843118, -0.5237)",0
26.6667,"(-0.0695082, -0.0318709, -1.89005e-06)","(-0.0983601, 0.973344, 0.207187)","(-0.850584, -0.385173, 0.357979)","(0.0357854, -0.989197, -0.14216)","(-0.469399, 0.374762, 0.799512)","(0.0610281, -0.853377, 0.51771)","(-0.294858, -0.953983, -0.0545411)","(0.20669, -0.977254, 0.0474653)","(-0.349392, -0.850792, -0.392529)","(0.0477924, -0.863741, -0.501664)",0
26.7,"(-0.061897, -0.029769, -5.17437e-06)","(-0.0984546, 0.9755, 0.196739)","(-0.846455, -0.384671, 0.36816)","(0.0309574, -0.988854, -0.145634)","(-0.468766, 0.379214, 0.797781)","(0.0342622, -0.84389, 0.535421)","(-0.281983, -0.958221, -0.0479469)","(0.171681, -0.983932, 0.0490322)","(-0.354595, -0.863002, -0.359846)","(0.00731548, -0.883363, -0.468633)",0
26.7333,"(-0.0552593, -0.0281838, -7.41013e-06)","(-0.0981269, 0.977113, 0.188735)","(-0.833925, -0.39996, 0.380264)","(0.02212, -0.987675, -0.154949)","(-0.46218, 0.380647, 0.800935)","(0.00254283, -0.837928, 0.545775)","(-0.275289, -0.960628, -0.037556)","(0.126348, -0.990561, 0.0531421)","(-0.354998, -0.871785, -0.337591)","(-0.0126284, -0.895299, -0.445287)",0
26.7667,"(-0.0494468, -0.0263476, -8.28597e-06)","(-0.0972893, 0.978152, 0.183722)","(-0.82182, -0.417187, 0.38803)","(0.0168526, -0.987614, -0.155995)","(-0.456036, 0.381375, 0.804105)","(-0.0368264, -0.841696, 0.538695)","(-0.274225, -0.961331, -0.0253433)","(0.0804779, -0.995107, 0.0573253)","(-0.353824, -0.87524, -0.329794)","(-0.0309005, -0.896371, -0.442227)",0
26.8,"(-0.044251, -0.0249456, -7.75851e-06)","(-0.0967341, 0.978728, 0.180926)","(-0.818376, -0.423271, 0.388719)","(0.019756, -0.987945, -0.15354)","(-0.464618, 0.373505, 0.802885)","(-0.051889, -0.850431, 0.523522)","(-0.272944, -0.961934, -0.0135947)","(0.0354828, -0.997455, 0.0618369)","(-0.354215, -0.875209, -0.329455)","(-0.0292719, -0.893449, -0.448209)",0
26.8333,"(-0.0394291, -0.023586, -6.70371e-06)","(-0.0960431, 0.978959, 0.180043)","(-0.821147, -0.422323, 0.383877)","(0.0251986, -0.988432, -0.149555)","(-0.479705, 0.36509, 0.797867)","(-0.0502561, -0.861997, 0.504415)","(-0.272406, -0.962175, -0.00372915)","(0.00659005, -0.997806, 0.0658731)","(-0.356157, -0.872975, -0.333266)","(-0.0316988, -0.890632, -0.453618)",0
26.8667,"(-0.0351223, -0.0224202, -3.11912e-06)","(-0.0941072, 0.97968, 0.17712)","(-0.822494, -0.411927, 0.392198)","(0.030136, -0.988387, -0.148941)","(-0.494717, 0.351323, 0.794876)","(-0.0341375, -0.874173, 0.484414)","(-0.272468, -0.962162, 0.00237951)","(-0.0179704, -0.997632, 0.0663949)","(-0.362241, -0.868916, -0.337292)","(-0.0343026, -0.889891, -0.454882)",0
26.9,"(-0.0312749, -0.0215091, 2.63538e-06)","(-0.0882666, 0.981256, 0.171306)","(-0.814058, -0.404376, 0.416881)","(0.0336336, -0.987391, -0.154688)","(-0.486608, 0.332392, 0.807916)","(-0.0315844, -0.908444, 0.416813)","(-0.273351, -0.96191, 0.0029373)","(-0.0395486, -0.997471, 0.0590557)","(-0.373699, -0.86147, -0.343828)","(-0.0418757, -0.888875, -0.456233)",0
26.9333,"(-0.0278617, -0.021095, 1.07914e-05)","(-0.0780944, 0.983597, 0.162596)","(-0.795416, -0.39215, 0.462095)","(0.043424, -0.985666, -0.163027)","(-0.467125, 0.310807, 0.827764)","(-0.0408968, -0.942699, 0.331129)","(-0.275743, -0.961231, -0.000819255)","(-0.0673964, -0.996807, 0.0428114)","(-0.391649, -0.851822, -0.347864)","(-0.0421453, -0.885374, -0.462965)",0
26.9667,"(-0.024928, -0.0210821, 1.99082e-05)","(-0.0651551, 0.984667, 0.161821)","(-0.774263, -0.391862, 0.496952)","(0.0562227, -0.98308, -0.174338)","(-0.452245, 0.304052, 0.838467)","(-0.0548969, -0.97122, 0.23177)","(-0.281274, -0.959622, -0.00330028)","(-0.0867214, -0.996014, 0.0208836)","(-0.409933, -0.842155, -0.350327)","(-0.0462395, -0.878635, -0.47525)",0
27,"(-0.0223641, -0.0216715, 2.8871e-05)","(-0.0537416, 0.984363, 0.167756)","(-0.758463, -0.391995, 0.520648)","(0.0669961, -0.982768, -0.172273)","(-0.454419, 0.311729, 0.834463)","(-0.0683363, -0.98456, 0.16116)","(-0.294155, -0.955757, -0.000431007)","(-0.105531, -0.994411, 0.00326446)","(-0.425683, -0.833783, -0.351568)","(-0.0544119, -0.868573, -0.492565)",0
27.0333,"(-0.0195018, -0.0230119, 3.49532e-05)","(-0.0432929, 0.982219, 0.182677)","(-0.757612, -0.38904, 0.524092)","(0.0628846, -0.985763, -0.155941)","(-0.462779, 0.324442, 0.824968)","(-0.0840175, -0.992935, 0.0837878)","(-0.310622, -0.950527, 0.00341224)","(-0.123487, -0.992279, -0.011566)","(-0.436655, -0.827141, -0.353793)","(-0.0556997, -0.859105, -0.508759)",0
27.0667,"(-0.0162596, -0.0246132, 3.81392e-05)","(-0.0353056, 0.980199, 0.194842)","(-0.764901, -0.379058, 0.520808)","(0.0515068, -0.989993, -0.131383)","(-0.468686, 0.333642, 0.817934)","(-0.121558, -0.99167, 0.0425923)","(-0.332179, -0.943194, 0.00643297)","(-0.145338, -0.989111, -0.0231341)","(-0.447188, -0.819309, -0.358825)","(-0.0589297, -0.848765, -0.525477)",0
27.1,"(-0.0122889, -0.02626, 3.85024e-05)","(-0.0278505, 0.979104, 0.201445)","(-0.782758, -0.367913, 0.501927)","(0.0372413, -0.992559, -0.115926)","(-0.474601, 0.338199, 0.812635)","(-0.174504, -0.983938, 0.0375981)","(-0.348922, -0.937092, 0.0105856)","(-0.166343, -0.985447, -0.0349988)","(-0.460173, -0.813247, -0.356188)","(-0.0653866, -0.844008, -0.53233)",0
27.1333,"(-0.00761892, -0.0275719, 3.68565e-05)","(-0.0234835, 0.979562, 0.199769)","(-0.798052, -0.368483, 0.476795)","(0.033421, -0.993269, -0.110901)","(-0.481275, 0.341957, 0.807118)","(-0.208424, -0.97661, 0.0528479)","(-0.360811, -0.932539, 0.0136154)","(-0.185263, -0.981711, -0.0438353)","(-0.472209, -0.808715, -0.350711)","(-0.0877314, -0.845118, -0.527331)",0
27.1667,"(-0.00305597, -0.0282246, 3.54074e-05)","(-0.0212512, 0.98024, 0.196669)","(-0.809111, -0.372051, 0.454881)","(0.0364548, -0.992613, -0.115718)","(-0.483889, 0.336712, 0.80776)","(-0.236387, -0.969592, 0.0633451)","(-0.362929, -0.93169, 0.0153458)","(-0.200249, -0.978602, -0.047319)","(-0.475967, -0.808107, -0.347015)","(-0.104872, -0.848726, -0.518329)",0
27.2,"(0.00138685, -0.0274349, 3.42153e-05)","(-0.0195182, 0.9804, 0.19605)","(-0.802105, -0.415817, 0.428629)","(0.0512844, -0.991127, -0.122627)","(-0.487894, 0.352258, 0.79867)","(0, 0, 0)","(-0.327779, -0.944583, 0.0179659)","(-0.204401, -0.977912, -0.04368)","(-0.481416, -0.800528, -0.356924)","(-0.125028, -0.850096, -0.511571)",0
27.2333,"(0.00576675, -0.0249999, 3.37916e-05)","(-0.0182983, 0.979627, 0.19999)","(-0.775564, -0.492398, 0.395025)","(0.0750062, -0.988733, -0.129543)","(-0.487836, 0.380669, 0.785562)","(0, 0, 0)","(-0.253924, -0.966631, 0.0338636)","(-0.208122, -0.977796, -0.0245186)","(-0.481444, -0.788217, -0.383308)","(-0.140814, -0.84829, -0.510466)",0
27.2667,"(0.00962266, -0.0208264, 3.27646e-05)","(-0.0159002, 0.979437, 0.201125)","(-0.72011, -0.604966, 0.33979)","(0.0938267, -0.987332, -0.127951)","(-0.484122, 0.404668, 0.775803)","(0, 0, 0)","(-0.133276, -0.98652, 0.0949549)","(-0.211799, -0.977278, 0.00825414)","(-0.47251, -0.753706, -0.456795)","(-0.165048, -0.841744, -0.51403)",0
27.3,"(0.0130461, -0.0153385, 3.11599e-05)","(-0.0153699, 0.979129, 0.202658)","(-0.630928, -0.71923, 0.290926)","(0.0963277, -0.987341, -0.126013)","(-0.471608, 0.399096, 0.786326)","(-0.16812, -0.968834, 0.181926)","(0.0188624, -0.98032, 0.196512)","(-0.214702, -0.975591, 0.0460903)","(-0.450375, -0.7155, -0.534061)","(-0.190424, -0.835103, -0.516083)",0
27.3333,"(0.0167595, -0.00965072, 2.42373e-05)","(-0.0151478, 0.974429, 0.224185)","(-0.518752, -0.818885, 0.245609)","(0.0705766, -0.988047, -0.137046)","(-0.454528, 0.345346, 0.82106)","(-0.139415, -0.958669, 0.248026)","(0.146998, -0.951367, 0.270725)","(-0.211221, -0.976517, 0.0424401)","(-0.368436, -0.770219, -0.520593)","(-0.214938, -0.76084, -0.612311)",0
27.3667,"(0.0208018, -0.00521892, 1.74579e-05)","(-0.0161356, 0.970589, 0.240202)","(-0.410532, -0.90436, 0.116605)","(0.0357911, -0.991539, -0.124779)","(-0.478182, 0.211006, 0.852536)","(-0.151655, -0.919925, 0.361578)","(0.253675, -0.919379, 0.300651)","(-0.207828, -0.977881, 0.0235668)","(-0.230537, -0.872485, -0.430839)","(-0.26718, -0.700361, -0.661898)",0
27.4,"(0.0252067, -0.0024256, 1.23662e-05)","(-0.0188653, 0.969834, 0.243036)","(-0.329522, -0.944007, -0.0162846)","(0.00851607, -0.992144, -0.12481)","(-0.562341, -0.0587824, 0.824813)","(-0.146037, -0.834417, 0.531433)","(0.304226, -0.913319, 0.27073)","(-0.227891, -0.973199, -0.0307987)","(-0.026781, -0.943099, -0.331431)","(-0.30597, -0.695607, -0.650011)",0
27.4333,"(0.0302379, -0.00133302, 7.15717e-06)","(-0.0219683, 0.977057, 0.211843)","(-0.254468, -0.95403, -0.158347)","(-0.00558084, -0.991157, -0.132573)","(-0.574926, -0.467187, 0.671711)","(-0.160777, -0.760703, 0.628873)","(0.346153, -0.908984, 0.232221)","(-0.266833, -0.961942, -0.0588903)","(0.137619, -0.950783, -0.277621)","(-0.354184, -0.765221, -0.537578)",0
27.4667,"(0.0355358, -0.00164577, 3.34024e-06)","(-0.0257437, 0.980914, 0.192728)","(-0.203887, -0.960139, -0.191217)","(-0.0215526, -0.982557, -0.18471)","(-0.435669, -0.782046, 0.445642)","(-0.151314, -0.71521, 0.682333)","(0.366169, -0.9121, 0.184373)","(-0.309067, -0.947635, -0.0804116)","(0.249758, -0.944112, -0.215112)","(-0.368326, -0.819016, -0.439942)",0
27.5,"(0.0415948, -0.00284531, 4.74746e-06)","(-0.0260526, 0.977807, 0.207881)","(-0.158911, -0.965851, -0.204646)","(-0.0755352, -0.975636, -0.205984)","(-0.234578, -0.929755, 0.283775)","(0, 0, 0)","(0.37985, -0.912206, 0.153601)","(-0.338884, -0.936187, -0.0933308)","(0.301425, -0.948292, -0.0994265)","(-0.388984, -0.833611, -0.392154)",0
27.5333,"(0.0481807, -0.00429957, 4.47067e-06)","(-0.027837, 0.970163, 0.240849)","(-0.145147, -0.974355, -0.171944)","(-0.137698, -0.969212, -0.204124)","(-0.101379, -0.971836, 0.212739)","(0, 0, 0)","(0.380938, -0.91397, 0.139807)","(-0.358424, -0.926024, -0.118372)","(0.300765, -0.953356, -0.0255395)","(-0.395824, -0.845156, -0.359213)",0
27.5667,"(0.0554942, -0.0059218, 2.85683e-07)","(-0.035936, 0.960515, 0.275896)","(-0.138366, -0.982299, -0.12627)","(-0.168547, -0.964904, -0.201376)","(-0.00819056, -0.992069, 0.125426)","(0, 0, 0)","(0.369772, -0.919686, 0.132086)","(-0.372897, -0.9152, -0.152832)","(0.266998, -0.963583, 0.0148039)","(-0.404074, -0.847063, -0.345265)",0
27.6,"(0.0629358, -0.00754467, -3.67933e-06)","(-0.0544695, 0.955464, 0.290036)","(-0.146396, -0.986052, -0.0791802)","(-0.142546, -0.966348, -0.214131)","(0.0621438, -0.996108, 0.062511)","(0, 0, 0)","(0.344025, -0.931052, 0.121611)","(-0.380237, -0.909657, -0.167162)","(0.227191, -0.973776, 0.0120435)","(-0.413033, -0.841149, -0.349101)",0
27.6333,"(0.0709503, -0.00911852, -7.86954e-06)","(-0.0756806, 0.950331, 0.301899)","(-0.153921, -0.986263, -0.0599554)","(-0.0821162, -0.969931, -0.229107)","(0.105615, -0.994034, 0.0272227)","(0, 0, 0)","(0.323236, -0.940045, 0.108787)","(-0.37458, -0.911456, -0.170111)","(0.193127, -0.981173, -0.00138251)","(-0.426362, -0.832972, -0.352667)",0
27.6667,"(0.0785072, -0.0101802, -1.04096e-05)","(-0.0956093, 0.946764, 0.307405)","(-0.156395, -0.985744, -0.062048)","(-0.0101553, -0.974097, -0.225903)","(0.118605, -0.992261, 0.036765)","(0, 0, 0)","(0.30772, -0.94643, 0.0978711)","(-0.356073, -0.920265, -0.162246)","(0.163931, -0.986146, -0.0253719)","(-0.442204, -0.817609, -0.368742)",0
27.7,"(0.0857606, -0.0107624, -9.48352e-06)","(-0.105094, 0.950243, 0.293246)","(-0.147136, -0.987062, -0.0637144)","(0.0796986, -0.976409, -0.200684)","(0.124651, -0.991154, 0.0455639)","(0, 0, 0)","(0.311541, -0.946188, 0.0875842)","(-0.302832, -0.940638, -0.153271)","(0.130249, -0.990127, -0.0517999)","(-0.494548, -0.781334, -0.380709)",0
27.7333,"(0.0921636, -0.0113516, -8.23722e-06)","(-0.107981, 0.957861, 0.266164)","(-0.136936, -0.988765, -0.0599317)","(0.23005, -0.960132, -0.158817)","(0.116657, -0.992112, 0.0458895)","(0, 0, 0)","(0.314448, -0.947433, 0.0591017)","(-0.23772, -0.961741, -0.136176)","(0.0731044, -0.989202, -0.127021)","(-0.533248, -0.751885, -0.387705)",0
27.7667,"(0.0978922, -0.0127276, -3.89484e-06)","(-0.0983798, 0.969357, 0.225096)","(-0.137618, -0.98921, -0.0502562)","(0.405398, -0.910026, -0.0866253)","(0.0884413, -0.995612, 0.0305734)","(-0.0678839, -0.737756, 0.671646)","(0.317044, -0.948128, 0.0231714)","(-0.152336, -0.984185, -0.0904069)","(0.0124571, -0.978376, -0.206458)","(-0.574563, -0.739941, -0.349807)",0
27.8,"(0.102961, -0.0140892, 4.32646e-07)","(-0.0777184, 0.980894, 0.178345)","(-0.152668, -0.987337, -0.0431)","(0.566612, -0.822553, 0.0485574)","(0.0333511, -0.999397, -0.0096471)","(-0.0622183, -0.532251, 0.844297)","(0.293011, -0.955921, -0.0189785)","(-0.0645633, -0.996834, -0.0463983)","(-0.0466703, -0.959391, -0.278192)","(-0.589646, -0.740588, -0.322253)",0
27.8333,"(0.108331, -0.0170959, 7.07484e-06)","(-0.0441981, 0.990533, 0.129963)","(-0.17919, -0.983287, -0.0322002)","(0.619984, -0.755205, 0.212804)","(-0.0396101, -0.997402, -0.0601702)","(-0.0388046, -0.39188, 0.919198)","(0.284711, -0.957974, -0.0350073)","(-0.0151551, -0.999838, 0.00973057)","(-0.0934495, -0.952663, -0.289312)","(-0.48685, -0.842006, -0.232386)",0
27.8667,"(0.113832, -0.0254311, 9.6926e-06)","(-0.0116887, 0.993995, 0.108803)","(-0.182157, -0.983138, 0.0160876)","(0.651338, -0.671991, 0.352402)","(-0.108145, -0.984385, -0.138892)","(-0.0121349, -0.106866, 0.994199)","(0.266376, -0.961323, -0.0700072)","(0.0342975, -0.999345, -0.0115425)","(-0.117326, -0.951034, -0.285953)","(-0.309919, -0.934116, -0.177137)",0
27.9,"(0.118838, -0.0373755, 1.24888e-05)","(0.0130543, 0.993284, 0.114964)","(-0.19253, -0.979173, 0.0644396)","(0.661528, -0.674786, 0.327176)","(-0.14883, -0.975793, -0.160242)","(0.0708056, 0.20413, 0.97638)","(0.262303, -0.960666, -0.0912051)","(0.173732, -0.984447, 0.0261127)","(-0.163262, -0.949729, -0.267135)","(-0.140843, -0.983747, -0.111374)",0
27.9333,"(0.124483, -0.0515793, 1.22664e-05)","(0.0346084, 0.991148, 0.128169)","(-0.208033, -0.97302, 0.0997676)","(0.689688, -0.679002, 0.251569)","(-0.179103, -0.971131, -0.157564)","(0.189672, 0.42534, 0.884935)","(0.242975, -0.960507, -0.135607)","(0.373544, -0.921427, 0.106947)","(-0.20013, -0.937621, -0.28428)","(-0.0780691, -0.993156, -0.0868723)",0
27.9667,"(0.131173, -0.0696955, 1.16342e-05)","(0.0539269, 0.990673, 0.125132)","(-0.253695, -0.962773, 0.0933116)","(0.634292, -0.765713, 0.106576)","(-0.198736, -0.974673, -0.102551)","(0.388795, 0.561811, 0.73021)","(0.229555, -0.960703, -0.156062)","(0.523308, -0.826977, 0.205564)","(-0.272104, -0.896508, -0.349618)","(-0.0533998, -0.995167, -0.0824085)",0
28,"(0.13787, -0.0901221, 7.87913e-06)","(0.0630076, 0.99019, 0.124713)","(-0.274077, -0.958056, 0.0837283)","(0.562457, -0.825451, -0.0476783)","(-0.243375, -0.968889, -0.0449741)","(0.659441, 0.461992, 0.593044)","(0.242167, -0.954574, -0.173618)","(0.548799, -0.800484, 0.240923)","(-0.386032, -0.808317, -0.444526)","(-0.0120347, -0.993306, -0.114888)",0
28.0333,"(0.144439, -0.107102, 6.25378e-06)","(0.057386, 0.989935, 0.129363)","(-0.286807, -0.95358, 0.0917949)","(0.467167, -0.866356, -0.176582)","(-0.278311, -0.960026, 0.0299021)","(0.885628, 0.156179, 0.437345)","(0.256397, -0.950383, -0.176162)","(0.550616, -0.818945, 0.161714)","(-0.49104, -0.687689, -0.534757)","(-0.0277947, -0.976792, -0.212378)",0
28.0667,"(0.151156, -0.121248, 4.65787e-06)","(0.0478746, 0.986237, 0.158257)","(-0.322341, -0.941168, 0.101485)","(0.406537, -0.876527, -0.257736)","(-0.28988, -0.952626, 0.0920531)","(0.912652, -0.263699, 0.312298)","(0.30753, -0.940222, -0.146314)","(0.544873, -0.836642, 0.0560647)","(-0.604023, -0.563462, -0.56362)","(-0.0541992, -0.958204, -0.280905)",0
28.1,"(0.157319, -0.133636, 3.2553e-06)","(0.0452989, 0.981376, 0.186677)","(-0.368126, -0.923637, 0.106671)","(0.369255, -0.897664, -0.24052)","(-0.271424, -0.955432, 0.116101)","(0.766889, -0.578727, 0.277412)","(0.35035, -0.932487, -0.0878803)","(0.563763, -0.824549, -0.0478523)","(-0.656888, -0.468441, -0.590814)","(-0.0990982, -0.944971, -0.311784)",0
28.1333,"(0.162582, -0.143163, 1.9615e-06)","(0.0465578, 0.975312, 0.215868)","(-0.402327, -0.909607, 0.103674)","(0.333366, -0.910833, -0.243415)","(-0.246435, -0.961915, 0.118274)","(0.667028, -0.696161, 0.265392)","(0.405269, -0.914096, 0.0136279)","(0.587246, -0.803883, -0.0944173)","(-0.717091, -0.388852, -0.578425)","(-0.149301, -0.933337, -0.326482)",0
28.1667,"(0.167008, -0.148938, -3.16883e-07)","(0.0487269, 0.973433, 0.223726)","(-0.401529, -0.909938, 0.10386)","(0.316153, -0.921507, -0.225549)","(-0.239236, -0.963035, 0.123815)","(0.651346, -0.718685, 0.243392)","(0.431971, -0.896979, 0.0939662)","(0.627972, -0.772626, -0.0932726)","(-0.745201, -0.324002, -0.582837)","(-0.217786, -0.912681, -0.345807)",0
28.2,"(0.170341, -0.152355, -2.19704e-06)","(0.050748, 0.972965, 0.225309)","(-0.397028, -0.91145, 0.107834)","(0.317374, -0.924598, -0.210697)","(-0.234403, -0.96318, 0.131679)","(0.672239, -0.707023, 0.219575)","(0.450687, -0.881244, 0.142442)","(0.645231, -0.758963, -0.0874774)","(-0.76582, -0.283029, -0.57742)","(-0.260476, -0.898664, -0.352924)",0
28.2333,"(0.172982, -0.154239, -2.42204e-06)","(0.0563313, 0.972758, 0.224875)","(-0.400353, -0.908995, 0.115955)","(0.329174, -0.922738, -0.200497)","(-0.232157, -0.9627, 0.138967)","(0.722437, -0.664254, 0.191967)","(0.451886, -0.878781, 0.153438)","(0.641349, -0.761716, -0.0919832)","(-0.753128, -0.276779, -0.596817)","(-0.271449, -0.896071, -0.351245)",0
28.2667,"(0.172982, -0.154239, -2.42204e-06)","(0.0699001, 0.972133, 0.223769)","(-0.406807, -0.905536, 0.120466)","(0.368948, -0.907396, -0.201272)","(-0.235431, -0.961541, 0.141462)","(0.779015, -0.603398, 0.170431)","(0.450004, -0.88314, 0.13251)","(0.616005, -0.780525, -0.106393)","(-0.735806, -0.30633, -0.603946)","(-0.261858, -0.898704, -0.351799)",0
28.3,"(0.175387, -0.151946, -2.96626e-08)","(0.0929862, 0.970417, 0.222811)","(-0.421009, -0.898817, 0.121981)","(0.43325, -0.875285, -0.214872)","(-0.243502, -0.960411, 0.135342)","(0.847868, -0.503755, 0.16538)","(0.447606, -0.891243, 0.0730364)","(0.588197, -0.798117, -0.130512)","(-0.720234, -0.358673, -0.593815)","(-0.248979, -0.895656, -0.368523)",0
28.3333,"(0.175905, -0.149005, 1.03391e-06)","(0.122398, 0.966492, 0.225636)","(-0.432906, -0.892862, 0.124054)","(0.531155, -0.807608, -0.25621)","(-0.246574, -0.960569, 0.128484)","(0.91218, -0.368096, 0.18009)","(0.407683, -0.908917, -0.0875486)","(0.550039, -0.816511, -0.175404)","(-0.697542, -0.417857, -0.582092)","(-0.229667, -0.889658, -0.394666)",0
28.3667,"(0.176521, -0.145206, 2.34819e-06)","(0.151126, 0.961708, 0.228647)","(-0.444553, -0.886086, 0.131238)","(0.622145, -0.719202, -0.309328)","(-0.252875, -0.959075, 0.127399)","(0.962719, -0.184435, 0.197881)","(0.342279, -0.911428, -0.22835)","(0.520541, -0.828119, -0.20798)","(-0.658236, -0.484095, -0.576522)","(-0.208023, -0.889419, -0.407013)",0
28.4,"(0.177469, -0.139221, 2.84514e-06)","(0.168491, 0.958008, 0.232018)","(-0.450011, -0.882249, 0.138299)","(0.710455, -0.609343, -0.352073)","(-0.258511, -0.957717, 0.126296)","(0.980584, -0.0179727, 0.195273)","(0.240105, -0.909864, -0.338375)","(0.482972, -0.842007, -0.240338)","(-0.60573, -0.544288, -0.580381)","(-0.180135, -0.890319, -0.418191)",0
28.4333,"(0.178839, -0.13219, 3.20687e-06)","(0.177366, 0.957489, 0.227499)","(-0.456404, -0.878894, 0.138709)","(0.775913, -0.51305, -0.367069)","(-0.27602, -0.95423, 0.115141)","(0.97869, 0.122018, 0.165157)","(0.187031, -0.922887, -0.3366)","(0.467188, -0.852889, -0.233056)","(-0.582376, -0.590839, -0.558343)","(-0.16643, -0.899647, -0.403653)",0
28.4667,"(0.180314, -0.123426, 3.85731e-06)","(0.178397, 0.958827, 0.220965)","(-0.454022, -0.880342, 0.137342)","(0.834188, -0.426418, -0.349712)","(-0.293499, -0.952254, 0.0840836)","(0.953918, 0.262984, 0.144498)","(0.151203, -0.933519, -0.325083)","(0.455608, -0.860806, -0.226791)","(-0.578916, -0.617345, -0.532674)","(-0.154379, -0.904511, -0.397527)",0
28.5,"(0.181692, -0.113722, 4.80912e-06)","(0.179631, 0.961708, 0.207005)","(-0.446478, -0.884922, 0.132555)","(0.874626, -0.357119, -0.327866)","(-0.315091, -0.948155, 0.0414686)","(0.903654, 0.408088, 0.129901)","(0.137715, -0.942897, -0.303283)","(0.457915, -0.864452, -0.207455)","(-0.584843, -0.633078, -0.50712)","(-0.149675, -0.923392, -0.353475)",0
28.5333,"(0.182807, -0.10221, 5.77732e-06)","(0.178853, 0.965406, 0.189743)","(-0.428402, -0.895169, 0.12306)","(0.909607, -0.282146, -0.304972)","(-0.335166, -0.942156, 0.00243583)","(0.837726, 0.532473, 0.121193)","(0.107363, -0.949126, -0.296028)","(0.447469, -0.872599, -0.195813)","(-0.579837, -0.651864, -0.488736)","(-0.144935, -0.940965, -0.305908)",0
28.5667,"(0.183671, -0.0905686, 6.86734e-06)","(0.179596, 0.969394, 0.167393)","(-0.404864, -0.907903, 0.108614)","(0.931149, -0.215492, -0.294151)","(-0.357414, -0.933729, -0.0201455)","(0.758867, 0.643235, 0.101832)","(0.0807669, -0.95394, -0.288919)","(0.409345, -0.895678, -0.173776)","(-0.578086, -0.685244, -0.44301)","(-0.145162, -0.95991, -0.239792)",0
28.6,"(0.184191, -0.0787331, 7.2205e-06)","(0.180324, 0.972776, 0.145565)","(-0.38101, -0.919575, 0.0959824)","(0.940518, -0.16126, -0.299034)","(-0.372226, -0.927881, -0.0220151)","(0.672432, 0.736987, 0.0684501)","(0.0685864, -0.957579, -0.279891)","(0.347133, -0.929327, -0.125899)","(-0.570485, -0.723614, -0.388497)","(-0.138094, -0.97253, -0.18739)",0
28.6333,"(0.184641, -0.0675322, 8.22074e-06)","(0.181035, 0.974678, 0.131261)","(-0.364481, -0.92674, 0.0911369)","(0.932772, -0.1258, -0.337803)","(-0.374729, -0.926961, -0.0179433)","(0.581951, 0.812641, -0.0307946)","(0.0727324, -0.960781, -0.267602)","(0.286171, -0.955247, -0.0748914)","(-0.540739, -0.769006, -0.340927)","(-0.118965, -0.980939, -0.153642)",0
28.6667,"(0.185164, -0.056855, 1.06608e-05)","(0.180311, 0.97569, 0.124565)","(-0.360507, -0.927906, 0.0949986)","(0.905344, -0.102269, -0.412181)","(-0.363745, -0.931476, -0.00653077)","(0.497624, 0.847441, -0.184971)","(0.0722185, -0.965249, -0.251154)","(0.248249, -0.967772, -0.0423059)","(-0.508664, -0.798406, -0.322194)","(-0.090181, -0.984991, -0.147173)",0
28.7,"(0.185768, -0.047666, 1.30752e-05)","(0.174743, 0.976307, 0.127633)","(-0.355002, -0.927819, 0.114569)","(0.864949, -0.0977862, -0.49224)","(-0.347009, -0.937761, 0.0137613)","(0.412547, 0.836953, -0.359604)","(0.0707602, -0.970615, -0.229999)","(0.219922, -0.974643, -0.0412953)","(-0.475491, -0.820585, -0.317093)","(-0.0646952, -0.983465, -0.169145)",0
28.7333,"(0.186424, -0.0400332, 1.67874e-05)","(0.162329, 0.977951, 0.131378)","(-0.333931, -0.932731, 0.136028)","(0.833528, -0.122301, -0.538771)","(-0.328682, -0.943512, 0.0418631)","(0.342082, 0.828804, -0.44279)","(0.0752587, -0.977801, -0.195555)","(0.191851, -0.980418, -0.0444167)","(-0.470446, -0.827693, -0.30595)","(-0.0506202, -0.982412, -0.179735)",0
28.7667,"(0.187338, -0.0327812, 2.01394e-05)","(0.138519, 0.98023, 0.141282)","(-0.297491, -0.942905, 0.149767)","(0.8121, -0.15697, -0.562009)","(-0.300122, -0.951496, 0.0676866)","(0.315443, 0.845644, -0.43056)","(0.0745753, -0.982731, -0.169344)","(0.159212, -0.986177, -0.0458979)","(-0.454706, -0.835515, -0.308476)","(-0.0360015, -0.982606, -0.182182)",0
28.8,"(0.188342, -0.0255783, 2.2391e-05)","(0.1126, 0.982356, 0.149325)","(-0.26175, -0.954021, 0.14605)","(0.78996, -0.232476, -0.567379)","(-0.263606, -0.961725, 0.0748179)","(0.31227, 0.875981, -0.36762)","(0.0724124, -0.987972, -0.136626)","(0.121057, -0.992297, -0.0263048)","(-0.446348, -0.846242, -0.290945)","(-0.0379135, -0.986122, -0.161633)",0
28.8333,"(0.18965, -0.0186877, 2.20401e-05)","(0.0831725, 0.984442, 0.15478)","(-0.232033, -0.964623, 0.125149)","(0.740691, -0.367883, -0.562173)","(-0.215859, -0.974101, 0.0673251)","(0.317833, 0.896393, -0.308969)","(0.0578903, -0.991222, -0.118857)","(0.0680317, -0.997663, -0.00632671)","(-0.429936, -0.858231, -0.280346)","(-0.0430577, -0.987374, -0.152439)",0
28.8667,"(0.190957, -0.0131063, 1.98023e-05)","(0.0509715, 0.987104, 0.151746)","(-0.215816, -0.971036, 0.102534)","(0.648704, -0.533564, -0.542672)","(-0.155125, -0.986035, 0.0605878)","(0.383926, 0.877337, -0.287891)","(0.0212134, -0.995503, -0.0923232)","(0.0300836, -0.999446, 0.0142076)","(-0.408737, -0.876832, -0.253177)","(-0.0529644, -0.987735, -0.146883)",0
28.9,"(0.192162, -0.00706552, 1.58527e-05)","(0.0150068, 0.989339, 0.144857)","(-0.201427, -0.976753, 0.07335)","(0.518063, -0.698347, -0.493885)","(-0.0879845, -0.994742, 0.0524184)","(0.525001, 0.843128, -0.116227)","(-0.0322357, -0.99617, -0.0812783)","(0.00896658, -0.999741, 0.0208948)","(-0.379571, -0.890688, -0.250202)","(-0.0431512, -0.987215, -0.153445)",0
28.9333,"(0.193173, -0.00191039, 1.06846e-05)","(-0.0147281, 0.991625, 0.128309)","(-0.198397, -0.979337, 0.0392274)","(0.383401, -0.858984, -0.339338)","(-0.0225759, -0.998669, 0.0463732)","(0.64889, 0.716559, 0.255899)","(-0.0867243, -0.993685, -0.0711979)","(0.00871997, -0.999685, 0.0235247)","(-0.347331, -0.905191, -0.244927)","(-0.0317331, -0.986538, -0.160421)",0
28.9667,"(0.19392, 0.00273074, 3.72506e-06)","(-0.0348781, 0.992815, 0.114463)","(-0.199026, -0.979915, 0.0124779)","(0.226405, -0.957642, -0.177937)","(0.0263933, -0.998297, 0.0520226)","(0.677071, 0.452555, 0.580317)","(-0.11774, -0.990493, -0.0711455)","(-0.00190418, -0.999449, 0.0331382)","(-0.322687, -0.913048, -0.249431)","(-0.0143687, -0.987376, -0.157739)",0
29,"(0.194103, 0.00603991, -2.20709e-06)","(-0.0419112, 0.993793, 0.103049)","(-0.218354, -0.97587, -0.000113158)","(0.0962854, -0.992975, -0.0687782)","(0.0616447, -0.995905, 0.0661315)","(0.690275, 0.116247, 0.714148)","(-0.121565, -0.99032, -0.0669986)","(-0.0186596, -0.998333, 0.0546161)","(-0.317648, -0.917215, -0.240449)","(-0.0121618, -0.99071, -0.135449)",0
29.0333,"(0.193899, 0.00854055, -5.81914e-06)","(-0.0496115, 0.993262, 0.10473)","(-0.237831, -0.971216, 0.0132441)","(0.0155465, -0.994926, -0.099397)","(0.0817103, -0.989071, 0.122727)","(0.740465, -0.252699, 0.62278)","(-0.108961, -0.992914, -0.0474266)","(-0.0273394, -0.996527, 0.0786533)","(-0.331514, -0.91801, -0.217613)","(-0.0247281, -0.99284, -0.116865)",0
29.0667,"(0.193899, 0.00854055, -5.81914e-06)","(-0.0565387, 0.992204, 0.111064)","(-0.256368, -0.966124, 0.0296552)","(-0.0172455, -0.990424, -0.136974)","(0.0973451, -0.979495, 0.176389)","(0.649254, -0.585971, 0.484879)","(-0.0664441, -0.99767, -0.0154599)","(-0.0400306, -0.994245, 0.0993715)","(-0.366382, -0.911951, -0.184688)","(-0.0544869, -0.99328, -0.102105)",0
29.1,"(0.193899, 0.00854055, -5.81914e-06)","(-0.07071, 0.990081, 0.121411)","(-0.272913, -0.960705, 0.050633)","(-0.0196109, -0.985653, -0.16764)","(0.120007, -0.966077, 0.228677)","(0.508581, -0.778684, 0.367419)","(-0.037735, -0.999215, 0.0120424)","(-0.0398681, -0.994402, 0.0978549)","(-0.388227, -0.907125, -0.162492)","(-0.0708546, -0.990989, -0.113665)",0
29.1333,"(0.194055, -1.51396e-06, -1.17621e-05)","(-0.0993005, 0.986874, 0.127351)","(-0.280883, -0.957647, 0.063376)","(-0.0950117, -0.976058, -0.195661)","(0.167411, -0.957114, 0.236445)","(0.379287, -0.854537, 0.354835)","(-0.0215829, -0.999541, 0.0212521)","(-0.0373376, -0.994726, 0.0955267)","(-0.40128, -0.901963, -0.159489)","(-0.0787614, -0.989474, -0.121397)",0
29.1667,"(0.194721, -0.00627545, -1.26312e-05)","(-0.136686, 0.982662, 0.125269)","(-0.28643, -0.955577, 0.069508)","(-0.169185, -0.961423, -0.216893)","(0.216677, -0.950709, 0.221818)","(0.285727, -0.878994, 0.381745)","(-0.0288409, -0.999463, 0.0155465)","(-0.023151, -0.997069, 0.0729159)","(-0.402611, -0.900272, -0.165576)","(-0.082134, -0.983986, -0.158194)",0
29.2,"(0.195544, -0.0123698, -1.06911e-05)","(-0.171634, 0.978873, 0.11113)","(-0.281733, -0.95704, 0.0685578)","(-0.235699, -0.942386, -0.237393)","(0.263987, -0.943302, 0.201228)","(0.222852, -0.886111, 0.406379)","(-0.00515369, -0.999945, 0.00913949)","(-0.00452866, -0.998729, 0.0502016)","(-0.430892, -0.88527, -0.175009)","(-0.096267, -0.97292, -0.21014)",0
29.2333,"(0.19612, -0.0182183, -7.05146e-06)","(-0.188641, 0.97727, 0.0967352)","(-0.276871, -0.956121, 0.0957827)","(-0.223291, -0.941204, -0.253527)","(0.292214, -0.918083, 0.267834)","(0.190226, -0.894958, 0.403565)","(0.0662817, -0.997727, 0.0121485)","(0.0263596, -0.999088, 0.0335983)","(-0.489295, -0.837381, -0.243686)","(-0.127986, -0.957302, -0.259213)",0
29.2667,"(0.196331, -0.0224884, -2.16872e-06)","(-0.193346, 0.978254, 0.0750715)","(-0.265267, -0.950259, 0.163225)","(-0.201566, -0.943506, -0.262997)","(0.328737, -0.837413, 0.436659)","(0.164739, -0.909082, 0.382663)","(0.165764, -0.985751, 0.028577)","(0.0724553, -0.99666, 0.0376783)","(-0.545255, -0.746414, -0.381528)","(-0.179478, -0.942772, -0.281013)",0
29.3,"(0.196331, -0.0224884, -2.16872e-06)","(-0.201666, 0.977252, 0.0656431)","(-0.235798, -0.942171, 0.238145)","(-0.170032, -0.952427, -0.252928)","(0.354171, -0.677487, 0.644651)","(0.140255, -0.920052, 0.365831)","(0.318015, -0.946167, 0.0602922)","(0.0873545, -0.995843, 0.0258178)","(-0.599853, -0.633639, -0.488547)","(-0.214477, -0.933674, -0.286798)",0
29.3333,"(0.194427, -0.0249715, 7.56211e-06)","(-0.210454, 0.976219, 0.0520178)","(-0.192201, -0.929916, 0.313554)","(-0.136046, -0.960948, -0.240979)","(0.362121, -0.40916, 0.83753)","(0.10775, -0.92579, 0.362356)","(0.436944, -0.894833, 0.0914044)","(0.0868823, -0.996124, 0.013735)","(-0.60133, -0.600334, -0.527259)","(-0.256643, -0.921305, -0.292115)",0
29.3667,"(0.192481, -0.0259773, 1.26814e-05)","(-0.220484, 0.974241, 0.0473376)","(-0.146262, -0.918336, 0.367786)","(-0.1138, -0.966303, -0.230886)","(0.365604, 0.000499427, 0.93077)","(0.0914403, -0.92883, 0.359044)","(0.527948, -0.841997, 0.110961)","(0.0778411, -0.996964, 0.00184171)","(-0.575635, -0.640641, -0.508157)","(-0.316341, -0.893393, -0.319026)",0
29.4,"(0.189785, -0.0266808, 1.62633e-05)","(-0.22069, 0.974647, 0.0368624)","(-0.130881, -0.893937, 0.428658)","(-0.103715, -0.968394, -0.226842)","(0.313366, 0.415964, 0.853684)","(0.0610556, -0.927968, 0.367625)","(0.558727, -0.816667, 0.144497)","(0.0894484, -0.995945, 0.00965366)","(-0.560131, -0.636194, -0.530576)","(-0.369797, -0.864773, -0.33973)",0
29.4333,"(0.186126, -0.0264583, 1.86791e-05)","(-0.216664, 0.975614, 0.0351176)","(-0.176787, -0.827412, 0.533044)","(0, 0, 0)","(0.281867, 0.629468, 0.7241)","(0, 0, 0)","(0.578468, -0.796428, 0.176287)","(0.0963651, -0.995232, 0.0150959)","(-0.605127, -0.550971, -0.574676)","(-0.343876, -0.869564, -0.354412)",0
29.4667,"(0.181881, -0.0255801, 2.32102e-05)","(-0.210603, 0.97692, 0.0356772)","(-0.255686, -0.693708, 0.673345)","(0, 0, 0)","(0.28127, 0.664021, 0.692794)","(0, 0, 0)","(0.581304, -0.785822, 0.211114)","(0.0945016, -0.995374, 0.0172964)","(-0.699405, -0.400316, -0.592098)","(-0.235871, -0.919274, -0.315118)",0
29.5,"(0.177091, -0.0243978, 1.78692e-05)","(-0.207166, 0.977563, 0.0381097)","(-0.297806, -0.491945, 0.818109)","(0, 0, 0)","(0.282774, 0.61315, 0.737622)","(0, 0, 0)","(0.555208, -0.8028, 0.217385)","(0.0993377, -0.994019, 0.0453735)","(-0.754864, -0.310384, -0.57779)","(-0.122564, -0.956598, -0.264383)",0
29.5333,"(0.171615, -0.0234289, 1.22996e-05)","(-0.204268, 0.978016, 0.0419493)","(-0.358615, -0.196591, 0.91255)","(0, 0, 0)","(0.348098, 0.743796, 0.57061)","(0, 0, 0)","(0.474713, -0.856073, 0.204416)","(0.113723, -0.991115, 0.0689849)","(-0.75225, -0.273827, -0.599281)","(-0.0680871, -0.972092, -0.224503)",0
29.5667,"(0.165914, -0.024188, 5.23566e-06)","(-0.199432, 0.978656, 0.0496008)","(-0.384609, 0.16261, 0.908644)","(0, 0, 0)","(0.342226, 0.85927, 0.380179)","(0, 0, 0)","(0.356843, -0.924118, 0.136638)","(0.122427, -0.987734, 0.0969211)","(-0.690945, -0.248615, -0.678812)","(-0.0328419, -0.972102, -0.232246)",0
29.6,"(0.159923, -0.0276806, 2.30442e-06)","(-0.192964, 0.979127, 0.0638409)","(-0.383449, 0.513474, 0.767666)","(0, 0, 0)","(0.303341, 0.945829, 0.115722)","(0, 0, 0)","(0.210541, -0.975083, 0.0699)","(0.1235, -0.988432, 0.0880336)","(-0.587648, -0.212633, -0.780677)","(0.0202068, -0.964144, -0.264607)",0
29.6333,"(0.153237, -0.0334464, 1.51261e-06)","(-0.179045, 0.979312, 0.0942878)","(-0.323514, 0.670385, 0.667774)","(0, 0, 0)","(0.213919, 0.946599, 0.241225)","(0, 0, 0)","(0.063048, -0.997964, -0.00964828)","(0.116088, -0.988046, 0.101438)","(-0.497558, -0.247057, -0.831504)","(0.0909296, -0.95445, -0.284177)",0
29.6667,"(0.146142, -0.0397405, 4.19612e-06)","(-0.156415, 0.979761, 0.124913)","(-0.263198, 0.696685, 0.667351)","(0, 0, 0)","(0.110821, 0.920847, 0.373844)","(0, 0, 0)","(-0.0473425, -0.996197, -0.073148)","(0.118792, -0.977863, 0.172258)","(-0.431248, -0.353883, -0.829935)","(0.145813, -0.953013, -0.265527)",0
29.7,"(0.138391, -0.0464831, 5.26099e-06)","(-0.13504, 0.979474, 0.149647)","(-0.236228, 0.644142, 0.727515)","(0, 0, 0)","(0.0352116, 0.870766, 0.490436)","(0, 0, 0)","(-0.133823, -0.97253, -0.190462)","(0.126084, -0.951317, 0.281246)","(-0.363014, -0.531759, -0.765149)","(0.188649, -0.96596, -0.17701)",0
29.7333,"(0.129596, -0.0513066, 5.19198e-06)","(-0.111756, 0.98196, 0.15253)","(-0.234818, 0.590185, 0.772361)","(0, 0, 0)","(0.0260572, 0.864338, 0.502236)","(0, 0, 0)","(-0.147919, -0.95008, -0.274713)","(0.157178, -0.923432, 0.350098)","(-0.317887, -0.646094, -0.69391)","(0.23774, -0.965035, -0.110392)",0
29.7667,"(0.120127, -0.0539522, 3.20715e-06)","(-0.0897544, 0.982296, 0.164437)","(-0.266652, 0.541238, 0.79747)","(0, 0, 0)","(0.0830638, 0.849973, 0.520237)","(0, 0, 0)","(-0.146514, -0.936828, -0.317628)","(0.194513, -0.911844, 0.36153)","(-0.283573, -0.704531, -0.650556)","(0.2887, -0.952502, -0.0969151)",0
29.8,"(0.110258, -0.0546669, -3.93759e-06)","(-0.0640839, 0.981367, 0.181143)","(-0.279427, 0.41508, 0.865811)","(0.188699, -0.970996, 0.14683)","(0.164137, 0.760697, 0.628012)","(0.240464, -0.821499, 0.517027)","(-0.115381, -0.948853, -0.293879)","(0.232697, -0.905976, 0.353637)","(-0.263299, -0.679977, -0.684329)","(0.323432, -0.937175, -0.130747)",0
29.8333,"(0.100773, -0.0540874, -1.50012e-05)","(-0.0413727, 0.977731, 0.205742)","(-0.279117, 0.202011, 0.938768)","(0.219543, -0.951024, 0.21761)","(0.207724, 0.661615, 0.720497)","(0.252241, -0.747603, 0.614382)","(-0.0996579, -0.946488, -0.306967)","(0.241642, -0.879941, 0.409039)","(-0.217081, -0.652727, -0.725826)","(0.338512, -0.931886, -0.130377)",0
29.8667,"(0.0920349, -0.0520747, -2.33652e-05)","(-0.0245873, 0.978855, 0.203072)","(-0.323892, -0.14213, 0.935357)","(0.22548, -0.918079, 0.32602)","(0.230892, 0.561121, 0.794879)","(0.223349, -0.614608, 0.756553)","(-0.0899637, -0.949075, -0.301933)","(0.229471, -0.856855, 0.461673)","(-0.160625, -0.664338, -0.729969)","(0.335168, -0.935758, -0.109635)",0
29.9,"(0.084707, -0.0502786, -2.80028e-05)","(-0.0117932, 0.978979, 0.203621)","(-0.364885, -0.471224, 0.802998)","(0.201244, -0.88941, 0.410427)","(0.210182, 0.541224, 0.814187)","(0.241838, -0.281289, 0.92865)","(-0.0886772, -0.950014, -0.299349)","(0.220736, -0.840358, 0.495049)","(-0.113367, -0.70895, -0.696088)","(0.305251, -0.943724, -0.127303)",0
29.9333,"(0.0788434, -0.0478043, -3.22583e-05)","(-0.00841431, 0.979013, 0.203624)","(-0.363212, -0.714312, 0.598194)","(0.151999, -0.876502, 0.456772)","(0.157805, 0.489322, 0.857707)","(0.245062, 0.107391, 0.963541)","(-0.0828678, -0.962742, -0.257412)","(0.21847, -0.848417, 0.48214)","(-0.0773056, -0.740294, -0.667824)","(0.254354, -0.953539, -0.161457)",0
29.9667,"(0.0745031, -0.0440898, -3.0198e-05)","(-0.00677742, 0.978779, 0.204808)","(-0.313492, -0.853023, 0.417222)","(0.128546, -0.888303, 0.440902)","(0.0328552, 0.406881, 0.91289)","(0.259799, 0.382489, 0.886683)","(-0.072767, -0.968992, -0.236134)","(0.211557, -0.871804, 0.441816)","(-0.0571199, -0.771815, -0.633277)","(0.169821, -0.951438, -0.256763)",0
30,"(0.0707885, -0.0391566, -1.87579e-05)","(-0.00815877, 0.98419, 0.17693)","(-0.263844, -0.926734, 0.26749)","(0.148772, -0.862019, 0.484551)","(-0.160837, 0.137126, 0.977409)","(0.224562, 0.522042, 0.822827)","(-0.067989, -0.974843, -0.212272)","(0.171345, -0.92067, 0.350725)","(-0.0433756, -0.803564, -0.593636)","(0.084513, -0.933698, -0.347944)",0
30.0333,"(0.0679724, -0.0326697, -1.00608e-05)","(-0.0100545, 0.989119, 0.146776)","(-0.225729, -0.956288, 0.185901)","(0.187293, -0.724438, 0.663408)","(-0.331962, -0.274404, 0.902498)","(0.161891, 0.558374, 0.81364)","(-0.0555812, -0.979737, -0.192422)","(0.100411, -0.978925, 0.177833)","(-0.0359676, -0.847598, -0.529418)","(0.0276273, -0.885231, -0.464331)",0
30.0667,"(0.0657265, -0.0250523, -2.52558e-06)","(-0.00480769, 0.993143, 0.116803)","(-0.184664, -0.978577, 0.0910299)","(0.16427, -0.596741, 0.78544)","(-0.38158, -0.693086, 0.611579)","(0.0555334, 0.576578, 0.815152)","(-0.0353992, -0.984369, -0.172524)","(0.00719685, -0.999848, 0.0158665)","(-0.031995, -0.878304, -0.477031)","(-0.00564558, -0.867605, -0.497222)",0
30.1,"(0.0636471, -0.0183062, 2.42972e-06)","(0.00778613, 0.994976, 0.0998087)","(-0.155222, -0.987059, 0.0402529)","(0.0933842, -0.497597, 0.862367)","(-0.282723, -0.896985, 0.339832)","(-0.124278, 0.539066, 0.833044)","(-0.0104812, -0.985863, -0.167223)","(-0.068713, -0.994787, -0.0753453)","(-0.0196459, -0.901576, -0.432174)","(-0.0241274, -0.862896, -0.504805)",0
30.1333,"(0.0616931, -0.0125821, 4.26027e-06)","(0.022529, 0.997427, 0.0680585)","(-0.136775, -0.988691, -0.0615044)","(0.012707, -0.567562, 0.823232)","(-0.181384, -0.954852, 0.235282)","(-0.31601, 0.482625, 0.81683)","(0.0170555, -0.987726, -0.155262)","(-0.118925, -0.9902, -0.0732195)","(-0.00523354, -0.911226, -0.411875)","(-0.0387863, -0.875062, -0.482454)",0
30.1667,"(0.0603035, -0.00722154, -1.46218e-07)","(0.0306362, 0.998351, 0.0485474)","(-0.123864, -0.988799, -0.0832695)","(-0.0548346, -0.595454, 0.801516)","(-0.102809, -0.953327, 0.283899)","(-0.461713, 0.397263, 0.793097)","(0.0424802, -0.990139, -0.133492)","(-0.141508, -0.988313, -0.0566744)","(0.0100385, -0.911865, -0.410367)","(-0.0339715, -0.883621, -0.466969)",0
30.2,"(0.059165, -0.00466179, -2.9569e-06)","(0.0321356, 0.998985, 0.0315556)","(-0.113275, -0.987432, -0.110209)","(-0.0744004, -0.628492, 0.77425)","(-0.0771524, -0.933099, 0.351246)","(-0.529398, 0.386602, 0.755166)","(0.0602363, -0.994783, -0.0823268)","(-0.156863, -0.986878, -0.0382803)","(0.0118087, -0.92521, -0.379273)","(-0.028331, -0.911379, -0.410592)",0
30.2333,"(0.059165, -0.00466179, -2.9569e-06)","(0.0316021, 0.999178, 0.0253942)","(-0.10969, -0.986535, -0.121311)","(-0.0127066, -0.648597, 0.761026)","(-0.0521101, -0.926362, 0.373012)","(-0.572735, 0.357812, 0.737526)","(0.0659435, -0.996961, -0.0414874)","(-0.176033, -0.984009, -0.0271694)","(0.00273381, -0.930124, -0.367237)","(-0.0331567, -0.931072, -0.363325)",0
30.2667,"(0.0574752, -0.0031238, -2.95638e-06)","(0.0293018, 0.999374, 0.0198015)","(-0.114431, -0.985794, -0.122948)","(0.165066, -0.661368, 0.731673)","(-0.0266419, -0.921651, 0.387103)","(-0.579182, 0.331255, 0.744861)","(0.0626539, -0.99799, -0.00949186)","(-0.188969, -0.981825, -0.01761)","(0.00161269, -0.926036, -0.377431)","(-0.0349803, -0.938853, -0.342536)",0
30.3,"(0.0574752, -0.0031238, -2.95638e-06)","(0.0311416, 0.999293, 0.0210611)","(-0.121464, -0.982702, -0.139799)","(0.370434, -0.615945, 0.695263)","(-0.00228547, -0.924441, 0.381318)","(-0.576314, 0.267031, 0.772371)","(0.0592638, -0.998206, -0.00852028)","(-0.194559, -0.980803, -0.0131002)","(0.0106144, -0.902486, -0.430588)","(-0.0313455, -0.918953, -0.39312)",0
30.3333,"(0.0574752, -0.0031238, -2.95638e-06)","(0.0349353, 0.999195, 0.0197304)","(-0.154347, -0.975037, -0.159626)","(0.505976, -0.573639, 0.644148)","(0.000846086, -0.921313, 0.388822)","(-0.512733, 0.254066, 0.820095)","(0.059775, -0.998132, -0.0126247)","(-0.19138, -0.981448, -0.0115511)","(0.014841, -0.890754, -0.454243)","(-0.0309916, -0.899049, -0.43675)",0
30.3667,"(0.0566949, -0.00521154, 1.77073e-06)","(0.0384161, 0.999081, 0.0190263)","(-0.217136, -0.954873, -0.202655)","(0.569787, -0.557356, 0.603901)","(0.0209362, -0.933209, 0.358723)","(-0.411514, 0.286847, 0.865086)","(0.0652358, -0.997464, -0.0284685)","(-0.186105, -0.982378, -0.0172764)","(0.00960861, -0.884817, -0.465839)","(-0.0295095, -0.881554, -0.471159)",0
30.4,"(0.0566949, -0.00521154, 1.77073e-06)","(0.0388593, 0.999094, 0.0173567)","(-0.309378, -0.919455, -0.242667)","(0.613798, -0.555067, 0.561385)","(0.0397812, -0.950182, 0.309145)","(-0.265081, 0.351202, 0.897992)","(0.073281, -0.996365, -0.0434331)","(-0.179644, -0.983455, -0.0233487)","(-2.67447e-05, -0.888284, -0.459294)","(-0.0294167, -0.880414, -0.473292)",0
30.4333,"(0.0566949, -0.00521154, 1.77073e-06)","(0.0371457, 0.999178, 0.0162588)","(-0.398564, -0.909566, -0.117632)","(0.647082, -0.545965, 0.532173)","(0.0374483, -0.874729, 0.483164)","(-0.14103, 0.430085, 0.891705)","(0.0771372, -0.996104, -0.0427315)","(-0.173171, -0.98467, -0.0208831)","(-0.00390236, -0.891659, -0.452691)","(-0.0283102, -0.878082, -0.477671)",0
30.4667,"(0.0566949, -0.00521154, 1.77073e-06)","(0.0342388, 0.999371, 0.00927877)","(-0.466919, -0.877562, 0.108951)","(0.650149, -0.551401, 0.522747)","(-0.0375935, -0.655248, 0.754478)","(-0.0625779, 0.485668, 0.871901)","(0.0736876, -0.996934, -0.0263215)","(-0.16957, -0.985476, -0.0090801)","(-0.00195276, -0.898571, -0.438825)","(-0.0292803, -0.878675, -0.476522)",0
30.5,"(0.0566949, -0.00521154, 1.77073e-06)","(0.0270801, 0.999628, -0.00310783)","(-0.477907, -0.786012, 0.392161)","(0.576516, -0.583748, 0.571724)","(-0.126342, -0.293577, 0.94755)","(0.00290448, 0.521581, 0.853197)","(0.0644637, -0.9979, -0.00625255)","(-0.16748, -0.985855, 0.00626879)","(0.00343235, -0.906861, -0.421416)","(-0.0370627, -0.875313, -0.482135)",0
30.5333,"(0.0592217, -0.00409236, -1.43596e-05)","(0.0211485, 0.999137, -0.0357452)","(-0.506389, -0.711555, 0.487093)","(0.391703, -0.631949, 0.668737)","(-0.255722, -0.060584, 0.96485)","(0.0824168, 0.545268, 0.8342)","(0.0524812, -0.998591, 0.00780167)","(-0.165736, -0.985933, 0.0216332)","(0.0105851, -0.922517, -0.385812)","(-0.0480588, -0.896026, -0.441392)",0
30.5667,"(0.0592217, -0.00409236, -1.43596e-05)","(0.0157191, 0.997509, -0.0687613)","(-0.628638, -0.669309, 0.396029)","(0.148552, -0.611017, 0.777554)","(-0.460997, 0.17449, 0.870078)","(0.145496, 0.570903, 0.808023)","(0.0436414, -0.998923, 0.0157267)","(-0.163821, -0.985838, 0.0358673)","(0.015197, -0.93746, -0.347761)","(-0.0582065, -0.92084, -0.385572)",0
30.6,"(0.0592217, -0.00409236, -1.43596e-05)","(0.0204079, 0.996123, -0.0855766)","(-0.780324, -0.602837, 0.166378)","(-0.0576347, -0.543343, 0.83753)","(-0.636578, 0.383096, 0.669333)","(0.138185, 0.615073, 0.776267)","(0.0406056, -0.99884, 0.025893)","(-0.159396, -0.985741, 0.0539312)","(0.0155715, -0.950318, -0.310891)","(-0.0644184, -0.945325, -0.319705)",0
30.6333,"(0.0610837, -0.00334907, -2.77306e-05)","(0.0249625, 0.996661, -0.0777422)","(-0.876974, -0.479098, -0.0371654)","(-0.163229, -0.49392, 0.854049)","(-0.703208, 0.526678, 0.477607)","(0.0572715, 0.64074, 0.765619)","(0.0427547, -0.998512, 0.0338593)","(-0.155416, -0.985642, 0.0659931)","(0.0141053, -0.951256, -0.308079)","(-0.0679519, -0.949026, -0.307785)",0
30.6667,"(0.0610837, -0.00334907, -2.77306e-05)","(0.029941, 0.997737, -0.0602057)","(-0.909575, -0.406098, -0.0880725)","(-0.214282, -0.498383, 0.840058)","(-0.651317, 0.605332, 0.457558)","(-0.0203461, 0.64777, 0.761564)","(0.0456648, -0.998189, 0.0391494)","(-0.15083, -0.98558, 0.0766954)","(0.0141865, -0.948015, -0.31791)","(-0.0781479, -0.944317, -0.319622)",0
30.7,"(0.0610837, -0.00334907, -2.77306e-05)","(0.0176503, 0.998883, -0.043821)","(-0.904453, -0.416777, 0.0908972)","(-0.19509, -0.515809, 0.834195)","(-0.482713, 0.660065, 0.575589)","(-0.0620936, 0.647492, 0.759538)","(0.0462872, -0.998115, 0.0402907)","(-0.14991, -0.984851, 0.0871493)","(0.0224923, -0.937244, -0.347949)","(-0.090162, -0.927352, -0.363165)",0
30.7333,"(0.0610837, -0.00334907, -2.77306e-05)","(0.00316429, 0.99979, -0.0202608)","(-0.822875, -0.440969, 0.35836)","(-0.0820104, -0.543175, 0.835605)","(-0.223391, 0.653502, 0.72321)","(-0.073666, 0.675737, 0.733453)","(0.0455897, -0.998199, 0.0389897)","(-0.145607, -0.983506, 0.107306)","(0.0355667, -0.918977, -0.392705)","(-0.106583, -0.904374, -0.413217)",0
30.7667,"(0.0610837, -0.00334907, -2.77306e-05)","(-0.0107771, 0.999941, 0.00133311)","(-0.673407, -0.440243, 0.593893)","(0.105228, -0.550937, 0.827886)","(0.0326877, 0.622348, 0.782058)","(-0.0508717, 0.708339, 0.704037)","(0.0440319, -0.998421, 0.0348886)","(-0.141617, -0.98132, 0.130217)","(0.0477076, -0.902526, -0.427984)","(-0.116821, -0.883759, -0.453126)",0
30.8,"(0.0610837, -0.00334907, -2.77306e-05)","(-0.0121787, 0.999898, 0.0075202)","(-0.577451, -0.449541, 0.681516)","(0.338393, -0.570604, 0.748265)","(0.185745, 0.611599, 0.769055)","(-0.0127816, 0.742207, 0.670049)","(0.0462485, -0.998473, 0.0302225)","(-0.136871, -0.980422, 0.141561)","(0.0548886, -0.897393, -0.437804)","(-0.120642, -0.875709, -0.467524)",0
30.8333,"(0.0610837, -0.00334907, -2.77306e-05)","(-0.0105737, 0.999944, 0.00102664)","(-0.522353, -0.470628, 0.711095)","(0.485791, -0.557541, 0.673168)","(0.242257, 0.636722, 0.732049)","(0.0373701, 0.748505, 0.662075)","(0.0502258, -0.99836, 0.0274812)","(-0.135889, -0.980717, 0.140457)","(0.057638, -0.901052, -0.429863)","(-0.115942, -0.87569, -0.468748)",0
30.8667,"(0.0610837, -0.00334907, -2.77306e-05)","(-0.00945269, 0.99992, -0.00844194)","(-0.496512, -0.481482, 0.722254)","(0.552116, -0.552961, 0.624021)","(0.235386, 0.649445, 0.723059)","(0.0703021, 0.747913, 0.660064)","(0.0542817, -0.9982, 0.0254898)","(-0.135546, -0.982197, 0.130066)","(0.0594131, -0.901995, -0.427638)","(-0.102865, -0.87916, -0.465293)",0
30.9,"(0.0617747, -0.000779343, -1.6947e-05)","(-0.0135561, 0.999696, -0.0206177)","(-0.490932, -0.482691, 0.725256)","(0.474403, -0.587563, 0.655524)","(0.193678, 0.663325, 0.722834)","(0.0989834, 0.728534, 0.67782)","(0.0544115, -0.998253, 0.0230231)","(-0.138793, -0.983182, 0.118697)","(0.0589086, -0.901518, -0.428713)","(-0.087196, -0.884946, -0.457458)",0
30.9333,"(0.0617747, -0.000779343, -1.6947e-05)","(-0.0194394, 0.999176, -0.0356248)","(-0.55574, -0.510289, 0.656322)","(0.319663, -0.647408, 0.691866)","(0.148682, 0.680308, 0.717687)","(0.0951127, 0.723789, 0.683435)","(0.053322, -0.998369, 0.0204106)","(-0.142175, -0.9846, 0.101729)","(0.0567214, -0.908869, -0.413208)","(-0.07588, -0.896704, -0.436079)",0
30.9667,"(0.0613195, -0.003596, -1.11032e-05)","(-0.0236968, 0.998976, -0.0385293)","(-0.617992, -0.536804, 0.574393)","(0.142122, -0.670677, 0.728007)","(0.10854, 0.692304, 0.713396)","(0.04098, 0.708373, 0.704648)","(0.0534321, -0.998357, 0.02068)","(-0.146023, -0.985432, 0.087185)","(0.0487559, -0.9169, -0.396127)","(-0.0719655, -0.90439, -0.420595)",0
31,"(0.0606385, -0.00657743, -8.56454e-06)","(-0.0159797, 0.999552, -0.0252868)","(-0.712682, -0.555309, 0.428621)","(-0.0297897, -0.655587, 0.754532)","(0.0182258, 0.712962, 0.700966)","(-0.0792506, 0.699088, 0.71063)","(0.0600052, -0.997895, 0.0245856)","(-0.147486, -0.986006, 0.077713)","(0.0323648, -0.921863, -0.386161)","(-0.0695815, -0.909306, -0.41027)",0
31.0333,"(0.0595086, -0.0103059, -5.24432e-06)","(0.00623624, 0.999978, -0.00212928)","(-0.780233, -0.553116, 0.29206)","(-0.177177, -0.636013, 0.751063)","(-0.100578, 0.71506, 0.69179)","(-0.213356, 0.666378, 0.714436)","(0.0708819, -0.996989, 0.0314406)","(-0.14764, -0.986152, 0.075547)","(0.00656361, -0.920491, -0.39071)","(-0.0629098, -0.904997, -0.42074)",0
31.0667,"(0.0578877, -0.0146373, -1.95978e-06)","(0.0336941, 0.999205, 0.0212927)","(-0.826465, -0.542071, 0.152034)","(-0.300595, -0.633037, 0.713377)","(-0.184359, 0.702637, 0.68725)","(-0.336508, 0.653182, 0.678318)","(0.0799109, -0.995956, 0.0410661)","(-0.146169, -0.984046, 0.101431)","(-0.0214335, -0.916001, -0.400603)","(-0.0565723, -0.891641, -0.449195)",0
31.1,"(0.0560047, -0.0180472, -5.92833e-07)","(0.0564629, 0.996395, 0.0633228)","(-0.827855, -0.539643, 0.153107)","(-0.354803, -0.627645, 0.692948)","(-0.201253, 0.657148, 0.726398)","(-0.414985, 0.635234, 0.651357)","(0.0603795, -0.997029, 0.0478222)","(-0.142401, -0.977683, 0.154459)","(-0.0295282, -0.89843, -0.438124)","(-0.0540852, -0.866334, -0.496527)",0
31.1333,"(0.0537021, -0.0220777, 1.08439e-06)","(0.0647894, 0.992929, 0.0994747)","(-0.807511, -0.551692, 0.208715)","(-0.350648, -0.610393, 0.710258)","(-0.191279, 0.619133, 0.761635)","(-0.445313, 0.634583, 0.631665)","(0.0152398, -0.997344, 0.0712185)","(-0.131681, -0.970879, 0.200134)","(-0.030903, -0.873944, -0.485043)","(-0.0624391, -0.825065, -0.561578)",0
31.1667,"(0.0512355, -0.0243428, 1.81017e-06)","(0.0626227, 0.989111, 0.133181)","(-0.755063, -0.558982, 0.342664)","(-0.328287, -0.585434, 0.741279)","(-0.16502, 0.581835, 0.796389)","(-0.422559, 0.63434, 0.647346)","(-0.0453686, -0.996989, 0.0628933)","(-0.108803, -0.975176, 0.192856)","(-0.0272048, -0.84457, -0.534753)","(-0.0717948, -0.77168, -0.631946)",0
31.2,"(0.0485394, -0.0254283, 1.65594e-06)","(0.053483, 0.988579, 0.140893)","(-0.65778, -0.582405, 0.477629)","(-0.278263, -0.573744, 0.770317)","(-0.133869, 0.562087, 0.816172)","(-0.397698, 0.629846, 0.667181)","(-0.104292, -0.992781, 0.0592313)","(-0.0856583, -0.987725, 0.130618)","(-0.0517329, -0.8521, -0.520816)","(-0.0711514, -0.757858, -0.648528)",0
31.2333,"(0.0457865, -0.0241731, 2.5467e-06)","(0.0437548, 0.988392, 0.14549)","(-0.528237, -0.590193, 0.610441)","(-0.184393, -0.558333, 0.808866)","(-0.0938735, 0.544964, 0.833188)","(-0.355974, 0.633331, 0.68715)","(-0.153933, -0.987342, 0.0382141)","(-0.0714403, -0.996143, 0.0509473)","(-0.0680715, -0.879136, -0.471684)","(-0.0503782, -0.786835, -0.615103)",0
31.2667,"(0.0428777, -0.0216, 3.7068e-06)","(0.0370005, 0.98979, 0.137645)","(-0.422991, -0.626579, 0.654581)","(-0.0338828, -0.546047, 0.837069)","(-0.0702308, 0.549845, 0.832309)","(-0.316861, 0.646382, 0.69411)","(-0.185386, -0.981375, 0.0503444)","(-0.0699845, -0.997532, -0.00557537)","(-0.0829522, -0.915248, -0.394258)","(-0.0159313, -0.841586, -0.539888)",0
31.3,"(0.0400161, -0.017854, 5.44866e-06)","(0.0347046, 0.991126, 0.128314)","(-0.347737, -0.659205, 0.666728)","(0.134451, -0.51879, 0.844263)","(-0.0383784, 0.57707, 0.815793)","(-0.26887, 0.667907, 0.693981)","(-0.19786, -0.978354, 0.060616)","(-0.066395, -0.997054, -0.0383975)","(-0.0755565, -0.93135, -0.356199)","(0.015112, -0.869258, -0.494129)",0
31.3333,"(0.037369, -0.0144776, 8.66218e-06)","(0.0365685, 0.991182, 0.127359)","(-0.26054, -0.671492, 0.693699)","(0.305351, -0.482532, 0.820928)","(-0.00699158, 0.594831, 0.80382)","(-0.227674, 0.684222, 0.692824)","(-0.196912, -0.978346, 0.0637529)","(-0.0564503, -0.996913, -0.0545748)","(-0.067954, -0.934351, -0.349816)","(0.0312504, -0.875817, -0.48163)",0
31.3667,"(0.0353035, -0.0120249, 1.1182e-05)","(0.0386098, 0.991866, 0.121293)","(-0.13812, -0.632955, 0.761768)","(0.410618, -0.445261, 0.795698)","(0.00403657, 0.607915, 0.793992)","(-0.179947, 0.691838, 0.69927)","(-0.198477, -0.978189, 0.061259)","(-0.0472848, -0.997191, -0.0580874)","(-0.051846, -0.92793, -0.369132)","(0.0330769, -0.872752, -0.487042)",0
31.4,"(0.0353035, -0.0120249, 1.1182e-05)","(0.0401975, 0.992065, 0.119129)","(-0.0263854, -0.580224, 0.81403)","(0.476819, -0.421149, 0.771542)","(-0.0148654, 0.610659, 0.791754)","(-0.117103, 0.703536, 0.700945)","(-0.19813, -0.978658, 0.0545181)","(-0.0427753, -0.997556, -0.0552517)","(-0.0380788, -0.918702, -0.393111)","(0.030863, -0.865745, -0.499533)",0
31.4333,"(0.0328724, -0.0125024, 1.12674e-05)","(0.0372039, 0.992687, 0.11484)","(0.0723291, -0.523046, 0.84923)","(0.505721, -0.412413, 0.757735)","(-0.0494904, 0.622515, 0.781042)","(-0.067911, 0.72111, 0.689485)","(-0.209338, -0.9751, 0.0731902)","(-0.042667, -0.999072, -0.00587131)","(-0.018675, -0.909636, -0.414986)","(0.0315781, -0.881654, -0.470839)",0
31.4667,"(0.0328724, -0.0125024, 1.12674e-05)","(0.0247436, 0.993419, 0.11183)","(0.129975, -0.495922, 0.858585)","(0.556824, -0.410606, 0.722046)","(-0.0721754, 0.62762, 0.775167)","(-0.0204383, 0.73917, 0.673209)","(-0.236048, -0.957551, 0.16546)","(-0.0417261, -0.996157, 0.0770031)","(0.00224872, -0.905985, -0.423304)","(0.0294802, -0.901593, -0.431579)",0
31.5,"(0.0331351, -0.0166637, 4.44632e-06)","(-0.00100592, 0.994991, 0.0999585)","(0.174724, -0.472329, 0.863931)","(0.614055, -0.401537, 0.679488)","(-0.088593, 0.649205, 0.755437)","(0.0326971, 0.744963, 0.666304)","(-0.266131, -0.921601, 0.282534)","(-0.0407079, -0.9838, 0.174586)","(0.0219611, -0.903683, -0.427639)","(0.0254546, -0.916941, -0.398211)",0
31.5333,"(0.0340329, -0.0197621, -8.57678e-07)","(-0.0313269, 0.995832, 0.085653)","(0.209567, -0.458777, 0.863484)","(0.661706, -0.392294, 0.638945)","(-0.087994, 0.667871, 0.739057)","(0.0859782, 0.733599, 0.674122)","(-0.286562, -0.885897, 0.364786)","(-0.0412559, -0.9725, 0.229218)","(0.0247807, -0.902779, -0.429389)","(0.0151575, -0.909363, -0.415727)",0
31.5667,"(0.0354226, -0.0230359, -6.19204e-06)","(-0.0626748, 0.995104, 0.0764139)","(0.264859, -0.437782, 0.859184)","(0.703217, -0.382223, 0.599493)","(-0.0873569, 0.704891, 0.703915)","(0.1387, 0.715618, 0.684582)","(-0.299149, -0.86871, 0.394782)","(-0.0452016, -0.964397, 0.260567)","(0.0233536, -0.890875, -0.453648)","(0.000575449, -0.89005, -0.455863)",0
31.6,"(0.0368641, -0.0258109, -1.09415e-05)","(-0.0856154, 0.994019, 0.0677951)","(0.305884, -0.440619, 0.843973)","(0.732415, -0.380378, 0.564696)","(-0.078725, 0.725721, 0.68347)","(0.182324, 0.686563, 0.703839)","(-0.310915, -0.86214, 0.400058)","(-0.0526891, -0.951359, 0.303544)","(0.0216438, -0.880087, -0.474319)","(-0.0154669, -0.881676, -0.471601)",0
31.6333,"(0.0382313, -0.0281696, -1.58862e-05)","(-0.101882, 0.993067, 0.0586421)","(0.313795, -0.450789, 0.835657)","(0.753662, -0.378854, 0.537087)","(0.000941573, 0.714036, 0.700108)","(0.214378, 0.658996, 0.720949)","(-0.328033, -0.854097, 0.403625)","(-0.0607161, -0.940187, 0.335206)","(0.0361958, -0.868481, -0.494399)","(-0.0255085, -0.88237, -0.469864)",0
31.6667,"(0.0382313, -0.0281696, -1.58862e-05)","(-0.103894, 0.993416, 0.0482847)","(0.337476, -0.455364, 0.823865)","(0.758975, -0.375651, 0.531831)","(0.198592, 0.660364, 0.724211)","(0.233172, 0.634846, 0.736615)","(-0.344517, -0.837515, 0.424119)","(-0.0698356, -0.946787, 0.314194)","(0.0488583, -0.858981, -0.509672)","(-0.0237245, -0.855635, -0.517036)",0
31.7,"(0.0395296, -0.0304001, -2.39013e-05)","(-0.0989242, 0.994302, 0.0397153)","(0.344785, -0.511958, 0.78678)","(0.758959, -0.381084, 0.527973)","(0.449515, 0.516408, 0.728876)","(0.25408, 0.606626, 0.753292)","(-0.351908, -0.823297, 0.445357)","(-0.0717221, -0.968415, 0.238807)","(0.0860466, -0.844163, -0.529136)","(-0.0228367, -0.791431, -0.610831)",0
31.7333,"(0.0395296, -0.0304001, -2.39013e-05)","(-0.0863716, 0.995902, 0.0268095)","(0.357052, -0.644206, 0.676397)","(0.762443, -0.397656, 0.510441)","(0.643345, 0.260274, 0.719976)","(0.254775, 0.573064, 0.778902)","(-0.327505, -0.825514, 0.459638)","(-0.0678321, -0.981348, 0.179875)","(0.115383, -0.812415, -0.57155)","(-0.0237825, -0.7262, -0.687072)",0
31.7667,"(0.0395296, -0.0304001, -2.39013e-05)","(-0.0690478, 0.997454, 0.0178382)","(0.297916, -0.818922, 0.490523)","(0.767602, -0.435262, 0.470461)","(0.697252, -0.128008, 0.705304)","(0.238144, 0.53737, 0.809025)","(-0.271498, -0.846169, 0.45857)","(-0.0611641, -0.979759, 0.190607)","(0.134073, -0.801023, -0.583427)","(-0.0279337, -0.701522, -0.7121)",0
31.8,"(0.0367099, -0.0267705, -2.66552e-05)","(-0.047688, 0.998318, 0.032954)","(0.222736, -0.936617, 0.270437)","(0.779975, -0.490039, 0.38923)","(0.568512, -0.535499, 0.624528)","(0.208317, 0.487582, 0.847861)","(-0.193024, -0.907989, 0.371884)","(-0.058602, -0.990302, 0.125966)","(0.10921, -0.833477, -0.541654)","(-0.0197513, -0.71505, -0.698794)",0
31.8333,"(0.0356617, -0.0220424, -2.42634e-05)","(-0.0304269, 0.996848, 0.0732737)","(0.113149, -0.990403, 0.0793623)","(0.763421, -0.548802, 0.340594)","(0.29243, -0.822874, 0.4872)","(0.205592, 0.451264, 0.868385)","(-0.104542, -0.962936, 0.248647)","(-0.0583735, -0.998116, 0.0188734)","(0.0602299, -0.893556, -0.444893)","(0.0109711, -0.733563, -0.679533)",0
31.8667,"(0.0349705, -0.0173284, -2.15381e-05)","(-0.0162249, 0.992281, 0.122943)","(-0.0237664, -0.998967, -0.0387326)","(0.721461, -0.612948, 0.322162)","(-0.0365707, -0.919557, 0.391251)","(0.219167, 0.422336, 0.879544)","(-0.0405191, -0.996437, 0.0739726)","(-0.0557869, -0.993393, -0.100287)","(0.0143633, -0.924902, -0.379935)","(0.0445682, -0.756544, -0.652423)",0
31.9,"(0.034754, -0.0127918, -1.87502e-05)","(-0.00413191, 0.987937, 0.154804)","(-0.219364, -0.971134, -0.0936954)","(0.668167, -0.648289, 0.365068)","(-0.348378, -0.874126, 0.338431)","(0.244691, 0.43518, 0.866455)","(0.00461508, -0.999894, -0.0138375)","(-0.0427259, -0.99247, -0.114798)","(-0.0228468, -0.93213, -0.361403)","(0.0786278, -0.795911, -0.600286)",0
31.9333,"(0.0350837, -0.00979853, -1.59846e-05)","(0.00530753, 0.985842, 0.167593)","(-0.414657, -0.901315, -0.125261)","(0.635758, -0.665744, 0.390637)","(-0.541989, -0.779428, 0.31423)","(0.276026, 0.447405, 0.850669)","(0.0108635, -0.99942, -0.032291)","(0.00140489, -0.996616, -0.0821905)","(-0.0368159, -0.928749, -0.368877)","(0.0852839, -0.819485, -0.566719)",0
31.9667,"(0.0356466, -0.00787582, -1.35963e-05)","(0.00992189, 0.985474, 0.169536)","(-0.64638, -0.751215, -0.133671)","(0.630192, -0.661446, 0.406628)","(-0.664354, -0.672059, 0.327063)","(0.314615, 0.450856, 0.835312)","(0.00775564, -0.999901, -0.0117423)","(0.0696325, -0.996872, -0.0373935)","(-0.0417887, -0.929157, -0.367317)","(0.0872714, -0.856359, -0.508953)",0
32,"(0.0356466, -0.00787582, -1.35963e-05)","(0.0115691, 0.986165, 0.165366)","(-0.819312, -0.560913, -0.118765)","(0.629011, -0.658224, 0.413626)","(-0.723135, -0.524987, 0.448849)","(0.341349, 0.4514, 0.824451)","(-0.0101267, -0.999949, -0.00056162)","(0.137442, -0.990112, -0.028068)","(-0.0393125, -0.929069, -0.367811)","(0.104164, -0.879729, -0.463926)",0
32.0333,"(0.0385924, -0.0101787, -1.01246e-05)","(0.0119969, 0.986747, 0.161823)","(-0.943962, -0.315401, -0.0972471)","(0.621174, -0.658427, 0.424991)","(-0.799526, -0.278471, 0.532177)","(0.356419, 0.439706, 0.824393)","(-0.030097, -0.999413, -0.0163381)","(0.168838, -0.985383, -0.0226629)","(-0.0433194, -0.928719, -0.368245)","(0.152205, -0.898862, -0.410951)",0
32.0667,"(0.041292, -0.0117917, -9.78749e-06)","(0.0127213, 0.98805, 0.153611)","(-0.993508, -0.0820187, -0.0788355)","(0.599521, -0.662824, 0.448597)","(-0.822674, 0.0307727, 0.56768)","(0.366455, 0.429655, 0.825292)","(-0.0707407, -0.9971, -0.0280647)","(0.174936, -0.984258, -0.0251607)","(-0.0372626, -0.927253, -0.372577)","(0.210165, -0.89228, -0.399584)",0
32.1,"(0.0447835, -0.0133165, -9.32738e-06)","(0.0126453, 0.99126, 0.131315)","(-0.980451, 0.181624, -0.0756942)","(0.580185, -0.675821, 0.454589)","(-0.821372, 0.317635, 0.473768)","(0.387845, 0.427224, 0.816735)","(-0.128604, -0.991651, 0.00942586)","(0.164447, -0.98603, 0.0264756)","(-0.025211, -0.9215, -0.387558)","(0.248925, -0.87905, -0.40658)",0
32.1333,"(0.0488806, -0.0157461, -9.30128e-06)","(0.0143838, 0.995501, 0.0936552)","(-0.924525, 0.378661, -0.043227)","(0.560935, -0.696236, 0.447893)","(-0.739177, 0.537859, 0.40537)","(0.416105, 0.419941, 0.80654)","(-0.19228, -0.978549, 0.0739667)","(0.153105, -0.985659, 0.0709569)","(-0.0117868, -0.912864, -0.408094)","(0.261428, -0.862371, -0.433557)",0
32.1667,"(0.0532136, -0.0189384, -1.21572e-05)","(0.0155202, 0.99816, 0.0586117)","(-0.840225, 0.542164, -0.0089045)","(0.535434, -0.722184, 0.437906)","(-0.556188, 0.747059, 0.364085)","(0.426071, 0.403513, 0.809717)","(-0.246615, -0.959518, 0.136036)","(0.140867, -0.985854, 0.0908178)","(-0.00160367, -0.902871, -0.429909)","(0.256472, -0.853487, -0.453631)",0
32.2,"(0.0573963, -0.0225466, -2.16529e-05)","(0.0126861, 0.999056, 0.0415439)","(-0.751625, 0.653907, 0.0864068)","(0.491421, -0.747123, 0.447563)","(-0.272535, 0.90766, 0.319182)","(0.435375, 0.360133, 0.825077)","(-0.298142, -0.939511, 0.168613)","(0.134865, -0.986847, 0.0891367)","(0.0181187, -0.886683, -0.462023)","(0.24254, -0.842043, -0.481808)",0
32.2333,"(0.0615326, -0.026766, -3.31242e-05)","(0.00236285, 0.999286, 0.0376992)","(-0.63014, 0.741873, 0.229234)","(0.452161, -0.761761, 0.463972)","(0.115313, 0.95702, 0.266112)","(0.439407, 0.345944, 0.829002)","(-0.351097, -0.905892, 0.236833)","(0.132289, -0.986817, 0.0932297)","(0.0546302, -0.875105, -0.48084)","(0.212979, -0.841292, -0.496859)",0
32.2667,"(0.0650218, -0.0314993, -4.15464e-05)","(-0.0129533, 0.999507, 0.0285924)","(-0.511694, 0.78505, 0.349092)","(0.434888, -0.784045, 0.442884)","(0.44913, 0.875977, 0.175913)","(0.453843, 0.370088, 0.810593)","(-0.39486, -0.857642, 0.329447)","(0.130755, -0.986123, 0.1023)","(0.074203, -0.877746, -0.473346)","(0.191383, -0.849047, -0.492435)",0
32.3,"(0.0680099, -0.0357213, -5.20185e-05)","(-0.0256204, 0.999556, 0.0151862)","(-0.411168, 0.827912, 0.381448)","(0.432765, -0.807741, 0.400336)","(0.640627, 0.76773, 0.0137333)","(0.446045, 0.432141, 0.783772)","(-0.422033, -0.799051, 0.428259)","(0.130502, -0.98514, 0.111667)","(0.0839542, -0.8912, -0.445774)","(0.173016, -0.860173, -0.479758)",0
32.3333,"(0.070344, -0.0393059, -6.05109e-05)","(-0.0331157, 0.99945, 0.00152548)","(-0.326383, 0.89081, 0.316119)","(0.43445, -0.835598, 0.336199)","(0.715281, 0.67085, -0.195787)","(0.444887, 0.489026, 0.750286)","(-0.440996, -0.758679, 0.479508)","(0.133922, -0.983702, 0.119978)","(0.0814185, -0.900259, -0.427675)","(0.16943, -0.86866, -0.465536)",0
32.3667,"(0.0716971, -0.0416184, -6.18074e-05)","(-0.0348965, 0.999388, -0.0024826)","(-0.244709, 0.931234, 0.270037)","(0.433534, -0.843046, 0.31831)","(0.710002, 0.627307, -0.319972)","(0.442901, 0.516067, 0.733153)","(-0.450694, -0.737254, 0.50332)","(0.14413, -0.980723, 0.131942)","(0.0864486, -0.902379, -0.422183)","(0.159565, -0.874528, -0.457973)",0
32.4,"(0.0716971, -0.0416184, -6.18074e-05)","(-0.0351961, 0.999377, 0.00266263)","(-0.191261, 0.936787, 0.292999)","(0.432497, -0.841752, 0.323109)","(0.739273, 0.597913, -0.3098)","(0.45122, 0.51961, 0.725539)","(-0.452689, -0.732088, 0.509039)","(0.15403, -0.97736, 0.14506)","(0.0837026, -0.899155, -0.429551)","(0.148586, -0.87772, -0.455555)",0
32.4333,"(0.0720979, -0.0439127, -6.03917e-05)","(-0.0323823, 0.999423, 0.0102271)","(-0.172279, 0.919136, 0.354272)","(0.427147, -0.833787, 0.349778)","(0.768703, 0.595762, -0.23273)","(0.448781, 0.502324, 0.739098)","(-0.446713, -0.730438, 0.516631)","(0.160351, -0.974961, 0.154076)","(0.0786558, -0.899899, -0.428947)","(0.140703, -0.880694, -0.452306)",0
32.4667,"(0.0720979, -0.0439127, -6.03917e-05)","(-0.0249541, 0.999538, 0.0173478)","(-0.18104, 0.903859, 0.387638)","(0.40848, -0.836861, 0.364429)","(0.781411, 0.590995, -0.200303)","(0.444348, 0.482618, 0.754741)","(-0.441519, -0.737201, 0.511465)","(0.160024, -0.97489, 0.15486)","(0.0732281, -0.899209, -0.431347)","(0.141109, -0.880893, -0.451792)",0
32.5,"(0.0720979, -0.0439127, -6.03917e-05)","(-0.016006, 0.999679, 0.0196561)","(-0.181024, 0.912541, 0.366742)","(0.391138, -0.84327, 0.368656)","(0.772937, 0.575825, -0.266448)","(0.437667, 0.462427, 0.771109)","(-0.43871, -0.738951, 0.511356)","(0.154756, -0.977641, 0.142366)","(0.0737827, -0.900033, -0.429532)","(0.146716, -0.874679, -0.461964)",0
32.5333,"(0.0720979, -0.0439127, -6.03917e-05)","(-0.00911269, 0.999826, 0.0162833)","(-0.167155, 0.928405, 0.331848)","(0.387621, -0.860668, 0.330152)","(0.766306, 0.530235, -0.362803)","(0.434351, 0.447473, 0.781733)","(-0.438875, -0.741616, 0.50734)","(0.144824, -0.983329, 0.109957)","(0.0762305, -0.899442, -0.430341)","(0.158498, -0.868347, -0.469948)",0
32.5667,"(0.0720979, -0.0439127, -6.03917e-05)","(-0.00749206, 0.999919, 0.0102817)","(-0.149923, 0.942856, 0.297566)","(0.401308, -0.871738, 0.281115)","(0.747258, 0.484365, -0.454968)","(0.43135, 0.439646, 0.787813)","(-0.439587, -0.741498, 0.506897)","(0.130777, -0.98909, 0.0678088)","(0.0784879, -0.900168, -0.428412)","(0.174432, -0.860003, -0.47955)",0
32.6,"(0.0720979, -0.0439127, -6.03917e-05)","(-0.00829439, 0.999937, 0.00757198)","(-0.146841, 0.948081, 0.282098)","(0.425222, -0.872285, 0.241463)","(0.745463, 0.457448, -0.484794)","(0.437313, 0.439883, 0.784385)","(-0.441164, -0.740585, 0.506861)","(0.117841, -0.992486, 0.0329341)","(0.0798388, -0.900398, -0.427678)","(0.19057, -0.854794, -0.482711)",0
32.6333,"(0.0720979, -0.0439127, -6.03917e-05)","(-0.0097036, 0.999891, 0.0111179)","(-0.155156, 0.948208, 0.27718)","(0.447845, -0.860272, 0.243652)","(0.74942, 0.450626, -0.485083)","(0.43865, 0.445481, 0.78047)","(-0.440997, -0.73947, 0.50863)","(0.109598, -0.993721, 0.0225176)","(0.0800291, -0.898993, -0.430589)","(0.201369, -0.849468, -0.487704)",0
32.6667,"(0.0720979, -0.0439127, -6.03917e-05)","(-0.0109645, 0.999821, 0.0153933)","(-0.165245, 0.947074, 0.275217)","(0.476867, -0.842775, 0.249656)","(0.746096, 0.438575, -0.500991)","(0.431019, 0.458561, 0.777139)","(-0.440304, -0.738318, 0.5109)","(0.106272, -0.994038, 0.0243723)","(0.0795985, -0.897542, -0.433686)","(0.206589, -0.848462, -0.48727)",0
32.7,"(0.0720979, -0.0439127, -6.03917e-05)","(-0.0114811, 0.999779, 0.0175906)","(-0.175099, 0.950113, 0.258118)","(0.512122, -0.821176, 0.251797)","(0.745502, 0.437075, -0.503182)","(0.401178, 0.475781, 0.782744)","(-0.440124, -0.7394, 0.509488)","(0.106238, -0.993838, 0.0316248)","(0.0791335, -0.896145, -0.436649)","(0.207918, -0.851426, -0.481502)",0
32.7333,"(0.0720979, -0.0439127, -6.03917e-05)","(-0.011372, 0.999724, 0.0205508)","(-0.182882, 0.953155, 0.240933)","(0.566537, -0.784645, 0.25173)","(0.741834, 0.432652, -0.512343)","(0.350685, 0.496645, 0.793955)","(-0.439698, -0.742688, 0.505055)","(0.106761, -0.993657, 0.0353265)","(0.0783436, -0.895156, -0.438814)","(0.208189, -0.853716, -0.477312)",0
32.7667,"(0.0720979, -0.0439127, -6.03917e-05)","(-0.0111143, 0.999342, 0.0345266)","(-0.186069, 0.956817, 0.223337)","(0.657468, -0.704976, 0.265979)","(0.740122, 0.424767, -0.521338)","(0.262255, 0.502853, 0.823627)","(-0.438347, -0.746792, 0.500154)","(0.106827, -0.993541, 0.0382749)","(0.0768827, -0.894249, -0.440918)","(0.208708, -0.852544, -0.479177)",0
32.8,"(0.0720979, -0.0439127, -6.03917e-05)","(-0.0105304, 0.997916, 0.0636678)","(-0.176098, 0.958101, 0.225902)","(0.770517, -0.573657, 0.277888)","(0.746832, 0.415814, -0.518981)","(0.149207, 0.528005, 0.836031)","(-0.434501, -0.751246, 0.496829)","(0.106319, -0.993521, 0.0401448)","(0.0714498, -0.894413, -0.441497)","(0.210557, -0.849144, -0.484377)",0
32.8333,"(0.0720979, -0.0439127, -6.03917e-05)","(-0.0084405, 0.994338, 0.105924)","(-0.156141, 0.942336, 0.29601)","(0.87623, -0.391062, 0.281587)","(0.808198, 0.412928, -0.419889)","(0.151603, 0.582657, 0.798453)","(-0.429735, -0.750381, 0.502251)","(0.106969, -0.993293, 0.0439027)","(0.0638747, -0.894356, -0.442773)","(0.210509, -0.842084, -0.496569)",0
32.8667,"(0.0720979, -0.0439127, -6.03917e-05)","(-0.00502262, 0.990478, 0.137579)","(-0.128216, 0.910404, 0.393351)","(0.945081, -0.206965, 0.252957)","(0.877383, 0.416572, -0.238048)","(0.304195, 0.648896, 0.697423)","(-0.424827, -0.746472, 0.512154)","(0.107939, -0.992952, 0.0489409)","(0.0556532, -0.892303, -0.447992)","(0.208798, -0.833716, -0.511195)",0
32.9,"(0.0720979, -0.0439127, -6.03917e-05)","(0.000992123, 0.987749, 0.156049)","(-0.107594, 0.840362, 0.531239)","(0.974501, -0.0490711, 0.218951)","(0.91405, 0.40544, 0.0114365)","(0.571016, 0.604708, 0.55522)","(-0.420652, -0.74337, 0.520051)","(0.108011, -0.992783, 0.0521085)","(0.0538975, -0.888995, -0.454734)","(0.20636, -0.823333, -0.528714)",0
32.9333,"(0.0720979, -0.0439127, -6.03917e-05)","(0.00976198, 0.987357, 0.158213)","(-0.102439, 0.765058, 0.635761)","(0.982636, 0.0461141, 0.179724)","(0.897124, 0.392725, 0.202326)","(0.783224, 0.445967, 0.433214)","(-0.416464, -0.744539, 0.521747)","(0.10666, -0.993171, 0.0472757)","(0.0556785, -0.885536, -0.461222)","(0.206902, -0.812694, -0.54472)",0
32.9667,"(0.0706339, -0.0422175, -2.08249e-05)","(0.0178356, 0.987503, 0.156586)","(-0.106885, 0.70321, 0.702902)","(0.989241, 0.0659732, 0.130575)","(0.868024, 0.372819, 0.327935)","(0.893801, 0.275509, 0.353857)","(-0.411161, -0.748731, 0.519951)","(0.103352, -0.994067, 0.0339057)","(0.0581033, -0.884366, -0.463163)","(0.212488, -0.808383, -0.548967)",0
33,"(0.0706339, -0.0422175, -2.08249e-05)","(0.024262, 0.988553, 0.148912)","(-0.116196, 0.684655, 0.719546)","(0.997039, 0.0107852, 0.0761365)","(0.846813, 0.374487, 0.377714)","(0.939727, 0.0755641, 0.333471)","(-0.406823, -0.750208, 0.521232)","(0.10106, -0.994613, 0.0230814)","(0.0597232, -0.884054, -0.463553)","(0.219299, -0.808066, -0.546751)",0
33.0333,"(0.0706339, -0.0422175, -2.08249e-05)","(0.0267919, 0.989252, 0.143747)","(-0.12241, 0.701916, 0.701662)","(0.99441, -0.100979, 0.0308664)","(0.848342, 0.364765, 0.383748)","(0.919108, -0.169358, 0.355749)","(-0.403689, -0.750755, 0.522879)","(0.0986648, -0.994964, 0.0176546)","(0.062458, -0.884565, -0.462217)","(0.225807, -0.807902, -0.54434)",0
33.0667,"(0.0706339, -0.0422175, -2.08249e-05)","(0.0265575, 0.989933, 0.139026)","(-0.142335, 0.712514, 0.68707)","(0.965188, -0.261228, 0.0130881)","(0.847377, 0.355333, 0.394576)","(0.825793, -0.411638, 0.385513)","(-0.405291, -0.757789, 0.511366)","(0.0966506, -0.995174, 0.0169697)","(0.0661007, -0.885158, -0.460571)","(0.229671, -0.803547, -0.549148)",0
33.1,"(0.0693384, -0.0400931, -1.38959e-05)","(0.0227396, 0.990094, 0.138553)","(-0.171533, 0.733902, 0.65724)","(0.887795, -0.46016, -0.00853074)","(0.862191, 0.341679, 0.374007)","(0.714127, -0.571681, 0.403983)","(-0.411662, -0.773711, 0.481566)","(0.0937411, -0.99553, 0.0114865)","(0.0690149, -0.884073, -0.462224)","(0.230449, -0.797203, -0.557997)",0
33.1333,"(0.0693384, -0.0400931, -1.38959e-05)","(0.0173499, 0.990484, 0.136529)","(-0.204979, 0.744588, 0.635273)","(0.738172, -0.673437, -0.0398187)","(0.870566, 0.343711, 0.352104)","(0.6422, -0.650418, 0.40563)","(-0.418302, -0.788286, 0.451252)","(0.089764, -0.995958, 0.00321204)","(0.0710335, -0.880948, -0.467851)","(0.227386, -0.793731, -0.564169)",0
33.1667,"(0.0693384, -0.0400931, -1.38959e-05)","(0.0123985, 0.991748, 0.127603)","(-0.232782, 0.77253, 0.590771)","(0.548381, -0.833562, -0.0667328)","(0.891843, 0.365422, 0.266612)","(0.564321, -0.740832, 0.364294)","(-0.427909, -0.799087, 0.42232)","(0.0871418, -0.996196, -0.000214968)","(0.0775111, -0.876317, -0.475459)","(0.222882, -0.796084, -0.562648)",0
33.2,"(0.0693384, -0.0400931, -1.38959e-05)","(0.00742837, 0.993726, 0.111591)","(-0.272689, 0.818869, 0.505068)","(0.355788, -0.931143, -0.079928)","(0.894951, 0.431144, 0.114794)","(0.495108, -0.813922, 0.303973)","(-0.436478, -0.811739, 0.38803)","(0.0844999, -0.996421, 0.00207211)","(0.0827658, -0.86973, -0.486539)","(0.216916, -0.801255, -0.557618)",0
33.2333,"(0.0693384, -0.0400931, -1.38959e-05)","(0.00241054, 0.994865, 0.101179)","(-0.321383, 0.861965, 0.392082)","(0.197395, -0.976258, -0.0891988)","(0.823318, 0.567154, -0.0219853)","(0.414224, -0.874958, 0.250733)","(-0.437209, -0.837802, 0.327009)","(0.0827087, -0.996573, 0.00151214)","(0.0816153, -0.86531, -0.494548)","(0.214342, -0.806896, -0.550433)",0
33.2667,"(0.0693384, -0.0400931, -1.38959e-05)","(-0.00271078, 0.99421, 0.107422)","(-0.36985, 0.877096, 0.306454)","(0.067552, -0.993096, -0.0959045)","(0.699607, 0.704996, 0.116319)","(0.310409, -0.92339, 0.225825)","(-0.411181, -0.873483, 0.260688)","(0.0813817, -0.99668, -0.00261414)","(0.0598969, -0.861539, -0.504146)","(0.212622, -0.810323, -0.546048)",0
33.3,"(0.0693384, -0.0400931, -1.38959e-05)","(-0.00667222, 0.991598, 0.129187)","(-0.414002, 0.86069, 0.296337)","(-0.00145723, -0.994417, -0.105509)","(0.452606, 0.829402, 0.327476)","(0.18096, -0.958717, 0.219351)","(-0.367245, -0.907823, 0.202456)","(0.0850652, -0.996365, -0.00452257)","(0.0281295, -0.86721, -0.497148)","(0.209673, -0.821837, -0.529738)",0
33.3333,"(0.0693384, -0.0400931, -1.38959e-05)","(-0.00994297, 0.989411, 0.144798)","(-0.487164, 0.820424, 0.299291)","(-0.0225988, -0.997047, -0.0733884)","(0.131903, 0.847218, 0.51461)","(0.0535814, -0.962107, 0.267355)","(-0.332572, -0.927335, 0.171599)","(0.0895852, -0.995927, 0.0102083)","(0.0044165, -0.880881, -0.473318)","(0.207688, -0.84443, -0.493764)",0
33.3667,"(0.0693384, -0.0400931, -1.38959e-05)","(-0.0120989, 0.987737, 0.155658)","(-0.60052, 0.760345, 0.247491)","(-0.0120234, -0.999386, -0.0328987)","(-0.20124, 0.85438, 0.4791)","(-0.0298068, -0.941745, 0.335003)","(-0.312167, -0.937735, 0.15233)","(0.0956942, -0.994901, 0.0318541)","(-0.00452268, -0.899543, -0.436809)","(0.206123, -0.86485, -0.457763)",0
33.4,"(0.0693384, -0.0400931, -1.38959e-05)","(-0.0129144, 0.985767, 0.167618)","(-0.751318, 0.638081, 0.168444)","(0.00484932, -0.999684, 0.0246479)","(-0.516201, 0.701515, 0.491339)","(-0.0585836, -0.910633, 0.409043)","(-0.291262, -0.948453, 0.124911)","(0.0980915, -0.99393, 0.0498028)","(-0.00564949, -0.912204, -0.409698)","(0.21591, -0.871489, -0.44033)",0
33.4333,"(0.0675579, -0.0385646, 2.6048e-05)","(-0.0109238, 0.98305, 0.183014)","(-0.888854, 0.442598, 0.118517)","(0.0209893, -0.999341, 0.0296116)","(-0.740259, 0.419232, 0.525605)","(-0.0558159, -0.898936, 0.43451)","(-0.249347, -0.965463, 0.0755487)","(0.101057, -0.993407, 0.0541266)","(-0.0178635, -0.918639, -0.394694)","(0.230595, -0.865499, -0.444677)",0
33.4667,"(0.0675579, -0.0385646, 2.6048e-05)","(-0.0039044, 0.979506, 0.201379)","(-0.989676, 0.141001, 0.025715)","(0.0209576, -0.99943, 0.026479)","(-0.874217, 0.0298624, 0.484617)","(-0.0313518, -0.894224, 0.446521)","(-0.212013, -0.97685, 0.0285326)","(0.10355, -0.993451, 0.0482998)","(-0.0275766, -0.923837, -0.381791)","(0.24957, -0.85816, -0.448638)",0
33.5,"(0.063806, -0.0367933, 2.41223e-05)","(0.0052313, 0.975895, 0.218177)","(-0.96818, -0.227625, -0.103994)","(0.0149822, -0.999657, -0.0214725)","(-0.830061, -0.372519, 0.415004)","(-0.0147423, -0.90685, 0.421195)","(-0.192455, -0.981247, 0.0107394)","(0.109006, -0.99403, 0.00479717)","(-0.0289136, -0.929508, -0.367667)","(0.27122, -0.85682, -0.43852)",0
33.5333,"(0.0610389, -0.0355883, 1.92891e-05)","(0.0188203, 0.97302, 0.229953)","(-0.789867, -0.546291, -0.278704)","(0.0266016, -0.998618, -0.0453262)","(-0.725304, -0.619328, 0.300612)","(-0.00837562, -0.921763, 0.387664)","(-0.195177, -0.980475, 0.0239753)","(0.11456, -0.992696, -0.037811)","(-0.0192557, -0.936288, -0.350704)","(0.291076, -0.857783, -0.423655)",0
33.5667,"(0.0583773, -0.0342151, 1.45473e-05)","(0.0320388, 0.971932, 0.233071)","(-0.558525, -0.755566, -0.3423)","(0.0771064, -0.994661, -0.0685919)","(-0.565115, -0.775697, 0.280961)","(-0.0453026, -0.933681, 0.35523)","(-0.198459, -0.9799, 0.0202685)","(0.121606, -0.989538, -0.0776248)","(-0.00332811, -0.94039, -0.340082)","(0.310625, -0.864444, -0.395284)",0
33.6,"(0.0557616, -0.0330824, 8.68342e-06)","(0.0425786, 0.972697, 0.22814)","(-0.379615, -0.863236, -0.332741)","(0.14762, -0.987281, -0.0590297)","(-0.41626, -0.86123, 0.291565)","(-0.099639, -0.922214, 0.373623)","(-0.199396, -0.979847, 0.0118571)","(0.124425, -0.989088, -0.0788879)","(0.00875456, -0.942967, -0.332772)","(0.317478, -0.876021, -0.363036)",0
33.6333,"(0.0534468, -0.0318599, 1.54381e-06)","(0.0479627, 0.97494, 0.217238)","(-0.245881, -0.921386, -0.300981)","(0.228826, -0.972166, -0.0503141)","(-0.244146, -0.91817, 0.31202)","(-0.141361, -0.883685, 0.446226)","(-0.198801, -0.980027, -0.00512759)","(0.125221, -0.989083, -0.077683)","(0.0226337, -0.941458, -0.336371)","(0.319058, -0.887103, -0.333541)",0
33.6667,"(0.0510254, -0.030577, -2.81162e-06)","(0.0567027, 0.983313, 0.172857)","(-0.175782, -0.948881, -0.262156)","(0.301999, -0.951504, 0.0586321)","(-0.105536, -0.922726, 0.370728)","(-0.184479, -0.740978, 0.645693)","(-0.200266, -0.979741, 0.00119607)","(0.118328, -0.990279, -0.0731159)","(0.0326154, -0.940892, -0.337132)","(0.322993, -0.891618, -0.317322)",0
33.7,"(0.0492378, -0.0291303, -5.66742e-06)","(0.0762623, 0.989303, 0.124351)","(-0.129862, -0.951256, -0.279728)","(0.354732, -0.908472, 0.221005)","(-0.078395, -0.907693, 0.412246)","(-0.228397, -0.428897, 0.874004)","(-0.184787, -0.982751, -0.00742315)","(0.10783, -0.991715, -0.0698168)","(0.031552, -0.94425, -0.327714)","(0.34644, -0.884476, -0.31254)",0
33.7333,"(0.0492378, -0.0291303, -5.66742e-06)","(0.0979732, 0.991095, 0.0901777)","(-0.13526, -0.951895, -0.274956)","(0.409248, -0.81302, 0.414144)","(-0.0829087, -0.898209, 0.431678)","(-0.291395, -0.006522, 0.956581)","(-0.152859, -0.98801, -0.0216897)","(0.0984985, -0.99233, -0.0746909)","(0.0157022, -0.950876, -0.309173)","(0.380061, -0.87361, -0.303907)",0
33.7667,"(0.0466173, -0.0264216, -1.36963e-05)","(0.117225, 0.987513, 0.105248)","(-0.129289, -0.948039, -0.290699)","(0.511241, -0.666312, 0.542827)","(-0.111545, -0.917714, 0.38126)","(-0.367044, 0.287619, 0.884621)","(-0.112258, -0.992416, -0.0500931)","(0.101761, -0.991087, -0.085973)","(-0.0139619, -0.955707, -0.29399)","(0.407049, -0.860841, -0.305391)",0
33.8,"(0.0460028, -0.0243335, -1.10126e-05)","(0.132853, 0.983394, 0.123641)","(-0.133584, -0.934689, -0.329411)","(0.649695, -0.427692, 0.628471)","(-0.119231, -0.950772, 0.286037)","(-0.506593, 0.402595, 0.762418)","(-0.0854959, -0.993663, -0.0729617)","(0.126747, -0.987203, -0.0967704)","(-0.040972, -0.96012, -0.276569)","(0.419151, -0.854484, -0.306871)",0
33.8333,"(0.0459153, -0.0219925, -7.26818e-06)","(0.151341, 0.977601, 0.146261)","(-0.144916, -0.911225, -0.385576)","(0.740111, -0.133912, 0.659017)","(-0.121536, -0.96425, 0.23548)","(-0.626823, 0.456858, 0.631168)","(-0.0788283, -0.992963, -0.0883776)","(0.162069, -0.981786, -0.0991472)","(-0.0526831, -0.961634, -0.269231)","(0.425415, -0.845842, -0.321828)",0
33.8667,"(0.0469295, -0.0193392, -3.10824e-06)","(0.163416, 0.97253, 0.165773)","(-0.184639, -0.895636, -0.404653)","(0.751519, 0.0984045, 0.652331)","(-0.125877, -0.956837, 0.261951)","(-0.617085, 0.526563, 0.584754)","(-0.0908654, -0.992743, -0.0787704)","(0.186687, -0.977357, -0.0996061)","(-0.0552814, -0.961591, -0.268862)","(0.440233, -0.827347, -0.348844)",0
33.9,"(0.0496111, -0.0169134, 1.04862e-06)","(0.165829, 0.970531, 0.174841)","(-0.211133, -0.909224, -0.358796)","(0.725774, 0.345379, 0.59495)","(-0.126308, -0.928622, 0.348867)","(-0.437507, 0.695293, 0.570224)","(-0.172726, -0.984931, 0.00870914)","(0.193367, -0.979885, -0.0493398)","(-0.0478483, -0.945421, -0.322318)","(0.449528, -0.804922, -0.387331)",0
33.9333,"(0.0538044, -0.0153647, 5.36148e-06)","(0.151872, 0.972363, 0.177329)","(-0.208801, -0.929665, -0.303521)","(0.656237, 0.548167, 0.518523)","(-0.12677, -0.909941, 0.394889)","(-0.109645, 0.801101, 0.588401)","(-0.3102, -0.935674, 0.168195)","(0.162574, -0.986696, 0.000191595)","(-0.0635235, -0.931722, -0.357573)","(0.488209, -0.763585, -0.422599)",0
33.9667,"(0.0593447, -0.0154332, 8.65846e-06)","(0.129024, 0.977127, 0.169042)","(-0.200154, -0.943159, -0.265308)","(0.568675, 0.715267, 0.406204)","(-0.131631, -0.909913, 0.393358)","(0.199612, 0.84314, 0.49927)","(-0.457993, -0.837122, 0.299116)","(0.136369, -0.989666, 0.0443178)","(-0.13916, -0.921699, -0.362086)","(0.527617, -0.740834, -0.415675)",0
34,"(0.0662855, -0.0170896, 1.17663e-05)","(0.101026, 0.980664, 0.167609)","(-0.203527, -0.950246, -0.235816)","(0.505426, 0.783785, 0.360867)","(-0.132287, -0.912014, 0.38824)","(0.383055, 0.827397, 0.41071)","(-0.567567, -0.765147, 0.304002)","(0.113611, -0.992917, 0.0347629)","(-0.276385, -0.907898, -0.31517)","(0.562469, -0.721851, -0.403186)",0
34.0333,"(0.0728132, -0.0209696, 1.41903e-05)","(0.0730233, 0.98596, 0.150168)","(-0.210704, -0.957955, -0.194746)","(0.464278, 0.817644, 0.340446)","(-0.137969, -0.901481, 0.410241)","(0.449818, 0.835789, 0.314836)","(-0.619706, -0.756568, 0.208735)","(0.11594, -0.992977, 0.0235322)","(-0.434942, -0.863332, -0.255896)","(0.565136, -0.729358, -0.385563)",0
34.0667,"(0.0783821, -0.0249592, 1.65026e-05)","(0.0527716, 0.99027, 0.128768)","(-0.20451, -0.963898, -0.170515)","(0.423923, 0.835216, 0.350291)","(-0.142791, -0.887776, 0.437567)","(0.402345, 0.871607, 0.280035)","(-0.635784, -0.766047, 0.0946058)","(0.116635, -0.993068, 0.0145856)","(-0.519093, -0.820182, -0.24051)","(0.558361, -0.733254, -0.388036)",0
34.1,"(0.082378, -0.0285898, 1.67382e-05)","(0.0345442, 0.99559, 0.0872245)","(-0.195825, -0.965993, -0.168847)","(0.386926, 0.82794, 0.405959)","(-0.148061, -0.879312, 0.452646)","(0.30244, 0.904019, 0.302126)","(-0.625264, -0.779478, 0.0381998)","(0.115909, -0.993217, 0.00927219)","(-0.516206, -0.824132, -0.233107)","(0.565903, -0.743178, -0.356987)",0
34.1333,"(0.0848406, -0.0309533, 1.34184e-05)","(0.0221163, 0.998388, 0.0522712)","(-0.190765, -0.964836, -0.180832)","(0.369828, 0.793724, 0.482938)","(-0.14797, -0.877765, 0.455669)","(0.161044, 0.924306, 0.346011)","(-0.620401, -0.783992, 0.0214427)","(0.120595, -0.99244, 0.0227864)","(-0.449504, -0.858621, -0.246407)","(0.575398, -0.759004, -0.304679)",0
34.1667,"(0.0848406, -0.0309533, 1.34184e-05)","(0.0132577, 0.999624, 0.0239889)","(-0.177166, -0.964333, -0.196659)","(0.341413, 0.718762, 0.605655)","(-0.143188, -0.876838, 0.458969)","(0.0538501, 0.901638, 0.429126)","(-0.604748, -0.793834, 0.0640929)","(0.125227, -0.991327, 0.0398753)","(-0.268897, -0.932227, -0.242172)","(0.582463, -0.772849, -0.251874)",0
34.2,"(0.0848406, -0.0309533, 1.34184e-05)","(0.0100465, 0.999502, 0.0298978)","(-0.100635, -0.959191, -0.264245)","(0.296726, 0.533682, 0.79192)","(-0.141755, -0.923641, 0.356081)","(-0.00377287, 0.812171, 0.583407)","(-0.555926, -0.824184, 0.108014)","(0.124521, -0.990837, 0.0523082)","(-0.0297873, -0.970305, -0.240042)","(0.581147, -0.776334, -0.244077)",0
34.2333,"(0.0835595, -0.0259272, 5.69536e-06)","(0.015971, 0.99933, 0.0329264)","(0.0297125, -0.892231, -0.450601)","(0.231388, 0.279574, 0.931825)","(-0.083813, -0.993152, 0.0813888)","(-0.0168662, 0.719007, 0.694798)","(-0.448151, -0.881564, 0.148344)","(0.118237, -0.99205, 0.0430838)","(0.21566, -0.95018, -0.225053)","(0.577167, -0.773886, -0.260727)",0
34.2667,"(0.0801147, -0.0190779, 1.01368e-05)","(0.025648, 0.999266, 0.0284521)","(0.114662, -0.782279, -0.612284)","(0.157616, 0.0104842, 0.987445)","(-0.0837695, -0.968926, -0.232732)","(-0.00790423, 0.615511, 0.788088)","(-0.269984, -0.950435, 0.154213)","(0.0891879, -0.995455, 0.0333855)","(0.302321, -0.928631, -0.215051)","(0.59743, -0.766507, -0.235678)",0
34.3,"(0.0758262, -0.0108796, 1.13185e-05)","(0.040689, 0.999055, 0.0153072)","(0.11481, -0.700992, -0.703867)","(0.119334, -0.180173, 0.976369)","(-0.0857605, -0.88881, -0.45018)","(-0.00290969, 0.562288, 0.826936)","(-0.0798627, -0.990208, 0.114499)","(0.0446853, -0.998764, 0.0217876)","(0.297437, -0.935586, -0.190289)","(0.635792, -0.746462, -0.196375)",0
34.3333,"(0.0714148, -0.00159736, 4.40604e-06)","(0.0529091, 0.998599, -0.000613744)","(0.0696924, -0.729277, -0.68066)","(0.0884363, -0.358818, 0.929209)","(-0.164841, -0.873538, -0.457994)","(-0.0177402, 0.545623, 0.837843)","(0.0732706, -0.996088, 0.0493949)","(-0.0126898, -0.998687, 0.0496388)","(0.236453, -0.955636, -0.175642)","(0.685691, -0.717806, -0.120757)",0
34.3667,"(0.0671681, 0.00588273, 2.68347e-06)","(0.0605341, 0.998105, -0.0110712)","(0.0520722, -0.743932, -0.666223)","(0.0505261, -0.522218, 0.851314)","(-0.177571, -0.86338, -0.472275)","(-0.0470518, 0.540724, 0.839883)","(0.141933, -0.989812, -0.0112563)","(-0.0737451, -0.994335, 0.0765475)","(0.204855, -0.965812, -0.158879)","(0.718721, -0.685016, -0.119134)",0
34.4,"(0.0637031, 0.00921618, -1.97054e-06)","(0.0601029, 0.997931, -0.022852)","(0.0557474, -0.772094, -0.633058)","(0.0254212, -0.663563, 0.747688)","(-0.202542, -0.894678, -0.398156)","(-0.138212, 0.562367, 0.815255)","(0.177129, -0.982801, -0.0522157)","(-0.10948, -0.989362, 0.0957934)","(0.263599, -0.949687, -0.169142)","(0.633107, -0.765385, -0.115594)",0
34.4333,"(0.0610943, 0.010506, -1.1289e-05)","(0.0622249, 0.998062, -0.000563151)","(0, 0, 0)","(0.00767191, -0.825622, 0.564171)","(0, 0, 0)","(-0.396435, 0.552443, 0.733243)","(0.174313, -0.980269, -0.0932018)","(-0.124366, -0.98988, 0.068341)","(0.299678, -0.931975, -0.203999)","(0.515013, -0.846753, -0.133311)",0
34.4667,"(0.0581189, 0.00940111, -1.83547e-05)","(0.0676609, 0.997323, 0.0277154)","(0, 0, 0)","(0.0358834, -0.940748, 0.337202)","(0, 0, 0)","(-0.764414, 0.0936683, 0.637885)","(0.157549, -0.979611, -0.124664)","(-0.112094, -0.992734, 0.0437552)","(0.32076, -0.917718, -0.234321)","(0.343359, -0.930183, -0.129861)",0
34.5,"(0.0546372, 0.00658128, -1.71321e-05)","(0.0815397, 0.993739, 0.0763864)","(0, 0, 0)","(0.0477738, -0.988792, 0.14145)","(0, 0, 0)","(-0.76022, -0.575521, 0.3014)","(0.13364, -0.981249, -0.13889)","(-0.0988713, -0.994688, 0.0286377)","(0.263108, -0.927525, -0.265464)","(0.278989, -0.951891, -0.126762)",0
34.5333,"(0.0504389, 0.00427085, -2.06927e-05)","(0.0945493, 0.987148, 0.128838)","(0, 0, 0)","(0.0543345, -0.998324, 0.0199048)","(0, 0, 0)","(-0.386774, -0.909885, 0.150053)","(0.122074, -0.98245, -0.141031)","(-0.0868213, -0.99597, 0.0224868)","(0.258343, -0.928218, -0.267711)","(0.230375, -0.9649, -0.126074)",0
34.5667,"(0.046166, 0.00259336, -2.42724e-05)","(0.106243, 0.977847, 0.180356)","(0, 0, 0)","(0.0483685, -0.998589, -0.021907)","(0, 0, 0)","(-0.266041, -0.952049, 0.151081)","(0.129738, -0.981209, -0.142816)","(-0.0717103, -0.997308, 0.0152825)","(0.266696, -0.925, -0.270645)","(0.221659, -0.968519, -0.113309)",0
34.6,"(0.0415395, 0.00132246, -2.53195e-05)","(0.113189, 0.970423, 0.21323)","(0, 0, 0)","(0.0548256, -0.997194, -0.0509796)","(0, 0, 0)","(-0.219196, -0.962363, 0.160655)","(0.138562, -0.980811, -0.137147)","(-0.0625747, -0.997981, 0.0109176)","(0.265452, -0.926508, -0.266681)","(0.236985, -0.965824, -0.104984)",0
34.6333,"(0.0375608, 0.000733411, -2.12415e-05)","(0.12084, 0.967024, 0.224192)","(0, 0, 0)","(0.0636469, -0.997858, -0.0151283)","(0, 0, 0)","(-0.203429, -0.970152, 0.131989)","(0.145841, -0.98179, -0.121736)","(-0.0609821, -0.998022, 0.0152542)","(0.266275, -0.929278, -0.256007)","(0.255366, -0.962252, -0.0941208)",0
34.6667,"(0.0339078, 0.00020473, -1.83246e-05)","(0.133468, 0.963996, 0.229998)","(0, 0, 0)","(0.0729944, -0.99698, 0.0265215)","(0, 0, 0)","(-0.206886, -0.971403, 0.116507)","(0.142007, -0.983533, -0.111791)","(-0.0850199, -0.995911, 0.0305314)","(0.273484, -0.930019, -0.2455)","(0.300827, -0.950356, -0.0795411)",0
34.7,"(0.0309417, -0.00163243, -1.68672e-05)","(0.145936, 0.962761, 0.227584)","(0, 0, 0)","(0.0869971, -0.992781, 0.0825677)","(0, 0, 0)","(-0.223385, -0.970689, 0.0886691)","(0.130353, -0.985869, -0.105215)","(-0.136254, -0.989388, 0.0504576)","(0.297338, -0.927195, -0.227815)","(0.35909, -0.930961, -0.0660703)",0
34.7333,"(0.0284756, -0.00459963, -1.66027e-05)","(0.152456, 0.962279, 0.225335)","(0, 0, 0)","(0.100346, -0.987628, 0.120509)","(0, 0, 0)","(-0.237206, -0.968297, 0.0783248)","(0.117144, -0.986528, -0.114193)","(-0.218299, -0.973851, 0.0629313)","(0.320393, -0.917024, -0.237517)","(0.413678, -0.907787, -0.0692381)",0
34.7667,"(0.026131, -0.00770248, -1.6859e-05)","(0.145927, 0.964722, 0.219127)","(0, 0, 0)","(0.122055, -0.982019, 0.14402)","(0, 0, 0)","(-0.246218, -0.966748, 0.0691063)","(0.106721, -0.986549, -0.123821)","(-0.31563, -0.946237, 0.0708079)","(0.33105, -0.914508, -0.232554)","(0.427308, -0.900536, -0.0802659)",0
34.8,"(0.0233866, -0.0110537, -1.83641e-05)","(0.135307, 0.96742, 0.213986)","(0, 0, 0)","(0.139369, -0.977392, 0.158999)","(0, 0, 0)","(-0.236886, -0.969714, 0.0594956)","(0.0989058, -0.986022, -0.134083)","(-0.423097, -0.903496, 0.0684361)","(0.329233, -0.9159, -0.229636)","(0.428336, -0.89631, -0.114703)",0
34.8333,"(0.0198697, -0.0138836, -1.91024e-05)","(0.123843, 0.971675, 0.201273)","(0, 0, 0)","(0.15504, -0.974997, 0.159198)","(0, 0, 0)","(-0.215283, -0.975312, 0.0491889)","(0.102616, -0.985397, -0.135878)","(-0.518933, -0.852732, 0.0596337)","(0.313095, -0.925799, -0.21182)","(0.420756, -0.894683, -0.150023)",0
34.8667,"(0.0155656, -0.0152316, -1.95677e-05)","(0.117261, 0.975329, 0.187039)","(0, 0, 0)","(0.161338, -0.976336, 0.144007)","(0, 0, 0)","(-0.184025, -0.981755, 0.0478749)","(0.119159, -0.983115, -0.138873)","(-0.56595, -0.823374, 0.0419018)","(0.309459, -0.92712, -0.211386)","(0.385323, -0.904956, -0.180501)",0
34.9,"(0.0103218, -0.0155662, -2.00833e-05)","(0.113399, 0.979117, 0.168735)","(0, 0, 0)","(0.165048, -0.978997, 0.119683)","(0, 0, 0)","(-0.158815, -0.986221, 0.0463134)","(0.148544, -0.979314, -0.137401)","(-0.567335, -0.823339, 0.0156116)","(0.322682, -0.926313, -0.194475)","(0.274178, -0.944251, -0.182251)",0
34.9333,"(0.00510572, -0.0171045, -2.06316e-05)","(0.107887, 0.982401, 0.152472)","(0, 0, 0)","(0.1744, -0.979371, 0.102066)","(0, 0, 0)","(-0.144152, -0.988452, 0.0467247)","(0.180835, -0.97492, -0.129728)","(-0.542373, -0.840099, -0.0080855)","(0.353608, -0.919542, -0.171477)","(0.100507, -0.980393, -0.169496)",0
34.9667,"(-0.000220287, -0.0198456, -2.09013e-05)","(0.0995824, 0.983988, 0.147821)","(0, 0, 0)","(0.194278, -0.977515, 0.0819795)","(0, 0, 0)","(-0.135651, -0.989287, 0.0539497)","(0.209851, -0.968368, -0.135007)","(-0.531496, -0.84663, -0.0269991)","(0.384388, -0.906537, -0.174457)","(-0.0639033, -0.986876, -0.148294)",0
35,"(-0.00583236, -0.0253108, -2.1738e-05)","(0.089976, 0.983419, 0.157456)","(0, 0, 0)","(0.216927, -0.974033, 0.0648262)","(0, 0, 0)","(-0.133392, -0.989501, 0.0556225)","(0.231901, -0.96219, -0.142872)","(-0.530946, -0.846741, -0.0335597)","(0.416974, -0.887851, -0.194558)","(-0.159238, -0.978591, -0.130393)",0
35.0333,"(-0.0114805, -0.0314557, -2.1709e-05)","(0.0847025, 0.981457, 0.171953)","(0, 0, 0)","(0.228674, -0.972016, 0.0537893)","(0, 0, 0)","(-0.134588, -0.989859, 0.0454484)","(0.251596, -0.954533, -0.159892)","(-0.527827, -0.848544, -0.0370344)","(0.457648, -0.861773, -0.218871)","(-0.189962, -0.974681, -0.11795)",0
35.0667,"(-0.0175388, -0.0376081, -2.03973e-05)","(0.0836229, 0.979206, 0.184831)","(0, 0, 0)","(0.226376, -0.971983, 0.0632609)","(0, 0, 0)","(-0.137179, -0.990298, 0.0221703)","(0.27078, -0.94687, -0.173538)","(-0.521575, -0.852283, -0.0396637)","(0.493976, -0.840302, -0.223338)","(-0.184092, -0.976761, -0.10976)",0
35.1,"(-0.0240654, -0.0419258, -1.90961e-05)","(0.0847355, 0.978048, 0.190374)","(0, 0, 0)","(0.218122, -0.97296, 0.0759785)","(0, 0, 0)","(-0.136027, -0.990682, 0.00681354)","(0.289379, -0.938625, -0.187732)","(-0.516325, -0.855391, -0.0414259)","(0.534362, -0.816129, -0.219979)","(-0.161544, -0.981258, -0.105052)",0
35.1333,"(-0.0299884, -0.0444131, -1.73165e-05)","(0.0857132, 0.977641, 0.192022)","(0, 0, 0)","(0.209731, -0.973592, 0.0901697)","(0, 0, 0)","(-0.125234, -0.992126, -0.00132626)","(0.297417, -0.935505, -0.19072)","(-0.508185, -0.860239, -0.0416702)","(0.566397, -0.796572, -0.211346)","(-0.131781, -0.986225, -0.0999704)",0
35.1667,"(-0.0347761, -0.0441471, -1.28566e-05)","(0.0854262, 0.977493, 0.1929)","(0, 0, 0)","(0.191495, -0.977053, 0.0932622)","(0, 0, 0)","(-0.0973141, -0.995239, -0.00534807)","(0.275626, -0.943, -0.1865)","(-0.496489, -0.866901, -0.0445127)","(0.602895, -0.771076, -0.20484)","(-0.102166, -0.989206, -0.105038)",0
35.2,"(-0.038679, -0.0431599, -8.11019e-06)","(0.0807065, 0.977848, 0.193133)","(0, 0, 0)","(0.16162, -0.98188, 0.0989485)","(0, 0, 0)","(-0.0542249, -0.998398, -0.0161264)","(0.174787, -0.97032, -0.167119)","(-0.479076, -0.876368, -0.0496625)","(0.661159, -0.720484, -0.209216)","(-0.0843394, -0.989899, -0.113963)",0
35.2333,"(-0.0420632, -0.0419139, -3.56422e-06)","(0.0676204, 0.979795, 0.188226)","(0, 0, 0)","(0.128926, -0.98647, 0.101271)","(0, 0, 0)","(-0.0141284, -0.999226, -0.0367048)","(0.00377476, -0.991519, -0.12991)","(-0.479764, -0.875742, -0.0538859)","(0.779304, -0.57899, -0.2397)","(-0.0746037, -0.988263, -0.133309)",0
35.2667,"(-0.0449183, -0.0410818, 9.25502e-07)","(0.0508293, 0.9826, 0.178645)","(0, 0, 0)","(0.108913, -0.988137, 0.108271)","(0, 0, 0)","(0.0134913, -0.998676, -0.0496468)","(-0.238493, -0.968447, -0.0723307)","(-0.490963, -0.869261, -0.0577955)","(0.883805, -0.391978, -0.255426)","(-0.0355981, -0.988151, -0.149299)",0
35.3,"(-0.0479137, -0.0406054, 3.95118e-06)","(0.0353262, 0.984751, 0.170344)","(0, 0, 0)","(0.105903, -0.98816, 0.111014)","(0, 0, 0)","(0.0240252, -0.998179, -0.0553305)","(-0.405523, -0.913837, -0.0212784)","(-0.49516, -0.866251, -0.0665247)","(0.937142, -0.19915, -0.286538)","(0.046197, -0.984016, -0.171983)",0
35.3333,"(-0.0507928, -0.0401839, 4.15049e-06)","(0.0288994, 0.985896, 0.164845)","(0, 0, 0)","(0.111033, -0.987295, 0.113669)","(0, 0, 0)","(0.033355, -0.998266, -0.0485045)","(-0.490793, -0.871136, 0.0156342)","(-0.486082, -0.869985, -0.0827661)","(0.93929, -0.12341, -0.320164)","(0.145358, -0.970545, -0.192131)",0
35.3667,"(-0.0535358, -0.0395289, 3.26908e-06)","(0.0273944, 0.987027, 0.1582)","(0, 0, 0)","(0.113781, -0.986707, 0.116029)","(0, 0, 0)","(0.0392962, -0.998311, -0.042794)","(-0.468534, -0.882885, 0.0314725)","(-0.466525, -0.879026, -0.0983242)","(0.933049, -0.0609803, -0.354543)","(0.193763, -0.959101, -0.206353)",0
35.4,"(-0.0535358, -0.0395289, 3.26908e-06)","(0.0285115, 0.988537, 0.14826)","(0, 0, 0)","(0.111505, -0.986414, 0.120641)","(0, 0, 0)","(0.0402597, -0.998489, -0.0374067)","(-0.429456, -0.902379, 0.0357735)","(-0.458398, -0.88328, -0.098432)","(0.932554, -0.0996414, -0.347007)","(0.187907, -0.960957, -0.203109)",0
35.4333,"(-0.0565307, -0.0384376, 1.07712e-06)","(0.0291016, 0.989496, 0.1416)","(0, 0, 0)","(0.0983928, -0.987098, 0.126316)","(0, 0, 0)","(0.0307131, -0.998787, -0.0384808)","(-0.384152, -0.923023, 0.02136)","(-0.454537, -0.88638, -0.087898)","(0.92561, -0.222423, -0.306226)","(0.155664, -0.973029, -0.170243)",0
35.4667,"(-0.0565307, -0.0384376, 1.07712e-06)","(0.0315597, 0.988301, 0.149213)","(0, 0, 0)","(0.0852302, -0.988462, 0.125211)","(0, 0, 0)","(0.0106113, -0.998231, -0.0585064)","(-0.304932, -0.952373, -0.00142991)","(-0.454638, -0.887744, -0.0722213)","(0.88205, -0.392629, -0.260443)","(0.137125, -0.981642, -0.132574)",0
35.5,"(-0.0565307, -0.0384376, 1.07712e-06)","(0.0423073, 0.984205, 0.171904)","(0, 0, 0)","(0.0729718, -0.990336, 0.117937)","(0, 0, 0)","(-0.0206079, -0.996319, -0.0832104)","(-0.175775, -0.982792, -0.0567727)","(-0.457007, -0.887679, -0.0563041)","(0.809973, -0.530861, -0.249259)","(0.121627, -0.987262, -0.102569)",0
35.5333,"(-0.0565307, -0.0384376, 1.07712e-06)","(0.0609404, 0.976702, 0.205764)","(0, 0, 0)","(0.0737223, -0.991411, 0.108025)","(0, 0, 0)","(-0.0592073, -0.993477, -0.0974595)","(0.00384775, -0.992151, -0.124987)","(-0.449906, -0.892148, -0.040685)","(0.718867, -0.644141, -0.261369)","(0.0947764, -0.991134, -0.0931146)",0
35.5667,"(-0.0565911, -0.0411814, -1.63066e-05)","(0.0801611, 0.969852, 0.230133)","(0, 0, 0)","(0.0710509, -0.992251, 0.101929)","(0, 0, 0)","(-0.0924792, -0.99141, -0.0924866)","(0.139376, -0.973512, -0.181245)","(-0.442349, -0.896478, -0.0255899)","(0.624181, -0.733465, -0.269123)","(0.0449647, -0.994888, -0.0904234)",0
35.6,"(-0.0535576, -0.0417265, -2.38771e-05)","(0.0909553, 0.96557, 0.243724)","(0, 0, 0)","(0.0703082, -0.992726, 0.0977332)","(0, 0, 0)","(-0.112178, -0.990236, -0.0827591)","(0.219007, -0.954363, -0.203043)","(-0.429114, -0.903124, -0.0151221)","(0.543648, -0.796551, -0.264485)","(-0.0237645, -0.996563, -0.0793575)",0
35.6333,"(-0.0484949, -0.0405983, -3.23503e-05)","(0.0853824, 0.968291, 0.234782)","(0, 0, 0)","(0.0657229, -0.993594, 0.0919357)","(0, 0, 0)","(-0.116309, -0.99038, -0.0749701)","(0.244935, -0.949183, -0.197635)","(-0.431286, -0.902207, 0.00386031)","(0.516488, -0.819153, -0.249456)","(-0.0935798, -0.994148, -0.0539723)",0
35.6667,"(-0.041807, -0.0373842, -3.83383e-05)","(0.0684317, 0.972091, 0.224403)","(0, 0, 0)","(0.0675024, -0.994619, 0.0785924)","(0, 0, 0)","(-0.114274, -0.991693, -0.059052)","(0.257228, -0.947346, -0.190709)","(-0.42959, -0.902733, 0.0229164)","(0.491235, -0.837678, -0.238712)","(-0.151831, -0.987915, -0.0311712)",0
35.7,"(-0.0337567, -0.0323494, -3.97811e-05)","(0.0407314, 0.976139, 0.213294)","(0, 0, 0)","(0.0888046, -0.994082, 0.0625615)","(0, 0, 0)","(-0.0984726, -0.99488, -0.0227552)","(0.266912, -0.947594, -0.175567)","(-0.419589, -0.90679, 0.0409474)","(0.465491, -0.853362, -0.234717)","(-0.199656, -0.979628, -0.0215875)",0
35.7333,"(-0.0254446, -0.026526, -3.8953e-05)","(0.0103277, 0.973739, 0.227431)","(0, 0, 0)","(0.112079, -0.992297, 0.0527648)","(0, 0, 0)","(-0.068622, -0.996929, 0.0377385)","(0.264025, -0.950144, -0.165881)","(-0.392625, -0.918403, 0.0488046)","(0.433931, -0.866648, -0.246221)","(-0.191807, -0.980911, -0.0319885)",0
35.7667,"(-0.0185977, -0.0198018, -3.7458e-05)","(-0.0183366, 0.968678, 0.247643)","(0, 0, 0)","(0.142856, -0.988343, 0.0526299)","(0, 0, 0)","(-0.0368243, -0.991063, 0.128208)","(0.258407, -0.953605, -0.154475)","(-0.359016, -0.931965, 0.0504873)","(0.360027, -0.893905, -0.267047)","(-0.0614768, -0.995101, -0.077423)",0
35.8,"(-0.0130329, -0.0132274, -3.16881e-05)","(-0.0348942, 0.961115, 0.273934)","(0, 0, 0)","(0.173059, -0.983319, 0.0559867)","(0, 0, 0)","(-0.0214211, -0.975011, 0.22112)","(0.253257, -0.956606, -0.144103)","(-0.319268, -0.945578, 0.0628543)","(0.306047, -0.906605, -0.290521)","(0.130684, -0.983711, -0.123427)",0
35.8333,"(-0.00822207, -0.00824372, -2.57271e-05)","(-0.037869, 0.95462, 0.29541)","(0, 0, 0)","(0.189784, -0.980161, 0.0571608)","(0, 0, 0)","(-0.0198518, -0.956964, 0.289526)","(0.253724, -0.958913, -0.126925)","(-0.281694, -0.956138, 0.0803049)","(0.284388, -0.906329, -0.312557)","(0.296273, -0.940699, -0.165248)",0
35.8667,"(-0.00452718, -0.00521257, -2.03716e-05)","(-0.0373458, 0.94979, 0.31065)","(0, 0, 0)","(0.198287, -0.978717, 0.0528683)","(0, 0, 0)","(-0.0271611, -0.947798, 0.317713)","(0.257754, -0.959118, -0.116858)","(-0.265331, -0.952986, 0.146344)","(0.299107, -0.898787, -0.320495)","(0.44095, -0.864682, -0.240598)",0
35.9,"(-0.00169756, -0.00392776, -1.5142e-05)","(-0.0371562, 0.947176, 0.318553)","(-0.103092, -0.961316, -0.255428)","(0.181988, -0.982415, 0.0417239)","(-0.00475721, -0.921927, 0.387336)","(-0.0261547, -0.93921, 0.342345)","(0.258363, -0.958944, -0.11694)","(-0.252248, -0.936727, 0.242721)","(0.313509, -0.896325, -0.31355)","(0.581936, -0.744301, -0.327668)",0
35.9333,"(0.00110165, -0.00659789, -1.12544e-05)","(-0.0364444, 0.949856, 0.310557)","(-0.106639, -0.96093, -0.255424)","(0.166286, -0.986062, 0.00550368)","(-0.0279858, -0.925519, 0.377666)","(-0.00623697, -0.931356, 0.364057)","(0.260603, -0.958979, -0.111558)","(-0.203064, -0.95101, 0.233119)","(0.303755, -0.902416, -0.30558)","(0.602126, -0.614955, -0.509191)",0
35.9667,"(0.00374938, -0.0114447, -1.01633e-05)","(-0.032907, 0.958123, 0.284461)","(-0.117066, -0.959784, -0.255166)","(0.142055, -0.989077, -0.0393212)","(-0.0479346, -0.927885, 0.369774)","(0.0315823, -0.923095, 0.383273)","(0.25337, -0.961574, -0.105727)","(-0.0967925, -0.980611, 0.170392)","(0.301, -0.899023, -0.318053)","(0.468322, -0.526593, -0.709489)",0
36,"(0.00615683, -0.0165449, -1.04528e-05)","(-0.0312855, 0.965875, 0.257112)","(-0.132681, -0.958504, -0.25232)","(0.121077, -0.987669, -0.0992468)","(-0.0749052, -0.932815, 0.352484)","(0.0919285, -0.923087, 0.373442)","(0.236892, -0.967803, -0.0850886)","(0.0260314, -0.997951, 0.0584548)","(0.296305, -0.890614, -0.344978)","(0.221659, -0.433175, -0.873628)",0
36.0333,"(0.00863769, -0.0211123, -1.29854e-05)","(-0.0321977, 0.973177, 0.227793)","(-0.156259, -0.955037, -0.251967)","(0.10922, -0.984008, -0.140708)","(-0.0617655, -0.936183, 0.346043)","(0.142414, -0.922216, 0.359495)","(0.21067, -0.974216, -0.0807508)","(0.0827965, -0.99442, 0.0653749)","(0.295312, -0.883582, -0.363419)","(0.113161, -0.337103, -0.934642)",0
36.0667,"(0.0110379, -0.02392, -1.96818e-05)","(-0.0325342, 0.982386, 0.184009)","(-0.170151, -0.960573, -0.21988)","(0.112528, -0.978668, -0.171889)","(-0.00455787, -0.928877, 0.370361)","(0.168117, -0.922897, 0.346408)","(0.177497, -0.98201, -0.0644331)","(0.0740652, -0.994316, 0.0764858)","(0.305046, -0.883064, -0.356575)","(0.1184, -0.31126, -0.94292)",0
36.1,"(0.0133159, -0.023315, -2.84192e-05)","(-0.0309377, 0.994723, 0.0978237)","(-0.196346, -0.975007, -0.103965)","(0.123859, -0.980951, -0.149648)","(0.115473, -0.862055, 0.493485)","(0.141628, -0.9172, 0.372406)","(0.156712, -0.987425, -0.0208214)","(0.0236503, -0.995857, 0.0878027)","(0.300263, -0.903356, -0.306253)","(0.16794, -0.293373, -0.941131)",0
36.1333,"(0.0154788, -0.0215768, -3.43909e-05)","(-0.0310553, 0.999513, -0.0031906)","(-0.2095, -0.950437, 0.229736)","(0.150124, -0.988462, -0.0201268)","(0.265944, -0.691877, 0.671253)","(0.0747059, -0.77101, 0.632426)","(0.140676, -0.986874, 0.0793109)","(-0.0152846, -0.995593, 0.0925216)","(0.274158, -0.924883, -0.263494)","(0.101833, -0.486213, -0.867886)",0
36.1667,"(0.0176909, -0.0191198, -3.37052e-05)","(-0.0320975, 0.998247, -0.0497321)","(-0.237041, -0.719463, 0.652828)","(0.195543, -0.913612, 0.356477)","(0.452563, -0.444877, 0.772833)","(-0.10061, -0.543246, 0.833523)","(0.124242, -0.980306, 0.153508)","(-0.0483998, -0.993589, 0.102168)","(0.24743, -0.934117, -0.257299)","(-0.0176394, -0.669065, -0.742995)",1
36.2,"(0.0195542, -0.0163145, -2.99121e-05)","(-0.0341639, 0.999291, -0.015791)","(-0.229656, -0.360748, 0.903946)","(0.260649, -0.613184, 0.745699)","(0.593861, -0.212498, 0.775999)","(-0.296741, -0.231561, 0.926458)","(0.0961153, -0.981227, 0.167201)","(-0.070257, -0.99166, 0.108051)","(0.210206, -0.93413, -0.288469)","(-0.123589, -0.838123, -0.531296)",0
36.2333,"(0.0211913, -0.0133091, -1.8678e-05)","(-0.0348674, 0.998401, 0.0444897)","(-0.318133, -0.11874, 0.940581)","(0.342655, -0.18648, 0.920767)","(0.724501, 0.0769699, 0.684963)","(-0.51961, -0.0550471, 0.852629)","(0.0704722, -0.991547, 0.108943)","(-0.0867955, -0.992746, 0.0831974)","(0.160829, -0.936884, -0.310454)","(-0.143172, -0.879352, -0.454138)",0
36.2667,"(0.0226629, -0.0105541, -7.12737e-06)","(-0.0346683, 0.996154, 0.0804721)","(-0.456258, -0.0448997, 0.888714)","(0.463, 0.037483, 0.885566)","(0.695612, 0.400207, 0.596622)","(-0.619426, 0.265549, 0.738779)","(0.0635598, -0.996803, 0.0484229)","(-0.0963618, -0.993784, 0.0557385)","(0.087634, -0.928978, -0.359612)","(-0.143913, -0.902761, -0.405354)",0
36.3,"(0.0239397, -0.00785053, 6.17839e-07)","(-0.0348638, 0.996288, 0.0787075)","(-0.637807, -0.0587413, 0.767953)","(0.620984, 0.124327, 0.7739)","(0.513062, 0.678207, 0.526121)","(-0.517782, 0.569986, 0.637979)","(0.0708847, -0.997473, 0.00469132)","(-0.11376, -0.992953, 0.033198)","(0.0205906, -0.890364, -0.454784)","(-0.15146, -0.906585, -0.393909)",0
36.3333,"(0.0249657, -0.00549384, 1.17561e-06)","(-0.0352215, 0.996307, 0.0783071)","(-0.766524, -0.126771, 0.62958)","(0.74982, 0.0370802, 0.660601)","(0.185111, 0.796458, 0.575664)","(-0.256392, 0.748785, 0.611215)","(0.0777458, -0.996784, -0.0194097)","(-0.131552, -0.990892, 0.028763)","(-0.00886635, -0.790046, -0.612983)","(-0.157898, -0.899388, -0.407638)",0
36.3667,"(0.0260784, -0.0036423, -5.24195e-07)","(-0.0353246, 0.995747, 0.0850923)","(-0.882126, -0.2052, 0.423967)","(0.849771, -0.0544696, 0.524331)","(-0.264456, 0.729517, 0.630768)","(0.0684263, 0.73205, 0.677806)","(0.0796956, -0.996359, -0.0302905)","(-0.146342, -0.988992, 0.0218674)","(-0.0438798, -0.661268, -0.748865)","(-0.163114, -0.896501, -0.411922)",0
36.4,"(0.0260784, -0.0036423, -5.24195e-07)","(-0.0376628, 0.994368, 0.0990684)","(-0.903656, -0.335066, 0.266714)","(0.905918, -0.206022, 0.369957)","(-0.549059, 0.496283, 0.672486)","(0.388277, 0.644967, 0.658224)","(0.0788445, -0.996196, -0.0371005)","(-0.156375, -0.987494, 0.0200756)","(-0.0474444, -0.532912, -0.84484)","(-0.15308, -0.889769, -0.429975)",0
36.4333,"(0.0281044, -0.00547317, -4.84181e-06)","(-0.0421038, 0.993125, 0.109224)","(-0.864538, -0.482996, 0.138884)","(0.907741, -0.367398, 0.202545)","(-0.691764, 0.168107, 0.702284)","(0.626811, 0.438526, 0.644051)","(0.0571738, -0.998104, -0.0227982)","(-0.160823, -0.986799, 0.0190634)","(-0.0287075, -0.443263, -0.895932)","(-0.146662, -0.872391, -0.466287)",0
36.4667,"(0.0286387, -0.0101835, -4.49774e-06)","(-0.0433534, 0.988593, 0.144234)","(-0.759261, -0.648571, 0.0536445)","(0.817439, -0.575781, 0.0164263)","(-0.667355, -0.17563, 0.723734)","(0.788415, 0.153378, 0.595716)","(0.0400705, -0.999191, -0.00333339)","(-0.157294, -0.987321, 0.0213339)","(0.0206081, -0.403709, -0.914656)","(-0.123574, -0.841148, -0.526497)",0
36.5,"(0.0287947, -0.0170405, -3.54428e-06)","(-0.0352141, 0.973333, 0.226678)","(-0.628551, -0.773173, -0.0844171)","(0.645908, -0.759133, -0.0807485)","(-0.632233, -0.483916, 0.605068)","(0.794387, -0.194115, 0.575559)","(0.0293547, -0.999497, -0.0120161)","(-0.15171, -0.983954, 0.093912)","(0.0632445, -0.374984, -0.924871)","(-0.0845443, -0.81497, -0.573302)",0
36.5333,"(0.0286071, -0.0249458, -1.21155e-06)","(-0.0220126, 0.937545, 0.347167)","(-0.474692, -0.855982, -0.204848)","(0.461913, -0.878663, -0.120778)","(-0.56185, -0.698044, 0.443912)","(0.757192, -0.454001, 0.469621)","(0.0546676, -0.99599, -0.070815)","(-0.151501, -0.946957, 0.283406)","(0.0993465, -0.385595, -0.917304)","(-0.0319421, -0.825536, -0.563444)",0
36.5667,"(0.0283136, -0.0324495, -1.88857e-06)","(-0.011986, 0.883433, 0.468404)","(-0.307961, -0.91782, -0.250534)","(0.27691, -0.955676, -0.100023)","(-0.411718, -0.847703, 0.334497)","(0.635424, -0.667798, 0.387663)","(0.0799982, -0.989369, -0.121444)","(-0.153105, -0.880505, 0.44863)","(0.150042, -0.478605, -0.865115)","(0.019581, -0.856682, -0.515473)",0
36.6,"(0.0276121, -0.0387369, -5.0418e-06)","(-0.00576109, 0.798798, 0.601572)","(-0.15332, -0.964111, -0.216758)","(0.105426, -0.992641, -0.0595717)","(-0.171152, -0.949963, 0.261299)","(0.417319, -0.85026, 0.320785)","(0.0964092, -0.982185, -0.161303)","(-0.162299, -0.850072, 0.501035)","(0.201137, -0.630276, -0.749864)","(0.0710549, -0.873771, -0.481119)",0
36.6333,"(0.0270097, -0.0424291, -7.84092e-06)","(-0.000148936, 0.692428, 0.721487)","(-0.0293478, -0.986896, -0.158663)","(-0.0203064, -0.999789, -0.00326157)","(0.103921, -0.961477, 0.254483)","(0.092443, -0.946802, 0.308254)","(0.102741, -0.982063, -0.158101)","(-0.170328, -0.888976, 0.425101)","(0.24105, -0.800636, -0.548523)","(0.108918, -0.910024, -0.399992)",0
36.6667,"(0.0270097, -0.0424291, -7.84092e-06)","(0.00206651, 0.586734, 0.809777)","(0.0557881, -0.989712, -0.131751)","(-0.107796, -0.994105, 0.0116237)","(0.2796, -0.92448, 0.259155)","(-0.118469, -0.952701, 0.279867)","(0.10037, -0.984026, -0.147036)","(-0.172913, -0.922485, 0.345141)","(0.266525, -0.897526, -0.351299)","(0.13756, -0.945353, -0.295609)",0
36.7,"(0.0258307, -0.0402571, -1.38976e-05)","(0.000406472, 0.519476, 0.854485)","(0.0906223, -0.984455, -0.150453)","(-0.152856, -0.988219, -0.00756475)","(0.341909, -0.906727, 0.246868)","(-0.213097, -0.943946, 0.252103)","(0.101459, -0.990824, -0.0892978)","(-0.165895, -0.940444, 0.296721)","(0.273886, -0.938921, -0.208358)","(0.139835, -0.975032, -0.172506)",0
36.7333,"(0.0255303, -0.0361543, -1.93871e-05)","(-0.00385574, 0.458241, 0.88882)","(0.0992166, -0.974381, -0.201834)","(-0.20395, -0.976824, -0.0649635)","(0.319965, -0.914462, 0.247755)","(-0.208477, -0.957796, 0.197897)","(0.097762, -0.995207, 0.00224373)","(-0.164531, -0.947874, 0.272881)","(0.268384, -0.954451, -0.13036)","(0.151969, -0.981809, -0.113823)",0
36.7667,"(0.025877, -0.0325721, -2.54331e-05)","(-0.008063, 0.407114, 0.913342)","(0.101891, -0.969838, -0.221431)","(-0.240604, -0.965214, -0.102334)","(0.260057, -0.944489, 0.200776)","(-0.200038, -0.961237, 0.189756)","(0.0955497, -0.99263, 0.074533)","(-0.171686, -0.949918, 0.261114)","(0.255462, -0.961888, -0.0975199)","(0.168968, -0.981466, -0.0904104)",0
36.8,"(0.0263683, -0.0293547, -3.08389e-05)","(-0.0129821, 0.379804, 0.924976)","(0.0879966, -0.968488, -0.232999)","(-0.259537, -0.956728, -0.131579)","(0.213309, -0.962108, 0.169845)","(-0.182801, -0.962047, 0.202607)","(0.0915713, -0.988529, 0.120105)","(-0.178391, -0.948378, 0.262215)","(0.24013, -0.969595, -0.0471468)","(0.184564, -0.981544, -0.0500816)",0
36.8333,"(0.0270006, -0.027012, -3.60846e-05)","(-0.0175442, 0.391018, 0.920216)","(0.070239, -0.966553, -0.246662)","(-0.260327, -0.953856, -0.149631)","(0.186447, -0.975511, 0.116688)","(-0.170435, -0.960577, 0.219643)","(0.0848178, -0.988474, 0.125403)","(-0.182822, -0.945289, 0.270194)","(0.231503, -0.97259, -0.0217785)","(0.194794, -0.980215, -0.0351131)",0
36.8667,"(0.0276331, -0.0332078, -3.86839e-05)","(-0.0193158, 0.411593, 0.911163)","(0.0521542, -0.961238, -0.270742)","(-0.262993, -0.953209, -0.14909)","(0.182786, -0.974794, 0.127927)","(-0.156219, -0.963933, 0.215473)","(0.0747885, -0.986217, 0.147592)","(-0.179697, -0.937605, 0.297668)","(0.229121, -0.973397, 0.00134939)","(0.191992, -0.981008, -0.0276273)",0
36.9,"(0.0276176, -0.0406509, -3.74591e-05)","(-0.0190627, 0.441319, 0.897148)","(0.0434843, -0.957495, -0.285154)","(-0.255823, -0.957093, -0.136117)","(0.196163, -0.970044, 0.143299)","(-0.162035, -0.962619, 0.217048)","(0.053136, -0.980382, 0.189811)","(-0.179748, -0.924616, 0.335822)","(0.238826, -0.971008, -0.0102537)","(0.187833, -0.981083, -0.0468433)",0
36.9333,"(0.0269197, -0.0470807, -3.32614e-05)","(-0.0154864, 0.467483, 0.883866)","(0.0605789, -0.955336, -0.289245)","(-0.260542, -0.957776, -0.121582)","(0.210828, -0.965207, 0.154686)","(-0.167342, -0.961141, 0.219555)","(0.0373323, -0.975715, 0.215839)","(-0.179004, -0.911322, 0.370743)","(0.248704, -0.967849, -0.037608)","(0.182597, -0.980459, -0.0731999)",0
36.9667,"(0.0257431, -0.0533618, -2.80267e-05)","(-0.00550924, 0.476742, 0.879026)","(0.0719001, -0.959868, -0.27108)","(-0.262585, -0.957698, -0.117741)","(0.236085, -0.956915, 0.16905)","(-0.178734, -0.961537, 0.208568)","(0.0301852, -0.972067, 0.232753)","(-0.17075, -0.911238, 0.37482)","(0.255329, -0.962483, -0.0918322)","(0.170043, -0.979294, -0.109862)",0
37,"(0.0240679, -0.0602385, -2.21601e-05)","(0.00925231, 0.489229, 0.872106)","(0.0727122, -0.97192, -0.223797)","(-0.270776, -0.957766, -0.0967678)","(0.286252, -0.94128, 0.179032)","(-0.203653, -0.961509, 0.184459)","(0.0409738, -0.973678, 0.224215)","(-0.154827, -0.927015, 0.341572)","(0.254479, -0.955662, -0.148159)","(0.153356, -0.974056, -0.166422)",0
37.0333,"(0.0221836, -0.0627924, -1.56558e-05)","(0.0308245, 0.522914, 0.851828)","(0.061965, -0.983036, -0.172631)","(-0.283241, -0.956676, -0.0674226)","(0.363131, -0.912001, 0.190763)","(-0.242829, -0.955703, 0.166329)","(0.0568531, -0.972889, 0.224177)","(-0.128356, -0.947202, 0.293826)","(0.25606, -0.940986, -0.22131)","(0.124405, -0.964491, -0.23298)",0
37.0667,"(0.0200484, -0.06458, -1.06787e-05)","(0.0516772, 0.586045, 0.808629)","(0.0741064, -0.98847, -0.132047)","(-0.290834, -0.956691, -0.0126026)","(0.435457, -0.883854, 0.170819)","(-0.280161, -0.945836, 0.164021)","(0.0823796, -0.965339, 0.247657)","(-0.103042, -0.955127, 0.277696)","(0.248995, -0.922449, -0.295109)","(0.0970665, -0.953057, -0.28681)",0
37.1,"(0.0179782, -0.069801, -1.08157e-05)","(0.0794655, 0.651428, 0.754537)","(0.103076, -0.985885, -0.131935)","(-0.292845, -0.956011, 0.0168651)","(0.489831, -0.854963, 0.170598)","(-0.32781, -0.929739, 0.167706)","(0.143183, -0.948944, 0.281076)","(-0.0706895, -0.947326, 0.312373)","(0.211129, -0.912613, -0.350089)","(0.0653177, -0.942591, -0.3275)",0
37.1333,"(0.0158019, -0.0745886, -1.12259e-05)","(0.101542, 0.708378, 0.698491)","(0.148772, -0.982282, -0.113966)","(-0.284014, -0.957139, 0.0567471)","(0.557964, -0.806277, 0.196454)","(-0.378729, -0.906613, 0.186054)","(0.203124, -0.934234, 0.293167)","(-0.0296836, -0.924679, 0.379588)","(0.162761, -0.849397, -0.502029)","(0.0303976, -0.931281, -0.363031)",0
37.1667,"(0.0138888, -0.0774466, -1.05538e-05)","(0.127955, 0.76456, 0.631724)","(0.187948, -0.981996, -0.0189394)","(-0.275876, -0.95851, 0.0717689)","(0.689899, -0.510692, 0.513062)","(-0.427551, -0.880284, 0.205672)","(0.243003, -0.924198, 0.294631)","(0.024116, -0.906981, 0.420481)","(0.121763, -0.779991, -0.61383)","(-0.00883309, -0.895599, -0.444776)",0
37.2,"(0.0121624, -0.0794334, -1.01068e-05)","(0.151104, 0.811967, 0.563806)","(0.180558, -0.976056, 0.121299)","(-0.289335, -0.956066, 0.0471574)","(0.645764, 0.0103258, 0.763468)","(-0.44412, -0.871574, 0.207643)","(0.247253, -0.928419, 0.277315)","(0.0596679, -0.899938, 0.431916)","(0.0764084, -0.717561, -0.692292)","(-0.0249905, -0.862765, -0.504987)",0
37.2333,"(0.0121624, -0.0794334, -1.01068e-05)","(0.171372, 0.849603, 0.498805)","(0.181587, -0.949719, 0.255067)","(-0.301523, -0.953417, -0.00894679)","(0.392364, 0.492091, 0.777108)","(-0.432163, -0.888278, 0.155552)","(0.240244, -0.934908, 0.261209)","(0.0805508, -0.904261, 0.419314)","(0.00632625, -0.747898, -0.663784)","(-0.0326202, -0.843033, -0.536871)",0
37.2667,"(0.00971146, -0.0784721, -8.11314e-06)","(0.185563, 0.872481, 0.452044)","(0.182837, -0.927072, 0.327272)","(-0.316134, -0.947357, -0.0507331)","(0.264501, 0.639117, 0.722197)","(-0.407172, -0.908571, 0.0933295)","(0.235762, -0.949585, 0.206648)","(0.0929167, -0.903811, 0.417722)","(-0.0844236, -0.778297, -0.622195)","(-0.0351375, -0.856173, -0.515492)",0
37.3,"(0.00897663, -0.0744612, -5.04173e-06)","(0.195852, 0.895279, 0.400146)","(0.202109, -0.899784, 0.386705)","(-0.311821, -0.948429, -0.0570024)","(0.14208, 0.713475, 0.686124)","(-0.359544, -0.931831, 0.0491888)","(0.204309, -0.971265, 0.12207)","(0.119634, -0.882989, 0.453892)","(-0.125628, -0.808424, -0.575038)","(-0.0609457, -0.90152, -0.428424)",0
37.3333,"(0.00839165, -0.0700354, -6.19947e-06)","(0.208496, 0.91516, 0.34498)","(0.175926, -0.891884, 0.416644)","(-0.302014, -0.95106, -0.0653591)","(0.0522509, 0.688151, 0.723683)","(-0.306873, -0.95063, 0.0461598)","(0.168438, -0.984065, 0.0569629)","(0.143252, -0.860749, 0.488457)","(-0.110774, -0.847892, -0.518467)","(-0.0742293, -0.928926, -0.362748)",0
37.3667,"(0.00792471, -0.06557, -9.20414e-06)","(0.216063, 0.932299, 0.290062)","(0.139411, -0.898002, 0.417322)","(-0.284342, -0.954688, -0.0878657)","(-0.0503301, 0.632528, 0.7729)","(-0.256207, -0.965643, 0.0434843)","(0.130207, -0.991372, 0.015089)","(0.150401, -0.827479, 0.540979)","(-0.0611007, -0.8789, -0.473076)","(-0.0736814, -0.952207, -0.296433)",0
37.4,"(0.00772003, -0.0613194, -9.23339e-06)","(0.218149, 0.946355, 0.238376)","(0.0989064, -0.915445, 0.3901)","(-0.270768, -0.957368, -0.100651)","(-0.124389, 0.587863, 0.79934)","(-0.237005, -0.970869, 0.0352341)","(0.113696, -0.990842, 0.0728391)","(0.142589, -0.804934, 0.575977)","(-0.0226545, -0.905588, -0.423553)","(-0.0600682, -0.956305, -0.286135)",0
37.4333,"(0.00772412, -0.0577893, -8.27936e-06)","(0.212639, 0.954031, 0.211209)","(0.0450193, -0.929417, 0.366274)","(-0.265545, -0.95756, -0.112092)","(-0.140337, 0.583224, 0.800097)","(-0.230724, -0.972144, 0.0412537)","(0.0980255, -0.990194, 0.0995367)","(0.13057, -0.787519, 0.6023)","(-0.00605233, -0.90888, -0.417015)","(-0.0516056, -0.9609, -0.272046)",0
37.4667,"(0.00823234, -0.0551502, -8.03352e-06)","(0.20101, 0.960533, 0.192281)","(-0.028897, -0.940213, 0.339359)","(-0.253488, -0.960277, -0.116666)","(-0.0931555, 0.585052, 0.805628)","(-0.232291, -0.971171, 0.0535455)","(0.0837804, -0.988217, 0.128094)","(0.122685, -0.787286, 0.604259)","(-0.0133982, -0.908796, -0.417025)","(-0.0531615, -0.959392, -0.27702)",0
37.5,"(0.00947335, -0.0530984, -2.57728e-06)","(0.172961, 0.967454, 0.184711)","(-0.0738692, -0.943793, 0.322176)","(-0.232838, -0.96449, -0.124683)","(-0.0292204, 0.56962, 0.821389)","(-0.232326, -0.967323, 0.101545)","(0.0588715, -0.994434, 0.0873809)","(0.117462, -0.811003, 0.57313)","(-0.0126873, -0.897852, -0.440115)","(-0.0628947, -0.949941, -0.306034)",0
37.5333,"(0.0114115, -0.0517904, 1.67174e-06)","(0.124077, 0.97548, 0.181781)","(-0.0663326, -0.950296, 0.304201)","(-0.197393, -0.973181, -0.118128)","(0.0338343, 0.530019, 0.847311)","(-0.270038, -0.946206, 0.17825)","(0.0372769, -0.998532, 0.0392906)","(0.0928378, -0.811036, 0.577583)","(-0.00244128, -0.878455, -0.47782)","(-0.0661149, -0.938228, -0.339644)",0
37.5667,"(0.0138724, -0.0504865, 1.69505e-06)","(0.0653532, 0.980764, 0.18393)","(-0.0462278, -0.956374, 0.288464)","(-0.159992, -0.984178, -0.0761323)","(0.0946265, 0.412079, 0.906221)","(-0.319024, -0.845452, 0.428293)","(0.0229533, -0.998959, -0.0394299)","(0.0543582, -0.811864, 0.581311)","(0.0171858, -0.846645, -0.531881)","(-0.0558833, -0.929383, -0.364862)",0
37.6,"(0.0169569, -0.0492319, 4.14456e-07)","(0.0164868, 0.977189, 0.211733)","(-0.0224125, -0.964814, 0.261977)","(-0.131629, -0.98619, 0.100517)","(0.141042, 0.24106, 0.960207)","(-0.415255, -0.577327, 0.703034)","(0.0231488, -0.993445, -0.111941)","(0.0121309, -0.813785, 0.581039)","(0.0346415, -0.791728, -0.609891)","(-0.038721, -0.910461, -0.411779)",0
37.6333,"(0.0202959, -0.0482474, -9.41393e-08)","(-0.0137292, 0.975262, 0.220626)","(-0.0265243, -0.977021, 0.211488)","(-0.113606, -0.957173, 0.266295)","(0.174963, 0.00534747, 0.984561)","(-0.401125, -0.217592, 0.889805)","(0.0163901, -0.991671, -0.127752)","(-0.0304964, -0.836667, 0.546861)","(0.0775558, -0.730126, -0.678897)","(-0.0239591, -0.89811, -0.439118)",0
37.6667,"(0.0234254, -0.0464383, -5.63667e-06)","(-0.0310412, 0.976024, 0.21544)","(-0.0266425, -0.994033, 0.105777)","(-0.108156, -0.912041, 0.395581)","(0.195237, -0.239911, 0.95096)","(-0.370981, 0.0657389, 0.926311)","(-0.000604787, -0.994429, -0.105406)","(-0.0709615, -0.883772, 0.462506)","(0.140466, -0.685889, -0.714021)","(-0.00320509, -0.882342, -0.470598)",0
37.7,"(0.0263042, -0.0428484, -1.25973e-05)","(-0.0445412, 0.987953, 0.148206)","(-0.0459438, -0.998898, -0.00959354)","(-0.0922656, -0.891397, 0.443733)","(0.219439, -0.528243, 0.820248)","(-0.276645, 0.279019, 0.919574)","(-0.016322, -0.994823, -0.100305)","(-0.107044, -0.917622, 0.382767)","(0.199174, -0.684437, -0.701338)","(0.0201956, -0.889643, -0.456209)",0
37.7333,"(0.0288335, -0.0367865, -1.93226e-05)","(-0.0587058, 0.99691, 0.0521844)","(-0.0639165, -0.99255, -0.103723)","(-0.0790443, -0.86078, 0.502801)","(0.217424, -0.745528, 0.630012)","(-0.184827, 0.44399, 0.876762)","(-0.0121182, -0.993109, -0.116569)","(-0.124809, -0.940823, 0.315078)","(0.226003, -0.741945, -0.631222)","(0.0497078, -0.907539, -0.417016)",0
37.7667,"(0.0309252, -0.0297777, -2.57466e-05)","(-0.0739109, 0.996075, -0.0486916)","(-0.0820919, -0.989642, -0.117769)","(-0.0616004, -0.832048, 0.551272)","(0.207934, -0.856331, 0.472717)","(-0.101148, 0.539567, 0.835845)","(0.00811688, -0.990349, -0.138357)","(-0.12358, -0.95017, 0.286189)","(0.235434, -0.811586, -0.534696)","(0.0801045, -0.935522, -0.344066)",0
37.8,"(0.032492, -0.0220994, -3.27574e-05)","(-0.0870188, 0.991657, -0.0950979)","(-0.0987363, -0.988082, -0.11809)","(-0.0679926, -0.836954, 0.543033)","(0.197617, -0.894462, 0.401104)","(-0.0318913, 0.572293, 0.819429)","(0.0359769, -0.990488, -0.132814)","(-0.117245, -0.966875, 0.22673)","(0.230701, -0.873159, -0.429383)","(0.133113, -0.957904, -0.254362)",0
37.8333,"(0.0335753, -0.014486, -3.7702e-05)","(-0.0931984, 0.990356, -0.10251)","(-0.110562, -0.987867, -0.109064)","(-0.0772357, -0.851143, 0.51922)","(0.192048, -0.914619, 0.355794)","(0.00925522, 0.593916, 0.804474)","(0.061402, -0.991221, -0.117088)","(-0.101624, -0.981932, 0.159629)","(0.221281, -0.917858, -0.329501)","(0.191087, -0.961773, -0.196158)",0
37.8667,"(0.0340479, -0.00777425, -3.96343e-05)","(-0.0927208, 0.99163, -0.089843)","(-0.118169, -0.986037, -0.117337)","(-0.0930126, -0.864976, 0.493118)","(0.181588, -0.926423, 0.329796)","(0.0323373, 0.607879, 0.793371)","(0.0887702, -0.990884, -0.101333)","(-0.0895717, -0.989084, 0.117003)","(0.198407, -0.945993, -0.256382)","(0.241794, -0.957427, -0.157698)",0
37.9,"(0.0342174, -0.00313141, -3.71454e-05)","(-0.0888865, 0.992881, -0.079283)","(-0.11976, -0.986595, -0.110853)","(-0.10189, -0.872671, 0.47756)","(0.174017, -0.926272, 0.334272)","(0.0451709, 0.61191, 0.789637)","(0.109121, -0.99004, -0.088955)","(-0.0780759, -0.989658, 0.120338)","(0.186383, -0.95662, -0.223921)","(0.278207, -0.954743, -0.105195)",0
37.9333,"(0.0341921, 0.000387073, -2.93971e-05)","(-0.0846777, 0.993323, -0.0783556)","(-0.11769, -0.988714, -0.0927038)","(-0.108447, -0.872543, 0.476348)","(0.171433, -0.916874, 0.360489)","(0.0618641, 0.606934, 0.79234)","(0.124558, -0.989196, -0.0773147)","(-0.0602932, -0.990308, 0.12512)","(0.175592, -0.964522, -0.197144)","(0.291164, -0.954642, -0.0623155)",0
37.9667,"(0.0341582, 0.00242537, -2.94865e-05)","(-0.0821518, 0.992481, -0.0907378)","(-0.114694, -0.991447, -0.062281)","(-0.107322, -0.869954, 0.481313)","(0.174147, -0.900167, 0.399215)","(0.0735351, 0.604016, 0.793573)","(0.129746, -0.989116, -0.0693953)","(-0.0383738, -0.990935, 0.128746)","(0.173611, -0.966961, -0.18667)","(0.288469, -0.956856, -0.0348191)",0
38,"(0.0341582, 0.00242537, -2.94865e-05)","(-0.0868272, 0.990275, -0.108702)","(-0.104743, -0.993832, -0.0364406)","(-0.0924473, -0.869349, 0.485476)","(0.180454, -0.881431, 0.436482)","(0.0777441, 0.594358, 0.800434)","(0.130575, -0.989713, -0.0584723)","(-0.0165987, -0.991734, 0.127234)","(0.16939, -0.967363, -0.188458)","(0.263086, -0.962865, -0.0606413)",0
38.0333,"(0.0341582, 0.00242537, -2.94865e-05)","(-0.0930166, 0.988963, -0.115324)","(-0.0936843, -0.994876, 0.0380142)","(-0.0722658, -0.874467, 0.479671)","(0.205546, -0.801107, 0.56212)","(0.0604366, 0.578632, 0.813346)","(0.129792, -0.9898, -0.0587319)","(-0.00165521, -0.992108, 0.125373)","(0.168959, -0.957668, -0.233078)","(0.238868, -0.96749, -0.083091)",0
38.0667,"(0.0341582, 0.00242537, -2.94865e-05)","(-0.0968708, 0.991724, -0.0842607)","(-0.0735511, -0.98968, 0.122978)","(-0.0598163, -0.906389, 0.418187)","(0.230552, -0.616517, 0.752829)","(0.0140437, 0.505909, 0.862473)","(0.129792, -0.989413, -0.0649262)","(0.0051741, -0.993662, 0.112293)","(0.167968, -0.940188, -0.296366)","(0.207882, -0.970911, -0.118817)",0
38.1,"(0.0329066, -0.000281024, -4.15492e-05)","(-0.0888042, 0.995005, -0.0455886)","(-0.0307549, -0.970239, 0.240187)","(-0.0658018, -0.932434, 0.355298)","(0.23742, -0.344026, 0.908448)","(-0.103438, 0.379985, 0.919191)","(0.136489, -0.987655, -0.0768665)","(0.00684925, -0.994697, 0.102624)","(0.16475, -0.922633, -0.348721)","(0.169318, -0.973375, -0.154504)",0
38.1333,"(0.0329066, -0.000281024, -4.15492e-05)","(-0.0747459, 0.99716, -0.00923518)","(0.0198024, -0.946992, 0.320647)","(-0.066171, -0.953009, 0.295626)","(0.218875, -0.0771502, 0.972698)","(-0.260615, 0.188775, 0.946807)","(0.144292, -0.985874, -0.0850456)","(0.00341829, -0.994969, 0.100128)","(0.161197, -0.911348, -0.378762)","(0.110547, -0.976711, -0.183886)",0
38.1667,"(0.0298241, -0.00237774, -3.5732e-05)","(-0.0522607, 0.998628, -0.00319801)","(0.0902575, -0.918768, 0.384342)","(-0.0605137, -0.957591, 0.281703)","(0.167318, 0.149979, 0.974429)","(-0.43176, -0.0704867, 0.89923)","(0.15254, -0.984418, -0.0874778)","(-0.00147885, -0.993769, 0.111453)","(0.1552, -0.907237, -0.39094)","(0.0428988, -0.978677, -0.200877)",0
38.2,"(0.0276686, -0.00298606, -3.53463e-05)","(-0.0258861, 0.999661, -0.00288037)","(0.135879, -0.883932, 0.447438)","(-0.0591769, -0.964235, 0.258357)","(0.0831873, 0.381443, 0.920642)","(-0.521324, -0.35561, 0.775734)","(0.153876, -0.985407, -0.0727748)","(-0.0261086, -0.98959, 0.141524)","(0.139356, -0.892303, -0.429389)","(-0.032754, -0.975097, -0.219345)",0
38.2333,"(0.0252028, -0.00287927, -3.7998e-05)","(0.00462157, 0.999053, -0.0432702)","(0.164234, -0.830785, 0.531811)","(-0.0652956, -0.97545, 0.210316)","(-0.0142222, 0.539105, 0.842119)","(-0.559797, -0.602525, 0.568852)","(0.152724, -0.98661, -0.057236)","(-0.0534835, -0.97406, 0.21988)","(0.0971339, -0.829592, -0.549856)","(-0.1033, -0.975298, -0.195252)",0
38.2667,"(0.0229472, -0.00248653, -3.58723e-05)","(0.0322717, 0.995867, -0.0848939)","(0.181408, -0.783564, 0.594237)","(-0.0892028, -0.985323, 0.145537)","(-0.0778958, 0.625144, 0.776613)","(-0.549765, -0.737638, 0.39198)","(0.140346, -0.98897, -0.0473442)","(-0.0765704, -0.940327, 0.331544)","(0.0454293, -0.763066, -0.644722)","(-0.161328, -0.976333, -0.144037)",0
38.3,"(0.0210012, -0.000345266, -3.21157e-05)","(0.0545528, 0.99301, -0.104665)","(0.181688, -0.763669, 0.619515)","(-0.11221, -0.988009, 0.106052)","(-0.102565, 0.666069, 0.738805)","(-0.539893, -0.786767, 0.299188)","(0.0983264, -0.993887, -0.050206)","(-0.0820592, -0.907141, 0.412748)","(0.0155584, -0.714672, -0.699287)","(-0.206729, -0.97309, -0.101783)",0
38.3333,"(0.0195097, 0.00160682, -3.09176e-05)","(0.0687775, 0.994495, -0.0790538)","(0.182452, -0.78143, 0.596723)","(-0.137361, -0.986227, 0.0921328)","(-0.100827, 0.688022, 0.718651)","(-0.515607, -0.81571, 0.262232)","(0.0468939, -0.998332, -0.0336759)","(-0.0962519, -0.914579, 0.392787)","(0.00628892, -0.811511, -0.584303)","(-0.221403, -0.969629, -0.103927)",0
38.3667,"(0.0185462, 0.00341073, -2.52596e-05)","(0.077567, 0.996517, -0.0306086)","(0.153674, -0.801911, 0.577341)","(-0.150636, -0.986726, 0.0606618)","(-0.0870727, 0.692094, 0.716536)","(-0.502178, -0.815829, 0.286775)","(-0.00249676, -0.999855, -0.0168248)","(-0.120995, -0.94123, 0.31535)","(0.0159637, -0.886925, -0.461638)","(-0.216265, -0.965823, -0.142882)",0
38.4,"(0.0185462, 0.00341073, -2.52596e-05)","(0.0796114, 0.996788, 0.00867132)","(0.132684, -0.820711, 0.555723)","(-0.142661, -0.989741, 0.00781024)","(-0.0695991, 0.675141, 0.734398)","(-0.495676, -0.817569, 0.293064)","(-0.0192866, -0.999809, 0.0032411)","(-0.140947, -0.958617, 0.24736)","(0.0208665, -0.947885, -0.317927)","(-0.194011, -0.967557, -0.161845)",0
38.4333,"(0.0185462, 0.00341073, -2.52596e-05)","(0.079551, 0.995764, 0.0460967)","(0.0799809, -0.85023, 0.5203)","(-0.109803, -0.99285, -0.0468194)","(-0.0252463, 0.664808, 0.746587)","(-0.481291, -0.81078, 0.33316)","(-0.0232942, -0.999725, 0.00285041)","(-0.152128, -0.961433, 0.229137)","(0.0350303, -0.952293, -0.303168)","(-0.17848, -0.96682, -0.182767)",0
38.4667,"(0.0183146, 0.00113615, -1.51665e-05)","(0.0794251, 0.99237, 0.0943008)","(-0.0160192, -0.890057, 0.455568)","(-0.0403002, -0.995465, -0.086171)","(0.0752605, 0.576719, 0.813469)","(-0.452644, -0.793616, 0.406554)","(-0.0165328, -0.999863, -5.91753e-05)","(-0.152801, -0.96158, 0.22807)","(0.0404861, -0.943399, -0.329179)","(-0.171813, -0.966224, -0.192073)",0
38.5,"(0.0186409, -0.0031581, -1.56985e-05)","(0.0738675, 0.989891, 0.121077)","(-0.14733, -0.913461, 0.379318)","(0.0638253, -0.990968, -0.11794)","(0.231342, 0.350399, 0.90758)","(-0.37922, -0.775876, 0.504191)","(-0.0097094, -0.999876, -0.0123654)","(-0.151622, -0.954943, 0.255135)","(0.0390774, -0.925947, -0.375627)","(-0.169144, -0.966759, -0.191748)",0
38.5333,"(0.0191374, -0.00735593, -1.88614e-05)","(0.0673741, 0.987702, 0.14109)","(-0.26172, -0.9435, 0.203248)","(0.172403, -0.972296, -0.157851)","(0.331652, -0.246968, 0.910502)","(-0.294196, -0.764729, 0.573269)","(-0.00154786, -0.999953, -0.00956206)","(-0.148551, -0.958915, 0.241693)","(0.0248332, -0.925285, -0.378458)","(-0.166384, -0.963011, -0.21196)",0
38.5667,"(0.0196496, -0.011428, -1.96709e-05)","(0.0597881, 0.989739, 0.129779)","(-0.326072, -0.945332, 0.00497988)","(0.287846, -0.940335, -0.181423)","(0.180327, -0.75987, 0.624564)","(-0.22457, -0.782224, 0.581114)","(0.00411295, -0.999989, 0.00243768)","(-0.130763, -0.957706, 0.256321)","(0.00668824, -0.93693, -0.349452)","(-0.126347, -0.965059, -0.229561)",0
38.6,"(0.0201908, -0.0135225, -2.46256e-05)","(0.0607051, 0.987818, 0.143283)","(-0.328217, -0.928749, -0.172335)","(0.395081, -0.908943, -0.133171)","(-0.0348722, -0.953273, 0.300092)","(-0.222425, -0.784098, 0.579411)","(0.00837236, -0.999821, 0.0169638)","(-0.0926956, -0.959477, 0.266105)","(-0.00663972, -0.942708, -0.333554)","(-0.0691918, -0.953449, -0.29351)",0
38.6333,"(0.0201908, -0.0135225, -2.46256e-05)","(0.0683136, 0.981463, 0.179062)","(-0.308475, -0.915344, -0.258823)","(0.49666, -0.865316, -0.0675044)","(-0.152822, -0.944113, 0.292053)","(-0.268858, -0.759956, 0.591762)","(0.00734316, -0.999857, 0.0152351)","(-0.0276806, -0.96947, 0.243645)","(-0.0147897, -0.93483, -0.354786)","(0.00784112, -0.916944, -0.398938)",0
38.6667,"(0.0220277, -0.0122903, -1.86118e-05)","(0.0783702, 0.96939, 0.232681)","(-0.284524, -0.917648, -0.277433)","(0.563801, -0.825141, 0.0356412)","(-0.164213, -0.941141, 0.295445)","(-0.350572, -0.712831, 0.607431)","(-0.00486439, -0.999927, -0.011092)","(0.0392745, -0.988631, 0.145144)","(-0.0237502, -0.918765, -0.39409)","(0.0735881, -0.846614, -0.527095)",0
38.7,"(0.0240619, -0.00880665, -1.53086e-05)","(0.0876577, 0.958011, 0.273005)","(-0.269998, -0.916014, -0.296681)","(0.600693, -0.796472, 0.0692847)","(-0.146764, -0.938109, 0.313708)","(-0.42601, -0.677651, 0.59942)","(-0.0289425, -0.999167, -0.0287539)","(0.0892858, -0.995724, 0.023712)","(-0.0428436, -0.90811, -0.416534)","(0.164544, -0.793037, -0.58653)",0
38.7333,"(0.0271357, -0.00543246, -1.38195e-05)","(0.0897223, 0.96179, 0.258669)","(-0.256333, -0.920041, -0.296342)","(0.615305, -0.782817, 0.0927183)","(-0.122766, -0.937788, 0.324779)","(-0.482317, -0.658657, 0.57753)","(-0.0854018, -0.995725, 0.0352013)","(0.104782, -0.994052, -0.0296758)","(-0.0400402, -0.918033, -0.394478)","(0.281862, -0.785741, -0.550604)",0
38.7667,"(0.0311962, -0.00419722, -9.16239e-06)","(0.0803069, 0.976611, 0.199451)","(-0.221879, -0.930343, -0.291945)","(0.62832, -0.773126, 0.086549)","(-0.088802, -0.9007, 0.425269)","(-0.515554, -0.650588, 0.55762)","(-0.17856, -0.97393, 0.139915)","(0.100146, -0.994491, -0.0309459)","(-0.0306686, -0.933598, -0.357008)","(0.390564, -0.785305, -0.48037)",0
38.8,"(0.0364169, -0.00623323, -1.05933e-05)","(0.0597055, 0.99074, 0.121939)","(-0.178002, -0.937637, -0.298585)","(0.634592, -0.769831, 0.0682177)","(-0.057374, -0.840349, 0.539001)","(-0.599831, -0.67179, 0.434627)","(-0.297258, -0.923117, 0.243911)","(0.106702, -0.993496, -0.0397589)","(-0.0638993, -0.944246, -0.32298)","(0.458407, -0.774494, -0.435916)",0
38.8333,"(0.0421647, -0.0128271, -1.56928e-05)","(0.0262452, 0.997718, 0.0622023)","(-0.121263, -0.942766, -0.310624)","(0.621832, -0.7812, 0.0552369)","(-0.0758145, -0.815243, 0.574135)","(-0.64461, -0.702163, 0.302401)","(-0.402215, -0.876009, 0.266142)","(0.146454, -0.989009, -0.0203215)","(-0.185965, -0.933579, -0.306345)","(0.455995, -0.790554, -0.408771)",0
38.8667,"(0.0472099, -0.0212549, -1.85714e-05)","(-0.00943424, 0.999861, 0.0137127)","(-0.048039, -0.949917, -0.308787)","(0.548919, -0.831143, 0.0888215)","(-0.115875, -0.816783, 0.565189)","(-0.619912, -0.767297, 0.164209)","(-0.493708, -0.787815, 0.368239)","(0.192097, -0.981249, -0.0157898)","(-0.303574, -0.934745, -0.184644)","(0.418087, -0.822766, -0.385044)",0
38.9,"(0.0509634, -0.0296568, -2.20173e-05)","(-0.0346929, 0.999358, -0.00891982)","(0.031786, -0.946544, -0.321006)","(0.471812, -0.874422, 0.113045)","(-0.169553, -0.842181, 0.511843)","(-0.545318, -0.828366, 0.128212)","(-0.5499, -0.708789, 0.441847)","(0.234351, -0.972085, -0.011438)","(-0.323611, -0.942008, -0.0888598)","(0.390361, -0.848076, -0.35831)",0
38.9333,"(0.0532659, -0.0356526, -2.43919e-05)","(-0.0432725, 0.999029, -0.00832127)","(0.0917091, -0.936129, -0.339488)","(0.424709, -0.895561, 0.13264)","(-0.188938, -0.863011, 0.468524)","(-0.509199, -0.854743, 0.100653)","(-0.560076, -0.613836, 0.556345)","(0.24437, -0.966421, -0.0794589)","(-0.264812, -0.964094, -0.0199165)","(0.396822, -0.826446, -0.399399)",0
38.9667,"(0.0535032, -0.0382486, -2.11332e-05)","(-0.0341987, 0.999357, 0.010752)","(0.130277, -0.909325, -0.395165)","(0.448095, -0.885536, 0.122627)","(-0.223563, -0.895299, 0.385304)","(-0.551295, -0.833103, 0.0448745)","(-0.533562, -0.616549, 0.578946)","(0.243677, -0.961042, -0.130464)","(-0.0911797, -0.992108, -0.0860682)","(0.427251, -0.789117, -0.441306)",0
39,"(0.0506683, -0.0376056, -1.38183e-05)","(-0.0193604, 0.999416, 0.0281722)","(0.120205, -0.907935, -0.401504)","(0.45814, -0.868906, 0.187375)","(-0.280852, -0.904268, 0.321591)","(-0.559663, -0.815529, 0.147275)","(-0.459692, -0.619955, 0.635876)","(0.227076, -0.958869, -0.170316)","(0.116522, -0.983312, -0.139717)","(0.462506, -0.744057, -0.482149)",0
39.0333,"(0.0455481, -0.0359349, -5.44959e-06)","(0.009081, 0.998876, 0.0465274)","(0.0809709, -0.920941, -0.381198)","(0.482819, -0.836286, 0.259828)","(-0.383354, -0.874715, 0.296503)","(-0.562817, -0.784633, 0.259976)","(-0.356023, -0.66326, 0.658282)","(0.206236, -0.966418, -0.153307)","(0.313408, -0.932362, -0.180215)","(0.520667, -0.703826, -0.483254)",0
39.0667,"(0.0395771, -0.0334701, 4.23114e-06)","(0.0489865, 0.995132, 0.0855142)","(-0.0038603, -0.925308, -0.379196)","(0.500116, -0.815104, 0.292385)","(-0.518933, -0.804285, 0.28954)","(-0.511732, -0.770184, 0.38072)","(-0.232664, -0.800271, 0.55266)","(0.155692, -0.981142, -0.114549)","(0.377769, -0.897391, -0.227991)","(0.598602, -0.62672, -0.498897)",0
39.1,"(0.0336039, -0.030824, 1.44355e-05)","(0.0950034, 0.987711, 0.124105)","(-0.144264, -0.89853, -0.414525)","(0.52682, -0.812612, 0.249243)","(-0.653994, -0.697959, 0.291797)","(-0.455698, -0.813207, 0.361985)","(-0.101767, -0.940949, 0.322891)","(0.0713749, -0.996507, -0.0433412)","(0.354406, -0.890805, -0.284365)","(0.671582, -0.524565, -0.523268)",0
39.1333,"(0.0280873, -0.027751, 2.10287e-05)","(0.124823, 0.980056, 0.154627)","(-0.351268, -0.815018, -0.460822)","(0.507609, -0.841151, 0.18654)","(-0.79248, -0.528384, 0.304608)","(-0.297979, -0.897472, 0.325197)","(-0.0176352, -0.997803, 0.0638631)","(-0.0593414, -0.99672, 0.0550245)","(0.315524, -0.887793, -0.335065)","(0.731772, -0.423934, -0.533657)",0
39.1667,"(0.0242721, -0.0244862, 2.57767e-05)","(0.128752, 0.978771, 0.159469)","(-0.57259, -0.674198, -0.466473)","(0.465469, -0.871636, 0.153589)","(-0.906582, -0.274696, 0.320392)","(-0.10929, -0.950478, 0.290942)","(0.047023, -0.998566, -0.0255761)","(-0.196209, -0.969897, 0.144227)","(0.3618, -0.872486, -0.328434)","(0.760187, -0.400535, -0.511554)",0
39.2,"(0.0223642, -0.0207958, 2.88032e-05)","(0.112813, 0.980185, 0.162821)","(-0.782283, -0.573105, -0.244097)","(0.414637, -0.900097, 0.133798)","(-0.84919, 0.0392447, 0.526627)","(0.022732, -0.972094, 0.233488)","(0.0576625, -0.997511, -0.0405777)","(-0.296467, -0.940139, 0.168067)","(0.406638, -0.860553, -0.306747)","(0.752388, -0.467547, -0.464017)",0
39.2333,"(0.021297, -0.0170487, 2.81641e-05)","(0.0910364, 0.982079, 0.165028)","(-0.905727, -0.418456, 0.0674766)","(0.365903, -0.927701, 0.0740725)","(-0.62838, 0.322673, 0.707828)","(0.0851479, -0.983671, 0.15856)","(0.061192, -0.996801, -0.0514063)","(-0.360086, -0.91864, 0.162599)","(0.441511, -0.848087, -0.292945)","(0.698784, -0.610951, -0.372076)",0
39.2667,"(0.0204165, -0.0125005, 2.55176e-05)","(0.0720571, 0.984568, 0.15948)","(-0.900909, -0.244483, 0.358595)","(0.315562, -0.948868, -0.0083375)","(-0.265544, 0.478866, 0.836764)","(0.121425, -0.99136, 0.0496201)","(0.0311889, -0.997106, -0.069338)","(-0.384212, -0.913462, 0.134046)","(0.383399, -0.88367, -0.268575)","(0.605098, -0.760231, -0.236444)",0
39.3,"(0.0194492, -0.00664448, 2.05419e-05)","(0.0607945, 0.987213, 0.147356)","(-0.85407, -0.103922, 0.509671)","(0.257645, -0.962984, -0.0792533)","(-0.0287719, 0.572952, 0.819084)","(0.155635, -0.98692, -0.0420286)","(0.0270495, -0.997472, -0.0657069)","(-0.386129, -0.913988, 0.124623)","(0.349991, -0.907221, -0.233359)","(0.477953, -0.869428, -0.125124)",0
39.3333,"(0.0178432, 0.000728345, 9.96026e-06)","(0.0551025, 0.992072, 0.112949)","(-0.689941, -0.139781, 0.710241)","(0.197705, -0.97718, -0.0776584)","(0.220522, 0.527396, 0.820502)","(0.142735, -0.981844, -0.124936)","(0.0460781, -0.997806, -0.0475417)","(-0.351884, -0.930971, 0.0973145)","(0.328001, -0.924671, -0.193389)","(0.363813, -0.928545, -0.0737886)",0
39.3667,"(0.0153727, 0.00855149, -7.91624e-10)","(0.0516502, 0.996941, 0.0586545)","(-0.307895, -0.277349, 0.910098)","(0.149789, -0.987535, -0.0483439)","(0.434224, 0.484965, 0.759117)","(0.0912965, -0.985821, -0.140793)","(0.0930058, -0.995199, -0.030487)","(-0.302291, -0.949637, 0.082526)","(0.316341, -0.936986, -0.148275)","(0.278401, -0.958316, -0.0642205)",0
39.4,"(0.0123232, 0.0161177, -7.50502e-06)","(0.0464894, 0.998836, 0.0128525)","(0.0638012, -0.427647, 0.901691)","(0.107693, -0.993914, -0.0231691)","(0.578777, 0.377215, 0.722998)","(0.0280232, -0.995219, -0.0935615)","(0.13787, -0.99011, -0.0259825)","(-0.260951, -0.963162, 0.0649971)","(0.300834, -0.946681, -0.115299)","(0.222915, -0.973994, -0.0405611)",0
39.4333,"(0.0092188, 0.022136, -1.16304e-05)","(0.0407607, 0.999085, -0.0129677)","(0.222092, -0.61083, 0.759975)","(0.085123, -0.996159, -0.0205397)","(0.652614, 0.231388, 0.721495)","(0.00130254, -0.999963, -0.00851203)","(0.165704, -0.985905, -0.0230964)","(-0.223262, -0.972207, 0.0704886)","(0.298596, -0.950989, -0.0803762)","(0.190309, -0.981326, -0.0279701)",0
39.4667,"(0.00602571, 0.0250642, -1.32222e-05)","(0.0331987, 0.999431, 0.00599114)","(0.186019, -0.798398, 0.572675)","(0.0598938, -0.997915, -0.0240459)","(0.591569, -0.0495775, 0.804729)","(-0.024679, -0.998929, 0.0391414)","(0.169241, -0.985437, -0.0164588)","(-0.196444, -0.978119, 0.0685076)","(0.305522, -0.948108, -0.0880216)","(0.177618, -0.983462, -0.0354239)",0
39.5,"(0.00282966, 0.0262849, -9.20878e-06)","(0.0259134, 0.999258, 0.0284979)","(0.0841678, -0.938518, 0.334814)","(0.0581686, -0.998244, -0.0111957)","(0.522886, -0.360543, 0.772398)","(-0.0348052, -0.995328, 0.09006)","(0.167205, -0.985844, -0.012448)","(-0.156072, -0.985637, 0.0645127)","(0.308182, -0.943708, -0.120159)","(0.179058, -0.981354, -0.0698763)",0
39.5333,"(-0.00018065, 0.0262335, -6.41649e-06)","(0.0210581, 0.998007, 0.0594934)","(-0.00388591, -0.990663, 0.136279)","(0.05911, -0.99825, -0.00167271)","(0.435757, -0.63181, 0.64104)","(-0.0501195, -0.985522, 0.161971)","(0.164165, -0.986263, -0.0183031)","(-0.123373, -0.990577, 0.0594642)","(0.287425, -0.944442, -0.159425)","(0.192043, -0.976945, -0.0932638)",0
39.5667,"(-0.00249455, 0.0243524, -4.34113e-06)","(0.0214107, 0.995181, 0.0956892)","(-0.0995674, -0.994475, -0.0332431)","(0.0635216, -0.99798, -0.000492545)","(0.29356, -0.827595, 0.478445)","(-0.0387361, -0.962155, 0.269736)","(0.16182, -0.986578, -0.0218717)","(-0.0948384, -0.993698, 0.0597542)","(0.266715, -0.944321, -0.192669)","(0.21243, -0.970605, -0.11313)",0
39.6,"(-0.00464288, 0.02049, -3.78457e-06)","(0.0229397, 0.993093, 0.115062)","(-0.205257, -0.967018, -0.150815)","(0.0539061, -0.99844, -0.014541)","(0.0458663, -0.920635, 0.387722)","(-0.0537256, -0.931726, 0.359165)","(0.155746, -0.987698, -0.0140235)","(-0.0943073, -0.992887, 0.0726739)","(0.240021, -0.950317, -0.198209)","(0.25156, -0.960645, -0.117805)",0
39.6333,"(-0.00652577, 0.0158772, -4.21316e-06)","(0.0284593, 0.989895, 0.138914)","(-0.317166, -0.924306, -0.212284)","(0.0220896, -0.99974, -0.00559524)","(-0.222271, -0.891397, 0.394976)","(-0.107748, -0.891299, 0.440428)","(0.150365, -0.988608, 0.00670102)","(-0.0921403, -0.991948, 0.0868881)","(0.218278, -0.953602, -0.20736)","(0.272461, -0.954616, -0.120302)",0
39.6667,"(-0.00788652, 0.00926654, -7.68774e-06)","(0.0345296, 0.984916, 0.169555)","(-0.461502, -0.852079, -0.246936)","(-0.0390913, -0.997421, 0.0601858)","(-0.414814, -0.824769, 0.384298)","(-0.303163, -0.811792, 0.499084)","(0.132127, -0.990749, 0.030972)","(-0.0910259, -0.991297, 0.095101)","(0.208416, -0.952628, -0.221499)","(0.279545, -0.950855, -0.133153)",0
39.7,"(-0.00972525, 0.000636411, -1.40095e-05)","(0.0349221, 0.986138, 0.162211)","(-0.655591, -0.711043, -0.254201)","(-0.111514, -0.973366, 0.20031)","(-0.576506, -0.727742, 0.371526)","(-0.512869, -0.617737, 0.596126)","(0.108625, -0.99203, 0.0638536)","(-0.0949145, -0.983568, 0.153571)","(0.217013, -0.94727, -0.235764)","(0.262683, -0.952409, -0.154642)",0
39.7333,"(-0.0123059, -0.00866262, -1.42438e-05)","(0.0325807, 0.993232, 0.111487)","(-0.834176, -0.508437, -0.21364)","(-0.181463, -0.859923, 0.477078)","(-0.724776, -0.586501, 0.361547)","(-0.661553, -0.289539, 0.691748)","(0.089123, -0.993245, 0.0743038)","(-0.10968, -0.950097, 0.292038)","(0.239403, -0.922886, -0.301608)","(0.20807, -0.962048, -0.176552)",0
39.7667,"(-0.015145, -0.0167752, -1.62696e-05)","(0.0288428, 0.999374, 0.0204632)","(-0.958356, -0.270827, -0.0905887)","(-0.278725, -0.567957, 0.774427)","(-0.851176, -0.332673, 0.40599)","(-0.657314, -0.0129232, 0.753506)","(0.0691727, -0.995902, 0.0582606)","(-0.129426, -0.861001, 0.49186)","(0.215426, -0.871658, -0.440233)","(0.106979, -0.977236, -0.183206)",1
39.8,"(-0.0183257, -0.0249152, -2.07132e-05)","(0.0310505, 0.999296, -0.0210342)","(-0.999082, -0.0370963, -0.0214059)","(-0.314314, -0.138143, 0.939214)","(-0.895604, -0.0215736, 0.444329)","(-0.676152, 0.199775, 0.709161)","(0.0479899, -0.99832, 0.0324714)","(-0.162413, -0.781509, 0.602383)","(0.18416, -0.851549, -0.490866)","(-0.0086613, -0.991863, -0.127015)",0
39.8333,"(-0.0217562, -0.032729, -2.7184e-05)","(0.0308647, 0.999222, -0.0245464)","(-0.978741, 0.189064, 0.0795059)","(-0.196361, 0.279333, 0.939902)","(-0.786398, 0.327398, 0.523821)","(-0.685496, 0.329255, 0.649374)","(0.0258905, -0.999475, -0.0194623)","(-0.213404, -0.745321, 0.63163)","(0.168366, -0.872086, -0.459477)","(-0.121453, -0.992524, -0.0120123)",0
39.8667,"(-0.0245062, -0.0396405, -2.58154e-05)","(0.0306231, 0.9991, -0.0293621)","(-0.898787, 0.396513, 0.186975)","(0.0371506, 0.633109, 0.773171)","(-0.510119, 0.656254, 0.555976)","(-0.65917, 0.590127, 0.466095)","(0.0240022, -0.996168, -0.0841078)","(-0.263315, -0.741637, 0.61696)","(0.217465, -0.900186, -0.377324)","(-0.195372, -0.975812, 0.0980834)",0
39.9,"(-0.0270356, -0.045185, -2.93976e-05)","(0.0291724, 0.999124, -0.0299906)","(-0.699712, 0.474419, 0.534162)","(0.29555, 0.801582, 0.519727)","(-0.146981, 0.765403, 0.626542)","(-0.464619, 0.81269, 0.351659)","(0.0346887, -0.98884, -0.144887)","(-0.293933, -0.729239, 0.617911)","(0.262416, -0.889868, -0.373192)","(-0.23583, -0.965002, 0.114692)",0
39.9333,"(-0.0299094, -0.0505615, -3.01947e-05)","(0.0299971, 0.999241, 0.0248523)","(-0.310216, 0.452109, 0.836279)","(0.460427, 0.837326, 0.294775)","(0.106763, 0.732672, 0.672156)","(-0.154399, 0.941923, 0.298232)","(0.0399982, -0.985717, -0.163591)","(-0.301353, -0.720625, 0.624409)","(0.308461, -0.853992, -0.418986)","(-0.23895, -0.969952, 0.0457757)",0
39.9667,"(-0.0328262, -0.0550992, -3.48327e-05)","(0.0300072, 0.996361, 0.0797787)","(0.157325, 0.357049, 0.920742)","(0.619773, 0.744947, 0.246852)","(0.256437, 0.585786, 0.768827)","(0.196107, 0.901166, 0.386577)","(0.0404608, -0.984219, -0.172268)","(-0.301113, -0.712283, 0.634022)","(0.327788, -0.829907, -0.451452)","(-0.224355, -0.974498, 0.00424962)",0
40,"(-0.0357189, -0.0577228, -3.86841e-05)","(0.034334, 0.993611, 0.107511)","(0.485565, 0.330187, 0.809446)","(0.76699, 0.617102, 0.175815)","(0.419169, 0.545541, 0.725729)","(0.48165, 0.796026, 0.366547)","(0.0495341, -0.979702, -0.194243)","(-0.292019, -0.692698, 0.659465)","(0.348886, -0.811233, -0.469232)","(-0.212893, -0.976801, 0.0231659)",0
40.0333,"(-0.0382649, -0.0585697, -4.72461e-05)","(0.0359119, 0.995687, 0.0855415)","(0.676726, 0.239747, 0.696106)","(0.865047, 0.480115, 0.145546)","(0.597732, 0.503041, 0.624233)","(0.672927, 0.680614, 0.289712)","(0.0698785, -0.974155, -0.214799)","(-0.283212, -0.676304, 0.680003)","(0.35214, -0.807326, -0.473521)","(-0.200844, -0.978006, 0.0562657)",0
40.0667,"(-0.0406454, -0.0586376, -5.61661e-05)","(0.0355142, 0.997222, 0.0654699)","(0.75487, 0.0462765, 0.65424)","(0.924009, 0.376099, 0.0689715)","(0.754385, 0.432683, 0.493648)","(0.809894, 0.536572, 0.236986)","(0.0903057, -0.977393, -0.191173)","(-0.270429, -0.674266, 0.687193)","(0.351421, -0.799031, -0.487906)","(-0.202753, -0.978096, 0.0471126)",0
40.1,"(-0.0425144, -0.0579176, -6.68141e-05)","(0.0325067, 0.997179, 0.0676624)","(0.762854, -0.214432, 0.609978)","(0.98491, 0.163189, 0.057627)","(0.862125, 0.275446, 0.425289)","(0.89891, 0.343375, 0.27213)","(0.109174, -0.981134, -0.159555)","(-0.262238, -0.671765, 0.692794)","(0.347127, -0.778788, -0.522486)","(-0.206634, -0.97841, 0.00397794)",0
40.1333,"(-0.0442971, -0.0555605, -7.00953e-05)","(0.0296118, 0.998364, 0.0489179)","(0.694913, -0.441533, 0.567577)","(0.995456, -0.0901134, 0.0307785)","(0.914029, -0.00355262, 0.405632)","(0.942879, 0.117072, 0.311886)","(0.122466, -0.98491, -0.122287)","(-0.24679, -0.656982, 0.712368)","(0.347434, -0.757126, -0.553219)","(-0.221444, -0.974834, -0.0257006)",0
40.1667,"(-0.0462527, -0.0519945, -6.92285e-05)","(0.0306564, 0.99914, 0.0279188)","(0.619097, -0.626026, 0.474142)","(0.927321, -0.374221, -0.00580084)","(0.882266, -0.288737, 0.371805)","(0.9338, -0.117332, 0.33801)","(0.145596, -0.984603, -0.0967363)","(-0.231068, -0.644854, 0.728541)","(0.345105, -0.744312, -0.571754)","(-0.22784, -0.972674, -0.0446516)",0
40.2,"(-0.0480689, -0.0488078, -6.24491e-05)","(0.031506, 0.999464, 0.00887338)","(0.510235, -0.770375, 0.382339)","(0.837708, -0.542847, -0.0596839)","(0.760578, -0.558944, 0.330306)","(0.873689, -0.328954, 0.35841)","(0.170484, -0.982287, -0.0777646)","(-0.221028, -0.670435, 0.708282)","(0.328647, -0.750928, -0.572799)","(-0.229775, -0.972318, -0.0424429)",0
40.2333,"(-0.049433, -0.0454981, -5.39075e-05)","(0.0319828, 0.999429, 0.0108994)","(0.420209, -0.870189, 0.257284)","(0.680607, -0.727969, -0.082678)","(0.652568, -0.696191, 0.29912)","(0.798442, -0.47642, 0.368122)","(0.185248, -0.981091, -0.0560633)","(-0.229577, -0.77714, 0.585959)","(0.308004, -0.752116, -0.582628)","(-0.223252, -0.970359, -0.0925343)",0
40.2667,"(-0.0505053, -0.0419807, -4.65058e-05)","(0.0298496, 0.998181, 0.0523863)","(0.269449, -0.950132, 0.156992)","(0.455791, -0.882913, -0.112781)","(0.54301, -0.788797, 0.287992)","(0.692215, -0.612111, 0.382307)","(0.186156, -0.981042, -0.0538734)","(-0.231247, -0.859884, 0.455109)","(0.268433, -0.772766, -0.575132)","(-0.222976, -0.96533, -0.135721)",0
40.3,"(-0.051021, -0.0397483, -3.90536e-05)","(0.0249366, 0.996025, 0.0855082)","(0.0839951, -0.991297, 0.101362)","(0.206328, -0.966815, -0.150657)","(0.45679, -0.835304, 0.305957)","(0.566603, -0.725679, 0.390322)","(0.163956, -0.985191, -0.05017)","(-0.213956, -0.896313, 0.388389)","(0.214381, -0.784609, -0.581746)","(-0.238858, -0.955116, -0.175216)",0
40.3333,"(-0.051021, -0.0397483, -3.90536e-05)","(0.0127498, 0.995154, 0.0974942)","(-0.177211, -0.978715, 0.103508)","(-0.00432495, -0.965365, -0.260866)","(0.451579, -0.821878, 0.347266)","(0.453902, -0.805619, 0.380725)","(0.129327, -0.98889, -0.0732827)","(-0.168203, -0.876126, 0.451787)","(0.13331, -0.799712, -0.585397)","(-0.282561, -0.942222, -0.179935)",0
40.3667,"(-0.0506856, -0.0424905, -2.68952e-05)","(-0.00426616, 0.997404, 0.0718834)","(-0.37021, -0.915153, 0.1595)","(-0.122954, -0.933611, -0.33653)","(0.535718, -0.728682, 0.426648)","(0.448477, -0.772596, 0.449403)","(0.0941964, -0.992839, -0.0734703)","(-0.117455, -0.880078, 0.460073)","(0.0256868, -0.744527, -0.667098)","(-0.34923, -0.911718, -0.216352)",0
40.4,"(-0.0506856, -0.0424905, -2.68952e-05)","(-0.0289481, 0.998768, 0.040299)","(-0.46947, -0.837675, 0.279104)","(-0.157653, -0.931341, -0.328251)","(0.640135, -0.547662, 0.538789)","(0.470097, -0.680089, 0.562573)","(0.0698884, -0.995404, -0.0654687)","(-0.0758141, -0.922388, 0.378752)","(-0.109347, -0.683778, -0.72145)","(-0.407898, -0.874272, -0.263187)",0
40.4333,"(-0.0504512, -0.0453658, -1.22836e-05)","(-0.0555605, 0.998285, 0.0184612)","(-0.432732, -0.803381, 0.409051)","(-0.0918168, -0.96925, -0.228307)","(0.73305, -0.31106, 0.60488)","(0.486733, -0.438329, 0.755618)","(0.153414, -0.988162, -0.000854947)","(-0.059962, -0.97725, 0.20344)","(-0.35036, -0.471035, -0.809552)","(-0.433755, -0.844025, -0.3154)",0
40.4667,"(-0.0504512, -0.0453658, -1.22836e-05)","(-0.082848, 0.996551, 0.00474741)","(-0.35857, -0.782125, 0.509615)","(0.0137392, -0.996212, -0.0858612)","(0.804443, -0.0772902, 0.58898)","(0.461325, -0.221139, 0.85923)","(0.265577, -0.9623, 0.0587094)","(-0.083683, -0.992524, 0.0888443)","(-0.556778, -0.382381, -0.737416)","(-0.408015, -0.863193, -0.297358)",0
40.5,"(-0.0503162, -0.0412505, 1.54688e-06)","(-0.107205, 0.994203, 0.00815771)","(-0.174446, -0.770311, 0.613343)","(0.145066, -0.982528, 0.116593)","(0.849583, 0.126277, 0.512116)","(0.431598, -0.0534277, 0.900482)","(0.406739, -0.906459, 0.113559)","(-0.107212, -0.993878, 0.0267031)","(-0.713592, -0.35379, -0.604664)","(-0.371972, -0.888399, -0.269044)",0
40.5333,"(-0.0503572, -0.0369746, 3.44492e-06)","(-0.12025, 0.992611, 0.0161974)","(0.0992079, -0.690667, 0.716336)","(0.444548, -0.84068, 0.309248)","(0.880097, 0.199724, 0.430744)","(0.298371, -0.0462851, 0.953327)","(0.527359, -0.841496, 0.117375)","(-0.107189, -0.993981, 0.0226511)","(-0.656536, -0.606543, -0.448405)","(-0.347251, -0.913367, -0.212549)",0
40.5667,"(-0.0504715, -0.0327566, -2.63737e-06)","(-0.136141, 0.99029, 0.0281158)","(0.379934, -0.523267, 0.762786)","(0.753491, -0.607515, 0.251352)","(0.916151, 0.170684, 0.362676)","(0.487434, -0.0776713, 0.869699)","(0.616208, -0.779318, 0.113804)","(-0.0694289, -0.997511, -0.0123033)","(-0.407919, -0.866097, -0.288927)","(-0.333091, -0.923154, -0.191928)",1
40.6,"(-0.0505525, -0.0293518, -9.31681e-06)","(-0.153344, 0.987493, 0.0366448)","(0.600265, -0.351448, 0.718447)","(0.939188, -0.337818, 0.0616873)","(0.958274, 0.082094, 0.27381)","(0.732072, -0.0858005, 0.675802)","(0.715746, -0.676506, 0.173341)","(-0.00542081, -0.998653, -0.0516117)","(-0.0320662, -0.989552, -0.140565)","(-0.325467, -0.922706, -0.206602)",0
40.6333,"(-0.0505525, -0.0293518, -9.31681e-06)","(-0.175558, 0.983341, 0.0471105)","(0.694556, -0.254892, 0.672772)","(0.963328, -0.250555, -0.096023)","(0.975232, -0.00116922, 0.221181)","(0.933988, -0.0610779, 0.352045)","(0.752279, -0.612251, 0.243362)","(0.0279502, -0.995422, -0.0913978)","(0.296105, -0.955143, 0.00486445)","(-0.309767, -0.921895, -0.232709)",0
40.6667,"(-0.0510805, -0.0261248, -2.16583e-05)","(-0.1891, 0.979718, 0.0662911)","(0.773099, -0.177941, 0.608815)","(0.979298, -0.191785, -0.0647621)","(0.97886, -0.0303142, 0.202272)","(0.947367, -0.04515, 0.31695)","(0.792356, -0.530825, 0.300661)","(0.0545924, -0.991619, -0.117094)","(0.445494, -0.893981, 0.0482964)","(-0.311109, -0.911277, -0.269787)",0
40.7,"(-0.0510805, -0.0261248, -2.16583e-05)","(-0.191944, 0.978155, 0.0798105)","(0.790848, -0.161753, 0.59025)","(0.987113, -0.152811, -0.047495)","(0.979061, -0.0459762, 0.198305)","(0.946735, -0.032282, 0.320393)","(0.800778, -0.52363, 0.290801)","(0.0533742, -0.989826, -0.131891)","(0.483008, -0.874927, 0.0347345)","(-0.313003, -0.904099, -0.290921)",0
40.7333,"(-0.0510805, -0.0261248, -2.16583e-05)","(-0.189045, 0.978218, 0.0857385)","(0.816384, -0.141059, 0.560018)","(0.988866, -0.122294, -0.0847796)","(0.985289, 0.0105247, 0.170574)","(0.946567, 0.0299914, 0.32111)","(0.802376, -0.545451, 0.24223)","(0.060974, -0.989181, -0.133427)","(0.405335, -0.914164, 0.00293631)","(-0.317563, -0.905565, -0.281258)",0
40.7667,"(-0.0510805, -0.0261248, -2.16583e-05)","(-0.169189, 0.982212, 0.0814592)","(0.812567, -0.0980107, 0.574568)","(0.989674, -0.0917434, -0.110129)","(0.978711, 0.139946, 0.150134)","(0.920414, 0.197058, 0.337648)","(0.781309, -0.59911, 0.174994)","(0.0563929, -0.990833, -0.122761)","(0.294261, -0.955296, -0.0286176)","(-0.31899, -0.910199, -0.264166)",0
40.8,"(-0.0510805, -0.0261248, -2.16583e-05)","(-0.13774, 0.987326, 0.078834)","(0.769272, -0.0533728, 0.636688)","(0.995081, -0.0928059, -0.0346478)","(0.912686, 0.381311, 0.146993)","(0.807555, 0.42114, 0.412911)","(0.737295, -0.667045, 0.106991)","(1.76694e-05, -0.994406, -0.105623)","(0.115598, -0.991267, -0.0634624)","(-0.304269, -0.923382, -0.234063)",0
40.8333,"(-0.0484344, -0.021846, 6.44042e-06)","(-0.101178, 0.991382, 0.083213)","(0.679293, 0.0111062, 0.733783)","(0.996909, -0.0385782, 0.0684434)","(0.713889, 0.648152, 0.265069)","(0.535698, 0.685757, 0.492712)","(0.652608, -0.755011, 0.0637193)","(-0.0676303, -0.993702, -0.0893453)","(-0.0867294, -0.990914, -0.102799)","(-0.294261, -0.929372, -0.222887)",0
40.8667,"(-0.0471729, -0.0181566, 6.11222e-06)","(-0.0664347, 0.995116, 0.073009)","(0.471801, 0.0887812, 0.877224)","(0.98838, 0.14549, -0.0440158)","(0.441629, 0.836607, 0.324117)","(0.188041, 0.945333, 0.266431)","(0.521223, -0.853109, 0.0230593)","(-0.122671, -0.990193, -0.0668525)","(-0.256696, -0.961648, -0.0966467)","(-0.288722, -0.941157, -0.17568)",0
40.9,"(-0.0456576, -0.0139136, 3.09339e-07)","(-0.0418375, 0.997803, 0.0513701)","(0.0890052, 0.435175, 0.895936)","(0.861858, 0.417977, -0.287222)","(0.339336, 0.938136, 0.0689337)","(-0.185535, 0.976764, -0.107275)","(0.359713, -0.932742, -0.0244614)","(-0.137447, -0.990182, -0.0254519)","(-0.303922, -0.950141, -0.069733)","(-0.291327, -0.948573, -0.123851)",0
40.9333,"(-0.0440965, -0.010264, -8.66302e-06)","(-0.0309528, 0.999161, 0.0268071)","(-0.439528, 0.692638, 0.571898)","(0.629824, 0.62459, -0.461746)","(0.431848, 0.82759, -0.35861)","(-0.316081, 0.821963, -0.473781)","(0.198137, -0.979116, -0.045525)","(-0.153449, -0.987989, 0.0181892)","(-0.266704, -0.962723, -0.0451029)","(-0.289937, -0.952931, -0.0886541)",0
40.9667,"(-0.0423888, -0.00760663, -1.80049e-05)","(-0.036354, 0.999051, 0.0239894)","(-0.647698, 0.756208, 0.0929314)","(0.518678, 0.715229, -0.468423)","(0.502985, 0.539589, -0.675166)","(-0.355274, 0.772157, -0.526833)","(0.0725717, -0.996462, -0.0423842)","(-0.172791, -0.984538, 0.0287648)","(-0.197429, -0.979868, -0.0296576)","(-0.292767, -0.950794, -0.101379)",0
41,"(-0.0423888, -0.00760663, -1.80049e-05)","(-0.0455909, 0.998657, 0.0246276)","(-0.697645, 0.710348, -0.093261)","(0.505785, 0.729308, -0.460751)","(0.556303, 0.418043, -0.718169)","(-0.357172, 0.786129, -0.504409)","(-0.0186012, -0.999053, -0.0393347)","(-0.189735, -0.981057, 0.0390884)","(-0.135053, -0.990318, -0.0321188)","(-0.303359, -0.945883, -0.115235)",0
41.0333,"(-0.0383979, -0.00921701, -3.18259e-05)","(-0.0404784, 0.99889, 0.0240935)","(-0.650662, 0.749865, -0.119754)","(0.569547, 0.700096, -0.430677)","(0.568266, 0.378417, -0.730667)","(-0.41954, 0.807846, -0.413969)","(-0.075037, -0.996114, -0.0461214)","(-0.191196, -0.979416, 0.0647202)","(-0.0658229, -0.994998, -0.0751427)","(-0.323299, -0.935659, -0.141495)",0
41.0667,"(-0.0361515, -0.0125082, -2.62121e-05)","(-0.0360606, 0.99899, 0.0268161)","(-0.654366, 0.753545, -0.0630491)","(0.689446, 0.631951, -0.35398)","(0.600616, 0.379235, -0.703876)","(-0.464659, 0.835584, -0.293071)","(-0.108133, -0.99285, -0.0505527)","(-0.181428, -0.979258, 0.0902047)","(-0.0525614, -0.990967, -0.123376)","(-0.351354, -0.919361, -0.176991)",0
41.1,"(-0.0338264, -0.0168942, -1.86734e-05)","(-0.0365959, 0.998441, 0.0421414)","(-0.675904, 0.722881, 0.143514)","(0.856236, 0.4908, -0.161166)","(0.754281, 0.444245, -0.483432)","(-0.512697, 0.850043, -0.120699)","(-0.131303, -0.990167, -0.0482619)","(-0.138858, -0.972659, 0.186151)","(-0.0402032, -0.975694, -0.215417)","(-0.384786, -0.882884, -0.269175)",0
41.1333,"(-0.0311892, -0.0223617, -9.26969e-06)","(-0.0443373, 0.997157, 0.0609357)","(-0.734327, 0.548081, 0.400464)","(0.976249, 0.208251, 0.0597392)","(0.871974, 0.481639, -0.0876703)","(-0.452276, 0.871496, 0.189584)","(-0.117991, -0.991924, -0.0465298)","(-0.0442258, -0.951368, 0.304865)","(-0.0513249, -0.955796, -0.289517)","(-0.429434, -0.807606, -0.404177)",1
41.1667,"(-0.0283111, -0.0274963, -1.58972e-06)","(-0.0524005, 0.995843, 0.0745064)","(-0.741748, 0.324622, 0.586882)","(0.967384, -0.109043, 0.228644)","(0.820909, 0.496405, 0.282295)","(-0.349231, 0.830875, 0.433226)","(-0.097216, -0.994298, -0.043815)","(0.0647207, -0.900349, 0.43033)","(-0.0530504, -0.920949, -0.386056)","(-0.424492, -0.705359, -0.567693)",0
41.2,"(-0.0254108, -0.0326157, 6.4123e-06)","(-0.0520895, 0.996391, 0.0670234)","(-0.806305, 0.144964, 0.573461)","(0.890157, -0.33453, 0.309369)","(0.696486, 0.535288, 0.477885)","(-0.237136, 0.777696, 0.582199)","(-0.0635921, -0.99762, -0.0266354)","(0.164695, -0.856868, 0.488522)","(-0.0793722, -0.89133, -0.446354)","(-0.371725, -0.631741, -0.680238)",0
41.2333,"(-0.0225794, -0.0383075, 1.34628e-05)","(-0.040675, 0.996889, 0.0675108)","(-0.863131, 0.0136791, 0.504794)","(0.768058, -0.481483, 0.42221)","(0.569037, 0.595963, 0.566591)","(-0.240611, 0.730885, 0.638681)","(-0.0441754, -0.998958, -0.0114506)","(0.226622, -0.852748, 0.470599)","(-0.120085, -0.866718, -0.484127)","(-0.248952, -0.630681, -0.735026)",0
41.2667,"(-0.0197699, -0.042066, 1.95871e-05)","(-0.0149219, 0.997025, 0.0756217)","(-0.891204, -0.0571834, 0.449984)","(0.584534, -0.551283, 0.595321)","(0.449691, 0.516013, 0.729047)","(-0.359039, 0.626002, 0.692251)","(-0.0354851, -0.999364, 0.00356326)","(0.284763, -0.851652, 0.439999)","(-0.161922, -0.858368, -0.486812)","(-0.110363, -0.685257, -0.719891)",0
41.3,"(-0.01717, -0.0442423, 2.30881e-05)","(0.0228617, 0.995836, 0.0882501)","(-0.914069, -0.186432, 0.360168)","(0.331678, -0.630246, 0.701982)","(0.28274, 0.220575, 0.933491)","(-0.491796, 0.454295, 0.742801)","(-0.0403775, -0.999107, 0.0124095)","(0.333119, -0.885897, 0.322829)","(-0.204032, -0.869809, -0.449225)","(0.0557134, -0.768377, -0.637567)",0
41.3333,"(-0.0144176, -0.0461254, 2.27947e-05)","(0.0634605, 0.994995, 0.0771808)","(-0.908138, -0.386597, 0.16071)","(0.115017, -0.691661, 0.713005)","(-0.0113993, -0.212709, 0.977049)","(-0.615822, 0.296761, 0.729861)","(-0.0524455, -0.998435, 0.0194443)","(0.379338, -0.896967, 0.227054)","(-0.241026, -0.8828, -0.403201)","(0.191388, -0.828834, -0.525741)",0
41.3667,"(-0.011236, -0.0473989, 1.94963e-05)","(0.106022, 0.99268, 0.0578383)","(-0.743669, -0.654294, -0.137316)","(-0.0779376, -0.780778, 0.619928)","(-0.354255, -0.540594, 0.76306)","(-0.716652, 0.109238, 0.688823)","(-0.0690109, -0.997388, 0.0213059)","(0.41726, -0.899767, 0.127721)","(-0.246973, -0.89787, -0.364465)","(0.311109, -0.851841, -0.4214)",0
41.4,"(-0.00711558, -0.0473101, 1.12405e-05)","(0.140585, 0.988359, 0.0581632)","(-0.44323, -0.861655, -0.247179)","(-0.192295, -0.854612, 0.48235)","(-0.474743, -0.686522, 0.550733)","(-0.820085, -0.0374078, 0.571018)","(-0.0878139, -0.996072, 0.0113857)","(0.441131, -0.892905, 0.0901313)","(-0.231472, -0.907869, -0.349563)","(0.380812, -0.83904, -0.388579)",0
41.4333,"(-0.00201584, -0.0482062, 5.16595e-06)","(0.164, 0.98379, 0.0725281)","(-0.201953, -0.946076, -0.253289)","(-0.290154, -0.881745, 0.371936)","(-0.482565, -0.784542, 0.389391)","(-0.880543, -0.233512, 0.412451)","(-0.111615, -0.993736, 0.00559479)","(0.433253, -0.89986, 0.0504364)","(-0.212194, -0.918472, -0.33374)","(0.424618, -0.803939, -0.41639)",0
41.4667,"(0.00392387, -0.0497231, 2.49217e-06)","(0.180063, 0.980462, 0.0791964)","(-0.0831809, -0.977675, -0.192957)","(-0.371209, -0.882217, 0.289651)","(-0.415312, -0.852999, 0.316084)","(-0.868153, -0.404935, 0.286946)","(-0.140926, -0.989925, -0.0137034)","(0.402779, -0.915009, 0.0229706)","(-0.204671, -0.922408, -0.327525)","(0.433239, -0.777784, -0.455364)",0
41.5,"(0.0104611, -0.0514929, 3.43304e-06)","(0.188067, 0.979625, 0.0704664)","(-0.0855628, -0.975923, -0.200632)","(-0.450501, -0.853089, 0.263226)","(-0.384704, -0.887853, 0.252429)","(-0.793059, -0.578681, 0.190222)","(-0.172758, -0.984754, -0.0203525)","(0.370202, -0.928946, 0.00303745)","(-0.214617, -0.922009, -0.322241)","(0.423032, -0.762855, -0.488974)",0
41.5333,"(0.0170467, -0.0534005, 4.68618e-06)","(0.19165, 0.979529, 0.0615928)","(-0.122796, -0.974127, -0.18973)","(-0.491537, -0.841851, 0.222887)","(-0.366989, -0.903562, 0.22112)","(-0.711277, -0.685299, 0.156368)","(-0.210698, -0.976754, -0.0394665)","(0.354029, -0.935187, 0.00945401)","(-0.224745, -0.915886, -0.33263)","(0.404784, -0.773921, -0.487028)",0
41.5667,"(0.0229645, -0.0556641, 5.10276e-06)","(0.189031, 0.979719, 0.0664635)","(-0.150097, -0.975723, -0.159485)","(-0.492541, -0.847518, 0.197779)","(-0.302039, -0.928297, 0.216881)","(-0.681024, -0.722765, 0.117546)","(-0.238383, -0.970114, -0.0453045)","(0.348991, -0.936922, 0.0195614)","(-0.241835, -0.905739, -0.348071)","(0.380927, -0.784516, -0.489315)",0
41.6,"(0.0283578, -0.0581516, 5.13992e-06)","(0.18659, 0.978011, 0.093162)","(-0.16196, -0.9735, -0.161454)","(-0.471253, -0.864259, 0.176003)","(-0.366567, -0.900259, 0.234867)","(-0.73828, -0.665605, 0.109141)","(-0.266993, -0.962031, -0.0566736)","(0.346624, -0.937254, 0.0375139)","(-0.238221, -0.898871, -0.367806)","(0.359332, -0.787534, -0.50067)",0
41.6333,"(0.0332802, -0.0606376, 4.68562e-06)","(0.181376, 0.976202, 0.118879)","(-0.187347, -0.965706, -0.179757)","(-0.426669, -0.886716, 0.178015)","(-0.514696, -0.800349, 0.307456)","(-0.80603, -0.565674, 0.174154)","(-0.287103, -0.956096, -0.0587604)","(0.343742, -0.937536, 0.053545)","(-0.245293, -0.88853, -0.387745)","(0.343921, -0.789128, -0.508916)",0
41.6667,"(0.0376051, -0.063663, -4.28734e-07)","(0.169179, 0.977647, 0.124841)","(-0.229047, -0.951757, -0.204196)","(-0.314508, -0.919786, 0.234688)","(-0.696341, -0.508528, 0.506466)","(-0.863416, -0.330786, 0.38091)","(-0.31028, -0.948922, -0.0572055)","(0.328268, -0.941848, 0.0718568)","(-0.248631, -0.882546, -0.399118)","(0.33363, -0.787856, -0.517662)",0
41.7,"(0.041106, -0.0675589, -2.21236e-06)","(0.142784, 0.984332, 0.103454)","(-0.29093, -0.949276, -0.119314)","(-0.124628, -0.928333, 0.350237)","(-0.652207, -0.132056, 0.74645)","(-0.753348, -0.0270022, 0.657067)","(-0.327271, -0.943399, -0.0537815)","(0.301029, -0.950356, 0.0787724)","(-0.261912, -0.875191, -0.406746)","(0.330695, -0.788418, -0.518689)",0
41.7333,"(0.0439993, -0.0708753, -5.05166e-06)","(0.106188, 0.991126, 0.0799633)","(-0.326656, -0.941556, 0.0822684)","(0.116912, -0.867216, 0.484013)","(-0.411752, 0.229292, 0.881978)","(-0.479412, 0.280398, 0.831589)","(-0.340693, -0.940154, -0.00621021)","(0.270213, -0.960388, 0.0681224)","(-0.254271, -0.877984, -0.405575)","(0.325532, -0.78511, -0.526907)",0
41.7667,"(0.0462502, -0.0741195, -8.19444e-06)","(0.0624998, 0.996421, 0.0569059)","(-0.337342, -0.882068, 0.328871)","(0.284851, -0.753663, 0.592328)","(-0.0587079, 0.393214, 0.917571)","(-0.211511, 0.34059, 0.916112)","(-0.362865, -0.929621, 0.0642971)","(0.249665, -0.963805, 0.0935213)","(-0.236309, -0.871366, -0.429975)","(0.30702, -0.779419, -0.546118)",0
41.8,"(0.0478351, -0.0770112, -1.34995e-05)","(0.0127521, 0.996981, 0.0765972)","(-0.272034, -0.775038, 0.570363)","(0.387579, -0.603571, 0.696767)","(0.262889, 0.391096, 0.882005)","(-0.0246893, 0.19577, 0.980339)","(-0.395399, -0.909633, 0.127391)","(0.241087, -0.961189, 0.134133)","(-0.213081, -0.865566, -0.453202)","(0.27612, -0.772453, -0.571905)",0
41.8333,"(0.0489404, -0.0798979, -1.43365e-05)","(-0.0395713, 0.994479, 0.0971915)","(-0.178832, -0.682657, 0.708518)","(0.466051, -0.50013, 0.729839)","(0.571833, 0.280273, 0.771009)","(0.0370427, 0.00466716, 0.999303)","(-0.418153, -0.898658, 0.132518)","(0.23612, -0.949253, 0.207766)","(-0.206602, -0.856229, -0.473484)","(0.25805, -0.781357, -0.568235)",0
41.8667,"(0.0489404, -0.0798979, -1.43365e-05)","(-0.0923281, 0.987648, 0.126602)","(-0.0342471, -0.621029, 0.783039)","(0.651286, -0.656596, 0.380405)","(0.751246, 0.162117, 0.639803)","(0.542703, -0.213986, 0.812209)","(-0.422758, -0.901927, 0.0883393)","(0.234059, -0.942969, 0.236696)","(-0.204139, -0.834948, -0.511066)","(0.260499, -0.793415, -0.550121)",1
41.9,"(0.0507761, -0.0821557, -2.1618e-05)","(-0.132711, 0.985095, 0.109433)","(0.0835059, -0.681349, 0.72718)","(0.53876, -0.828392, -0.153312)","(0.837822, 0.043059, 0.544243)","(0.858455, -0.448154, 0.249424)","(-0.40469, -0.914001, 0.0287735)","(0.236551, -0.942646, 0.235505)","(-0.210141, -0.814697, -0.540472)","(0.280075, -0.814812, -0.507582)",0
41.9333,"(0.0507761, -0.0821557, -2.1618e-05)","(-0.167525, 0.981296, 0.0948349)","(0.227653, -0.792226, 0.566173)","(0.243902, -0.867376, -0.433787)","(0.924261, -0.133861, 0.357524)","(0.813353, -0.574555, -0.0913446)","(-0.389557, -0.920348, -0.0347129)","(0.240626, -0.948368, 0.206635)","(-0.21411, -0.78834, -0.576781)","(0.296158, -0.829652, -0.473253)",0
41.9667,"(0.0507761, -0.0821557, -2.1618e-05)","(-0.195823, 0.976797, 0.086719)","(0.297351, -0.887445, 0.352171)","(0.0470778, -0.963097, -0.265006)","(0.93326, -0.318859, 0.165394)","(0.621468, -0.745779, 0.239981)","(-0.364426, -0.927691, -0.0811353)","(0.249116, -0.954474, 0.164077)","(-0.245326, -0.785703, -0.567879)","(0.30356, -0.842959, -0.444154)",0
42,"(0.0504979, -0.0799791, -2.74482e-05)","(-0.215828, 0.971831, 0.0946681)","(0.33486, -0.92475, 0.180849)","(-0.0617023, -0.980634, -0.185876)","(0.894949, -0.443668, -0.0471653)","(0.482468, -0.811377, 0.329988)","(-0.33167, -0.93697, -0.109917)","(0.256959, -0.957888, 0.128149)","(-0.2777, -0.775349, -0.5672)","(0.308801, -0.845496, -0.435636)",0
42.0333,"(0.0504979, -0.0799791, -2.74482e-05)","(-0.222937, 0.96972, 0.0997091)","(0.317694, -0.940654, 0.119339)","(-0.0874667, -0.977345, -0.192732)","(0.860181, -0.506162, -0.0623624)","(0.440459, -0.820617, 0.364119)","(-0.299134, -0.946443, -0.121506)","(0.265512, -0.958782, 0.101196)","(-0.303091, -0.771158, -0.559867)","(0.313045, -0.840433, -0.442352)",0
42.0667,"(0.0486778, -0.0774772, -2.92019e-05)","(-0.219347, 0.970032, 0.104524)","(0.312313, -0.945163, 0.0955368)","(-0.0553134, -0.978844, -0.196989)","(0.849874, -0.525827, -0.0349266)","(0.396274, -0.844191, 0.360981)","(-0.275714, -0.952627, -0.128385)","(0.269819, -0.958617, 0.0908403)","(-0.311624, -0.769771, -0.557084)","(0.325837, -0.834599, -0.444156)",0
42.1,"(0.0486778, -0.0774772, -2.92019e-05)","(-0.211701, 0.969438, 0.123985)","(0.318188, -0.944839, 0.0776874)","(0.0272177, -0.973367, -0.227631)","(0.863138, -0.504898, -0.00845894)","(0.446676, -0.822885, 0.351199)","(-0.269977, -0.953864, -0.131365)","(0.277175, -0.956545, 0.0905306)","(-0.308233, -0.77239, -0.555343)","(0.345636, -0.826266, -0.44477)",0
42.1333,"(0.0455523, -0.0763507, -2.74979e-05)","(-0.204775, 0.968828, 0.139424)","(0.321644, -0.94328, 0.0822723)","(0.146835, -0.95709, -0.249835)","(0.907861, -0.414773, 0.0612436)","(0.546968, -0.776088, 0.313867)","(-0.27036, -0.953888, -0.130395)","(0.284877, -0.954724, 0.0857214)","(-0.298839, -0.776866, -0.554233)","(0.369367, -0.820075, -0.437088)",0
42.1667,"(0.0434543, -0.0762914, -2.6711e-05)","(-0.183097, 0.975163, 0.124631)","(0.328283, -0.92025, 0.213002)","(0.264116, -0.946883, -0.183455)","(0.958542, -0.167483, 0.230534)","(0.685828, -0.50755, 0.521567)","(-0.281828, -0.953909, -0.103107)","(0.296469, -0.950772, 0.0902096)","(-0.259521, -0.780937, -0.568143)","(0.388446, -0.810822, -0.43781)",0
42.2,"(0.0408925, -0.0760714, -2.26591e-05)","(-0.148832, 0.984455, 0.0932554)","(0.273059, -0.852725, 0.445308)","(0.390557, -0.920579, -0.000240603)","(0.857488, 0.131849, 0.497323)","(0.661002, -0.0189147, 0.750146)","(-0.292165, -0.95462, -0.0577924)","(0.307444, -0.947082, 0.0922663)","(-0.214967, -0.787464, -0.577659)","(0.395637, -0.80775, -0.437047)",0
42.2333,"(0.037983, -0.0751586, -1.72105e-05)","(-0.0959326, 0.991883, 0.083455)","(0.125477, -0.638178, 0.759595)","(0.543156, -0.795214, 0.269473)","(0.604253, 0.460022, 0.650583)","(0.346825, 0.480764, 0.805343)","(-0.30241, -0.953177, 0.00136337)","(0.318115, -0.942232, 0.10489)","(-0.169085, -0.809663, -0.56201)","(0.39775, -0.816506, -0.418465)",0
42.2667,"(0.035107, -0.0736931, -1.29015e-05)","(-0.0481292, 0.993664, 0.101568)","(-0.0907615, -0.397311, 0.913185)","(0.714745, -0.569257, 0.406307)","(0.383281, 0.631088, 0.674406)","(0.0977677, 0.727357, 0.679259)","(-0.305596, -0.951327, 0.0398387)","(0.324481, -0.939014, 0.113866)","(-0.146668, -0.829151, -0.539441)","(0.393253, -0.828258, -0.399175)",0
42.3,"(0.0329048, -0.0710731, -7.73783e-06)","(-0.0089431, 0.994807, 0.101385)","(-0.307562, -0.22905, 0.923548)","(0.730115, -0.443388, 0.519941)","(0.277206, 0.708856, 0.648598)","(-0.0377046, 0.754202, 0.655559)","(-0.30613, -0.951082, 0.041552)","(0.324503, -0.938148, 0.120729)","(-0.131889, -0.855186, -0.50126)","(0.39035, -0.840126, -0.376585)",0
42.3333,"(0.0314407, -0.0671447, -2.08971e-06)","(0.0146901, 0.996902, 0.0772707)","(-0.442225, -0.266752, 0.856318)","(0.661112, -0.44065, 0.607255)","(0.292233, 0.670179, 0.682246)","(-0.0950516, 0.67405, 0.732545)","(-0.30354, -0.952461, 0.0260938)","(0.319906, -0.940516, 0.114412)","(-0.126255, -0.863982, -0.487436)","(0.38587, -0.840486, -0.380379)",0
42.3667,"(0.0305242, -0.0634323, 1.02354e-06)","(0.0248432, 0.998245, 0.0537584)","(-0.490729, -0.454759, 0.743222)","(0.464962, -0.600906, 0.650172)","(0.276783, 0.641815, 0.715168)","(-0.0605067, 0.606135, 0.793057)","(-0.299527, -0.953768, 0.0247235)","(0.311808, -0.944296, 0.105269)","(-0.127404, -0.86929, -0.477601)","(0.380991, -0.837267, -0.392211)",0
42.4,"(0.0300918, -0.0604318, 2.68546e-06)","(0.0243551, 0.997754, 0.062394)","(-0.431003, -0.684345, 0.58814)","(0.353066, -0.749782, 0.559618)","(0.218747, 0.522983, 0.823795)","(-0.0322767, 0.437441, 0.898668)","(-0.29462, -0.954717, 0.0414166)","(0.303515, -0.94885, 0.0869577)","(-0.13199, -0.853125, -0.504734)","(0.367065, -0.816097, -0.446373)",0
42.4333,"(0.0300509, -0.0581821, 1.86621e-06)","(0.0218541, 0.997349, 0.0694087)","(-0.315036, -0.874649, 0.368432)","(0.26187, -0.89514, 0.36076)","(0.0317813, 0.27988, 0.959509)","(0.0543483, 0.150018, 0.987188)","(-0.289613, -0.956139, 0.0438431)","(0.296816, -0.952157, 0.0727882)","(-0.135258, -0.828263, -0.543769)","(0.346863, -0.795028, -0.497611)",0
42.4667,"(0.0300509, -0.0581821, 1.86621e-06)","(0.0298499, 0.995382, 0.0912318)","(-0.204166, -0.970633, 0.127233)","(0.21631, -0.963495, 0.157757)","(-0.188613, -0.309616, 0.931967)","(0.117671, -0.453905, 0.883246)","(-0.281946, -0.959121, 0.02437)","(0.295977, -0.95469, 0.0310676)","(-0.142433, -0.809511, -0.569566)","(0.324783, -0.771761, -0.546718)",1
42.5,"(0.0309558, -0.0648943, 6.28355e-06)","(0.0405723, 0.993015, 0.110789)","(-0.126045, -0.990881, -0.0476233)","(0.16256, -0.986699, 0.000455826)","(-0.297895, -0.714215, 0.633368)","(0.125867, -0.797335, 0.590266)","(-0.28222, -0.959324, 0.00698224)","(0.301155, -0.953575, -0.000402125)","(-0.151824, -0.807007, -0.570692)","(0.310838, -0.761097, -0.569307)",0
42.5333,"(0.032336, -0.0704642, 7.91927e-06)","(0.0485082, 0.988561, 0.14281)","(-0.0807476, -0.98624, -0.144261)","(0.0995402, -0.990254, -0.0974107)","(-0.288584, -0.88523, 0.364811)","(0.0881354, -0.912375, 0.399755)","(-0.296323, -0.955074, 0.0051349)","(0.311129, -0.949695, -0.0357576)","(-0.153794, -0.810121, -0.565731)","(0.299718, -0.734328, -0.609041)",0
42.5667,"(0.0345539, -0.0753522, 9.93577e-06)","(0.0441449, 0.986875, 0.155337)","(-0.0728809, -0.984969, -0.156602)","(0.0612283, -0.991641, -0.113574)","(-0.270348, -0.902638, 0.334897)","(0.0701079, -0.912232, 0.40363)","(-0.321044, -0.946984, 0.0123615)","(0.31733, -0.94716, -0.0467962)","(-0.163779, -0.82526, -0.540484)","(0.292685, -0.725642, -0.62272)",0
42.6,"(0.0371331, -0.0764539, 1.4075e-05)","(0.0298726, 0.987593, 0.154169)","(-0.0774594, -0.977645, -0.195477)","(0.049623, -0.991825, -0.117562)","(-0.297108, -0.898598, 0.322874)","(0.0785719, -0.915084, 0.395535)","(-0.338424, -0.940793, 0.0194444)","(0.312518, -0.948982, -0.0420172)","(-0.183991, -0.833378, -0.521181)","(0.271662, -0.728481, -0.628899)",0
42.6333,"(0.0396042, -0.0703286, 1.62774e-05)","(0.0107857, 0.988916, 0.148082)","(-0.129742, -0.961535, -0.242112)","(0.135179, -0.979902, -0.146691)","(-0.304842, -0.891804, 0.3343)","(0.0685128, -0.926219, 0.370708)","(-0.330148, -0.943821, 0.0142516)","(0.296562, -0.954373, -0.0349622)","(-0.22229, -0.84548, -0.485542)","(0.262005, -0.744596, -0.613947)",0
42.6667,"(0.041754, -0.0564785, 1.83441e-05)","(-0.00633495, 0.988795, 0.149146)","(-0.256654, -0.91543, -0.310028)","(0.314259, -0.929001, -0.195445)","(-0.257961, -0.90358, 0.342052)","(0.00330316, -0.931493, 0.363743)","(-0.27972, -0.959974, -0.0143742)","(0.275658, -0.961086, -0.0180538)","(-0.235516, -0.8626, -0.44772)","(0.273859, -0.779119, -0.563893)",0
42.7,"(0.0428852, -0.0402292, 1.93093e-05)","(-0.0143884, 0.988554, 0.15018)","(-0.436198, -0.830792, -0.345711)","(0.549691, -0.809678, -0.205576)","(-0.228588, -0.88821, 0.398535)","(-0.0464777, -0.92426, 0.378924)","(-0.193219, -0.980165, -0.0440765)","(0.256006, -0.966675, -0.000565766)","(-0.182824, -0.886861, -0.424326)","(0.339304, -0.797304, -0.499178)",0
42.7333,"(0.0429304, -0.020935, 1.88241e-05)","(-0.019235, 0.988693, 0.148714)","(-0.649403, -0.736562, -0.189082)","(0.750157, -0.641828, -0.159126)","(-0.208294, -0.789792, 0.576925)","(0.0460468, -0.8585, 0.510742)","(-0.102065, -0.994745, 0.00806085)","(0.237408, -0.970733, 0.0362711)","(-0.0562389, -0.896909, -0.438624)","(0.417372, -0.779096, -0.467772)",0
42.7667,"(0.0423385, -0.00331751, 1.22498e-05)","(-0.0223552, 0.988416, 0.150115)","(-0.799703, -0.599322, 0.0358841)","(0.858211, -0.513222, 0.00877001)","(-0.334202, -0.565627, 0.753907)","(0.302259, -0.681514, 0.666467)","(-0.00193103, -0.991956, 0.126571)","(0.223877, -0.973564, 0.0452978)","(0.095904, -0.889465, -0.446827)","(0.501045, -0.661525, -0.557977)",0
42.8,"(0.0413303, 0.00850656, 5.45015e-06)","(-0.0209661, 0.984819, 0.172316)","(-0.910405, -0.407384, 0.0721166)","(0.913701, -0.387196, 0.123409)","(-0.635211, -0.310227, 0.707295)","(0.610535, -0.396421, 0.685637)","(0.0813812, -0.977264, 0.195785)","(0.18344, -0.977351, 0.105521)","(0.206249, -0.890153, -0.406311)","(0.603284, -0.469828, -0.644446)",0
42.8333,"(0.0400689, 0.0165651, -9.29413e-07)","(-0.0140662, 0.975411, 0.219944)","(-0.967843, -0.23188, -0.0975314)","(0.935883, -0.289794, 0.200357)","(-0.889058, -0.0939236, 0.448055)","(0.800899, -0.14804, 0.580212)","(0.16169, -0.97029, 0.179983)","(0.130575, -0.983153, 0.127912)","(0.250764, -0.907493, -0.337008)","(0.686841, -0.275105, -0.672731)",0
42.8667,"(0.0390536, 0.0215299, -7.37603e-06)","(-0.00701915, 0.96049, 0.278226)","(-0.957555, -0.101096, -0.26994)","(0.966277, -0.192501, 0.171033)","(-0.984224, 0.000320222, 0.176929)","(0.883863, -0.00273276, 0.467739)","(0.195317, -0.976706, 0.0888664)","(0.0597133, -0.985468, 0.159022)","(0.257145, -0.926355, -0.275212)","(0.749619, -0.158143, -0.642699)",0
42.9,"(0.0390536, 0.0215299, -7.37603e-06)","(-0.00376134, 0.950362, 0.311124)","(-0.9649, -0.0829962, -0.249159)","(0.97469, -0.152755, 0.163233)","(-0.984639, -0.0187643, 0.173592)","(0.897585, 0.0417657, 0.438859)","(0.201678, -0.97899, 0.0300865)","(-0.0111577, -0.984243, 0.176471)","(0.261958, -0.930037, -0.257698)","(0.768794, -0.137195, -0.624607)",0
42.9333,"(0.0377395, 0.0190288, -1.51596e-05)","(-0.00336009, 0.948123, 0.317887)","(-0.96741, -0.11242, -0.22689)","(0.971308, -0.16949, 0.166834)","(-0.977177, -0.113873, 0.179326)","(0.891915, -0.0100109, 0.452093)","(0.18574, -0.981989, -0.0346249)","(-0.114155, -0.94337, 0.311482)","(0.26991, -0.930122, -0.249041)","(0.783432, -0.183282, -0.593837)",0
42.9667,"(0.0374028, 0.0168409, -2.13834e-05)","(-0.00439599, 0.956911, 0.290347)","(-0.961392, -0.186638, -0.202214)","(0.959559, -0.229864, 0.162508)","(-0.911065, -0.338148, 0.235829)","(0.849927, -0.150623, 0.504912)","(0.170756, -0.983393, -0.061479)","(-0.193013, -0.846047, 0.496941)","(0.27884, -0.921897, -0.268988)","(0.77984, -0.314273, -0.54137)",0
43,"(0.036664, 0.0107985, -2.82113e-05)","(-0.00622213, 0.963574, 0.267368)","(-0.927428, -0.275022, -0.253458)","(0.931925, -0.329174, 0.152183)","(-0.765854, -0.604644, 0.218798)","(0.731387, -0.380978, 0.565622)","(0.171096, -0.982792, -0.0696081)","(-0.251787, -0.756126, 0.604051)","(0.280926, -0.91822, -0.2792)","(0.714879, -0.498739, -0.49011)",0
43.0333,"(0.0357098, 0.00341892, -3.35325e-05)","(-0.00663815, 0.969725, 0.244111)","(-0.872913, -0.374065, -0.313207)","(0.892828, -0.436641, 0.110465)","(-0.431558, -0.877041, 0.211086)","(0.479505, -0.64646, 0.593435)","(0.180869, -0.980953, -0.0708329)","(-0.251693, -0.723983, 0.642261)","(0.330264, -0.855205, -0.399437)","(0.504243, -0.785422, -0.358958)",1
43.0667,"(0.0342767, -0.00447582, -3.58668e-05)","(-0.00672241, 0.978644, 0.205452)","(-0.741004, -0.514991, -0.430927)","(0.816864, -0.574609, 0.050571)","(-0.103638, -0.969554, 0.221866)","(0.120571, -0.837664, 0.532712)","(0.193445, -0.978016, -0.0778642)","(-0.260818, -0.750686, 0.606996)","(0.336776, -0.847595, -0.410079)","(0.224145, -0.936445, -0.269871)",0
43.1,"(0.0323638, -0.0151127, -3.5045e-05)","(0.00190361, 0.986119, 0.166029)","(-0.544778, -0.674431, -0.498357)","(0.67841, -0.734683, 0.00102254)","(0.135009, -0.943564, 0.302424)","(-0.195816, -0.898233, 0.393489)","(0.19657, -0.977282, -0.0792516)","(-0.264541, -0.857709, 0.440856)","(0.337556, -0.856062, -0.391425)","(-0.0348767, -0.987111, -0.156188)",0
43.1333,"(0.029944, -0.0261672, -2.93706e-05)","(0.008915, 0.991791, 0.127557)","(-0.342142, -0.809363, -0.477359)","(0.50825, -0.859127, -0.0598536)","(0.19321, -0.914082, 0.356544)","(-0.3309, -0.896574, 0.294381)","(0.19481, -0.978588, -0.0664394)","(-0.269521, -0.94111, 0.204135)","(0.303129, -0.910326, -0.281813)","(-0.130653, -0.967249, -0.21762)",0
43.1667,"(0.0275709, -0.0347223, -2.2362e-05)","(0.0160089, 0.992392, 0.122069)","(-0.262812, -0.871691, -0.413623)","(0.382925, -0.919855, -0.085057)","(0.187987, -0.901643, 0.389488)","(-0.316544, -0.903402, 0.289249)","(0.188847, -0.98028, -0.0582058)","(-0.261669, -0.964997, 0.017605)","(0.312441, -0.903134, -0.294498)","(-0.183103, -0.955177, -0.232617)",0
43.2,"(0.0247398, -0.0412215, -1.77742e-05)","(0.0148506, 0.993284, 0.114743)","(-0.263845, -0.904659, -0.334631)","(0.349614, -0.928967, -0.121615)","(0.154244, -0.838939, 0.521911)","(-0.272891, -0.890922, 0.363027)","(0.173308, -0.983735, -0.0472222)","(-0.258568, -0.965947, -0.00942258)","(0.334727, -0.874203, -0.351748)","(-0.192467, -0.936144, -0.294262)",0
43.2333,"(0.0208619, -0.0452266, -1.53226e-05)","(0.0146093, 0.99467, 0.102072)","(-0.281187, -0.933251, -0.223552)","(0.36363, -0.927861, -0.0827504)","(0.0991821, -0.668716, 0.736873)","(-0.309294, -0.843087, 0.439934)","(0.16224, -0.986333, -0.0287231)","(-0.258547, -0.965978, 0.00632135)","(0.350468, -0.856116, -0.379786)","(-0.196421, -0.933801, -0.299055)",0
43.2667,"(0.0164992, -0.044301, -1.82871e-05)","(0.0364236, 0.99627, 0.0782333)","(-0.283171, -0.952697, -0.11037)","(0.393317, -0.919398, 0.00300377)","(-0.00424941, -0.507562, 0.861605)","(-0.374098, -0.699306, 0.609116)","(0.154906, -0.987929, 0.00110189)","(-0.257894, -0.960217, 0.10712)","(0.368839, -0.84607, -0.384869)","(-0.19408, -0.951043, -0.24052)",0
43.3,"(0.0114142, -0.0419859, -2.02953e-05)","(0.0748151, 0.995191, 0.0632248)","(-0.321866, -0.944973, -0.0585454)","(0.439875, -0.870138, 0.222194)","(-0.112786, -0.557633, 0.82239)","(-0.459263, -0.420088, 0.78269)","(0.162058, -0.986781, 0.000432397)","(-0.256561, -0.925881, 0.277347)","(0.365283, -0.854153, -0.370122)","(-0.190133, -0.973434, -0.127575)",0
43.3333,"(0.00555069, -0.0378442, -1.82615e-05)","(0.129244, 0.989925, 0.057836)","(-0.371721, -0.916335, -0.148841)","(0.478274, -0.776886, 0.409514)","(-0.218643, -0.760684, 0.611191)","(-0.47351, -0.0421891, 0.879778)","(0.16923, -0.985554, -0.00669114)","(-0.256505, -0.885949, 0.386394)","(0.356847, -0.852746, -0.381425)","(-0.188202, -0.982024, -0.0144254)",0
43.3667,"(-0.000947952, -0.033898, -1.50817e-05)","(0.180283, 0.980892, 0.0731365)","(-0.409715, -0.874334, -0.26014)","(0.520457, -0.631212, 0.575062)","(-0.295729, -0.870454, 0.393514)","(-0.492918, 0.231953, 0.838588)","(0.134586, -0.990867, 0.00832778)","(-0.254625, -0.912173, 0.321103)","(0.30986, -0.843534, -0.438675)","(-0.153543, -0.982997, -0.100704)",0
43.4,"(-0.00717076, -0.0304907, -5.85248e-06)","(0.23029, 0.97016, 0.0758709)","(-0.44295, -0.841198, -0.310131)","(0.605101, -0.491579, 0.626261)","(-0.335462, -0.897957, 0.284849)","(-0.503782, 0.36158, 0.784515)","(0.0553584, -0.997268, 0.048906)","(-0.25207, -0.92857, 0.272431)","(0.322665, -0.766793, -0.554901)","(-0.11025, -0.9803, -0.163878)",0
43.4333,"(-0.013002, -0.0277768, 1.99135e-06)","(0.277323, 0.956559, 0.0899296)","(-0.485158, -0.825865, -0.287349)","(0.689874, -0.242995, 0.681929)","(-0.36276, -0.903105, 0.229795)","(-0.553884, 0.377874, 0.741905)","(-0.065826, -0.984388, 0.16324)","(-0.240926, -0.949091, 0.202929)","(0.330893, -0.624822, -0.707183)","(-0.0665297, -0.957872, -0.279383)",0
43.4667,"(-0.0182296, -0.0253939, 7.5683e-06)","(0.315833, 0.944196, 0.0935006)","(-0.525464, -0.816267, -0.23999)","(0.747619, 0.0576954, 0.661617)","(-0.38148, -0.906072, 0.183051)","(-0.733151, 0.399298, 0.5505)","(-0.189941, -0.938799, 0.287365)","(-0.235966, -0.947539, 0.215617)","(0.38947, -0.499919, -0.773559)","(-0.0649458, -0.964523, -0.255887)",0
43.5,"(-0.0229056, -0.0231984, 8.06723e-06)","(0.344531, 0.933525, 0.0991475)","(-0.544122, -0.812531, -0.209104)","(0.727837, 0.33682, 0.597332)","(-0.413695, -0.90111, 0.129834)","(-0.837975, 0.458861, 0.295373)","(-0.308404, -0.844039, 0.438732)","(-0.224168, -0.963582, 0.145802)","(0.397408, -0.447534, -0.801112)","(-0.0592611, -0.948502, -0.311178)",0
43.5333,"(-0.0266865, -0.0198869, 6.7496e-06)","(0.36332, 0.927007, 0.0930381)","(-0.561303, -0.803355, -0.198898)","(0.681209, 0.510133, 0.525089)","(-0.463599, -0.877467, 0.122993)","(-0.795076, 0.590863, 0.136874)","(-0.455152, -0.753991, 0.473638)","(-0.214891, -0.967518, 0.133159)","(0.416403, -0.450932, -0.789474)","(-0.0458925, -0.94703, -0.31785)",0
43.5667,"(-0.0293343, -0.0154965, 7.69144e-06)","(0.376444, 0.921644, 0.0941377)","(-0.585574, -0.788524, -0.187969)","(0.617935, 0.632607, 0.466866)","(-0.498756, -0.856746, 0.131261)","(-0.692114, 0.715883, 0.0921445)","(-0.590653, -0.657156, 0.468268)","(-0.209828, -0.969297, 0.128204)","(0.401907, -0.456322, -0.793877)","(-0.0303615, -0.944962, -0.325768)",0
43.6,"(-0.0314361, -0.0104797, 1.19722e-05)","(0.385444, 0.916308, 0.108688)","(-0.615788, -0.770239, -0.165944)","(0.527761, 0.763426, 0.372356)","(-0.524734, -0.832797, 0.17636)","(-0.554533, 0.831078, -0.0424448)","(-0.71974, -0.554964, 0.417121)","(-0.215908, -0.968225, 0.126192)","(0.383753, -0.492365, -0.781223)","(-0.00349887, -0.939109, -0.343602)",0
43.6333,"(-0.0329312, -0.00470181, 1.51262e-05)","(0.392853, 0.910154, 0.131478)","(-0.639911, -0.752868, -0.153957)","(0.444419, 0.847933, 0.288965)","(-0.559083, -0.798394, 0.22359)","(-0.476773, 0.855204, -0.203256)","(-0.802832, -0.427788, 0.415281)","(-0.22317, -0.966555, 0.126359)","(0.355374, -0.587389, -0.727106)","(0.0247375, -0.930475, -0.36552)",0
43.6667,"(-0.0336232, 0.000977945, 1.71603e-05)","(0.402713, 0.902787, 0.15099)","(-0.665159, -0.732066, -0.147115)","(0.332761, 0.938135, 0.095774)","(-0.595842, -0.751595, 0.282979)","(-0.384703, 0.787436, -0.48161)","(-0.858721, -0.300245, 0.415273)","(-0.240422, -0.963401, 0.11856)","(0.326284, -0.672047, -0.66475)","(0.0620421, -0.917474, -0.392928)",0
43.7,"(-0.0336974, 0.00529687, 2.10056e-05)","(0.411074, 0.898845, 0.151973)","(-0.683209, -0.711932, -0.162413)","(0.148332, 0.986775, 0.0653635)","(-0.655202, -0.695808, 0.294214)","(-0.424583, 0.707591, -0.564841)","(-0.872086, -0.197011, 0.447943)","(-0.252537, -0.960209, 0.119264)","(0.296947, -0.747699, -0.593944)","(0.0809808, -0.915575, -0.393909)",0
43.7333,"(-0.0334462, 0.00840185, 1.54752e-05)","(0.421947, 0.897148, 0.130716)","(-0.711291, -0.682579, -0.167783)","(-0.128241, 0.991552, 0.0194433)","(-0.71008, -0.630396, 0.313666)","(-0.435943, 0.629664, -0.643022)","(-0.865997, -0.102379, 0.489457)","(-0.267024, -0.955324, 0.126705)","(0.261099, -0.806814, -0.52998)","(0.0859343, -0.912294, -0.400419)",0
43.7667,"(-0.0334462, 0.00840185, 1.54752e-05)","(0.41747, 0.904013, 0.0920814)","(-0.716036, -0.673266, -0.184406)","(-0.346797, 0.915525, 0.203829)","(-0.753778, -0.578188, 0.312276)","(-0.520002, 0.700886, -0.488217)","(-0.84094, -0.0430318, 0.539414)","(-0.278377, -0.950127, 0.140591)","(0.226355, -0.854273, -0.467953)","(0.0612724, -0.917952, -0.391931)",0
43.8,"(-0.0310151, 0.0103132, 6.377e-06)","(0.401807, 0.913822, 0.0589945)","(-0.707583, -0.680645, -0.189868)","(-0.495478, 0.819946, 0.28669)","(-0.764744, -0.566581, 0.306844)","(-0.537196, 0.745784, -0.393988)","(-0.827608, -0.0373632, 0.560062)","(-0.290094, -0.945617, 0.147152)","(0.203552, -0.872967, -0.443278)","(0.0254142, -0.923429, -0.382927)",0
43.8333,"(-0.0290347, 0.00978266, -1.2673e-06)","(0.376412, 0.92573, 0.0365663)","(-0.676622, -0.710282, -0.194118)","(-0.576214, 0.720313, 0.386169)","(-0.735053, -0.605498, 0.305071)","(-0.685589, 0.682055, -0.254496)","(-0.795785, -0.0966999, 0.597809)","(-0.298242, -0.943278, 0.145869)","(0.201684, -0.876963, -0.436187)","(-0.0164467, -0.923262, -0.383819)",0
43.8667,"(-0.0266347, 0.00841784, -7.30525e-06)","(0.355409, 0.934445, 0.0222866)","(-0.633091, -0.734463, -0.244459)","(-0.681382, 0.630911, 0.37104)","(-0.702041, -0.666004, 0.252146)","(-0.786648, 0.546962, -0.286388)","(-0.755663, -0.165621, 0.633675)","(-0.298772, -0.944827, 0.134305)","(0.202278, -0.876212, -0.437419)","(-0.0445257, -0.913546, -0.40429)",0
43.9,"(-0.0234735, 0.00538002, -1.43285e-05)","(0.341814, 0.939655, 0.0145547)","(-0.597909, -0.744262, -0.297621)","(-0.798395, 0.48355, 0.358811)","(-0.637927, -0.74715, 0.186592)","(-0.898176, 0.354574, -0.259917)","(-0.680873, -0.257729, 0.685556)","(-0.295069, -0.950313, 0.0991888)","(0.203345, -0.872989, -0.44333)","(-0.0617964, -0.905124, -0.420633)",0
43.9333,"(-0.019673, 0.00146141, -1.8083e-05)","(0.322306, 0.946635, -0.000932249)","(-0.525859, -0.736517, -0.425458)","(-0.930403, 0.25271, 0.265496)","(-0.483972, -0.866864, -0.119658)","(-0.918669, 0.197479, -0.342125)","(-0.624504, -0.356574, 0.694874)","(-0.288694, -0.955837, 0.0550608)","(0.205692, -0.869211, -0.449625)","(-0.0668873, -0.893665, -0.443723)",0
43.9667,"(-0.0155421, -0.00344486, -2.09642e-05)","(0.298151, 0.954511, -0.00390328)","(-0.397186, -0.794213, -0.459857)","(-0.979342, -0.0769041, 0.187018)","(-0.320272, -0.930314, -0.178725)","(-0.966609, 0.0580538, -0.249593)","(-0.558191, -0.503333, 0.659605)","(-0.267753, -0.963333, 0.0172836)","(0.230703, -0.856471, -0.461772)","(-0.0798347, -0.865455, -0.494585)",0
44,"(-0.0108492, -0.00955873, -2.04054e-05)","(0.273446, 0.961872, -0.00550811)","(-0.261131, -0.855498, -0.447139)","(-0.922843, -0.370963, 0.103669)","(-0.208336, -0.966306, -0.151156)","(-0.982982, -0.0929394, -0.158454)","(-0.500951, -0.615698, 0.608246)","(-0.250252, -0.967696, 0.0306174)","(0.251726, -0.858554, -0.446675)","(-0.0965956, -0.836802, -0.538918)",0
44.0333,"(-0.00516546, -0.0155328, -1.93076e-05)","(0.248362, 0.968644, 0.00678074)","(-0.147754, -0.928178, -0.341546)","(-0.806872, -0.584904, 0.0827371)","(-0.271421, -0.95582, 0.112863)","(-0.960357, -0.270514, -0.0673625)","(-0.429672, -0.765852, 0.478386)","(-0.234136, -0.97019, 0.0625497)","(0.227184, -0.863313, -0.450642)","(-0.120794, -0.819416, -0.560326)",0
44.0667,"(0.000586653, -0.0223432, -1.51569e-05)","(0.211824, 0.977154, 0.0173475)","(-0.105458, -0.958997, -0.263066)","(-0.696685, -0.714306, 0.06631)","(-0.31383, -0.928387, 0.199019)","(-0.872337, -0.483632, -0.0716127)","(-0.342301, -0.885633, 0.313822)","(-0.235062, -0.968167, 0.0860111)","(0.135762, -0.898514, -0.417421)","(-0.139557, -0.823411, -0.550016)",0
44.1,"(0.00656273, -0.0311552, -1.55754e-05)","(0.163627, 0.985612, 0.0423725)","(-0.0444646, -0.977726, -0.205121)","(-0.589625, -0.805342, 0.0613725)","(-0.365379, -0.894967, 0.255991)","(-0.725989, -0.681475, -0.0923672)","(-0.239226, -0.962951, 0.124484)","(-0.232326, -0.969889, 0.0730752)","(0.0125171, -0.941905, -0.335645)","(-0.15341, -0.79856, -0.582038)",0
44.1333,"(0.0130741, -0.0415415, -1.48145e-05)","(0.0948634, 0.992404, 0.0783323)","(-0.0139468, -0.98494, -0.172332)","(-0.487323, -0.872155, 0.0431481)","(-0.386629, -0.875718, 0.289199)","(-0.589654, -0.800395, -0.108054)","(-0.18064, -0.982859, 0.036845)","(-0.194917, -0.979003, 0.059677)","(-0.0811158, -0.959278, -0.270567)","(-0.156789, -0.707169, -0.689441)",0
44.1667,"(0.0204407, -0.0518613, -1.12572e-05)","(0.02639, 0.988558, 0.148515)","(0.0187142, -0.98827, -0.151566)","(-0.412201, -0.910624, 0.0292296)","(-0.400883, -0.857491, 0.322493)","(-0.519621, -0.854299, -0.0129041)","(-0.168351, -0.985377, 0.0262748)","(-0.168018, -0.985743, 0.00893807)","(-0.122301, -0.963298, -0.238957)","(-0.0720801, -0.581169, -0.810585)",0
44.2,"(0.0275454, -0.0628594, -1.25704e-05)","(-0.0393127, 0.975115, 0.218185)","(0.0466302, -0.990143, -0.132074)","(-0.372239, -0.928128, -0.00412835)","(-0.163506, -0.874878, 0.45591)","(-0.529719, -0.844283, 0.0811386)","(-0.189634, -0.971238, 0.143996)","(-0.113913, -0.989993, -0.0832902)","(-0.140334, -0.961308, -0.237051)","(0.0137458, -0.509911, -0.860117)",0
44.2333,"(0.0344439, -0.0713198, -1.52544e-05)","(-0.0794225, 0.966232, 0.245129)","(0.00426581, -0.99249, -0.122251)","(-0.312017, -0.949986, 0.0131385)","(-0.101628, -0.874762, 0.473775)","(-0.58834, -0.769573, 0.248222)","(-0.191271, -0.943955, 0.269007)","(-0.035428, -0.989745, -0.138382)","(-0.164301, -0.956023, -0.242951)","(0.0893009, -0.556758, -0.825861)",0
44.2667,"(0.0417383, -0.07772, -1.64633e-05)","(-0.0972715, 0.969931, 0.223098)","(-0.0421896, -0.991925, -0.119604)","(-0.127741, -0.990127, 0.0577208)","(-0.0191239, -0.880321, 0.473993)","(-0.626899, -0.669842, 0.397881)","(-0.19973, -0.91062, 0.361773)","(0.126095, -0.989948, -0.0640487)","(-0.178739, -0.940232, -0.289854)","(0.101126, -0.66624, -0.738849)",0
44.3,"(0.0489982, -0.0814111, -1.86761e-05)","(-0.0985001, 0.981198, 0.165979)","(-0.114915, -0.990559, -0.0747497)","(0.18758, -0.967519, 0.169469)","(0.11238, -0.85623, 0.504224)","(-0.627785, -0.53895, 0.561622)","(-0.229463, -0.910782, 0.343253)","(0.281204, -0.952046, 0.120551)","(-0.184756, -0.898216, -0.398839)","(0.125252, -0.757691, -0.640481)",0
44.3333,"(0.0558365, -0.0844005, -2.10914e-05)","(-0.0838831, 0.986296, 0.142068)","(-0.185414, -0.981421, -0.0493317)","(0.52739, -0.804491, 0.273229)","(0.273045, -0.848634, 0.453064)","(-0.594154, -0.461528, 0.658766)","(-0.267335, -0.930842, 0.249129)","(0.377371, -0.885358, 0.271538)","(-0.187517, -0.860437, -0.473799)","(0.189298, -0.823159, -0.535327)",0
44.3667,"(0.062733, -0.0865077, -1.78244e-05)","(-0.0573795, 0.990206, 0.127277)","(-0.234547, -0.972063, -0.00898123)","(0.78393, -0.527046, 0.328141)","(0.412414, -0.833969, 0.366619)","(-0.584344, -0.432613, 0.686577)","(-0.29257, -0.949131, 0.116416)","(0.408857, -0.844072, 0.346957)","(-0.224766, -0.829205, -0.51176)","(0.259667, -0.856896, -0.445311)",0
44.4,"(0.0695746, -0.0883339, -1.27074e-05)","(-0.0263446, 0.989766, 0.140249)","(-0.26054, -0.965407, 0.0103921)","(0.925728, -0.173528, 0.33603)","(0.516404, -0.824808, 0.23026)","(-0.552806, -0.505671, 0.662346)","(-0.293385, -0.954596, -0.0516927)","(0.427049, -0.826513, 0.366751)","(-0.279569, -0.807505, -0.519401)","(0.30704, -0.874149, -0.376284)",0
44.4333,"(0.0756866, -0.0893876, -8.09049e-06)","(0.0117928, 0.990052, 0.140209)","(-0.305294, -0.951828, 0.0286198)","(0.989232, 0.143203, -0.0302115)","(0.561205, -0.811075, 0.164944)","(-0.55714, -0.808379, 0.190047)","(-0.287834, -0.946806, -0.143912)","(0.4299, -0.822248, 0.372953)","(-0.331021, -0.787827, -0.519378)","(0.313841, -0.879346, -0.358125)",0
44.4667,"(0.081, -0.089983, -2.83127e-06)","(0.0453975, 0.988648, 0.143228)","(-0.345435, -0.937872, 0.0327215)","(0.830656, 0.32022, -0.455488)","(0.558873, -0.818887, 0.130706)","(-0.0755604, -0.528786, -0.845385)","(-0.290784, -0.939797, -0.179516)","(0.428722, -0.83858, 0.336126)","(-0.373396, -0.775729, -0.508743)","(0.298012, -0.893232, -0.336639)",1
44.5,"(0.0855459, -0.0897281, -1.19233e-06)","(0.0849298, 0.987022, 0.13629)","(-0.387991, -0.921056, 0.0334524)","(0.583841, 0.250135, -0.772374)","(0.52461, -0.84417, 0.110277)","(0.151595, -0.00597955, -0.988425)","(-0.301503, -0.938863, -0.166228)","(0.414598, -0.860847, 0.295044)","(-0.396597, -0.774794, -0.492347)","(0.283592, -0.904319, -0.319032)",0
44.5333,"(0.0888404, -0.0888089, -6.34925e-06)","(0.119782, 0.983891, 0.132707)","(-0.390977, -0.919508, 0.040526)","(0.525256, 0.0207386, -0.850692)","(0.45986, -0.88336, 0.090571)","(0.179089, 0.113634, -0.977248)","(-0.322513, -0.934653, -0.149699)","(0.409595, -0.882066, 0.23279)","(-0.427848, -0.786797, -0.444855)","(0.263911, -0.915008, -0.305141)",0
44.5667,"(0.0916457, -0.0870726, -1.22529e-05)","(0.156892, 0.979737, 0.124499)","(-0.37948, -0.924297, 0.0408556)","(0.445864, -0.362602, -0.818367)","(0.374758, -0.923819, 0.078198)","(0.246409, -0.323531, -0.91357)","(-0.335983, -0.931383, -0.140149)","(0.408951, -0.886784, 0.215345)","(-0.440232, -0.799733, -0.408194)","(0.23999, -0.924204, -0.297071)",0
44.6,"(0.0933864, -0.0844031, -1.51068e-05)","(0.185921, 0.975594, 0.116834)","(-0.38643, -0.92213, 0.0186762)","(0.211396, -0.701332, -0.680768)","(0.31337, -0.947395, 0.0651302)","(0.455516, -0.795678, -0.399251)","(-0.348143, -0.928524, -0.128995)","(0.408051, -0.889326, 0.206382)","(-0.450434, -0.815149, -0.3642)","(0.221542, -0.929128, -0.296039)",0
44.6333,"(0.0946597, -0.0812781, -1.68778e-05)","(0.212367, 0.970118, 0.117349)","(-0.401941, -0.915637, 0.00727603)","(-0.0532775, -0.861019, -0.505774)","(0.272161, -0.960484, 0.0582915)","(0.356113, -0.907187, 0.224045)","(-0.351974, -0.928036, -0.121914)","(0.403992, -0.890247, 0.210361)","(-0.44317, -0.825468, -0.349575)","(0.210926, -0.934937, -0.285311)",0
44.6667,"(0.0953902, -0.0780094, -1.50469e-05)","(0.225083, 0.966379, 0.124296)","(-0.424264, -0.905514, 0.00666526)","(-0.333058, -0.849782, -0.408587)","(0.262993, -0.96374, 0.0451743)","(0.291717, -0.854768, 0.42927)","(-0.360912, -0.925807, -0.112355)","(0.39332, -0.899593, 0.189818)","(-0.437646, -0.839726, -0.321444)","(0.206841, -0.935177, -0.287509)",0
44.7,"(0.0960337, -0.0747344, -7.5432e-06)","(0.224899, 0.965524, 0.131091)","(-0.447201, -0.89426, 0.0176411)","(-0.505861, -0.802288, -0.316922)","(0.289901, -0.95642, 0.0349075)","(0.122586, -0.846016, 0.518874)","(-0.36949, -0.92349, -0.103165)","(0.377741, -0.911646, 0.161908)","(-0.435573, -0.852901, -0.287812)","(0.208824, -0.935105, -0.286306)",0
44.7333,"(0.0962775, -0.0726233, 3.61307e-07)","(0.210388, 0.967801, 0.138194)","(-0.472116, -0.881124, 0.0269544)","(-0.586281, -0.759691, -0.281325)","(0.343449, -0.9384, 0.0380522)","(0.0568686, -0.862154, 0.503444)","(-0.376997, -0.921357, -0.0947364)","(0.357961, -0.923474, 0.138055)","(-0.437538, -0.861599, -0.257307)","(0.217419, -0.936248, -0.275987)",0
44.7667,"(0.0962775, -0.0726233, 3.61307e-07)","(0.188423, 0.971052, 0.146816)","(-0.496276, -0.867621, 0.0307083)","(-0.57238, -0.772306, -0.275545)","(0.411001, -0.91024, 0.0504133)","(0.0578824, -0.865877, 0.496897)","(-0.379324, -0.921015, -0.0885647)","(0.345718, -0.929777, 0.126469)","(-0.441426, -0.86246, -0.247601)","(0.224888, -0.9362, -0.270101)",0
44.8,"(0.0962775, -0.0726233, 3.61307e-07)","(0.160739, 0.974691, 0.155371)","(-0.492475, -0.869785, 0.0306874)","(-0.524316, -0.805156, -0.277157)","(0.458734, -0.886914, 0.0542771)","(0.0789887, -0.856801, 0.509562)","(-0.376848, -0.921802, -0.0909249)","(0.341516, -0.93343, 0.109892)","(-0.44246, -0.860414, -0.252817)","(0.232555, -0.937232, -0.259836)",0
44.8333,"(0.0962775, -0.0726233, 3.61307e-07)","(0.123009, 0.978851, 0.163462)","(-0.451301, -0.891931, 0.0280545)","(-0.467941, -0.84077, -0.27228)","(0.495683, -0.867608, 0.0394446)","(0.0882089, -0.84895, 0.521059)","(-0.373665, -0.922567, -0.0961486)","(0.33746, -0.93716, 0.088614)","(-0.441585, -0.85774, -0.263218)","(0.24459, -0.93612, -0.252694)",0
44.8667,"(0.0962775, -0.0726233, 3.61307e-07)","(0.0819842, 0.982232, 0.168816)","(-0.398503, -0.91681, 0.0255977)","(-0.434877, -0.859231, -0.269453)","(0.533707, -0.845226, 0.0273768)","(0.0963811, -0.844589, 0.526669)","(-0.370295, -0.923741, -0.0979022)","(0.330457, -0.941528, 0.0657502)","(-0.440448, -0.857016, -0.26745)","(0.262762, -0.930013, -0.256966)",0
44.9,"(0.0945624, -0.0711054, 4.016e-06)","(0.0406692, 0.983428, 0.176676)","(-0.349547, -0.936659, 0.0220815)","(-0.400425, -0.877042, -0.265438)","(0.577534, -0.816146, 0.0189675)","(0.0893299, -0.84136, 0.533041)","(-0.369116, -0.924379, -0.0963212)","(0.324764, -0.94503, 0.0380472)","(-0.438772, -0.856212, -0.272728)","(0.285594, -0.918679, -0.272883)",0
44.9333,"(0.0945624, -0.0711054, 4.016e-06)","(0.00177716, 0.983497, 0.180914)","(-0.327965, -0.944446, 0.0214637)","(0, 0, 0)","(0.629113, -0.777053, 0.0201338)","(0, 0, 0)","(-0.367673, -0.925142, -0.0944861)","(0.327251, -0.944922, 0.00533465)","(-0.438601, -0.855296, -0.275858)","(0.299599, -0.903347, -0.30693)",0
44.9667,"(0.0945624, -0.0711054, 4.016e-06)","(-0.0314131, 0.983139, 0.18014)","(-0.308728, -0.950834, 0.024514)","(0, 0, 0)","(0.675328, -0.73686, 0.0311235)","(0, 0, 0)","(-0.361855, -0.927307, -0.0957203)","(0.341372, -0.939774, -0.0170488)","(-0.436951, -0.847277, -0.301986)","(0.303952, -0.892344, -0.333669)",0
45,"(0.0921731, -0.0730887, 2.48975e-06)","(-0.0588745, 0.982907, 0.174433)","(-0.299911, -0.953569, 0.0275485)","(0, 0, 0)","(0.717161, -0.694667, 0.0558405)","(0, 0, 0)","(-0.351405, -0.929361, -0.113151)","(0.361868, -0.931793, -0.0285137)","(-0.434267, -0.831613, -0.346168)","(0.293211, -0.886959, -0.356834)",0
45.0333,"(0.0921731, -0.0730887, 2.48975e-06)","(-0.0826065, 0.982634, 0.16615)","(-0.283047, -0.958755, 0.0259385)","(0, 0, 0)","(0.746348, -0.660154, 0.0846235)","(0, 0, 0)","(-0.340395, -0.930261, -0.136917)","(0.377708, -0.925389, -0.0315048)","(-0.431105, -0.816916, -0.383141)","(0.286967, -0.890958, -0.351914)",0
45.0667,"(0.0892511, -0.0754038, 3.95454e-06)","(-0.106039, 0.981436, 0.159809)","(-0.263727, -0.964444, 0.0171738)","(0, 0, 0)","(0.77441, -0.62443, 0.101862)","(0, 0, 0)","(-0.330777, -0.930768, -0.155747)","(0.380741, -0.923764, -0.0411775)","(-0.428004, -0.809233, -0.402435)","(0.286313, -0.895196, -0.341539)",0
45.1,"(0.0871389, -0.0760712, 2.94982e-06)","(-0.128999, 0.979834, 0.152596)","(-0.229812, -0.973226, 0.00420668)","(0, 0, 0)","(0.794549, -0.596189, 0.115108)","(0, 0, 0)","(-0.322633, -0.933849, -0.154386)","(0.374012, -0.926292, -0.0458027)","(-0.426071, -0.810887, -0.401155)","(0.298322, -0.896267, -0.328191)",0
45.1333,"(0.0846998, -0.0762772, 8.32928e-07)","(-0.146086, 0.978038, 0.14866)","(-0.190606, -0.981547, -0.0153513)","(0, 0, 0)","(0.806402, -0.577796, 0.125968)","(0, 0, 0)","(-0.305061, -0.940647, -0.148729)","(0.369155, -0.928816, -0.0320191)","(-0.425331, -0.805155, -0.413303)","(0.311061, -0.893939, -0.322667)",0
45.1667,"(0.0819553, -0.0765561, -5.19259e-07)","(-0.158967, 0.976317, 0.146744)","(-0.152768, -0.987541, -0.0377376)","(0, 0, 0)","(0.799133, -0.581696, 0.151712)","(0, 0, 0)","(-0.285365, -0.946662, -0.149659)","(0.366268, -0.930344, -0.0175352)","(-0.420915, -0.800536, -0.426582)","(0.330267, -0.888802, -0.317735)",0
45.2,"(0.0781952, -0.0768891, 4.44474e-07)","(-0.170497, 0.975342, 0.140137)","(-0.108493, -0.99195, -0.0653082)","(0, 0, 0)","(0.77639, -0.599209, 0.195364)","(0, 0, 0)","(-0.265574, -0.952614, -0.148314)","(0.365221, -0.930901, -0.00608474)","(-0.413005, -0.795716, -0.443016)","(0.34529, -0.880031, -0.326069)",0
45.2333,"(0.073395, -0.0773517, 1.59838e-06)","(-0.174512, 0.976198, 0.128776)","(-0.0775448, -0.994048, -0.0765235)","(0, 0, 0)","(0.738887, -0.608759, 0.288892)","(0, 0, 0)","(-0.250784, -0.958527, -0.135404)","(0.364148, -0.931307, -0.0079382)","(-0.388252, -0.803473, -0.451322)","(0.367452, -0.864165, -0.343798)",0
45.2667,"(0.0679127, -0.0779043, 4.06775e-06)","(-0.169092, 0.979056, 0.113393)","(-0.0578663, -0.995316, -0.0774389)","(0, 0, 0)","(0.682294, -0.617182, 0.391869)","(0, 0, 0)","(-0.239573, -0.964262, -0.113153)","(0.36639, -0.930362, -0.0136232)","(-0.353123, -0.81881, -0.452609)","(0.391158, -0.845467, -0.363567)",0
45.3,"(0.0617906, -0.0781338, 7.56836e-06)","(-0.149107, 0.983321, 0.104152)","(-0.0578149, -0.996505, -0.0602933)","(0, 0, 0)","(0.602853, -0.621237, 0.500633)","(0, 0, 0)","(-0.231001, -0.96893, -0.0883904)","(0.371436, -0.928288, -0.0177757)","(-0.297817, -0.840604, -0.452427)","(0.420182, -0.828107, -0.371061)",0
45.3333,"(0.0553738, -0.0777647, 1.02777e-05)","(-0.126789, 0.986689, 0.101833)","(-0.053512, -0.998385, -0.0190843)","(0, 0, 0)","(0.510438, -0.600739, 0.615277)","(0, 0, 0)","(-0.224641, -0.971925, -0.0699941)","(0.379009, -0.925116, -0.0226517)","(-0.242764, -0.86009, -0.448676)","(0.441495, -0.820988, -0.362023)",0
45.3667,"(0.0495349, -0.0767949, 1.12067e-05)","(-0.108573, 0.988125, 0.108723)","(-0.0431976, -0.997822, 0.0498596)","(0.279015, -0.960241, -0.00936207)","(0.421012, -0.527605, 0.737823)","(0, 0, 0)","(-0.217192, -0.974426, -0.0576309)","(0.384726, -0.922742, -0.0230755)","(-0.201324, -0.872124, -0.445946)","(0.454949, -0.816449, -0.355574)",0
45.4,"(0.0447055, -0.0753116, 1.32585e-05)","(-0.0977559, 0.98883, 0.112513)","(-0.0349793, -0.992071, 0.120715)","(0.275999, -0.960704, -0.0295541)","(0.365778, -0.446584, 0.816559)","(-0.146616, -0.905388, 0.398468)","(-0.207007, -0.976873, -0.0535471)","(0.38699, -0.92175, -0.0248012)","(-0.175758, -0.879509, -0.442236)","(0.464074, -0.814602, -0.347935)",0
45.4333,"(0.0409578, -0.0735778, 1.3887e-05)","(-0.0929782, 0.988843, 0.116378)","(-0.0161112, -0.985588, 0.168394)","(0.268669, -0.962517, -0.0371225)","(0.328886, -0.411574, 0.849965)","(-0.132326, -0.912692, 0.38663)","(-0.194265, -0.979829, -0.0468673)","(0.385175, -0.922246, -0.0332142)","(-0.160174, -0.887453, -0.432171)","(0.473532, -0.809221, -0.347749)",0
45.4667,"(0.0382101, -0.0721494, 1.30548e-05)","(-0.0914265, 0.989028, 0.116039)","(-0.0020395, -0.983098, 0.183067)","(0.255622, -0.965048, -0.0577931)","(0.314373, -0.445186, 0.838439)","(-0.10529, -0.917213, 0.384232)","(-0.185546, -0.982402, -0.0214383)","(0.384246, -0.921779, -0.0517518)","(-0.138594, -0.894953, -0.424087)","(0.478125, -0.802446, -0.357039)",0
45.5,"(0.036359, -0.0708099, 1.15449e-05)","(-0.0902514, 0.98912, 0.116172)","(0.015396, -0.991249, 0.131102)","(0.23811, -0.968904, -0.0672962)","(0.293831, -0.541417, 0.787738)","(-0.060178, -0.925134, 0.374841)","(-0.181893, -0.983221, 0.0138193)","(0.3911, -0.917743, -0.0692064)","(-0.123425, -0.897017, -0.424413)","(0.479629, -0.79257, -0.376548)",0
45.5333,"(0.036359, -0.0708099, 1.15449e-05)","(-0.0893856, 0.989985, 0.109268)","(0.0202918, -0.998602, 0.0488056)","(0.220326, -0.970524, -0.0976734)","(0.288543, -0.65708, 0.696411)","(-0.0151677, -0.926673, 0.375561)","(-0.184569, -0.981553, 0.0498827)","(0.403459, -0.911868, -0.075621)","(-0.113431, -0.891352, -0.43889)","(0.477233, -0.778737, -0.407206)",0
45.5667,"(0.0354711, -0.0674734, 7.21957e-06)","(-0.0881558, 0.991284, 0.0979014)","(0.0205868, -0.997928, -0.0609578)","(0.203799, -0.969332, -0.137339)","(0.27415, -0.754402, 0.596422)","(0.0050487, -0.925929, 0.377665)","(-0.186711, -0.98027, 0.0648879)","(0.41486, -0.908113, -0.0567643)","(-0.115103, -0.885702, -0.449759)","(0.476793, -0.761567, -0.438959)",0
45.6,"(0.0358373, -0.0654549, 6.6601e-06)","(-0.088577, 0.991995, 0.09)","(0.0159753, -0.990346, -0.137697)","(0.192568, -0.964032, -0.183195)","(0.263615, -0.810497, 0.523069)","(0.0103936, -0.921439, 0.388385)","(-0.187829, -0.98008, 0.0645254)","(0.419789, -0.907461, -0.0171063)","(-0.115729, -0.877409, -0.465575)","(0.472449, -0.745591, -0.469984)",0
45.6333,"(0.0370971, -0.0626069, 7.17443e-06)","(-0.0909284, 0.991703, 0.0908718)","(0.0086466, -0.983704, -0.179589)","(0.188595, -0.958508, -0.213762)","(0.258712, -0.828181, 0.497176)","(-0.00079252, -0.91194, 0.410323)","(-0.188053, -0.981014, 0.0474127)","(0.408816, -0.912223, 0.0268175)","(-0.118688, -0.86882, -0.480693)","(0.474484, -0.731539, -0.489608)",0
45.6667,"(0.0394975, -0.0594324, 8.71226e-06)","(-0.0969491, 0.989633, 0.105961)","(-0.00412609, -0.977551, -0.210659)","(0.183846, -0.954826, -0.233469)","(0.273218, -0.82593, 0.493144)","(-0.0014438, -0.898319, 0.439341)","(-0.186416, -0.982191, 0.0234607)","(0.381978, -0.922577, 0.0542556)","(-0.123095, -0.859402, -0.496261)","(0.470283, -0.728302, -0.498407)",0
45.7,"(0.0429898, -0.0567747, 9.30457e-06)","(-0.107161, 0.986174, 0.126405)","(-0.0227854, -0.974566, -0.22294)","(0.181975, -0.952451, -0.244381)","(0.301406, -0.808011, 0.506234)","(0.00683605, -0.887082, 0.461562)","(-0.187487, -0.982259, 0.00405502)","(0.345603, -0.936535, 0.0588321)","(-0.14345, -0.855966, -0.496734)","(0.455096, -0.734939, -0.502744)",0
45.7333,"(0.0476193, -0.0546466, 9.1182e-06)","(-0.118706, 0.982064, 0.14649)","(-0.0370678, -0.96665, -0.253404)","(0.177269, -0.951913, -0.249874)","(0.332131, -0.802885, 0.495041)","(0.0283085, -0.883619, 0.46735)","(-0.19186, -0.981372, -0.00988591)","(0.310526, -0.94897, 0.055037)","(-0.172059, -0.853639, -0.491626)","(0.421945, -0.744086, -0.517975)",0
45.7667,"(0.0535697, -0.0530788, 5.2013e-06)","(-0.128902, 0.978621, 0.160264)","(-0.0423984, -0.963757, -0.263391)","(0.17534, -0.951035, -0.254536)","(0.352786, -0.807347, 0.473005)","(0.0479431, -0.884942, 0.463228)","(-0.203839, -0.978841, -0.0178865)","(0.281933, -0.958356, 0.0454825)","(-0.204402, -0.849774, -0.485905)","(0.393862, -0.748837, -0.533025)",0
45.8,"(0.0603894, -0.0524105, -2.73481e-07)","(-0.135036, 0.976767, 0.166409)","(-0.0502979, -0.963185, -0.264091)","(0.166996, -0.94913, -0.266953)","(0.369952, -0.810911, 0.453385)","(0.0662271, -0.889179, 0.452742)","(-0.220294, -0.97503, -0.0280375)","(0.254855, -0.966376, 0.0341562)","(-0.230442, -0.845517, -0.481662)","(0.37912, -0.750009, -0.541992)",0
45.8333,"(0.0674286, -0.0523293, -4.70488e-06)","(-0.138573, 0.974914, 0.174185)","(-0.0621623, -0.964446, -0.256865)","(0.156568, -0.946594, -0.281861)","(0.387599, -0.819424, 0.42227)","(0.0779512, -0.891622, 0.446021)","(-0.240644, -0.969923, -0.0365971)","(0.233996, -0.972137, 0.0139738)","(-0.259551, -0.84133, -0.474127)","(0.368809, -0.762269, -0.531907)",0
45.8667,"(0.0742225, -0.0524278, -8.18081e-06)","(-0.1409, 0.972666, 0.184574)","(-0.0769001, -0.967384, -0.24136)","(0.145851, -0.944359, -0.294811)","(0.409657, -0.826252, 0.386638)","(0.0846733, -0.895714, 0.436494)","(-0.258655, -0.964892, -0.0456266)","(0.216559, -0.976244, -0.00710719)","(-0.292894, -0.835613, -0.464718)","(0.349183, -0.785508, -0.510928)",0
45.9,"(0.0808805, -0.0526025, -1.21626e-05)","(-0.142744, 0.969558, 0.19895)","(-0.0855273, -0.970067, -0.227276)","(0.138508, -0.943497, -0.301047)","(0.425554, -0.834427, 0.350193)","(0.0750761, -0.897306, 0.434978)","(-0.270182, -0.96133, -0.0533611)","(0.205157, -0.978423, -0.0244921)","(-0.327637, -0.830424, -0.450612)","(0.325106, -0.808803, -0.490044)",0
45.9333,"(0.086954, -0.0529997, -1.58546e-05)","(-0.146863, 0.966803, 0.209101)","(-0.102557, -0.970756, -0.217058)","(0.137153, -0.941749, -0.307078)","(0.445305, -0.836957, 0.318129)","(0.0646866, -0.900172, 0.430705)","(-0.276457, -0.959179, -0.0595677)","(0.18856, -0.981597, -0.0302066)","(-0.357316, -0.825685, -0.436543)","(0.293469, -0.827671, -0.47837)",0
45.9667,"(0.0923355, -0.0539432, -1.86507e-05)","(-0.152447, 0.965648, 0.210436)","(-0.130469, -0.966335, -0.221755)","(0.130593, -0.939616, -0.316334)","(0.478427, -0.842829, 0.246471)","(0.037147, -0.90284, 0.42837)","(-0.282658, -0.957019, -0.0649504)","(0.171834, -0.984724, -0.0281341)","(-0.376189, -0.824349, -0.423003)","(0.270832, -0.839704, -0.470689)",0
46,"(0.0965691, -0.0550332, -2.27349e-05)","(-0.159955, 0.965326, 0.206301)","(-0.156986, -0.96135, -0.22619)","(0.118159, -0.934548, -0.335645)","(0.509151, -0.842781, 0.174602)","(0.0201039, -0.908356, 0.417714)","(-0.294111, -0.952972, -0.0730995)","(0.154986, -0.987426, -0.0311182)","(-0.396357, -0.818284, -0.416308)","(0.253692, -0.84251, -0.475202)",0
46.0333,"(0.100041, -0.056154, -2.56392e-05)","(-0.165309, 0.966559, 0.196055)","(-0.173449, -0.959644, -0.221358)","(0.101417, -0.933835, -0.343025)","(0.532633, -0.839162, 0.110039)","(0.00426541, -0.910885, 0.412638)","(-0.30491, -0.948891, -0.0814601)","(0.146662, -0.988428, -0.0387243)","(-0.405529, -0.815234, -0.41345)","(0.253541, -0.840749, -0.478391)",0
46.0667,"(0.102415, -0.056994, -2.64485e-05)","(-0.167121, 0.968538, 0.184404)","(-0.180749, -0.961962, -0.20484)","(0.0860645, -0.93799, -0.335809)","(0.540484, -0.833025, 0.118098)","(0.00438537, -0.915989, 0.401181)","(-0.311604, -0.946225, -0.0869505)","(0.14594, -0.987979, -0.0509787)","(-0.412269, -0.811864, -0.413414)","(0.24748, -0.836227, -0.489365)",0
46.1,"(0.102415, -0.056994, -2.64485e-05)","(-0.165882, 0.970932, 0.172553)","(-0.198503, -0.961917, -0.187918)","(0.0717065, -0.94577, -0.316822)","(0.553719, -0.820552, 0.141738)","(0, 0, 0)","(-0.311403, -0.946432, -0.0854055)","(0.148945, -0.987316, -0.0549719)","(-0.405315, -0.815805, -0.412531)","(0.23611, -0.839536, -0.489317)",0
46.1333,"(0.102415, -0.056994, -2.64485e-05)","(-0.162157, 0.975264, 0.150219)","(-0.224396, -0.961782, -0.156913)","(0.0588385, -0.948568, -0.311058)","(0.572951, -0.800346, 0.17656)","(0, 0, 0)","(-0.310329, -0.947384, -0.0784882)","(0.153985, -0.986658, -0.0528629)","(-0.39764, -0.81775, -0.416135)","(0.217534, -0.841864, -0.493906)",0
46.1667,"(0.102415, -0.056994, -2.64485e-05)","(-0.157434, 0.9793, 0.127222)","(-0.256788, -0.958079, -0.127062)","(0.0296398, -0.951787, -0.305323)","(0.596506, -0.778249, 0.196237)","(0, 0, 0)","(-0.306041, -0.949286, -0.0720766)","(0.160863, -0.986042, -0.0429414)","(-0.39214, -0.817304, -0.422185)","(0.202874, -0.844358, -0.495884)",0
46.2,"(0.102415, -0.056994, -2.64485e-05)","(-0.148666, 0.983313, 0.104853)","(-0.300857, -0.948763, -0.0966101)","(-0.0122233, -0.955075, -0.296113)","(0.621589, -0.756067, 0.204917)","(0, 0, 0)","(-0.293975, -0.953069, -0.0723752)","(0.169109, -0.98507, -0.0322424)","(-0.394457, -0.813189, -0.427934)","(0.192952, -0.846565, -0.496082)",0
46.2333,"(0.102415, -0.056994, -2.64485e-05)","(-0.137998, 0.985995, 0.0936533)","(-0.348123, -0.934787, -0.0705959)","(-0.0434887, -0.957867, -0.283901)","(0.645112, -0.739212, 0.193384)","(0, 0, 0)","(-0.275093, -0.957648, -0.0850537)","(0.177524, -0.983769, -0.0261387)","(-0.396145, -0.810366, -0.431713)","(0.192924, -0.853594, -0.483899)",0
46.2667,"(0.100216, -0.0600678, -1.06869e-07)","(-0.125221, 0.988111, 0.0892025)","(-0.394063, -0.917616, -0.0519171)","(-0.0715271, -0.958149, -0.277191)","(0.662639, -0.727269, 0.178859)","(0, 0, 0)","(-0.252401, -0.962571, -0.0987459)","(0.18341, -0.982626, -0.0284037)","(-0.389895, -0.810324, -0.437444)","(0.196359, -0.859075, -0.472687)",0
46.3,"(0.09711, -0.0629996, 2.22246e-06)","(-0.115284, 0.98952, 0.0869449)","(-0.425077, -0.904496, -0.0346078)","(0, 0, 0)","(0.670237, -0.723698, 0.164446)","(0, 0, 0)","(-0.233268, -0.966194, -0.109795)","(0.188475, -0.981281, -0.0395689)","(-0.377556, -0.812812, -0.443607)","(0.211679, -0.858055, -0.467904)",0
46.3333,"(0.0926842, -0.0658798, 1.06054e-06)","(-0.107255, 0.990225, 0.0891702)","(-0.453178, -0.890681, -0.0362883)","(0, 0, 0)","(0.66746, -0.726697, 0.162509)","(0, 0, 0)","(-0.216839, -0.969793, -0.111721)","(0.192713, -0.980085, -0.0479095)","(-0.360889, -0.817922, -0.448066)","(0.242743, -0.849835, -0.46782)",0
46.3667,"(0.0869457, -0.068286, -4.83217e-07)","(-0.0973951, 0.99124, 0.0892024)","(-0.48576, -0.872885, -0.0459333)","(0, 0, 0)","(0.657404, -0.739988, 0.142261)","(0, 0, 0)","(-0.199104, -0.973638, -0.111299)","(0.199976, -0.978481, -0.0508328)","(-0.334543, -0.827303, -0.451277)","(0.292117, -0.840472, -0.45637)",0
46.4,"(0.0797245, -0.0685045, -2.94005e-06)","(-0.0840484, 0.992502, 0.0887476)","(-0.519793, -0.851166, -0.0730223)","(0, 0, 0)","(0.62716, -0.769906, 0.117963)","(0, 0, 0)","(-0.181277, -0.977401, -0.108751)","(0.208857, -0.976773, -0.047885)","(-0.297561, -0.841221, -0.451447)","(0.328229, -0.835282, -0.441102)",0
46.4333,"(0.0713863, -0.0654181, -5.53527e-06)","(-0.0680256, 0.993797, 0.0879794)","(-0.559384, -0.822969, -0.0990491)","(0, 0, 0)","(0.572726, -0.813435, 0.101529)","(0, 0, 0)","(-0.156218, -0.982189, -0.104408)","(0.221983, -0.973885, -0.0476596)","(-0.254627, -0.860097, -0.442038)","(0.342567, -0.836895, -0.426912)",0
46.4667,"(0.062625, -0.0604605, -7.73822e-06)","(-0.0480139, 0.995081, 0.0866532)","(-0.607046, -0.786568, -0.113166)","(0, 0, 0)","(0.4943, -0.85884, 0.134391)","(0, 0, 0)","(-0.133716, -0.986578, -0.0937176)","(0.229935, -0.970887, -0.067145)","(-0.214026, -0.894743, -0.391953)","(0.336629, -0.849575, -0.406083)",0
46.5,"(0.0543285, -0.054775, -8.77497e-06)","(-0.0270872, 0.995458, 0.0912628)","(-0.656703, -0.743853, -0.124196)","(0, 0, 0)","(0.436442, -0.890592, 0.127921)","(0, 0, 0)","(-0.107935, -0.991182, -0.0768606)","(0.233141, -0.967458, -0.0983357)","(-0.174547, -0.931188, -0.320034)","(0.297792, -0.872275, -0.387888)",0
46.5333,"(0.0466199, -0.0486676, -1.11743e-05)","(-0.00805509, 0.99487, 0.100845)","(-0.695064, -0.70613, -0.135154)","(0, 0, 0)","(0.424947, -0.896738, 0.123614)","(0, 0, 0)","(-0.0875581, -0.9944, -0.0591786)","(0.224302, -0.964317, -0.140644)","(-0.139608, -0.956189, -0.257316)","(0.219908, -0.88706, -0.405912)",0
46.5667,"(0.0397829, -0.0431436, -1.41406e-05)","(0.00242609, 0.99315, 0.116819)","(-0.714977, -0.683383, -0.14763)","(0, 0, 0)","(0.463292, -0.880686, 0.098758)","(0, 0, 0)","(-0.0716122, -0.99735, -0.0128602)","(0.192149, -0.967629, -0.163623)","(-0.112004, -0.966755, -0.229871)","(0.116213, -0.857053, -0.501951)",0
46.6,"(0.0340419, -0.0396155, -1.59257e-05)","(0.0073724, 0.991789, 0.127676)","(-0.723969, -0.674397, -0.14511)","(0, 0, 0)","(0.508044, -0.85027, 0.137599)","(0, 0, 0)","(-0.061141, -0.997846, 0.0237897)","(0.146369, -0.975107, -0.16656)","(-0.0901148, -0.966412, -0.24068)","(0.0255191, -0.791166, -0.611069)",0
46.6333,"(0.0296965, -0.0369853, -1.62703e-05)","(0.00800402, 0.991423, 0.13045)","(-0.725049, -0.676124, -0.130998)","(0, 0, 0)","(0.543334, -0.816684, 0.194462)","(0, 0, 0)","(-0.0509453, -0.997195, 0.0548258)","(0.101296, -0.986363, -0.129723)","(-0.0764259, -0.959701, -0.270433)","(-0.05066, -0.672607, -0.738264)",0
46.6667,"(0.026299, -0.0349355, -1.7444e-05)","(0.00599673, 0.992338, 0.123408)","(-0.716913, -0.688287, -0.110892)","(0, 0, 0)","(0.582637, -0.773765, 0.248641)","(0, 0, 0)","(-0.0414765, -0.998085, 0.0458902)","(0.0548863, -0.996614, -0.0612145)","(-0.0576782, -0.940122, -0.335923)","(-0.12208, -0.53634, -0.835126)",0
46.7,"(0.0237001, -0.0337736, -1.81798e-05)","(0.00138929, 0.993227, 0.11618)","(-0.697287, -0.710805, -0.0924513)","(0, 0, 0)","(0.632493, -0.715486, 0.296703)","(0, 0, 0)","(-0.0350751, -0.998684, 0.0374204)","(0.0105531, -0.999944, 0.000672659)","(-0.0416989, -0.920213, -0.389191)","(-0.164185, -0.373707, -0.9129)",0
46.7333,"(0.0237001, -0.0337736, -1.81798e-05)","(-0.00674582, 0.994914, 0.100506)","(-0.660768, -0.745992, -0.0829486)","(0, 0, 0)","(0.663651, -0.672254, 0.328088)","(0, 0, 0)","(-0.029507, -0.999002, 0.0335391)","(-0.041502, -0.998518, 0.0351921)","(-0.0286212, -0.920599, -0.38946)","(-0.180914, -0.324722, -0.928346)",0
46.7667,"(0.0211812, -0.0331765, -1.87153e-05)","(-0.0239127, 0.996596, 0.0788948)","(-0.606998, -0.793945, -0.0347158)","(0, 0, 0)","(0.655867, -0.673113, 0.341696)","(0, 0, 0)","(-0.0300632, -0.999296, 0.0224352)","(-0.0738704, -0.997267, -0.00153653)","(-0.0323339, -0.941703, -0.334888)","(-0.188694, -0.413737, -0.890627)",0
46.8,"(0.0211812, -0.0331765, -1.87153e-05)","(-0.0413343, 0.99759, 0.0557216)","(-0.519638, -0.85226, 0.0602469)","(0, 0, 0)","(0.57418, -0.718521, 0.392486)","(0, 0, 0)","(-0.0373236, -0.999271, 0.00803374)","(-0.0795459, -0.995856, -0.0440853)","(-0.0369035, -0.962972, -0.267064)","(-0.227897, -0.583732, -0.779307)",0
46.8333,"(0.0192223, -0.034518, -2.05866e-05)","(-0.0590908, 0.997329, 0.0429359)","(-0.427865, -0.889667, 0.159448)","(0, 0, 0)","(0.479272, -0.780696, 0.401014)","(0, 0, 0)","(-0.0543111, -0.998496, -0.00753678)","(-0.0640063, -0.993368, -0.0955144)","(-0.0465841, -0.979842, -0.194268)","(-0.280922, -0.725258, -0.628557)",0
46.8667,"(0.0192223, -0.034518, -2.05866e-05)","(-0.0719073, 0.996542, 0.0416248)","(-0.371048, -0.904926, 0.208405)","(0, 0, 0)","(0.424639, -0.814075, 0.396187)","(0, 0, 0)","(-0.0638721, -0.997844, -0.0151176)","(-0.0409596, -0.993002, -0.110771)","(-0.0593728, -0.988254, -0.140815)","(-0.327254, -0.818756, -0.471745)",0
46.9,"(0.0175799, -0.0330657, -1.84522e-05)","(-0.0859301, 0.995405, 0.042256)","(-0.376976, -0.905565, 0.194525)","(0, 0, 0)","(0.451315, -0.831529, 0.323841)","(0, 0, 0)","(-0.0676804, -0.997483, -0.0211634)","(-0.0398966, -0.988209, -0.147823)","(-0.0749488, -0.993664, -0.083749)","(-0.352639, -0.874283, -0.33358)",0
46.9333,"(0.0170102, -0.0297754, -1.72358e-05)","(-0.0959698, 0.994605, 0.0393697)","(-0.404393, -0.898375, 0.171429)","(0, 0, 0)","(0.496904, -0.825394, 0.267975)","(0, 0, 0)","(-0.0560927, -0.998195, -0.0214662)","(-0.0431264, -0.98516, -0.166133)","(-0.0921348, -0.994407, -0.0516383)","(-0.356741, -0.898296, -0.256516)",0
46.9667,"(0.0162847, -0.0253641, -1.62783e-05)","(-0.10148, 0.994298, 0.0327547)","(-0.461066, -0.87525, 0.146135)","(0, 0, 0)","(0.555671, -0.799816, 0.22699)","(0, 0, 0)","(-0.0421945, -0.999072, -0.00861123)","(-0.0622448, -0.982132, -0.177602)","(-0.108695, -0.993809, -0.0229868)","(-0.344123, -0.906932, -0.243011)",0
47,"(0.015059, -0.0205868, -1.21626e-05)","(-0.103429, 0.994211, 0.0290937)","(-0.518546, -0.843915, 0.137539)","(0, 0, 0)","(0.618609, -0.759177, 0.20242)","(0, 0, 0)","(-0.00237499, -0.999884, 0.0150426)","(-0.0714377, -0.985052, -0.156745)","(-0.135191, -0.990763, -0.0105626)","(-0.316902, -0.914485, -0.251577)",0
47.0333,"(0.0133349, -0.0165523, -7.13863e-06)","(-0.0988428, 0.994404, 0.0373026)","(-0.584661, -0.80023, 0.13343)","(0, 0, 0)","(0.686384, -0.70664, 0.171861)","(0, 0, 0)","(0.0487274, -0.998449, 0.0269223)","(-0.0750044, -0.986347, -0.146611)","(-0.159385, -0.987005, -0.020431)","(-0.286204, -0.92428, -0.252575)",0
47.0667,"(0.0111108, -0.0134399, -3.65959e-06)","(-0.088616, 0.994701, 0.0521343)","(-0.621935, -0.771614, 0.133452)","(0, 0, 0)","(0.726073, -0.67342, 0.139008)","(0, 0, 0)","(0.116233, -0.992911, 0.0248362)","(-0.0637284, -0.987891, -0.141454)","(-0.20888, -0.977025, -0.0423138)","(-0.264933, -0.931856, -0.2479)",0
47.1,"(0.00845631, -0.0119316, 5.33974e-07)","(-0.0768175, 0.994973, 0.0642415)","(-0.642123, -0.755328, 0.130991)","(0, 0, 0)","(0.757681, -0.64009, 0.127298)","(0, 0, 0)","(0.1872, -0.982203, 0.0152698)","(-0.0500472, -0.989996, -0.131919)","(-0.282786, -0.957043, -0.0640302)","(-0.252271, -0.94058, -0.227309)",0
47.1333,"(0.00617573, -0.0102778, 4.02234e-06)","(-0.0614276, 0.995372, 0.0738968)","(-0.65418, -0.745384, 0.128267)","(0, 0, 0)","(0.787532, -0.59903, 0.144764)","(0, 0, 0)","(0.254483, -0.967029, 0.00964877)","(-0.0421293, -0.99179, -0.120735)","(-0.373246, -0.922875, -0.0948068)","(-0.243858, -0.947369, -0.207426)",0
47.1667,"(0.00451112, -0.00805887, 4.99799e-06)","(-0.0500403, 0.995663, 0.0784292)","(-0.656812, -0.742718, 0.130262)","(0, 0, 0)","(0.803877, -0.56602, 0.182763)","(0, 0, 0)","(0.283521, -0.95893, 0.00836748)","(-0.0293131, -0.993533, -0.109691)","(-0.413309, -0.902943, -0.117766)","(-0.251793, -0.948358, -0.192921)",0
47.2,"(0.00365775, -0.00522817, 3.97428e-06)","(-0.0421954, 0.996588, 0.0709342)","(-0.64887, -0.747078, 0.14437)","(0, 0, 0)","(0.795446, -0.564169, 0.221312)","(0, 0, 0)","(0.276418, -0.960996, 0.00892215)","(-0.0283861, -0.994763, -0.0981848)","(-0.411762, -0.900631, -0.138977)","(-0.258863, -0.944406, -0.202698)",0
47.2333,"(0.00346534, -0.00248019, 2.96398e-06)","(-0.0456374, 0.997831, 0.0474463)","(-0.622263, -0.763613, 0.17229)","(0, 0, 0)","(0.759736, -0.597661, 0.25613)","(0, 0, 0)","(0.229785, -0.973209, 0.00793361)","(-0.0432626, -0.996685, -0.0689017)","(-0.375346, -0.915344, -0.145811)","(-0.275644, -0.941779, -0.192542)",0
47.2667,"(0.00383693, -2.51055e-05, 9.79519e-07)","(-0.0518541, 0.998365, 0.0240656)","(-0.574804, -0.789283, 0.215947)","(0, 0, 0)","(0.689724, -0.640536, 0.337631)","(0, 0, 0)","(0.181289, -0.983421, 0.0042677)","(-0.0609417, -0.997567, -0.0338648)","(-0.340572, -0.927587, -0.153599)","(-0.289856, -0.939572, -0.182176)",0
47.3,"(0.00383693, -2.51055e-05, 9.79519e-07)","(-0.0561091, 0.998326, 0.0140566)","(-0.508962, -0.816281, 0.27321)","(0, 0, 0)","(0.59313, -0.671179, 0.444652)","(0, 0, 0)","(0.13678, -0.9906, -0.00152126)","(-0.0738775, -0.997264, -0.00254699)","(-0.314118, -0.935556, -0.161444)","(-0.299438, -0.939884, -0.164182)",0
47.3333,"(0.00483531, 0.00212919, -9.63849e-06)","(-0.0544817, 0.998403, 0.0149361)","(-0.447485, -0.838522, 0.310866)","(0, 0, 0)","(0.495031, -0.697759, 0.517762)","(0, 0, 0)","(0.0855226, -0.996328, 0.00411895)","(-0.0769971, -0.996911, 0.0154951)","(-0.266386, -0.954326, -0.13528)","(-0.292066, -0.943414, -0.157059)",0
47.3667,"(0.00483531, 0.00212919, -9.63849e-06)","(-0.0512455, 0.998536, 0.0173415)","(-0.408159, -0.853715, 0.323383)","(0, 0, 0)","(0.457559, -0.755965, 0.468142)","(0, 0, 0)","(0.0436496, -0.998923, 0.0157031)","(-0.0804084, -0.996249, 0.0319727)","(-0.220567, -0.969341, -0.108294)","(-0.275164, -0.950567, -0.143898)",0
47.4,"(0.00483531, 0.00212919, -9.63849e-06)","(-0.0492267, 0.998575, 0.0206139)","(-0.405452, -0.860573, 0.308256)","(0, 0, 0)","(0.467647, -0.795136, 0.386089)","(0, 0, 0)","(0.0126735, -0.999357, 0.0335498)","(-0.081615, -0.995527, 0.0475878)","(-0.176435, -0.98169, -0.0718075)","(-0.246864, -0.959543, -0.13541)",0
47.4333,"(0.00483531, 0.00212919, -9.63849e-06)","(-0.0505778, 0.998485, 0.0216721)","(-0.417343, -0.862539, 0.286096)","(0, 0, 0)","(0.492129, -0.810147, 0.318545)","(0, 0, 0)","(0.0128159, -0.998579, 0.051732)","(-0.0835123, -0.993801, 0.0733795)","(-0.167081, -0.984555, -0.0522972)","(-0.224449, -0.967496, -0.116509)",0
47.4667,"(0.00483531, 0.00212919, -9.63849e-06)","(-0.0549071, 0.99831, 0.0190437)","(-0.463552, -0.85337, 0.238494)","(0, 0, 0)","(0.548514, -0.788452, 0.278345)","(0, 0, 0)","(0.0137928, -0.99878, 0.0474058)","(-0.0865899, -0.992457, 0.086787)","(-0.166033, -0.985085, -0.045168)","(-0.221578, -0.968916, -0.110025)",0
47.5,"(0.00483531, 0.00212919, -9.63849e-06)","(-0.0608813, 0.998042, 0.014376)","(-0.531917, -0.82695, 0.182256)","(0, 0, 0)","(0.626948, -0.752311, 0.202395)","(0, 0, 0)","(0.00756815, -0.999692, 0.0236492)","(-0.0730003, -0.995695, 0.0571192)","(-0.167984, -0.982993, -0.0742012)","(-0.257438, -0.95538, -0.144828)",0
47.5333,"(0.00483531, 0.00212919, -9.63849e-06)","(-0.0627413, 0.997841, 0.0194318)","(-0.604178, -0.786332, 0.129037)","(0, 0, 0)","(0.706771, -0.696776, 0.122386)","(0, 0, 0)","(0.00206285, -0.999952, -0.0095782)","(-0.0508389, -0.998651, -0.0105381)","(-0.177881, -0.976333, -0.123009)","(-0.300865, -0.92965, -0.212678)",0
47.5667,"(0.00483531, 0.00212919, -9.63849e-06)","(-0.0539087, 0.997948, 0.0345592)","(-0.647928, -0.755349, 0.0981707)","(0, 0, 0)","(0.753139, -0.649534, 0.104341)","(0, 0, 0)","(0.0312639, -0.999151, -0.0268287)","(-0.0262492, -0.997051, -0.0721082)","(-0.216728, -0.96097, -0.171948)","(-0.329693, -0.907205, -0.261306)",0
47.6,"(0.00483531, 0.00212919, -9.63849e-06)","(-0.0322228, 0.997835, 0.0573347)","(-0.666715, -0.738463, 0.100813)","(0, 0, 0)","(0.764776, -0.620507, 0.173462)","(0, 0, 0)","(0.0839989, -0.996085, -0.0275586)","(-0.0190909, -0.995512, -0.0926894)","(-0.263943, -0.946173, -0.187325)","(-0.34522, -0.89947, -0.267913)",0
47.6333,"(0.00483531, 0.00212919, -9.63849e-06)","(0.00250717, 0.997303, 0.0733519)","(-0.676439, -0.7259, 0.124498)","(0, 0, 0)","(0.747698, -0.585414, 0.31343)","(0, 0, 0)","(0.193142, -0.981171, 0.00036655)","(-0.0344609, -0.995497, -0.0883073)","(-0.325254, -0.932338, -0.157973)","(-0.348916, -0.905075, -0.243097)",0
47.6667,"(0.00483531, 0.00212919, -9.63849e-06)","(0.0387115, 0.996817, 0.0697013)","(-0.684894, -0.710357, 0.162213)","(0, 0, 0)","(0.708653, -0.54457, 0.448613)","(0, 0, 0)","(0.292089, -0.955048, 0.0506724)","(-0.0524537, -0.996235, -0.0690197)","(-0.354899, -0.928703, -0.107501)","(-0.350788, -0.913252, -0.207168)",0
47.7,"(0.00378139, -0.0018959, -9.68436e-07)","(0.0691363, 0.995334, 0.0673132)","(-0.696088, -0.69772, 0.169259)","(0, 0, 0)","(0.670914, -0.520865, 0.527801)","(0, 0, 0)","(0.371574, -0.922719, 0.10258)","(-0.0576173, -0.996836, -0.0547632)","(-0.348709, -0.934322, -0.0737893)","(-0.357439, -0.916236, -0.180965)",0
47.7333,"(0.00333542, -0.00585756, -1.85692e-06)","(0.0885932, 0.992928, 0.0790298)","(-0.709071, -0.688763, 0.151077)","(0, 0, 0)","(0.663831, -0.53321, 0.524419)","(0, 0, 0)","(0.405973, -0.905118, 0.126285)","(-0.0466022, -0.997821, -0.0467039)","(-0.278475, -0.954202, -0.109319)","(-0.352003, -0.918938, -0.177893)",0
47.7667,"(0.00339199, -0.0114305, -4.29065e-06)","(0.0967462, 0.991145, 0.0909542)","(-0.718695, -0.68914, 0.0925407)","(0, 0, 0)","(0.665488, -0.567356, 0.485009)","(0, 0, 0)","(0.408536, -0.904936, 0.119116)","(-0.0615271, -0.996189, -0.0618199)","(-0.109846, -0.984328, -0.137961)","(-0.329807, -0.917482, -0.222383)",0
47.8,"(0.00412045, -0.0185401, -5.00348e-06)","(0.102038, 0.990281, 0.0945118)","(-0.722191, -0.691037, 0.0301281)","(0.0560721, -0.936752, -0.345474)","(0.657325, -0.618402, 0.430701)","(0.0653899, -0.688314, 0.72246)","(0.405151, -0.907443, 0.111353)","(-0.0989408, -0.991693, -0.0821973)","(0.0757911, -0.988839, -0.128266)","(-0.29035, -0.917019, -0.273446)",0
47.8333,"(0.00553396, -0.0272061, -6.42207e-06)","(0.098886, 0.990648, 0.0940063)","(-0.713748, -0.700114, -0.0201207)","(0.0389304, -0.969054, -0.243759)","(0.628943, -0.665488, 0.401941)","(0.0560446, -0.613, 0.788092)","(0.393331, -0.912347, 0.113637)","(-0.13953, -0.983713, -0.113313)","(0.219393, -0.972382, -0.0796245)","(-0.268875, -0.901506, -0.339106)",0
47.8667,"(0.00736063, -0.0349858, -8.65837e-06)","(0.0943982, 0.989695, 0.10767)","(-0.711535, -0.702569, -0.0107084)","(0.00936248, -0.995921, -0.0897376)","(0.579851, -0.699412, 0.417847)","(0.0523007, -0.533109, 0.844429)","(0.404079, -0.904407, 0.136996)","(-0.157691, -0.976723, -0.145414)","(0.247888, -0.966875, -0.0608718)","(-0.267207, -0.870609, -0.413086)",0
47.9,"(0.00903348, -0.0425557, -8.87779e-06)","(0.0887587, 0.988574, 0.12183)","(-0.7183, -0.695605, 0.0133445)","(-0.0302444, -0.996208, 0.0815792)","(0.533301, -0.728274, 0.430358)","(0.0361521, -0.422619, 0.905586)","(0.419895, -0.889238, 0.181503)","(-0.177075, -0.966747, -0.184512)","(0.2221, -0.973232, -0.0590795)","(-0.268116, -0.833598, -0.482936)",0
47.9333,"(0.0103917, -0.0499005, -7.21873e-06)","(0.0975182, 0.985877, 0.136147)","(-0.738978, -0.673135, 0.0283162)","(-0.0662293, -0.979099, 0.192298)","(0.493989, -0.75127, 0.437685)","(-0.014423, -0.335179, 0.942044)","(0.443254, -0.869468, 0.218062)","(-0.189173, -0.959093, -0.210606)","(0.186924, -0.979076, -0.0804337)","(-0.273095, -0.810325, -0.518452)",0
47.9667,"(0.0113836, -0.0566534, -4.13102e-06)","(0.127518, 0.977766, 0.166469)","(-0.765952, -0.642817, -0.0101651)","(-0.0950146, -0.979386, 0.178255)","(0.476485, -0.780541, 0.404621)","(-0.101617, -0.237899, 0.96596)","(0.473024, -0.844102, 0.252468)","(-0.167527, -0.959911, -0.224733)","(0.144714, -0.984333, -0.100729)","(-0.297614, -0.800141, -0.520769)",0
48,"(0.011908, -0.0607442, 9.73558e-07)","(0.16749, 0.965357, 0.200084)","(-0.787849, -0.611729, -0.0712876)","(-0.13954, -0.969217, 0.202849)","(0.459384, -0.802237, 0.38129)","(-0.222723, -0.0688979, 0.972444)","(0.497461, -0.824887, 0.268502)","(-0.116465, -0.96967, -0.214887)","(0.137871, -0.979802, -0.144843)","(-0.347756, -0.778532, -0.522449)",0
48.0333,"(0.0122484, -0.0646677, 6.81574e-06)","(0.208628, 0.949604, 0.233937)","(-0.805907, -0.577729, -0.129392)","(-0.178845, -0.955753, 0.233559)","(0.437876, -0.821541, 0.36515)","(-0.310676, 0.104503, 0.944754)","(0.516335, -0.809197, 0.280354)","(-0.077402, -0.975797, -0.204523)","(0.137318, -0.974503, -0.177449)","(-0.384572, -0.755414, -0.530523)",0
48.0667,"(0.0125375, -0.0673143, 1.34663e-05)","(0.238583, 0.939297, 0.246575)","(-0.816716, -0.55448, -0.159774)","(-0.212382, -0.936358, 0.279512)","(0.406099, -0.833267, 0.375166)","(-0.351572, 0.248993, 0.902441)","(0.523139, -0.803037, 0.285408)","(-0.0731209, -0.978831, -0.191164)","(0.1527, -0.962479, -0.224315)","(-0.396165, -0.749483, -0.530404)",0
48.1,"(0.0125375, -0.0673143, 1.34663e-05)","(0.263815, 0.931488, 0.250461)","(-0.826587, -0.538226, -0.164519)","(-0.236519, -0.9156, 0.32517)","(0.373839, -0.842596, 0.387654)","(-0.345918, 0.363688, 0.864911)","(0.52813, -0.803364, 0.275111)","(-0.0882018, -0.979428, -0.181497)","(0.147204, -0.950334, -0.27422)","(-0.383998, -0.766644, -0.51459)",0
48.1333,"(0.0130649, -0.0694075, 2.19209e-05)","(0.276763, 0.930339, 0.240567)","(-0.833342, -0.528598, -0.161633)","(-0.258547, -0.895518, 0.362217)","(0.345967, -0.853002, 0.390761)","(-0.322635, 0.451423, 0.83194)","(0.525521, -0.809624, 0.261411)","(-0.0947799, -0.980843, -0.170187)","(0.136635, -0.938944, -0.315777)","(-0.379667, -0.78909, -0.482898)",0
48.1667,"(0.0130649, -0.0694075, 2.19209e-05)","(0.29102, 0.930413, 0.222799)","(-0.843162, -0.515053, -0.154266)","(-0.27642, -0.87993, 0.386413)","(0.312074, -0.869505, 0.382847)","(-0.306859, 0.525108, 0.793788)","(0.519554, -0.817448, 0.248681)","(-0.0965936, -0.981998, -0.162328)","(0.133594, -0.941586, -0.309143)","(-0.379502, -0.806198, -0.453898)",0
48.2,"(0.0130649, -0.0694075, 2.19209e-05)","(0.304495, 0.933693, 0.188416)","(-0.854673, -0.502293, -0.131285)","(-0.287354, -0.851115, 0.439352)","(0.275158, -0.888437, 0.367379)","(-0.31442, 0.557538, 0.768305)","(0.511882, -0.831016, 0.21769)","(-0.0924491, -0.984004, -0.152277)","(0.14467, -0.948693, -0.281164)","(-0.38713, -0.825254, -0.4112)",0
48.2333,"(0.0130649, -0.0694075, 2.19209e-05)","(0.316913, 0.937681, 0.142552)","(-0.86769, -0.487127, -0.0991052)","(-0.283815, -0.796061, 0.534543)","(0.242917, -0.905855, 0.347015)","(-0.349248, 0.561913, 0.749853)","(0.498551, -0.851693, 0.161448)","(-0.0854237, -0.988102, -0.127898)","(0.157253, -0.954541, -0.253224)","(-0.399284, -0.838263, -0.371332)",0
48.2667,"(0.0137733, -0.0671556, 2.09668e-05)","(0.321225, 0.94143, 0.102586)","(-0.873845, -0.481254, -0.0692046)","(-0.269277, -0.705845, 0.65519)","(0.227874, -0.917914, 0.324819)","(-0.390915, 0.545609, 0.74128)","(0.479489, -0.871639, 0.10167)","(-0.0799033, -0.991171, -0.105812)","(0.169332, -0.957734, -0.232536)","(-0.410806, -0.845249, -0.341749)",0
48.3,"(0.0137733, -0.0671556, 2.09668e-05)","(0.318301, 0.944471, 0.0816051)","(-0.875194, -0.480434, -0.0567386)","(-0.230986, -0.585883, 0.776779)","(0.235533, -0.925111, 0.297815)","(-0.440653, 0.520248, 0.73155)","(0.450533, -0.890874, 0.0580039)","(-0.0784635, -0.99348, -0.0827157)","(0.189819, -0.957949, -0.21518)","(-0.419268, -0.846599, -0.327848)",0
48.3333,"(0.0147995, -0.0644189, 2.01337e-05)","(0.315396, 0.945791, 0.0774848)","(-0.870298, -0.488759, -0.0607941)","(-0.19053, -0.45039, 0.872265)","(0.251368, -0.924116, 0.287791)","(-0.486921, 0.501314, 0.715256)","(0.418904, -0.906859, 0.0461222)","(-0.0789777, -0.994682, -0.0661151)","(0.222445, -0.954008, -0.200965)","(-0.423405, -0.846614, -0.322449)",0
48.3667,"(0.0156041, -0.0622325, 1.88896e-05)","(0.31285, 0.946508, 0.0790351)","(-0.865439, -0.499544, -0.038365)","(-0.159392, -0.250917, 0.954796)","(0.277976, -0.897805, 0.341579)","(-0.530933, 0.488998, 0.692092)","(0.386082, -0.921538, 0.0413463)","(-0.0791481, -0.996476, -0.0277553)","(0.255782, -0.944562, -0.205859)","(-0.426635, -0.849052, -0.311599)",0
48.4,"(0.0166889, -0.0595616, 1.81939e-05)","(0.312829, 0.946514, 0.0790519)","(-0.858515, -0.5126, 0.013903)","(-0.154954, -0.067082, 0.985642)","(0.298825, -0.85456, 0.424771)","(-0.559217, 0.499143, 0.661915)","(0.361944, -0.93106, 0.0460884)","(-0.0790641, -0.996869, -0.000829936)","(0.262563, -0.941752, -0.210151)","(-0.429321, -0.847785, -0.311359)",0
48.4333,"(0.0179382, -0.0565473, 1.727e-05)","(0.312296, 0.946713, 0.0787828)","(-0.846763, -0.52588, 0.0802698)","(-0.170021, 0.102841, 0.98006)","(0.31953, -0.800724, 0.506696)","(-0.59587, 0.521044, 0.611107)","(0.338266, -0.939922, 0.0460689)","(-0.078764, -0.996639, 0.0225161)","(0.247785, -0.942571, -0.223971)","(-0.431703, -0.841388, -0.325114)",0
48.4667,"(0.0193958, -0.0537271, 1.72556e-05)","(0.311651, 0.947167, 0.0758129)","(-0.832489, -0.53869, 0.129517)","(-0.193092, 0.196897, 0.961222)","(0.331867, -0.769401, 0.54579)","(-0.651538, 0.519388, 0.552933)","(0.316311, -0.947523, 0.0463291)","(-0.0784707, -0.996538, 0.0274495)","(0.223502, -0.947346, -0.229309)","(-0.436537, -0.834235, -0.336877)",0
48.5,"(0.021056, -0.0515269, 1.76134e-05)","(0.310211, 0.947246, 0.0805904)","(-0.816754, -0.557584, 0.148366)","(-0.249649, 0.250877, 0.935273)","(0.33522, -0.745204, 0.576453)","(-0.707566, 0.502486, 0.496849)","(0.28919, -0.955726, 0.0543877)","(-0.074007, -0.996584, 0.0366607)","(0.196508, -0.952437, -0.232914)","(-0.437254, -0.828268, -0.350401)",0
48.5333,"(0.0228722, -0.0501351, 2.04596e-05)","(0.309023, 0.948204, 0.0735728)","(-0.792398, -0.588455, 0.160707)","(-0.341189, 0.223578, 0.913019)","(0.307714, -0.709127, 0.63439)","(-0.730218, 0.490594, 0.475499)","(0.271218, -0.959896, 0.0709984)","(-0.0684667, -0.996123, 0.0552357)","(0.182739, -0.956575, -0.227094)","(-0.435478, -0.826261, -0.357284)",0
48.5667,"(0.0246983, -0.0492427, 2.1458e-05)","(0.299872, 0.951591, 0.0674578)","(-0.742401, -0.645025, 0.181064)","(-0.428957, 0.133318, 0.893433)","(0.260883, -0.642854, 0.720193)","(-0.73439, 0.489648, 0.470017)","(0.217762, -0.973537, 0.0693195)","(-0.0505296, -0.996083, 0.0725625)","(0.12433, -0.930826, -0.343665)","(-0.342305, -0.852002, -0.396132)",0
48.6,"(0.0268502, -0.0488129, 2.06142e-05)","(0.287064, 0.956704, 0.0480687)","(-0.679674, -0.704472, 0.20436)","(-0.519376, -0.0201609, 0.854308)","(0.212151, -0.536993, 0.816475)","(-0.702667, 0.538085, 0.465536)","(0.154756, -0.986469, 0.0541203)","(-0.0323355, -0.995082, 0.0936302)","(0.0920447, -0.874152, -0.47685)","(-0.225042, -0.874545, -0.429567)",0
48.6333,"(0.0290134, -0.0481413, 1.71997e-05)","(0.264264, 0.963908, 0.0323339)","(-0.611014, -0.766502, 0.197829)","(-0.593144, -0.214495, 0.775997)","(0.190701, -0.433441, 0.880774)","(-0.659074, 0.601191, 0.451874)","(0.0914667, -0.992914, 0.0758667)","(-0.0205581, -0.992307, 0.122082)","(0.0792798, -0.805912, -0.586703)","(-0.133628, -0.865043, -0.483575)",0
48.6667,"(0.0313166, -0.047428, 1.17399e-05)","(0.24674, 0.968984, 0.0137809)","(-0.557458, -0.816625, 0.149544)","(-0.627386, -0.409023, 0.662637)","(0.169684, -0.36435, 0.915673)","(-0.634349, 0.624127, 0.456143)","(0.0706255, -0.992175, 0.102956)","(-0.0370005, -0.98915, 0.142171)","(0.132018, -0.803239, -0.580842)","(-0.131761, -0.820269, -0.556595)",0
48.7,"(0.0335193, -0.046653, 3.82787e-06)","(0.227257, 0.973794, 0.00889929)","(-0.513997, -0.854629, 0.0735991)","(-0.603993, -0.562347, 0.564764)","(0.14721, -0.355826, 0.922885)","(-0.671321, 0.557756, 0.488094)","(0.0725971, -0.991505, 0.107922)","(-0.0610409, -0.987173, 0.147526)","(0.176381, -0.837872, -0.516585)","(-0.148624, -0.729147, -0.668024)",0
48.7333,"(0.0358126, -0.0455956, -4.77124e-06)","(0.211175, 0.977374, 0.0120613)","(-0.480145, -0.876195, 0.0417502)","(-0.562629, -0.665532, 0.490424)","(0.128385, -0.349482, 0.928106)","(-0.743805, 0.417863, 0.521675)","(0.0609456, -0.99598, 0.0656435)","(-0.0816693, -0.988214, 0.129475)","(0.199089, -0.803899, -0.560455)","(-0.122698, -0.658986, -0.74208)",0
48.7667,"(0.0379349, -0.044496, -1.34618e-05)","(0.196457, 0.98023, 0.0235261)","(-0.462785, -0.885337, 0.0448166)","(-0.51438, -0.748152, 0.419144)","(0.13864, -0.379509, 0.914742)","(-0.803548, 0.27633, 0.527212)","(0.0516939, -0.998183, 0.0309623)","(-0.0850636, -0.989757, 0.114653)","(0.209908, -0.803279, -0.557388)","(-0.0875705, -0.625029, -0.775674)",0
48.8,"(0.0402607, -0.0426471, -1.85213e-05)","(0.180087, 0.983264, 0.0275899)","(-0.449229, -0.893351, 0.0108586)","(-0.460549, -0.822124, 0.334674)","(0.10055, -0.444041, 0.890347)","(-0.818051, 0.124043, 0.561611)","(0.0313495, -0.998857, 0.0360878)","(-0.0824164, -0.991081, 0.104718)","(0.221592, -0.787522, -0.57507)","(-0.0365825, -0.652126, -0.757227)",0
48.8333,"(0.0426284, -0.0403498, -1.97047e-05)","(0.160617, 0.98574, 0.050191)","(-0.46486, -0.880639, -0.0915425)","(-0.356708, -0.901745, 0.244164)","(0.139057, -0.587816, 0.796954)","(-0.79926, -0.0724743, 0.596599)","(0.0287844, -0.999213, 0.02728)","(-0.0689544, -0.993232, 0.0934588)","(0.227757, -0.840043, -0.492397)","(0.0129405, -0.698789, -0.715211)",0
48.8667,"(0.0455028, -0.0378477, -2.02438e-05)","(0.135395, 0.986825, 0.0885726)","(-0.4795, -0.847131, -0.229018)","(-0.232172, -0.968778, 0.086983)","(0.185549, -0.733589, 0.653773)","(-0.693509, -0.383672, 0.609787)","(0.0182671, -0.99956, 0.0233631)","(-0.0576768, -0.995481, 0.0754324)","(0.236704, -0.856619, -0.45845)","(0.0485247, -0.746503, -0.663611)",0
48.9,"(0.0486261, -0.0349534, -1.74506e-05)","(0.107721, 0.983779, 0.143441)","(-0.492335, -0.819001, -0.294693)","(-0.0677486, -0.997293, -0.0285957)","(0.303453, -0.81772, 0.489132)","(-0.546108, -0.622745, 0.560316)","(0.0227617, -0.999654, 0.0131586)","(-0.0462671, -0.997594, 0.0516205)","(0.235113, -0.864217, -0.444804)","(0.080089, -0.771627, -0.631014)",0
48.9333,"(0.0521564, -0.0322264, -1.24054e-05)","(0.0810909, 0.981791, 0.171786)","(-0.494112, -0.819131, -0.291338)","(0.146457, -0.980313, -0.132428)","(0.352108, -0.843503, 0.405613)","(-0.27885, -0.782261, 0.557055)","(0.0277756, -0.999321, 0.02419)","(-0.0391289, -0.998436, 0.039941)","(0.237119, -0.868718, -0.43486)","(0.114156, -0.786591, -0.60683)",0
48.9667,"(0.0554826, -0.0303701, -7.63405e-06)","(0.0544245, 0.984266, 0.168103)","(-0.493003, -0.828877, -0.264406)","(0.349386, -0.922258, -0.16544)","(0.377503, -0.843578, 0.381926)","(0.0381929, -0.801012, 0.597429)","(0.0403919, -0.998948, 0.0217107)","(-0.0352704, -0.998647, 0.0382182)","(0.23259, -0.869499, -0.435745)","(0.143833, -0.807388, -0.572221)",0
49,"(0.0584305, -0.0282011, -4.27632e-06)","(0.0315822, 0.988395, 0.148585)","(-0.491485, -0.836012, -0.243982)","(0.505729, -0.838509, -0.202834)","(0.379887, -0.837804, 0.392136)","(0.336023, -0.739654, 0.583095)","(0.0397554, -0.999005, 0.0202203)","(-0.0343138, -0.998466, 0.043452)","(0.230032, -0.869711, -0.436678)","(0.160251, -0.843874, -0.512051)",0
49.0333,"(0.0606641, -0.0258266, 8.90275e-07)","(0.0187801, 0.99076, 0.134317)","(-0.482884, -0.843107, -0.23663)","(0.549638, -0.809718, -0.20556)","(0.367972, -0.835575, 0.407934)","(0.460263, -0.709899, 0.533105)","(0.0238255, -0.999053, 0.0364175)","(-0.037863, -0.996513, 0.0743565)","(0.246499, -0.870438, -0.426117)","(0.16127, -0.887474, -0.43172)",0
49.0667,"(0.0625542, -0.0240746, 5.45634e-06)","(0.0153078, 0.989998, 0.140248)","(-0.467789, -0.855508, -0.221989)","(0.533919, -0.818517, -0.212039)","(0.35777, -0.819891, 0.446966)","(0.403276, -0.756548, 0.514786)","(-0.0308863, -0.996916, 0.0721373)","(-0.0405072, -0.989792, 0.136643)","(0.284484, -0.863973, -0.415475)","(0.185396, -0.919665, -0.346185)",0
49.1,"(0.0637514, -0.0224597, 7.34325e-06)","(0.012656, 0.988585, 0.15013)","(-0.44722, -0.873138, -0.193972)","(0.437895, -0.870858, -0.223278)","(0.34809, -0.795468, 0.496049)","(0.351261, -0.800797, 0.485118)","(-0.0901677, -0.990476, 0.104054)","(-0.0403482, -0.98037, 0.192992)","(0.294159, -0.86406, -0.408499)","(0.200808, -0.928213, -0.313204)",0
49.1333,"(0.0637514, -0.0224597, 7.34325e-06)","(0.00211234, 0.987129, 0.159911)","(-0.411385, -0.900415, -0.141474)","(0.273052, -0.940006, -0.204529)","(0.345051, -0.762245, 0.547652)","(0.237541, -0.826597, 0.510208)","(-0.133981, -0.984703, 0.111392)","(-0.0317876, -0.982606, 0.182964)","(0.25726, -0.87252, -0.415362)","(0.196853, -0.928915, -0.313632)",0
49.1667,"(0.0650313, -0.0205434, 7.54301e-06)","(-0.0121972, 0.988137, 0.153088)","(-0.380204, -0.921768, -0.0760833)","(0.0474636, -0.990475, -0.129252)","(0.353121, -0.753993, 0.553895)","(0.0981839, -0.824676, 0.557018)","(-0.13509, -0.985176, 0.105732)","(-0.0133977, -0.990411, 0.1375)","(0.177777, -0.895133, -0.408819)","(0.161623, -0.924324, -0.345692)",0
49.2,"(0.0650313, -0.0205434, 7.54301e-06)","(-0.0225203, 0.988948, 0.146543)","(-0.360962, -0.931142, -0.0517877)","(-0.201461, -0.978696, -0.0395933)","(0.365315, -0.772286, 0.51973)","(-0.178463, -0.807188, 0.562671)","(-0.119053, -0.987688, 0.101485)","(0.00118964, -0.996589, 0.082516)","(0.118593, -0.916266, -0.382612)","(0.133531, -0.93153, -0.338262)",0
49.2333,"(0.0650313, -0.0205434, 7.54301e-06)","(-0.0212292, 0.99045, 0.136229)","(-0.35748, -0.933238, -0.0357198)","(-0.39416, -0.918855, 0.0185276)","(0.362335, -0.780445, 0.509529)","(-0.444463, -0.760397, 0.473549)","(-0.099125, -0.992287, 0.07443)","(0.00596444, -0.999068, 0.0427556)","(0.082789, -0.927372, -0.364865)","(0.128637, -0.926878, -0.352634)",0
49.2667,"(0.063005, -0.0210318, 3.93488e-06)","(-0.0109846, 0.992211, 0.124086)","(-0.369933, -0.929051, -0.00385201)","(-0.491379, -0.869315, 0.0532761)","(0.328229, -0.759804, 0.561216)","(-0.659564, -0.659754, 0.360138)","(-0.0769036, -0.996313, 0.0380231)","(0.00742303, -0.999918, 0.0103975)","(0.071204, -0.923725, -0.376379)","(0.139353, -0.916469, -0.375053)",0
49.3,"(0.0605126, -0.0206549, 3.93582e-06)","(0.00677668, 0.994799, 0.101627)","(-0.399761, -0.91366, 0.0735958)","(-0.50549, -0.859555, 0.0751284)","(0.293596, -0.697714, 0.65345)","(-0.771248, -0.566705, 0.289865)","(-0.0466125, -0.998912, -0.00160202)","(0.00968064, -0.999953, -1.55778e-05)","(0.0583865, -0.915559, -0.397923)","(0.155167, -0.899105, -0.409309)",0
49.3333,"(0.0572775, -0.0190495, -3.80957e-07)","(0.0298984, 0.996772, 0.0745089)","(-0.456078, -0.880876, 0.126689)","(-0.500886, -0.859511, 0.101754)","(0.260981, -0.648512, 0.715067)","(-0.803488, -0.524944, 0.280787)","(-0.0206374, -0.99978, -0.00379597)","(0.00494934, -0.999874, 0.0150663)","(0.0506034, -0.924541, -0.377707)","(0.174184, -0.892933, -0.415127)",0
49.3667,"(0.0540409, -0.0159232, -4.54527e-06)","(0.0532925, 0.996872, 0.0583534)","(-0.510752, -0.856154, 0.0783088)","(-0.516547, -0.847748, 0.120423)","(0.271441, -0.661399, 0.699193)","(-0.747842, -0.584921, 0.314007)","(-0.00367662, -0.999946, 0.00976465)","(-0.024395, -0.9986, 0.0469413)","(0.0492891, -0.944616, -0.324455)","(0.196107, -0.898889, -0.391843)",0
49.4,"(0.0509002, -0.0124223, -9.26279e-06)","(0.073373, 0.996505, 0.0399242)","(-0.539059, -0.841905, 0.0247335)","(-0.468113, -0.871486, 0.146225)","(0.295376, -0.674859, 0.676254)","(-0.671481, -0.637955, 0.376999)","(-0.000229871, -0.999025, 0.044144)","(-0.0910095, -0.985733, 0.141591)","(0.0598472, -0.962038, -0.266274)","(0.182523, -0.913721, -0.363041)",0
49.4333,"(0.0487371, -0.00922246, -1.27062e-05)","(0.0887446, 0.995536, 0.0321414)","(-0.551917, -0.833254, -0.0327939)","(-0.301552, -0.94868, 0.0952546)","(0.351084, -0.669211, 0.654902)","(-0.55986, -0.703741, 0.437384)","(-0.000810161, -0.997972, 0.0636476)","(-0.159687, -0.961988, 0.221539)","(0.0795428, -0.965966, -0.246134)","(0.139193, -0.916205, -0.375757)",0
49.4667,"(0.0475488, -0.00636927, -1.52836e-05)","(0.0980199, 0.994378, 0.0400527)","(-0.569784, -0.821424, -0.0246614)","(-0.063381, -0.997822, 0.018296)","(0.405642, -0.616932, 0.674425)","(-0.447492, -0.767405, 0.459174)","(-0.0102298, -0.996825, 0.0789653)","(-0.223886, -0.939186, 0.260391)","(0.10287, -0.96105, -0.256518)","(0.0980578, -0.914723, -0.392002)",0
49.5,"(0.0475488, -0.00636927, -1.52836e-05)","(0.102372, 0.99313, 0.056683)","(-0.597032, -0.801737, -0.0277665)","(0.128724, -0.98757, -0.0901971)","(0.452657, -0.577787, 0.679165)","(-0.306441, -0.843515, 0.441107)","(-0.0205728, -0.997182, 0.0721443)","(-0.251192, -0.941858, 0.223171)","(0.123942, -0.953028, -0.276362)","(0.0697607, -0.911132, -0.406168)",0
49.5333,"(0.0475488, -0.00636927, -1.52836e-05)","(0.100027, 0.992397, 0.0717173)","(-0.610181, -0.791869, -0.0249581)","(0.197496, -0.971108, -0.133957)","(0.477234, -0.559436, 0.677701)","(-0.187698, -0.898105, 0.397713)","(-0.0248105, -0.998153, 0.0554621)","(-0.266886, -0.951169, 0.15508)","(0.137748, -0.946632, -0.291399)","(0.0670878, -0.92358, -0.377492)",0
49.5667,"(0.0475488, -0.00636927, -1.52836e-05)","(0.085883, 0.994104, 0.0661948)","(-0.599308, -0.800477, 0.00816895)","(0.206399, -0.963517, -0.170398)","(0.493362, -0.531154, 0.688818)","(-0.117175, -0.92551, 0.360141)","(-0.0146916, -0.999332, 0.0334671)","(-0.258406, -0.961706, 0.0913613)","(0.130432, -0.946439, -0.295364)","(0.0528038, -0.925229, -0.375716)",0
49.6,"(0.0506839, -0.00814743, -1.70086e-05)","(0.0662395, 0.995939, 0.0609803)","(-0.56664, -0.819455, 0.086094)","(0.184001, -0.967407, -0.173975)","(0.464894, -0.459075, 0.757049)","(-0.0860534, -0.935142, 0.343664)","(-0.0151551, -0.999803, 0.0128312)","(-0.23601, -0.971213, 0.0323165)","(0.12414, -0.939321, -0.31979)","(0.0478061, -0.916288, -0.397658)",0
49.6333,"(0.0533011, -0.0117254, -1.49442e-05)","(0.0363741, 0.99811, 0.0495243)","(-0.51312, -0.837734, 0.186841)","(0.184253, -0.964768, -0.187814)","(0.39427, -0.354375, 0.847921)","(-0.0965542, -0.930059, 0.354495)","(-0.0246045, -0.999651, 0.00962918)","(-0.187166, -0.982178, 0.0171738)","(0.0941097, -0.930042, -0.355197)","(0.0272655, -0.893298, -0.448637)",0
49.6667,"(0.0565813, -0.0162682, -8.43516e-06)","(0.00829562, 0.998707, 0.0501474)","(-0.452291, -0.849636, 0.271204)","(0.203608, -0.958895, -0.197649)","(0.277653, -0.215848, 0.936119)","(-0.0753402, -0.928013, 0.364849)","(-0.0422333, -0.999076, 0.00802336)","(-0.123428, -0.992234, 0.0154244)","(0.0617669, -0.918689, -0.390122)","(0.045998, -0.875052, -0.481838)",0
49.7,"(0.0603622, -0.0219099, -9.66364e-08)","(-0.0175337, 0.997263, 0.0718286)","(-0.40414, -0.854734, 0.325731)","(0.234126, -0.944448, -0.230657)","(0.213969, -0.0374492, 0.976122)","(-0.00114552, -0.934653, 0.355559)","(-0.0531922, -0.998493, -0.0135218)","(-0.053713, -0.998449, 0.0146309)","(0.0224605, -0.90554, -0.423666)","(0.133314, -0.859508, -0.49343)",0
49.7333,"(0.0647688, -0.0267688, 7.65325e-06)","(-0.0376967, 0.991241, 0.126574)","(-0.364547, -0.85067, 0.37877)","(0.253949, -0.934898, -0.247944)","(0.175007, 0.165264, 0.970598)","(0.133136, -0.944494, 0.300343)","(-0.06492, -0.996572, -0.0512791)","(0.0179981, -0.999543, -0.0242783)","(-0.00634605, -0.886346, -0.462981)","(0.257267, -0.817258, -0.515658)",0
49.7667,"(0.0691493, -0.0321012, 1.65622e-05)","(-0.0505841, 0.983344, 0.17457)","(-0.322472, -0.83501, 0.445836)","(0.270328, -0.930172, -0.248402)","(0.13998, 0.363055, 0.921193)","(0.268966, -0.931219, 0.245943)","(-0.074357, -0.99352, -0.0859566)","(0.108205, -0.991862, -0.0670991)","(-0.0430656, -0.872439, -0.486822)","(0.370659, -0.776978, -0.508838)",0
49.8,"(0.0739273, -0.0369805, 2.34118e-05)","(-0.0584722, 0.981155, 0.184163)","(-0.239985, -0.813617, 0.52956)","(0.285853, -0.924081, -0.253697)","(0.0584921, 0.471681, 0.879827)","(0.406465, -0.896851, 0.17448)","(-0.0865218, -0.991875, -0.0932582)","(0.210365, -0.97267, -0.0982826)","(-0.073582, -0.866037, -0.494536)","(0.443975, -0.742626, -0.501391)",0
49.8333,"(0.078838, -0.0423666, 2.68246e-05)","(-0.061148, 0.986551, 0.151584)","(-0.159236, -0.75261, 0.638923)","(0.299292, -0.920598, -0.250846)","(-0.0262336, 0.554812, 0.831562)","(0.516732, -0.839815, 0.166429)","(-0.109216, -0.990733, -0.08075)","(0.283436, -0.956223, -0.0728128)","(-0.0785308, -0.869742, -0.487218)","(0.528684, -0.740363, -0.415156)",0
49.8667,"(0.0840438, -0.047666, 2.92683e-05)","(-0.0643836, 0.991185, 0.115786)","(-0.0996999, -0.708381, 0.698754)","(0.327998, -0.909717, -0.254621)","(-0.0787964, 0.570253, 0.817681)","(0.618152, -0.768707, 0.164249)","(-0.140387, -0.987944, -0.0652611)","(0.332972, -0.942489, -0.0290474)","(-0.0620731, -0.866484, -0.49533)","(0.581469, -0.730132, -0.358889)",0
49.9,"(0.0893175, -0.0523307, 3.25373e-05)","(-0.0719998, 0.992169, 0.102057)","(-0.0933552, -0.679468, 0.727742)","(0.368819, -0.895913, -0.247613)","(-0.08942, 0.572199, 0.815225)","(0.683621, -0.711753, 0.161464)","(-0.165329, -0.983589, -0.0722458)","(0.350281, -0.936576, 0.0112994)","(-0.0549566, -0.846773, -0.529107)","(0.609747, -0.724068, -0.322388)",0
49.9333,"(0.0939228, -0.0558395, 3.44977e-05)","(-0.0830798, 0.990752, 0.107273)","(-0.0904856, -0.691657, 0.716535)","(0.407681, -0.87862, -0.248642)","(-0.0870539, 0.53682, 0.839194)","(0.717464, -0.683046, 0.136727)","(-0.186352, -0.978677, -0.0863923)","(0.359784, -0.932555, 0.0299331)","(-0.0609048, -0.829604, -0.555021)","(0.603361, -0.726017, -0.329933)",0
49.9667,"(0.0971892, -0.0580663, 3.61603e-05)","(-0.091508, 0.989142, 0.114998)","(-0.088257, -0.680934, 0.727007)","(0.42939, -0.871309, -0.237582)","(-0.0852422, 0.525241, 0.846673)","(0.701942, -0.702569, 0.11694)","(-0.200648, -0.974118, -0.104093)","(0.349384, -0.936042, 0.0419194)","(-0.0627326, -0.818925, -0.570461)","(0.59773, -0.736831, -0.31591)",0
50,"(0.0971892, -0.0580663, 3.61603e-05)","(-0.0939211, 0.988427, 0.119121)","(-0.0907285, -0.653479, 0.751488)","(0.417002, -0.885754, -0.203837)","(-0.0828134, 0.520884, 0.849601)","(0.647201, -0.751529, 0.12781)","(-0.218891, -0.970371, -0.102304)","(0.338968, -0.939669, 0.046084)","(-0.0503149, -0.832767, -0.551333)","(0.590999, -0.751245, -0.293856)",0
50.0333,"(0.0991715, -0.0594076, 3.56938e-05)","(-0.0899574, 0.988456, 0.121909)","(-0.105383, -0.616692, 0.780119)","(0.378137, -0.914025, -0.146869)","(-0.057463, 0.514877, 0.855336)","(0.539232, -0.825734, 0.165505)","(-0.227475, -0.968666, -0.0997098)","(0.338263, -0.939797, 0.0485653)","(-0.034687, -0.844582, -0.534302)","(0.593817, -0.75752, -0.271192)",0
50.0667,"(0.096913, -0.0602407, 3.27841e-05)","(-0.0713117, 0.989943, 0.122178)","(-0.149885, -0.601425, 0.784744)","(0.309938, -0.948019, -0.0721001)","(-0.0147358, 0.505795, 0.862528)","(0.342127, -0.900962, 0.266864)","(-0.233644, -0.966363, -0.107488)","(0.357348, -0.93278, 0.0471538)","(-0.0115095, -0.844624, -0.535236)","(0.599429, -0.750692, -0.277752)",0
50.1,"(0.0922444, -0.0609792, 3.09011e-05)","(-0.0419336, 0.992141, 0.117889)","(-0.221575, -0.623734, 0.749574)","(0.232545, -0.971312, 0.0497582)","(0.024301, 0.49607, 0.867942)","(0.0398217, -0.908563, 0.415845)","(-0.23294, -0.965644, -0.115199)","(0.379548, -0.924102, 0.0444844)","(0.0232374, -0.842061, -0.538882)","(0.604538, -0.745862, -0.279686)",0
50.1333,"(0.0855663, -0.0622922, 2.7401e-05)","(-0.00104357, 0.994296, 0.106653)","(-0.301989, -0.658312, 0.689513)","(0.151805, -0.975215, 0.160966)","(0.0526924, 0.500034, 0.864401)","(-0.267755, -0.776269, 0.570713)","(-0.227145, -0.967534, -0.110829)","(0.392344, -0.918992, 0.0389884)","(0.0620953, -0.832209, -0.550975)","(0.593961, -0.738733, -0.318566)",0
50.1667,"(0.0778435, -0.0623719, 2.50004e-05)","(0.0357578, 0.994535, 0.0980888)","(-0.361966, -0.679968, 0.63767)","(0.0953544, -0.955629, 0.278712)","(0.0748711, 0.505539, 0.859549)","(-0.46814, -0.519556, 0.714777)","(-0.212171, -0.975091, -0.064665)","(0.381253, -0.924302, 0.017678)","(0.0962848, -0.833783, -0.543631)","(0.572418, -0.730152, -0.373117)",0
50.2,"(0.0691729, -0.0578922, 2.30007e-05)","(0.0717807, 0.990671, 0.115839)","(-0.3898, -0.729892, 0.561528)","(0.0690265, -0.932844, 0.353607)","(0.0967978, 0.465041, 0.879981)","(-0.568206, -0.2384, 0.787596)","(-0.174772, -0.983941, -0.0362476)","(0.306345, -0.951914, 0.00359018)","(0.110674, -0.829598, -0.547283)","(0.555536, -0.719899, -0.416084)",0
50.2333,"(0.0611463, -0.0512791, 2.17049e-05)","(0.103542, 0.984439, 0.141984)","(-0.387214, -0.791804, 0.472347)","(0.0615552, -0.914762, 0.399277)","(0.112456, 0.387997, 0.914774)","(-0.585479, -0.026168, 0.810265)","(-0.11958, -0.99209, -0.0381761)","(0.192105, -0.981068, -0.024499)","(0.113521, -0.847971, -0.517743)","(0.529975, -0.735303, -0.422441)",0
50.2667,"(0.0545042, -0.0449239, 1.91271e-05)","(0.131495, 0.97506, 0.178793)","(-0.351835, -0.856947, 0.376635)","(0.0475421, -0.912069, 0.407271)","(0.133172, 0.286693, 0.948722)","(-0.587493, 0.0808365, 0.805182)","(-0.0627746, -0.995597, -0.0696098)","(0.0476844, -0.99835, -0.0320015)","(0.109247, -0.868194, -0.484049)","(0.504542, -0.763257, -0.403579)",0
50.3,"(0.0492545, -0.0386301, 1.74693e-05)","(0.152931, 0.968434, 0.196842)","(-0.315338, -0.88496, 0.342647)","(0.0216129, -0.9118, 0.410065)","(0.161074, 0.236189, 0.958264)","(-0.563758, 0.153137, 0.811619)","(-0.0277558, -0.99588, -0.0863312)","(-0.0611002, -0.997398, -0.0382544)","(0.107438, -0.896027, -0.430804)","(0.464553, -0.790904, -0.398324)",0
50.3333,"(0.0452582, -0.0326826, 1.31883e-05)","(0.165455, 0.963633, 0.209849)","(-0.286376, -0.894898, 0.342266)","(0.00294847, -0.896673, 0.442683)","(0.191055, 0.231503, 0.953889)","(-0.528634, 0.239529, 0.814353)","(-0.0161737, -0.996215, -0.0854005)","(-0.139116, -0.990272, -0.00293194)","(0.116544, -0.903226, -0.413038)","(0.439986, -0.790241, -0.426534)",0
50.3667,"(0.0418407, -0.0300213, 9.37465e-06)","(0.168549, 0.965316, 0.199389)","(-0.267635, -0.890427, 0.36812)","(0.00522421, -0.880787, 0.473484)","(0.211014, 0.261247, 0.941925)","(-0.502167, 0.32767, 0.800288)","(-0.00976178, -0.996732, -0.0801922)","(-0.188206, -0.981096, 0.0450492)","(0.133669, -0.908147, -0.396739)","(0.396199, -0.799032, -0.452299)",0
50.4,"(0.0391045, -0.0289916, 6.4136e-06)","(0.169486, 0.978863, 0.114459)","(-0.261122, -0.877678, 0.401867)","(0.0377618, -0.842225, 0.537803)","(0.232855, 0.339441, 0.91135)","(-0.482084, 0.431674, 0.762399)","(-0.00187728, -0.997806, -0.0661846)","(-0.22183, -0.97028, 0.0966862)","(0.173619, -0.901661, -0.39606)","(0.355287, -0.812017, -0.463032)",0
50.4333,"(0.036862, -0.0266969, 1.64802e-06)","(0.16726, 0.985293, 0.0349534)","(-0.272137, -0.844092, 0.462007)","(0.0755183, -0.771999, 0.631122)","(0.247425, 0.428598, 0.868956)","(-0.475418, 0.536529, 0.697219)","(0.000810291, -0.998419, -0.0562089)","(-0.251779, -0.958965, 0.130357)","(0.215107, -0.902983, -0.371955)","(0.309955, -0.865772, -0.392895)",0
50.4667,"(0.0353092, -0.0224756, -7.37933e-07)","(0.163802, 0.985892, -0.0344255)","(-0.305482, -0.751168, 0.585172)","(0.0954065, -0.635866, 0.76588)","(0.249124, 0.526059, 0.813141)","(-0.460502, 0.632007, 0.623302)","(-0.00744877, -0.998951, -0.0451784)","(-0.271585, -0.951785, 0.142646)","(0.251398, -0.908535, -0.333711)","(0.258149, -0.920746, -0.292551)",0
50.5,"(0.0339953, -0.0185046, -2.4999e-06)","(0.149949, 0.988075, -0.0349832)","(-0.309071, -0.621406, 0.719951)","(0.0596585, -0.473701, 0.878663)","(0.234712, 0.577151, 0.782181)","(-0.411655, 0.689928, 0.595432)","(-0.0204085, -0.999413, -0.0275203)","(-0.275043, -0.949991, 0.147881)","(0.264806, -0.927003, -0.265599)","(0.171796, -0.970456, -0.169418)",0
50.5333,"(0.0331957, -0.0136198, -4.22481e-06)","(0.127975, 0.991538, -0.0217708)","(-0.242176, -0.409262, 0.87969)","(0.0147832, -0.310138, 0.950577)","(0.219828, 0.604896, 0.76536)","(-0.345804, 0.692571, 0.63306)","(-0.0284511, -0.999556, -0.00887877)","(-0.263203, -0.953645, 0.145897)","(0.263267, -0.935174, -0.236941)","(0.0795264, -0.991513, -0.102848)",0
50.5667,"(0.0325371, -0.00954404, -2.45827e-06)","(0.105607, 0.994393, 0.00552234)","(-0.13813, -0.218173, 0.966085)","(-0.0186136, -0.186478, 0.982283)","(0.200354, 0.569412, 0.797263)","(-0.296431, 0.633599, 0.714619)","(-0.032039, -0.999486, 0.00128438)","(-0.24758, -0.95716, 0.150165)","(0.253177, -0.93636, -0.243168)","(0.020277, -0.995514, -0.0924169)",0
50.6,"(0.0321725, -0.00672811, 1.84611e-06)","(0.0923249, 0.994624, 0.0468963)","(-0.0539504, -0.0355079, 0.997912)","(-0.0144578, -0.116336, 0.993105)","(0.157906, 0.412915, 0.896977)","(-0.267539, 0.477802, 0.836736)","(-0.0525536, -0.998612, -0.00342714)","(-0.231813, -0.961231, 0.149327)","(0.255126, -0.921315, -0.293411)","(0.0205894, -0.989167, -0.145347)",0
50.6333,"(0.0321725, -0.00672811, 1.84611e-06)","(0.0860845, 0.994581, 0.058294)","(-0.0358489, -0.010841, 0.999298)","(-0.00726881, -0.139991, 0.990126)","(0.103338, 0.190651, 0.976204)","(-0.237493, 0.234235, 0.942726)","(-0.0714405, -0.997439, 0.00339677)","(-0.220844, -0.963805, 0.149354)","(0.259986, -0.905219, -0.336134)","(0.0353951, -0.970318, -0.239227)",0
50.6667,"(0.0313493, -0.00453391, -2.30176e-07)","(0.0766566, 0.996101, 0.0436718)","(-0.0338626, -0.110327, 0.993318)","(-0.0185926, -0.262332, 0.964799)","(0.0627368, -0.0600511, 0.996222)","(-0.163547, -0.0603894, 0.984686)","(-0.086081, -0.996046, 0.0219587)","(-0.211507, -0.964997, 0.155069)","(0.249299, -0.894024, -0.37225)","(0.0419769, -0.947184, -0.31793)",0
50.7,"(0.0313493, -0.00453391, -2.30176e-07)","(0.066586, 0.997747, -0.008235)","(-0.0259152, -0.385887, 0.922182)","(-0.0544323, -0.488149, 0.871061)","(-0.00846847, -0.247806, 0.968773)","(-0.105837, -0.301746, 0.947495)","(-0.0645004, -0.997102, 0.0403458)","(-0.198334, -0.970281, 0.138627)","(0.191554, -0.902454, -0.385855)","(0.0173353, -0.921277, -0.38852)",0
50.7333,"(0.0293723, -0.00407482, -1.25924e-05)","(0.057017, 0.99687, -0.0547671)","(-0.0269624, -0.767174, 0.640872)","(-0.0824176, -0.736918, 0.670939)","(-0.130676, -0.49919, 0.856582)","(-0.14506, -0.49966, 0.853989)","(-0.031485, -0.998267, 0.0497176)","(-0.180538, -0.977091, 0.112689)","(0.0998543, -0.92208, -0.373895)","(-0.0191525, -0.905759, -0.42336)",0
50.7667,"(0.0293723, -0.00407482, -1.25924e-05)","(0.0551375, 0.995096, -0.0821247)","(-0.0689039, -0.96949, 0.235249)","(-0.0192432, -0.863441, 0.504083)","(-0.236748, -0.683741, 0.690253)","(-0.279319, -0.534472, 0.797697)","(0.00495506, -0.998796, 0.0487956)","(-0.163352, -0.983203, 0.0814103)","(0.0234235, -0.935008, -0.353853)","(-0.0472177, -0.896962, -0.439579)",0
50.8,"(0.0263407, -0.00643067, -2.04893e-05)","(0.0536745, 0.996405, -0.0655396)","(-0.113912, -0.991056, -0.0695178)","(0.100802, -0.899899, 0.424289)","(-0.248046, -0.827347, 0.503955)","(-0.454057, -0.455798, 0.765559)","(0.0237256, -0.998795, 0.0429572)","(-0.155807, -0.985709, 0.0640451)","(-0.0114504, -0.940907, -0.338472)","(-0.0554286, -0.89307, -0.446491)",0
50.8333,"(0.0244815, -0.010979, -1.68475e-05)","(0.0520932, 0.998642, 7.69434e-05)","(-0.148323, -0.976034, -0.159239)","(0.227912, -0.850816, 0.473465)","(-0.194989, -0.889266, 0.413745)","(-0.552805, -0.249385, 0.795119)","(0.0329695, -0.998909, 0.0330881)","(-0.156146, -0.987006, 0.0379272)","(-0.00774211, -0.93558, -0.353029)","(-0.0463712, -0.884906, -0.463455)",0
50.8667,"(0.0225563, -0.0177891, -8.04779e-06)","(0.0528533, 0.996633, 0.0626868)","(-0.147198, -0.971163, -0.18755)","(0.319897, -0.790107, 0.522873)","(-0.15174, -0.926035, 0.345593)","(-0.59128, -0.0337887, 0.805758)","(0.0343449, -0.997588, 0.0603136)","(-0.156301, -0.987636, 0.0120272)","(0.00652263, -0.925674, -0.378265)","(-0.00532376, -0.862146, -0.506632)",0
50.9,"(0.0212655, -0.0240694, -1.99536e-07)","(0.0583789, 0.992932, 0.103336)","(-0.141977, -0.974168, -0.175613)","(0.379137, -0.714038, 0.588562)","(-0.135471, -0.933801, 0.331156)","(-0.590254, 0.128737, 0.796886)","(0.0371915, -0.975749, 0.21571)","(-0.139578, -0.990195, 0.00568662)","(0.0168709, -0.911915, -0.410032)","(0.0389902, -0.831107, -0.554744)",0
50.9333,"(0.0204951, -0.0298865, 4.37098e-06)","(0.0669858, 0.987981, 0.139306)","(-0.166807, -0.963896, -0.207558)","(0.394306, -0.684517, 0.613155)","(-0.13665, -0.932409, 0.334575)","(-0.574419, 0.205032, 0.792467)","(0.0381899, -0.944818, 0.325362)","(-0.0923316, -0.995629, -0.0140943)","(0.0260456, -0.911485, -0.410508)","(0.104367, -0.788272, -0.606412)",0
50.9667,"(0.0206893, -0.0338964, 7.26637e-06)","(0.0694034, 0.982476, 0.172985)","(-0.236679, -0.936963, -0.257066)","(0.369828, -0.720648, 0.586424)","(-0.163711, -0.927287, 0.336656)","(-0.588731, 0.100552, 0.802051)","(0.0335099, -0.919616, 0.391386)","(-0.0224269, -0.999739, -0.00439958)","(0.0297028, -0.910825, -0.411722)","(0.176304, -0.791437, -0.585272)",0
51,"(0.0227562, -0.0374986, 7.92698e-06)","(0.0580315, 0.976908, 0.205628)","(-0.374483, -0.874267, -0.308902)","(0.313167, -0.824571, 0.471178)","(-0.119044, -0.927863, 0.353409)","(-0.610088, -0.153939, 0.777236)","(0.0182738, -0.965345, 0.260336)","(0.047222, -0.992097, 0.116251)","(0.0257499, -0.904771, -0.42512)","(0.284247, -0.796353, -0.533878)",0
51.0333,"(0.0265006, -0.0401308, 8.01012e-06)","(0.0261876, 0.976211, 0.215237)","(-0.580232, -0.805131, -0.122862)","(0.234919, -0.927315, 0.291376)","(0.0101305, -0.860699, 0.509014)","(-0.546773, -0.488629, 0.679913)","(-0.0200859, -0.985285, 0.169733)","(0.143386, -0.982945, 0.115154)","(0.0130497, -0.893564, -0.448746)","(0.366412, -0.796438, -0.481071)",0
51.0667,"(0.0313698, -0.0450666, 9.47863e-06)","(-0.0181395, 0.976732, 0.213695)","(-0.763943, -0.626738, 0.15359)","(0.134333, -0.986835, 0.0900641)","(0.228847, -0.686153, 0.690524)","(-0.345993, -0.768083, 0.538829)","(-0.0567399, -0.997501, 0.0420927)","(0.214944, -0.972279, 0.0920471)","(-0.0119315, -0.878983, -0.476703)","(0.4371, -0.759271, -0.482131)",1
51.1,"(0.0373545, -0.0515062, 1.90284e-05)","(-0.0619925, 0.976144, 0.208084)","(-0.819337, -0.353937, 0.451017)","(0.0537965, -0.99806, -0.0313346)","(0.399439, -0.396745, 0.826463)","(-0.0584602, -0.899175, 0.433666)","(-0.085971, -0.996158, -0.0166908)","(0.271349, -0.961463, -0.0442608)","(-0.0374561, -0.872575, -0.487043)","(0.479524, -0.725567, -0.493568)",0
51.1333,"(0.0436794, -0.0572279, 2.59056e-05)","(-0.0964165, 0.976779, 0.191327)","(-0.807552, -0.11438, 0.578599)","(0.0421715, -0.997686, -0.0533375)","(0.516115, -0.217901, 0.828338)","(0.169255, -0.922499, 0.346914)","(-0.0940938, -0.993031, -0.0709628)","(0.282759, -0.958214, -0.0432747)","(-0.0600446, -0.862163, -0.50306)","(0.520147, -0.6956, -0.495568)",0
51.1667,"(0.048987, -0.0612278, 2.84777e-05)","(-0.119992, 0.973929, 0.192521)","(-0.776573, 0.0111954, 0.629928)","(0.0807197, -0.995953, -0.0395292)","(0.582874, -0.143093, 0.799864)","(0.280971, -0.91174, 0.299641)","(-0.109541, -0.990983, -0.0771524)","(0.281824, -0.957621, -0.0594823)","(-0.0830347, -0.861215, -0.501411)","(0.531992, -0.68811, -0.493446)",0
51.2,"(0.0539389, -0.0648672, 2.82627e-05)","(-0.127297, 0.974886, 0.182738)","(-0.761644, -0.0209768, 0.647656)","(0.171344, -0.980633, -0.0948734)","(0.631575, -0.218462, 0.7439)","(0.310223, -0.911016, 0.271682)","(-0.134365, -0.988549, -0.0686799)","(0.286466, -0.955515, -0.0701994)","(-0.100623, -0.853179, -0.51182)","(0.494465, -0.707325, -0.50517)",0
51.2333,"(0.0582226, -0.0662514, 2.52835e-05)","(-0.116968, 0.97873, 0.168539)","(-0.835568, -0.19047, 0.515313)","(0.369797, -0.922016, -0.114619)","(0.60687, -0.417077, 0.676576)","(0.179969, -0.939173, 0.292517)","(-0.182779, -0.982766, 0.0276185)","(0.294774, -0.955151, -0.0282009)","(-0.109147, -0.842766, -0.527098)","(0.430121, -0.734631, -0.524702)",0
51.2667,"(0.0620062, -0.0659956, 1.61169e-05)","(-0.0907107, 0.984811, 0.148051)","(-0.851999, -0.441168, 0.281902)","(0.592852, -0.803093, -0.0597405)","(0.539709, -0.635446, 0.552198)","(-0.0537536, -0.862871, 0.502557)","(-0.220168, -0.968928, 0.112717)","(0.305728, -0.948256, 0.085679)","(-0.110196, -0.806952, -0.580245)","(0.371908, -0.748992, -0.548357)",0
51.3,"(0.0663952, -0.0659693, 1.03686e-05)","(-0.0535034, 0.983435, 0.173185)","(-0.747772, -0.663617, 0.0211955)","(0.758457, -0.621695, 0.195548)","(0.326557, -0.827313, 0.457071)","(-0.344504, -0.63678, 0.689803)","(-0.251558, -0.947591, 0.196951)","(0.294704, -0.940035, 0.171708)","(-0.109021, -0.791032, -0.601982)","(0.347465, -0.738859, -0.57737)",0
51.3333,"(0.0717496, -0.0649702, 8.57294e-06)","(-0.0167032, 0.98322, 0.181657)","(-0.551241, -0.829393, -0.0907778)","(0.806587, -0.409552, 0.426245)","(0.15207, -0.912035, 0.380877)","(-0.477542, -0.418043, 0.772783)","(-0.266937, -0.944705, 0.190464)","(0.260137, -0.946054, 0.193159)","(-0.129504, -0.790648, -0.598418)","(0.344891, -0.722312, -0.59943)",0
51.3667,"(0.078046, -0.0628333, 9.13547e-06)","(0.0120426, 0.980956, 0.193855)","(-0.3397, -0.932494, -0.122715)","(0.774433, -0.221272, 0.592699)","(0.0175328, -0.923218, 0.383876)","(-0.537639, -0.405762, 0.739122)","(-0.284504, -0.945733, 0.156993)","(0.218103, -0.964817, 0.146832)","(-0.15301, -0.816024, -0.557398)","(0.336164, -0.711394, -0.617181)",0
51.4,"(0.0859588, -0.0597445, 1.12074e-05)","(0.0171751, 0.980536, 0.195585)","(-0.142131, -0.98474, -0.100425)","(0.76729, -0.145044, 0.624682)","(0.0844897, -0.94241, 0.323613)","(-0.534473, -0.455787, 0.711756)","(-0.299104, -0.94929, 0.0968807)","(0.166822, -0.978982, 0.117325)","(-0.167551, -0.828414, -0.534469)","(0.324551, -0.718301, -0.615395)",0
51.4333,"(0.0947623, -0.0534899, 8.21841e-06)","(0.00911207, 0.979568, 0.200906)","(0.0284523, -0.997962, -0.057109)","(0.794978, -0.233054, 0.560086)","(0.256072, -0.927173, 0.273454)","(-0.518442, -0.48278, 0.705791)","(-0.301486, -0.953152, 0.0246443)","(0.118501, -0.987228, 0.106482)","(-0.160674, -0.841755, -0.515395)","(0.303374, -0.755536, -0.580629)",0
51.4667,"(0.103553, -0.0445452, 3.28795e-06)","(-0.0197258, 0.980848, 0.193774)","(0.155698, -0.987765, 0.00887034)","(0.763642, -0.413161, 0.496134)","(0.484219, -0.851927, 0.199378)","(-0.430797, -0.44121, 0.787241)","(-0.272366, -0.961941, -0.0220612)","(0.0787812, -0.991956, 0.0990822)","(-0.172252, -0.852207, -0.494037)","(0.263897, -0.808291, -0.526331)",0
51.5,"(0.111997, -0.0350869, -4.68451e-06)","(-0.0539455, 0.983605, 0.172079)","(0.243614, -0.969678, 0.0194069)","(0.628773, -0.69118, 0.356251)","(0.715895, -0.667826, 0.203722)","(-0.254902, -0.470497, 0.844782)","(-0.198089, -0.977932, -0.0664123)","(0.0441649, -0.993024, 0.109325)","(-0.185148, -0.831217, -0.524212)","(0.219534, -0.879678, -0.421866)",0
51.5333,"(0.119687, -0.0260778, -1.09873e-05)","(-0.0929167, 0.984931, 0.145868)","(0.313361, -0.949233, 0.0275987)","(0.377831, -0.900427, 0.215578)","(0.91074, -0.351307, 0.217109)","(0.0488721, -0.516719, 0.854759)","(-0.0882977, -0.99092, -0.101398)","(0.0238411, -0.986659, 0.161047)","(-0.178006, -0.794338, -0.58081)","(0.159283, -0.930823, -0.328933)",0
51.5667,"(0.125909, -0.0178736, -1.53399e-05)","(-0.12674, 0.984833, 0.118493)","(0.439018, -0.889951, 0.123489)","(0.177794, -0.984065, -0.00240197)","(0.973217, 0.00336103, 0.229864)","(0.288754, -0.704186, 0.648647)","(0.040966, -0.992179, -0.117906)","(0.0106482, -0.968776, 0.247707)","(-0.113415, -0.739252, -0.66381)","(0.095909, -0.955648, -0.278456)",1
51.6,"(0.131118, -0.0130342, -1.91411e-05)","(-0.162502, 0.983995, 0.0731187)","(0.579855, -0.766279, 0.27674)","(0.0926811, -0.989565, -0.11032)","(0.906715, 0.336275, 0.254534)","(0.41106, -0.77165, 0.485372)","(0.143464, -0.985174, -0.09407)","(0.00142493, -0.961303, 0.275491)","(-0.0159578, -0.7558, -0.654608)","(0.051637, -0.968554, -0.243386)",0
51.6333,"(0.135352, -0.0113327, -2.20718e-05)","(-0.196526, 0.97981, 0.0367369)","(0.695858, -0.56483, 0.443564)","(0.0352221, -0.984478, -0.171936)","(0.826656, 0.525921, 0.200116)","(0.434095, -0.825645, 0.360377)","(0.220829, -0.974053, -0.0495485)","(-0.00497748, -0.957128, 0.289622)","(0.078813, -0.766233, -0.637711)","(0.0171653, -0.966971, -0.254307)",0
51.6667,"(0.13911, -0.011055, -2.28213e-05)","(-0.21825, 0.975838, 0.0103511)","(0.772564, -0.412979, 0.482279)","(-0.0105017, -0.983575, -0.180194)","(0.757627, 0.647382, 0.0830557)","(0.443016, -0.813838, 0.376037)","(0.248337, -0.968549, -0.0155285)","(-0.0225557, -0.969734, 0.243119)","(0.132535, -0.788712, -0.600307)","(0.0167665, -0.973082, -0.22985)",0
51.7,"(0.142248, -0.0110796, -2.41808e-05)","(-0.233414, 0.972377, -0.0011684)","(0.822853, -0.322564, 0.467831)","(-0.0212963, -0.989968, -0.139677)","(0.75412, 0.652309, -0.0761261)","(0.378186, -0.693183, 0.613573)","(0.258476, -0.965988, 0.00752237)","(-0.0335506, -0.974166, 0.223326)","(0.114261, -0.786006, -0.607568)","(0.0136251, -0.962341, -0.271504)",0
51.7333,"(0.144855, -0.0114522, -2.81801e-05)","(-0.245069, 0.969464, -0.0089825)","(0.844293, -0.319252, 0.430404)","(0.0283892, -0.997991, -0.0566344)","(0.778145, 0.616393, -0.120623)","(0.165541, -0.193436, 0.967046)","(0.238833, -0.970954, 0.0143983)","(-0.0456632, -0.983043, 0.177601)","(0.0699676, -0.793556, -0.604461)","(0.0360795, -0.959448, -0.279566)",0
51.7667,"(0.144855, -0.0114522, -2.81801e-05)","(-0.260447, 0.965232, -0.022227)","(0.830873, -0.374197, 0.411858)","(0.0736367, -0.997241, -0.00942324)","(0.842873, 0.528246, -0.102575)","(0.0453735, 0.256361, 0.965515)","(0.219197, -0.975679, 0.00166166)","(-0.0482471, -0.975527, 0.214522)","(0.0302501, -0.754672, -0.655405)","(0.0539011, -0.967535, -0.246924)",0
51.8,"(0.147291, -0.012736, -3.23497e-05)","(-0.271252, 0.962155, -0.0260967)","(0.781418, -0.470461, 0.409942)","(0.102582, -0.993173, -0.0555304)","(0.895861, 0.444011, -0.0169613)","(0.222331, 0.395669, 0.891075)","(0.178261, -0.98299, -0.0441926)","(-0.0475374, -0.959027, 0.279299)","(-0.0392616, -0.707251, -0.705872)","(0.0643605, -0.982434, -0.17516)",0
51.8333,"(0.147156, -0.0148848, -3.06109e-05)","(-0.275138, 0.96123, -0.0183238)","(0.726357, -0.582311, 0.365129)","(0.153071, -0.983093, -0.100488)","(0.954743, 0.296428, 0.0244208)","(0.549034, -0.119477, 0.827216)","(0.142257, -0.984824, -0.0994215)","(-0.0348057, -0.938383, 0.343839)","(-0.162771, -0.657539, -0.735627)","(0.056904, -0.989925, -0.129653)",0
51.8667,"(0.146226, -0.0179519, -3.16414e-05)","(-0.269501, 0.96245, 0.0325382)","(0.673577, -0.686835, 0.27304)","(0.254329, -0.950312, -0.179511)","(0.997076, 0.0218237, 0.0732354)","(0.664796, -0.481665, 0.571004)","(0.0801687, -0.9878, -0.133507)","(-0.0110712, -0.955128, 0.295988)","(-0.307517, -0.623515, -0.718792)","(0.0378938, -0.975568, -0.216406)",0
51.9,"(0.143923, -0.0213734, -3.29188e-05)","(-0.240588, 0.966584, 0.0885041)","(0.623249, -0.747861, 0.228615)","(0.438906, -0.875461, -0.202309)","(0.943508, -0.280508, 0.176373)","(0.597461, -0.723677, 0.345444)","(-0.0247593, -0.985684, -0.166773)","(0.0182199, -0.974195, 0.224972)","(-0.378418, -0.626591, -0.681311)","(0.0395026, -0.953852, -0.297666)",0
51.9333,"(0.140915, -0.0266711, -2.81234e-05)","(-0.192079, 0.973639, 0.123012)","(0.56152, -0.7963, 0.224948)","(0.608073, -0.75275, -0.25222)","(0.727569, -0.614265, 0.305485)","(0.669928, -0.664265, 0.331586)","(-0.152236, -0.97229, -0.177413)","(0.0440821, -0.989784, 0.135591)","(-0.383554, -0.681247, -0.623529)","(0.066005, -0.940154, -0.334295)",0
51.9667,"(0.136809, -0.0335593, -2.17983e-05)","(-0.140024, 0.983905, 0.111012)","(0.439557, -0.865111, 0.241605)","(0.793694, -0.608303, 0.0042147)","(0.434606, -0.802222, 0.409338)","(0.659663, -0.548945, 0.513326)","(-0.259612, -0.948889, -0.179473)","(0.0665385, -0.994186, 0.0846519)","(-0.36889, -0.780495, -0.504726)","(0.0921122, -0.942304, -0.321836)",0
52,"(0.131043, -0.0410066, -2.48729e-05)","(-0.0969867, 0.991545, 0.0862051)","(0.248379, -0.949128, 0.193555)","(0.817431, -0.407392, 0.407232)","(0.0972546, -0.929298, 0.356297)","(0.559706, -0.318648, 0.764979)","(-0.301394, -0.943748, -0.136022)","(0.0836463, -0.996176, 0.0252377)","(-0.389565, -0.845987, -0.364067)","(0.098937, -0.939458, -0.32807)",0
52.0333,"(0.124237, -0.0487859, -1.82893e-05)","(-0.0605254, 0.994775, 0.0822163)","(0.041731, -0.988144, 0.147752)","(0.6249, -0.106731, 0.773374)","(-0.122572, -0.950343, 0.286049)","(0.367867, -0.0494335, 0.928563)","(-0.323413, -0.941892, -0.0907947)","(0.0964446, -0.994782, -0.0332685)","(-0.415393, -0.868002, -0.272068)","(0.101575, -0.926678, -0.361871)",0
52.0667,"(0.117674, -0.0580796, -6.078e-06)","(-0.0206046, 0.995898, 0.0881004)","(-0.122412, -0.985867, 0.114377)","(0.424768, 0.167501, 0.889671)","(-0.255953, -0.943324, 0.211251)","(0.220352, 0.193379, 0.956059)","(-0.336873, -0.940069, -0.0527905)","(0.105507, -0.990542, -0.0877147)","(-0.416148, -0.876537, -0.241878)","(0.129517, -0.908607, -0.397063)",0
52.1,"(0.111385, -0.066535, 2.24313e-06)","(0.0227901, 0.994729, 0.0999776)","(-0.2195, -0.974574, 0.0450039)","(0.293383, 0.48703, 0.822635)","(-0.307926, -0.929445, 0.203258)","(-0.0416729, 0.403697, 0.913943)","(-0.342549, -0.938612, -0.0408463)","(0.109483, -0.98691, -0.118415)","(-0.387663, -0.888173, -0.246711)","(0.180883, -0.884828, -0.429373)",0
52.1333,"(0.105228, -0.0741917, 1.08426e-05)","(0.059257, 0.991031, 0.119774)","(-0.265016, -0.963817, -0.0287051)","(0.188263, 0.752078, 0.631613)","(-0.319361, -0.925897, 0.201801)","(-0.453845, 0.564603, 0.689382)","(-0.330601, -0.942983, -0.0385512)","(0.122184, -0.982608, -0.139829)","(-0.36576, -0.891339, -0.267833)","(0.206787, -0.854955, -0.475701)",0
52.1667,"(0.100288, -0.0813947, 2.65208e-05)","(0.0880898, 0.985494, 0.145058)","(-0.29356, -0.953246, -0.0717212)","(0.103165, 0.900206, 0.423068)","(-0.291066, -0.929249, 0.227545)","(-0.744429, 0.572425, 0.343736)","(-0.310489, -0.949466, -0.0459466)","(0.158832, -0.977997, -0.135257)","(-0.357316, -0.888913, -0.286633)","(0.213186, -0.843625, -0.492796)",0
52.2,"(0.0965533, -0.0889895, 3.30563e-05)","(0.102667, 0.980389, 0.168218)","(-0.310601, -0.94783, -0.0717291)","(0.048676, 0.953799, 0.296478)","(-0.243767, -0.937888, 0.246867)","(-0.833407, 0.551226, -0.0397983)","(-0.299811, -0.951295, -0.071769)","(0.204668, -0.969228, -0.136778)","(-0.343254, -0.868254, -0.358206)","(0.210852, -0.83546, -0.507491)",0
52.2333,"(0.0934671, -0.0966853, 3.33538e-05)","(0.108425, 0.978863, 0.173411)","(-0.322072, -0.943287, -0.080496)","(0.0287321, 0.97247, 0.231248)","(-0.19453, -0.942184, 0.272852)","(-0.808541, 0.512676, -0.288835)","(-0.298212, -0.948029, -0.110952)","(0.231697, -0.964846, -0.124053)","(-0.32459, -0.843682, -0.4276)","(0.239644, -0.829816, -0.50396)",0
52.2667,"(0.0908871, -0.103263, 3.33024e-05)","(0.104573, 0.981099, 0.162817)","(-0.323565, -0.94213, -0.0877326)","(0.0822899, 0.97689, 0.197269)","(-0.119338, -0.952785, 0.279213)","(-0.773464, 0.469221, -0.426129)","(-0.302581, -0.943358, -0.13609)","(0.236692, -0.96391, -0.121878)","(-0.303304, -0.822745, -0.480726)","(0.273078, -0.808117, -0.521896)",0
52.3,"(0.0897401, -0.108844, 2.64371e-05)","(0.0962055, 0.984271, 0.148175)","(-0.31581, -0.943546, -0.0999203)","(0.208036, 0.959799, 0.188433)","(-0.0428022, -0.967035, 0.251019)","(-0.733091, 0.473076, -0.488648)","(-0.307824, -0.942543, -0.129832)","(0.2354, -0.963973, -0.123869)","(-0.290336, -0.819375, -0.494298)","(0.288846, -0.779624, -0.555657)",0
52.3333,"(0.0892869, -0.11223, 1.98968e-05)","(0.0871202, 0.987168, 0.133823)","(-0.291471, -0.933444, -0.209112)","(0.315562, 0.874047, 0.369408)","(0.0366842, -0.992369, 0.117718)","(-0.968533, 0.217706, -0.120615)","(-0.318871, -0.943799, -0.0869725)","(0.23668, -0.962985, -0.129005)","(-0.273338, -0.825207, -0.494287)","(0.286757, -0.755237, -0.589396)",0
52.3667,"(0.0892869, -0.11223, 1.98968e-05)","(0.07839, 0.989072, 0.124863)","(-0.241123, -0.931385, -0.27273)","(0.379791, 0.723611, 0.576321)","(-0.0151461, -0.997328, 0.071468)","(-0.791844, -0.152097, 0.59148)","(-0.336978, -0.941498, -0.0051695)","(0.233589, -0.96289, -0.135198)","(-0.252214, -0.845199, -0.471198)","(0.285015, -0.730832, -0.620203)",0
52.4,"(0.0892869, -0.11223, 1.98968e-05)","(0.0673931, 0.991579, 0.110585)","(-0.180509, -0.92766, -0.3269)","(0.368262, 0.50488, 0.780692)","(-0.145315, -0.987334, 0.0636877)","(-0.360601, -0.371132, 0.855703)","(-0.351402, -0.93156, 0.0933449)","(0.225735, -0.963551, -0.143572)","(-0.23166, -0.871026, -0.433183)","(0.280441, -0.703931, -0.65256)",0
52.4333,"(0.0892869, -0.11223, 1.98968e-05)","(0.0525187, 0.993833, 0.0976577)","(-0.147908, -0.951004, -0.271503)","(0.331411, 0.349049, 0.876545)","(-0.372754, -0.915156, 0.153443)","(-0.228955, -0.211649, 0.95015)","(-0.372877, -0.906356, 0.198702)","(0.206892, -0.965083, -0.160654)","(-0.20464, -0.900644, -0.383356)","(0.289457, -0.687044, -0.666472)",0
52.4667,"(0.0897297, -0.10553, 1.11164e-05)","(0.0356588, 0.995156, 0.0916184)","(-0.169493, -0.931606, -0.321532)","(0.214429, 0.15423, 0.964486)","(-0.669167, -0.739153, 0.0766131)","(-0.12923, -0.0488912, 0.990409)","(-0.394481, -0.878182, 0.270519)","(0.181133, -0.966447, -0.182129)","(-0.178273, -0.920451, -0.347835)","(0.30278, -0.678956, -0.668837)",0
52.5,"(0.0898969, -0.0988892, 8.65073e-06)","(0.013584, 0.996796, 0.0788192)","(-0.226731, -0.849801, -0.475848)","(0.00842951, 0.00104224, 0.999964)","(-0.903617, -0.374442, -0.208013)","(-0.0650163, 0.189453, 0.979735)","(-0.431687, -0.846848, 0.310637)","(0.153602, -0.968707, -0.194969)","(-0.147615, -0.934523, -0.323846)","(0.326179, -0.695642, -0.640069)",0
52.5333,"(0.0898928, -0.0902463, 7.85994e-06)","(-0.00584463, 0.994064, 0.108641)","(-0.289824, -0.753187, -0.590518)","(-0.215891, -0.136978, 0.966762)","(-0.893716, 0.104299, -0.436342)","(-0.0887939, 0.40949, 0.907983)","(-0.446961, -0.822852, 0.350913)","(0.13384, -0.963504, -0.231834)","(-0.145293, -0.9529, -0.266216)","(0.339197, -0.704013, -0.623948)",0
52.5667,"(0.089457, -0.0798638, 7.49552e-06)","(-0.0243575, 0.990681, 0.134009)","(-0.507434, -0.782735, -0.360328)","(-0.481386, -0.121375, 0.868064)","(-0.824519, 0.555972, -0.10518)","(-0.17951, 0.676968, 0.713786)","(-0.448738, -0.816157, 0.364035)","(0.123948, -0.962229, -0.242389)","(-0.151461, -0.957715, -0.244625)","(0.34983, -0.731462, -0.585305)",1
52.6,"(0.0886854, -0.0694674, 1.03578e-05)","(-0.0286083, 0.984834, 0.171125)","(-0.684311, -0.727534, 0.0491219)","(-0.692276, -0.119802, 0.711619)","(-0.436318, 0.696571, 0.569575)","(-0.345114, 0.84102, 0.416632)","(-0.415849, -0.828295, 0.375495)","(0.120177, -0.96143, -0.247405)","(-0.178519, -0.957477, -0.226645)","(0.354232, -0.7561, -0.550303)",0
52.6333,"(0.0873776, -0.0593511, 1.77012e-05)","(-0.0121766, 0.986805, 0.161458)","(-0.813947, -0.496265, 0.302013)","(-0.831089, -0.054213, 0.55349)","(-0.16398, 0.475018, 0.864563)","(-0.605689, 0.77874, 0.163417)","(-0.38272, -0.871814, 0.305722)","(0.139611, -0.974367, -0.176401)","(-0.202899, -0.950036, -0.2372)","(0.347449, -0.796873, -0.49424)",0
52.6667,"(0.0852348, -0.0502217, 2.19002e-05)","(0.0203905, 0.989371, 0.143979)","(-0.939904, -0.337158, 0.0539045)","(-0.872181, -0.048992, 0.486723)","(-0.521517, 0.402205, 0.752497)","(-0.855885, 0.510416, 0.0832854)","(-0.345883, -0.911836, 0.221178)","(0.166957, -0.981851, -0.0899698)","(-0.223656, -0.950675, -0.214932)","(0.345862, -0.822549, -0.451435)",0
52.7,"(0.0828082, -0.0432637, 2.35525e-05)","(0.0557495, 0.992081, 0.112545)","(-0.962201, -0.171857, -0.211266)","(-0.887681, -0.00726852, 0.460401)","(-0.855531, 0.218369, 0.469448)","(-0.963152, 0.266538, 0.0360121)","(-0.306694, -0.944686, 0.116219)","(0.199266, -0.979943, -0.00233781)","(-0.240871, -0.952619, -0.185739)","(0.346653, -0.845793, -0.405544)",0
52.7333,"(0.080593, -0.0386335, 2.3581e-05)","(0.0726294, 0.993126, 0.0917882)","(-0.906946, -0.0954723, -0.410286)","(-0.882182, 0.0179829, 0.470566)","(-0.987049, 0.109464, 0.117267)","(-0.981019, 0.192274, 0.0251384)","(-0.269214, -0.960888, 0.0649458)","(0.222794, -0.974226, 0.0353082)","(-0.253893, -0.949496, -0.184381)","(0.34849, -0.848438, -0.398382)",0
52.7667,"(0.0784522, -0.0361518, 2.32296e-05)","(0.0772693, 0.993797, 0.0799863)","(-0.884303, -0.0639075, -0.46252)","(-0.880507, 0.0283132, 0.473187)","(-0.990411, 0.136809, 0.0192038)","(-0.980048, 0.198696, -0.00517042)","(-0.237186, -0.970274, 0.0480829)","(0.239931, -0.970112, 0.0362778)","(-0.273301, -0.943079, -0.189495)","(0.339297, -0.854319, -0.39372)",0
52.8,"(0.0764557, -0.0355745, 2.28706e-05)","(0.0792973, 0.993471, 0.0820248)","(-0.870659, -0.071458, -0.486669)","(-0.876304, 0.0311124, 0.480753)","(-0.986359, 0.163315, -0.0205929)","(-0.974791, 0.221084, 0.0300735)","(-0.225443, -0.972573, 0.0572401)","(0.255097, -0.966591, 0.0250675)","(-0.284573, -0.938313, -0.196434)","(0.3255, -0.852059, -0.409933)",0
52.8333,"(0.0764557, -0.0355745, 2.28706e-05)","(0.087288, 0.993294, 0.0758169)","(-0.847958, -0.0930107, -0.521839)","(-0.881233, 0.0337567, 0.471475)","(-0.985316, 0.148827, -0.0836798)","(-0.973401, 0.228779, 0.0122515)","(-0.22297, -0.972722, 0.0640057)","(0.264694, -0.964201, 0.0158953)","(-0.287592, -0.937356, -0.196607)","(0.322374, -0.853401, -0.409612)",0
52.8667,"(0.0735685, -0.036409, 2.29148e-05)","(0.100811, 0.992295, 0.0720278)","(-0.720077, -0.309838, -0.620878)","(-0.883748, 0.0408357, 0.466178)","(-0.959885, -0.106291, -0.259468)","(-0.975624, 0.219383, 0.00535161)","(-0.215346, -0.974712, 0.059685)","(0.272495, -0.962119, 0.00855027)","(-0.285724, -0.938928, -0.191768)","(0.327738, -0.846671, -0.419209)",0
52.9,"(0.0735685, -0.036409, 2.29148e-05)","(0.112446, 0.991777, 0.0611119)","(-0.601668, -0.417454, -0.680976)","(-0.898463, 0.0489073, 0.436317)","(-0.932066, -0.14371, -0.332566)","(-0.977917, 0.205488, -0.0381188)","(-0.208527, -0.97644, 0.0555028)","(0.2771, -0.960801, 0.00875433)","(-0.281922, -0.940722, -0.188578)","(0.335258, -0.847362, -0.411801)",0
52.9333,"(0.0715406, -0.0363901, 1.71339e-05)","(0.1203, 0.991435, 0.0508454)","(-0.517629, -0.445008, -0.730772)","(-0.905777, 0.056166, 0.420017)","(-0.92679, -0.138255, -0.349208)","(-0.981108, 0.189329, -0.039765)","(-0.202062, -0.978026, 0.0513381)","(0.280102, -0.959885, 0.0127484)","(-0.280068, -0.943124, -0.179109)","(0.339667, -0.848245, -0.406334)",0
52.9667,"(0.0715406, -0.0363901, 1.71339e-05)","(0.124662, 0.991579, 0.0350763)","(-0.607314, -0.298349, -0.736314)","(-0.912612, 0.058943, 0.404556)","(-0.957326, 0.100209, -0.27108)","(-0.983847, 0.175876, -0.0333412)","(-0.205307, -0.977226, 0.0536559)","(0.283704, -0.958721, 0.0191123)","(-0.279841, -0.946093, -0.163084)","(0.333519, -0.852788, -0.401892)",0
53,"(0.0715406, -0.0363901, 1.71339e-05)","(0.128891, 0.990989, 0.036446)","(-0.637913, -0.22027, -0.737934)","(-0.901024, 0.0584142, 0.429818)","(-0.960165, 0.122906, -0.250951)","(-0.985103, 0.160239, 0.0624158)","(-0.215642, -0.974841, 0.056415)","(0.285614, -0.958113, 0.0210569)","(-0.275313, -0.949544, -0.150227)","(0.327807, -0.851195, -0.409889)",0
53.0333,"(0.07154, -0.0395872, 4.3619e-06)","(0.132244, 0.989643, 0.0558443)","(-0.713295, -0.189847, -0.674661)","(-0.886623, 0.0556067, 0.459138)","(-0.978902, 0.140913, -0.147968)","(-0.976294, 0.146717, 0.159135)","(-0.245381, -0.966386, 0.0767152)","(0.286008, -0.958218, 0.0041843)","(-0.258694, -0.953645, -0.153749)","(0.311373, -0.840977, -0.442499)",0
53.0667,"(0.0725308, -0.0441719, 2.96286e-06)","(0.133193, 0.986478, 0.0955058)","(-0.795615, -0.140132, -0.589372)","(-0.872289, 0.0445685, 0.486955)","(-0.983533, 0.180716, 0.00230459)","(-0.96098, 0.136989, 0.240313)","(-0.288007, -0.951159, 0.111122)","(0.284669, -0.958408, -0.0204392)","(-0.233757, -0.956196, -0.176204)","(0.293093, -0.82544, -0.482437)",0
53.1,"(0.0741583, -0.0517685, 7.20187e-06)","(0.131631, 0.982362, 0.132806)","(-0.865924, -0.126519, -0.48391)","(-0.872585, 0.0335394, 0.487309)","(-0.962229, 0.240421, 0.127724)","(-0.958727, 0.142577, 0.245997)","(-0.34004, -0.92744, 0.155653)","(0.281771, -0.958318, -0.047233)","(-0.208707, -0.956119, -0.205614)","(0.271421, -0.794851, -0.542718)",0
53.1333,"(0.0766882, -0.0611485, 8.13636e-06)","(0.121, 0.976202, 0.179968)","(-0.916607, -0.124518, -0.379904)","(-0.874536, 0.0311593, 0.483958)","(-0.923791, 0.274648, 0.266793)","(-0.955061, 0.177131, 0.23766)","(-0.378395, -0.897517, 0.226451)","(0.277595, -0.958747, -0.0611976)","(-0.193835, -0.95021, -0.243986)","(0.262278, -0.760017, -0.59463)",0
53.1667,"(0.0794777, -0.072243, 6.98469e-06)","(0.079602, 0.977849, 0.193586)","(-0.947289, -0.205057, -0.246163)","(-0.864109, -0.0241138, 0.502726)","(-0.817296, 0.330153, 0.472256)","(-0.915847, 0.297222, 0.269967)","(-0.415045, -0.856775, 0.306063)","(0.255137, -0.965852, -0.0451171)","(-0.182331, -0.941564, -0.283218)","(0.25278, -0.724481, -0.641271)",0
53.2,"(0.0823011, -0.0827969, 5.08609e-06)","(0.027512, 0.979328, 0.200398)","(-0.94169, -0.336122, -0.0155381)","(-0.779772, -0.138793, 0.610485)","(-0.646133, 0.383218, 0.660042)","(-0.723983, 0.48773, 0.48782)","(-0.430354, -0.805632, 0.407127)","(0.227133, -0.972486, -0.0517927)","(-0.169641, -0.928513, -0.330281)","(0.24875, -0.687864, -0.681885)",0
53.2333,"(0.0843753, -0.0914017, 4.39566e-06)","(-0.0215329, 0.981008, 0.192766)","(-0.804016, -0.4756, 0.35688)","(-0.567903, -0.237001, 0.788236)","(-0.394293, 0.404153, 0.825344)","(-0.348403, 0.582666, 0.734245)","(-0.445699, -0.756527, 0.47856)","(0.203001, -0.977475, -0.0577314)","(-0.146996, -0.930543, -0.335382)","(0.253797, -0.678751, -0.689118)",1
53.2667,"(0.0856755, -0.0980785, 1.05813e-06)","(-0.0379001, 0.977894, 0.205636)","(-0.523253, -0.507272, 0.684749)","(-0.248424, -0.218445, 0.943699)","(-0.167196, 0.314696, 0.934351)","(0.087838, 0.513805, 0.853398)","(-0.453252, -0.743996, 0.490951)","(0.228814, -0.971062, -0.0684268)","(-0.131838, -0.937844, -0.321042)","(0.252383, -0.684044, -0.684388)",0
53.3,"(0.0858225, -0.103136, -1.8155e-07)","(-0.0407633, 0.976283, 0.212626)","(-0.234727, -0.42507, 0.874196)","(0.0708328, -0.0801687, 0.994261)","(0.0538247, 0.11509, 0.991896)","(0.3331, 0.388341, 0.859206)","(-0.463819, -0.759544, 0.456032)","(0.275624, -0.961257, -0.00416383)","(-0.119745, -0.935438, -0.332591)","(0.234794, -0.699645, -0.674811)",0
53.3333,"(0.0853641, -0.105326, -1.5985e-07)","(-0.0375611, 0.981604, 0.187198)","(-0.0815359, -0.400669, 0.912588)","(0.364113, 0.0892153, 0.927072)","(0.221573, -0.0688301, 0.972712)","(0.485762, 0.319205, 0.813722)","(-0.459814, -0.798978, 0.387563)","(0.31668, -0.945535, 0.0753509)","(-0.122389, -0.900535, -0.417202)","(0.208896, -0.696343, -0.686636)",0
53.3667,"(0.0853641, -0.105326, -1.5985e-07)","(-0.0357534, 0.988048, 0.149945)","(0.0450106, -0.425034, 0.904058)","(0.549762, 0.202981, 0.810284)","(0.399415, -0.180146, 0.898896)","(0.517004, 0.321657, 0.793249)","(-0.446795, -0.835702, 0.319337)","(0.325033, -0.934116, 0.147582)","(-0.12275, -0.841743, -0.525739)","(0.195469, -0.681769, -0.70497)",0
53.4,"(0.0836343, -0.106411, -3.50795e-06)","(-0.0325033, 0.992815, 0.11516)","(0.160021, -0.518869, 0.839743)","(0.648233, 0.228667, 0.726295)","(0.630443, -0.222245, 0.74374)","(0.460981, 0.392062, 0.796106)","(-0.430894, -0.877845, 0.20909)","(0.32638, -0.926674, 0.186416)","(-0.128387, -0.792506, -0.596197)","(0.19874, -0.683332, -0.702538)",0
53.4333,"(0.0825087, -0.104211, -3.10952e-06)","(-0.0269714, 0.994775, 0.0984594)","(0.313885, -0.616476, 0.722104)","(0.657122, 0.209197, 0.724173)","(0.819897, -0.232012, 0.523392)","(0.278092, 0.535999, 0.797101)","(-0.416005, -0.904059, 0.098069)","(0.33198, -0.913651, 0.234586)","(-0.134502, -0.773119, -0.619836)","(0.200382, -0.700332, -0.685115)",0
53.4667,"(0.0812205, -0.099774, 1.99724e-06)","(-0.0215876, 0.996077, 0.0858207)","(0.460226, -0.692395, 0.555681)","(0.653962, 0.214447, 0.725498)","(0.911925, -0.282215, 0.297904)","(0.05525, 0.637371, 0.768574)","(-0.389606, -0.920911, 0.0114234)","(0.340324, -0.903494, 0.260536)","(-0.160311, -0.775684, -0.610422)","(0.201668, -0.722994, -0.660765)",0
53.5,"(0.0793235, -0.0939558, 1.44282e-05)","(-0.0199616, 0.995777, 0.0896117)","(0.555796, -0.715757, 0.422828)","(0.625625, 0.303092, 0.718838)","(0.918477, -0.357595, 0.168899)","(-0.198275, 0.669204, 0.716138)","(-0.357154, -0.933908, -0.0160439)","(0.345804, -0.8992, 0.268066)","(-0.201666, -0.792452, -0.575631)","(0.200571, -0.742664, -0.638922)",0
53.5333,"(0.0769108, -0.0880989, 2.74097e-05)","(-0.00724489, 0.99313, 0.116788)","(0.585162, -0.733445, 0.345897)","(0.569863, 0.408089, 0.713246)","(0.889425, -0.445702, 0.101361)","(-0.40688, 0.6042, 0.685122)","(-0.319185, -0.947125, -0.0327996)","(0.352198, -0.902728, 0.247058)","(-0.252255, -0.809428, -0.530276)","(0.198661, -0.77111, -0.604916)",0
53.5667,"(0.0739887, -0.0803277, 3.8687e-05)","(0.0163197, 0.986682, 0.161838)","(0.567371, -0.758012, 0.321725)","(0.482506, 0.526854, 0.699723)","(0.863798, -0.502187, 0.0407645)","(-0.61022, 0.514491, 0.602437)","(-0.283537, -0.958066, -0.0414168)","(0.360849, -0.904137, 0.228743)","(-0.298013, -0.814293, -0.498112)","(0.194537, -0.807253, -0.557223)",0
53.6,"(0.0710051, -0.0725532, 4.6304e-05)","(0.0409896, 0.979866, 0.195403)","(0.536244, -0.790751, 0.295221)","(0.388309, 0.632662, 0.67004)","(0.845481, -0.532892, -0.0344755)","(-0.729437, 0.465898, 0.50086)","(-0.252761, -0.966134, -0.0519316)","(0.369977, -0.906968, 0.201312)","(-0.338908, -0.833292, -0.436768)","(0.186803, -0.856352, -0.481421)",0
53.6333,"(0.0681363, -0.0657189, 4.64797e-05)","(0.0523216, 0.975559, 0.213417)","(0.494928, -0.828463, 0.262098)","(0.293191, 0.730196, 0.617133)","(0.852466, -0.519479, -0.0586854)","(-0.805902, 0.455583, 0.378109)","(-0.227368, -0.972065, -0.0582532)","(0.3778, -0.907619, 0.183014)","(-0.368635, -0.854678, -0.365559)","(0.17826, -0.892879, -0.413511)",0
53.6667,"(0.0659582, -0.0600151, 3.9149e-05)","(0.053528, 0.976625, 0.208177)","(0.463716, -0.853618, 0.237283)","(0.246881, 0.842257, 0.479221)","(0.867962, -0.493652, -0.0543138)","(-0.834875, 0.472148, 0.282948)","(-0.217493, -0.97433, -0.0581195)","(0.384054, -0.907915, 0.167906)","(-0.377948, -0.884969, -0.272002)","(0.17244, -0.925055, -0.338433)",0
53.7,"(0.06422, -0.0550807, 3.07602e-05)","(0.0517802, 0.981092, 0.186486)","(0.440094, -0.865515, 0.239166)","(0.254952, 0.925436, 0.280299)","(0.879637, -0.470115, -0.0723227)","(-0.869615, 0.48198, 0.107076)","(-0.216921, -0.97469, -0.0540722)","(0.387996, -0.907491, 0.160992)","(-0.372601, -0.901521, -0.220065)","(0.17635, -0.944482, -0.277227)",0
53.7333,"(0.06278, -0.0527489, 2.26102e-05)","(0.0520794, 0.986791, 0.153398)","(0.443613, -0.859043, 0.255445)","(0.295118, 0.950798, 0.0942801)","(0.856477, -0.487987, -0.168274)","(-0.856937, 0.513161, -0.0482117)","(-0.222452, -0.973863, -0.0458928)","(0.393146, -0.906947, 0.151269)","(-0.360924, -0.916378, -0.173165)","(0.188445, -0.959515, -0.209332)",0
53.7667,"(0.06278, -0.0527489, 2.26102e-05)","(0.0475951, 0.989895, 0.13358)","(0.456876, -0.842739, 0.284702)","(0.34653, 0.937996, 0.00898573)","(0.847344, -0.461359, -0.262975)","(-0.811673, 0.554963, -0.182216)","(-0.225876, -0.973313, -0.0405239)","(0.398677, -0.904709, 0.150195)","(-0.351076, -0.920589, -0.171058)","(0.204149, -0.964334, -0.168471)",0
53.8,"(0.06278, -0.0527489, 2.26102e-05)","(0.0399341, 0.99038, 0.132489)","(0.481026, -0.822697, 0.302958)","(0.458712, 0.888562, 0.00645575)","(0.838142, -0.435087, -0.328964)","(-0.788343, 0.615235, 0.00114147)","(-0.226121, -0.973261, -0.0404087)","(0.404659, -0.901303, 0.154607)","(-0.34736, -0.920415, -0.179381)","(0.214949, -0.964439, -0.153802)",0
53.8333,"(0.0604051, -0.0526388, 1.91278e-05)","(0.0230959, 0.992357, 0.12122)","(0.52276, -0.815413, 0.248644)","(0.699813, 0.691731, 0.17824)","(0.852189, -0.393063, -0.345362)","(-0.753056, 0.603406, 0.262315)","(-0.2224, -0.97328, -0.0571387)","(0.408911, -0.896882, 0.168509)","(-0.349002, -0.909918, -0.224157)","(0.219767, -0.962898, -0.156619)",0
53.8667,"(0.0600248, -0.0548626, 1.7862e-05)","(0.00307734, 0.995757, 0.0919667)","(0.555099, -0.813407, 0.173881)","(0.86312, 0.243091, 0.44264)","(0.852254, -0.398739, -0.338628)","(-0.630471, 0.491142, 0.60107)","(-0.216737, -0.973381, -0.0745315)","(0.418015, -0.886367, 0.19904)","(-0.35556, -0.896464, -0.264443)","(0.213072, -0.964184, -0.157952)",0
53.9,"(0.0601184, -0.0583137, 1.88289e-05)","(-0.0170501, 0.998527, 0.0515072)","(0.567842, -0.820394, 0.0671566)","(0.74481, -0.22601, 0.627835)","(0.835892, -0.366734, -0.408401)","(-0.503742, 0.456249, 0.73354)","(-0.204394, -0.973603, -0.101587)","(0.446965, -0.856805, 0.257115)","(-0.364161, -0.868985, -0.335041)","(0.191038, -0.972587, -0.132588)",0
53.9333,"(0.0605404, -0.06185, 1.30549e-05)","(-0.047951, 0.99837, 0.0309497)","(0.549005, -0.835685, 0.0149648)","(0.516081, -0.539082, 0.665621)","(0.843956, -0.301073, -0.443952)","(-0.24959, 0.44905, 0.857939)","(-0.191355, -0.97194, -0.136806)","(0.482716, -0.81615, 0.317621)","(-0.383357, -0.831172, -0.402728)","(0.158826, -0.983099, -0.0910509)",0
53.9667,"(0.06104, -0.0656718, 2.56314e-06)","(-0.0748509, 0.997028, 0.0182373)","(0.482272, -0.876007, -0.00503221)","(0.315666, -0.692663, 0.648516)","(0.860741, -0.284498, -0.422121)","(-0.0197556, 0.393388, 0.91916)","(-0.1833, -0.967566, -0.173833)","(0.511623, -0.765288, 0.39061)","(-0.415426, -0.792, -0.447389)","(0.122537, -0.99104, -0.0531387)",0
54,"(0.06194, -0.0692982, -9.09646e-06)","(-0.0965293, 0.995167, 0.0180354)","(0.424507, -0.905355, 0.0112094)","(0.182281, -0.816434, 0.547914)","(0.89199, -0.380396, -0.244238)","(0.15308, 0.195547, 0.968673)","(-0.181695, -0.963778, -0.195238)","(0.528687, -0.741838, 0.412511)","(-0.45601, -0.767667, -0.450268)","(0.0984852, -0.994578, -0.0333887)",0
54.0333,"(0.0635844, -0.0718641, -1.67082e-05)","(-0.0887149, 0.994902, 0.0479538)","(0.340936, -0.939553, 0.0316755)","(0.114463, -0.939987, 0.32144)","(0.832112, -0.552637, -0.0467242)","(0.284907, -0.228698, 0.930873)","(-0.186029, -0.963757, -0.191219)","(0.542953, -0.728094, 0.418428)","(-0.488291, -0.760954, -0.427225)","(0.0820953, -0.995602, -0.0451308)",0
54.0667,"(0.0653435, -0.0730876, -2.38447e-05)","(-0.0594331, 0.994898, 0.0815198)","(0.247922, -0.968225, 0.0327767)","(0.0610532, -0.996144, 0.063002)","(0.666496, -0.740922, 0.0825699)","(0.329358, -0.608889, 0.721649)","(-0.201038, -0.9653, -0.16667)","(0.56046, -0.73405, 0.383479)","(-0.495145, -0.763125, -0.415298)","(0.081043, -0.994497, -0.066397)",0
54.1,"(0.0677218, -0.0742109, -2.47926e-05)","(-0.00763749, 0.993848, 0.110488)","(0.0861075, -0.99563, 0.0361538)","(-0.0397427, -0.990977, -0.128007)","(0.442823, -0.887856, 0.124976)","(0.333771, -0.816696, 0.470748)","(-0.232029, -0.962033, -0.143716)","(0.568287, -0.737856, 0.364168)","(-0.47816, -0.775707, -0.411876)","(0.0857923, -0.992434, -0.087831)",0
54.1333,"(0.0712111, -0.0747743, -1.73703e-05)","(0.0441583, 0.99343, 0.105576)","(-0.0750074, -0.997001, 0.0190517)","(-0.134163, -0.98033, -0.144752)","(0.167629, -0.972314, 0.162805)","(0.220044, -0.881801, 0.417142)","(-0.268426, -0.955134, -0.12517)","(0.562596, -0.747916, 0.352288)","(-0.44648, -0.790325, -0.419573)","(0.0880186, -0.990606, -0.104654)",0
54.1667,"(0.0746692, -0.0754117, -1.10154e-05)","(0.0887858, 0.990248, 0.107361)","(-0.216184, -0.976312, -0.00892552)","(-0.247739, -0.956907, -0.151506)","(-0.0731596, -0.978602, 0.192318)","(0.0926219, -0.915457, 0.391612)","(-0.300718, -0.945499, -0.124903)","(0.536685, -0.765672, 0.354564)","(-0.426009, -0.804525, -0.413832)","(0.0806412, -0.989857, -0.116962)",0
54.2,"(0.0780386, -0.0758527, -6.26729e-06)","(0.127266, 0.985834, 0.109244)","(-0.312398, -0.948264, -0.0565861)","(-0.361908, -0.918711, -0.15809)","(-0.27391, -0.933481, 0.231488)","(-0.0380244, -0.9297, 0.366349)","(-0.31933, -0.939184, -0.126343)","(0.507597, -0.777732, 0.370781)","(-0.417262, -0.811911, -0.408281)","(0.0703062, -0.986168, -0.1501)",0
54.2333,"(0.08191, -0.076042, -3.64282e-06)","(0.165175, 0.979458, 0.115671)","(-0.383477, -0.919891, -0.0821333)","(-0.374822, -0.908533, -0.184598)","(-0.393454, -0.880421, 0.264676)","(-0.0777742, -0.927531, 0.365566)","(-0.332354, -0.93595, -0.116352)","(0.489397, -0.783214, 0.383492)","(-0.434478, -0.814577, -0.38431)","(0.0550039, -0.978387, -0.199334)",0
54.2667,"(0.085122, -0.0759458, -3.89465e-06)","(0.198925, 0.972234, 0.123248)","(-0.436986, -0.893995, -0.0990763)","(-0.332983, -0.916079, -0.22343)","(-0.446206, -0.841631, 0.304233)","(-0.0667535, -0.926206, 0.371062)","(-0.336709, -0.938071, -0.081549)","(0.485107, -0.795957, 0.362111)","(-0.460446, -0.814008, -0.354091)","(0.0377982, -0.954027, -0.297327)",0
54.3,"(0.0873029, -0.0758602, -7.02781e-06)","(0.223815, 0.965666, 0.131891)","(-0.478555, -0.871008, -0.111044)","(-0.257009, -0.934252, -0.247222)","(-0.446616, -0.832914, 0.326787)","(-0.0120022, -0.924221, 0.381669)","(-0.336588, -0.940745, -0.041326)","(0.483921, -0.812494, 0.325075)","(-0.485709, -0.807673, -0.334292)","(0.0203543, -0.922206, -0.386164)",0
54.3333,"(0.0895877, -0.0758228, -9.26745e-06)","(0.240822, 0.960538, 0.139184)","(-0.514125, -0.849432, -0.118913)","(-0.221644, -0.943865, -0.244936)","(-0.434396, -0.838395, 0.329233)","(0.0223276, -0.919702, 0.391982)","(-0.329779, -0.944013, -0.0092581)","(0.488305, -0.824329, 0.286425)","(-0.493574, -0.804156, -0.331237)","(-0.000463922, -0.895053, -0.445959)",0
54.3667,"(0.0895877, -0.0758228, -9.26745e-06)","(0.248558, 0.958663, 0.138507)","(-0.537736, -0.832958, -0.130463)","(-0.19022, -0.957132, -0.218437)","(-0.409878, -0.849303, 0.332692)","(0.0487179, -0.910612, 0.410381)","(-0.321499, -0.946906, 0.00268189)","(0.499935, -0.823826, 0.267164)","(-0.488793, -0.800807, -0.346107)","(-0.0153243, -0.883697, -0.467808)",0
54.4,"(0.091832, -0.0759816, -8.3264e-06)","(0.248022, 0.958699, 0.139219)","(-0.548429, -0.823903, -0.142864)","(-0.138965, -0.969689, -0.200979)","(-0.37922, -0.85925, 0.343339)","(0.0455373, -0.906715, 0.419278)","(-0.314005, -0.949268, 0.0170702)","(0.50804, -0.827595, 0.238708)","(-0.477039, -0.80413, -0.354697)","(-0.018791, -0.870842, -0.491203)",0
54.4333,"(0.091832, -0.0759816, -8.3264e-06)","(0.241132, 0.95771, 0.156992)","(-0.544508, -0.821719, -0.16819)","(-0.0885529, -0.975514, -0.201324)","(-0.335978, -0.884825, 0.322806)","(0.0349835, -0.914842, 0.402294)","(-0.308086, -0.951039, 0.0246666)","(0.504926, -0.84585, 0.172011)","(-0.446599, -0.813347, -0.372848)","(0.0104871, -0.846294, -0.532614)",0
54.4667,"(0.091832, -0.0759816, -8.3264e-06)","(0.229284, 0.9557, 0.184569)","(-0.515102, -0.835097, -0.193085)","(-0.0465582, -0.976353, -0.211109)","(-0.275908, -0.914723, 0.295224)","(0.0232585, -0.927502, 0.373093)","(-0.302578, -0.952585, 0.0320522)","(0.48613, -0.869662, 0.0858235)","(-0.402926, -0.827509, -0.390999)","(0.067264, -0.814051, -0.576885)",0
54.5,"(0.0889465, -0.0770809, -3.49558e-06)","(0.211479, 0.955615, 0.205127)","(-0.461405, -0.863585, -0.203288)","(-0.0224715, -0.9762, -0.215704)","(-0.175608, -0.94165, 0.287155)","(0.0212609, -0.938357, 0.345014)","(-0.295806, -0.954386, 0.040583)","(0.453771, -0.891118, -0.000793041)","(-0.339998, -0.842982, -0.416873)","(0.157766, -0.771622, -0.616206)",0
54.5333,"(0.0850558, -0.0770298, -4.27593e-06)","(0.190548, 0.95971, 0.206514)","(-0.387813, -0.897384, -0.210482)","(-0.0184535, -0.979376, -0.201202)","(-0.0863426, -0.94472, 0.316307)","(0.0224565, -0.94217, 0.334382)","(-0.29027, -0.954765, 0.064559)","(0.414068, -0.908131, -0.0620143)","(-0.268676, -0.861726, -0.430397)","(0.26667, -0.722878, -0.637444)",0
54.5667,"(0.0793819, -0.0756015, -6.9337e-06)","(0.171467, 0.964988, 0.198486)","(-0.266491, -0.926109, -0.267029)","(-0.0088163, -0.98704, -0.160233)","(-0.0465474, -0.954114, 0.295803)","(0.0427959, -0.947626, 0.316501)","(-0.283408, -0.954982, 0.0876861)","(0.380373, -0.920124, -0.0932094)","(-0.18971, -0.879144, -0.437167)","(0.37628, -0.68336, -0.625646)",0
54.6,"(0.0717802, -0.0729189, -8.9135e-06)","(0.164183, 0.967655, 0.191539)","(-0.112271, -0.930179, -0.349517)","(-0.00905673, -0.994717, -0.102251)","(-0.0591438, -0.97794, 0.200339)","(0.0780342, -0.957667, 0.277101)","(-0.273349, -0.957741, 0.0895147)","(0.359717, -0.927349, -0.103091)","(-0.128418, -0.894517, -0.428191)","(0.480888, -0.665679, -0.57063)",0
54.6333,"(0.062495, -0.0696598, -9.53577e-06)","(0.165395, 0.969466, 0.181053)","(0.00466896, -0.914975, -0.403483)","(-0.00719615, -0.998859, -0.0472203)","(-0.0899088, -0.988827, 0.118902)","(0.0972292, -0.966518, 0.237464)","(-0.245832, -0.967577, 0.0579799)","(0.341181, -0.935906, -0.0876117)","(-0.0916609, -0.906568, -0.411986)","(0.567659, -0.670239, -0.478062)",0
54.6667,"(0.0525485, -0.0663449, -1.09761e-05)","(0.172044, 0.969904, 0.172302)","(0.0491976, -0.923613, -0.380155)","(-0.031585, -0.999284, -0.0208095)","(-0.0765456, -0.989203, 0.12497)","(0.0809771, -0.975457, 0.204762)","(-0.203447, -0.979081, 0.00318383)","(0.316276, -0.945779, -0.0739659)","(-0.0740864, -0.918272, -0.388958)","(0.633081, -0.668388, -0.390469)",0
54.7,"(0.0426433, -0.062494, -1.0433e-05)","(0.170796, 0.969078, 0.178091)","(0.0380769, -0.945037, -0.324739)","(-0.0494965, -0.998661, -0.0150321)","(-0.0725003, -0.980061, 0.184998)","(0.0371475, -0.983065, 0.179452)","(-0.151863, -0.986726, -0.0575244)","(0.286618, -0.956049, -0.0618082)","(-0.0536664, -0.926306, -0.37293)","(0.665065, -0.65783, -0.35348)",0
54.7333,"(0.0336548, -0.059092, -1.00929e-05)","(0.170066, 0.965767, 0.195885)","(0.044618, -0.957932, -0.283507)","(-0.0577263, -0.998207, -0.0158172)","(-0.0693307, -0.969661, 0.234414)","(-0.00208984, -0.990788, 0.135403)","(-0.109167, -0.989918, -0.0902458)","(0.246107, -0.967725, -0.0542152)","(-0.0345883, -0.93473, -0.353671)","(0.68738, -0.633105, -0.355931)",0
54.7667,"(0.0262853, -0.0556806, -6.4997e-06)","(0.169612, 0.963055, 0.209182)","(0.0462872, -0.961363, -0.271364)","(-0.0540029, -0.998381, -0.0178788)","(-0.0914487, -0.96307, 0.253245)","(-0.0269726, -0.992736, 0.117248)","(-0.0825216, -0.992159, -0.0938688)","(0.208403, -0.976014, -0.0629655)","(-0.0147067, -0.942584, -0.333646)","(0.662723, -0.655765, -0.361621)",0
54.8,"(0.02015, -0.0517754, -8.97991e-06)","(0.172293, 0.962407, 0.209969)","(0.0436222, -0.962552, -0.267564)","(-0.0510526, -0.998477, -0.0209299)","(-0.111328, -0.957864, 0.26477)","(-0.0436013, -0.992394, 0.115119)","(-0.0742928, -0.9956, -0.0571013)","(0.166261, -0.982318, -0.0860735)","(-0.00656809, -0.955875, -0.2937)","(0.566737, -0.744566, -0.352747)",0
54.8333,"(0.0152233, -0.0469195, -1.27856e-05)","(0.16852, 0.96365, 0.207317)","(0.0497387, -0.967388, -0.248367)","(-0.0431428, -0.998805, -0.0229522)","(-0.130512, -0.949107, 0.286641)","(-0.0812191, -0.987512, 0.134994)","(-0.077186, -0.997013, -0.00286465)","(0.12555, -0.985595, -0.113311)","(0.00453101, -0.962934, -0.2697)","(0.422739, -0.844905, -0.327761)",0
54.8667,"(0.0119206, -0.0417012, -1.88949e-05)","(0.158784, 0.962314, 0.220772)","(0.0531398, -0.973355, -0.223062)","(-0.0292321, -0.999301, -0.0233151)","(-0.139689, -0.945026, 0.295658)","(-0.140812, -0.979375, 0.1449)","(-0.0761008, -0.995524, 0.0560486)","(0.0758583, -0.989624, -0.122027)","(0.0167806, -0.966609, -0.255708)","(0.295871, -0.906276, -0.301866)",0
54.9,"(0.00920547, -0.0375835, -2.46611e-05)","(0.140148, 0.961095, 0.238022)","(0.0638605, -0.97632, -0.206689)","(-0.0113173, -0.999559, -0.0274541)","(-0.156069, -0.933078, 0.32405)","(-0.2147, -0.964101, 0.156247)","(-0.0641351, -0.992416, 0.104864)","(0.0137875, -0.993258, -0.115098)","(0.0226907, -0.969407, -0.244409)","(0.235088, -0.930523, -0.28082)",0
54.9333,"(0.00670316, -0.035059, -3.3353e-05)","(0.123063, 0.960587, 0.249255)","(0.00417019, -0.982368, -0.186909)","(0.0152208, -0.999186, -0.037364)","(0, 0, 0)","(-0.27884, -0.944006, 0.176356)","(-0.04966, -0.991042, 0.123975)","(-0.0402289, -0.993313, -0.108222)","(0.029567, -0.970583, -0.238945)","(0.181938, -0.940632, -0.286547)",0
54.9667,"(0.00458394, -0.0339801, -3.47742e-05)","(0.113355, 0.965252, 0.235457)","(-0.0639876, -0.973583, -0.219182)","(0.052826, -0.998273, -0.0256795)","(-0.201124, -0.855462, 0.477215)","(-0.347191, -0.907117, 0.237902)","(-0.032592, -0.990573, 0.133049)","(-0.084127, -0.991108, -0.103088)","(0.0302767, -0.971946, -0.233247)","(0.126105, -0.943982, -0.304951)",0
55,"(0.00458394, -0.0339801, -3.47742e-05)","(0.11282, 0.971933, 0.20644)","(-0.0830695, -0.969234, -0.2317)","(0.113095, -0.993582, -0.00184369)","(-0.264371, -0.799913, 0.538746)","(-0.42306, -0.839128, 0.341883)","(-0.0241598, -0.993515, 0.111104)","(-0.111941, -0.98998, -0.0860736)","(0.051418, -0.956934, -0.285716)","(0.0708982, -0.928843, -0.363627)",0
55.0333,"(0.00103837, -0.0374917, -3.08055e-05)","(0.115109, 0.977423, 0.177185)","(-0.113517, -0.960834, -0.25281)","(0.168938, -0.984819, 0.0398815)","(-0.328927, -0.736925, 0.590549)","(-0.477278, -0.727912, 0.49229)","(-0.0180691, -0.992506, 0.120854)","(-0.127268, -0.989916, -0.0622027)","(0.0641805, -0.945141, -0.320297)","(0.0127568, -0.906842, -0.421277)",0
55.0667,"(-0.000327027, -0.0402662, -2.60503e-05)","(0.116515, 0.982184, 0.147439)","(-0.124509, -0.965894, -0.227039)","(0.208268, -0.97216, 0.107371)","(-0.422768, -0.565882, 0.707845)","(-0.489276, -0.547646, 0.678744)","(-0.021436, -0.991792, 0.12605)","(-0.12973, -0.990762, -0.0394989)","(0.0823785, -0.932049, -0.352843)","(-0.0277982, -0.814139, -0.580005)",0
55.1,"(-0.0013211, -0.0428749, -2.159e-05)","(0.112086, 0.983667, 0.140842)","(-0.161492, -0.981972, -0.0982389)","(0.211391, -0.954469, 0.210482)","(-0.371584, -0.369176, 0.851842)","(-0.456191, -0.339049, 0.822761)","(-0.0231778, -0.982592, 0.184326)","(-0.121741, -0.991795, -0.0390168)","(0.0889569, -0.941121, -0.326157)","(-0.0475139, -0.694658, -0.71777)",0
55.1333,"(-0.00175133, -0.0451513, -1.61715e-05)","(0.0997156, 0.982374, 0.158106)","(-0.203321, -0.976239, 0.0749534)","(0.204848, -0.922299, 0.327722)","(-0.220643, -0.144113, 0.964649)","(-0.418193, -0.104699, 0.902304)","(-0.0145931, -0.977682, 0.209583)","(-0.114447, -0.992651, -0.0393048)","(0.0938947, -0.944288, -0.315444)","(-0.0323174, -0.554656, -0.831452)",0
55.1667,"(-0.00175133, -0.0451513, -1.61715e-05)","(0.0780921, 0.977427, 0.19631)","(-0.251175, -0.928907, 0.272109)","(0.20406, -0.881812, 0.425167)","(-0.00575279, 0.0965772, 0.995309)","(-0.391569, 0.107399, 0.91386)","(-0.00458834, -0.975249, 0.221061)","(-0.107916, -0.993579, -0.0339767)","(0.0952214, -0.938587, -0.331644)","(-0.00684998, -0.508394, -0.861097)",0
55.2,"(-0.00175133, -0.0451513, -1.61715e-05)","(0.0603099, 0.975261, 0.212671)","(-0.275265, -0.882744, 0.380779)","(0.221943, -0.838811, 0.497129)","(0.147611, 0.29868, 0.942869)","(-0.357166, 0.319175, 0.877815)","(0.00785343, -0.982253, 0.187394)","(-0.0888043, -0.996023, 0.00723683)","(0.0939942, -0.92225, -0.374994)","(0.00155115, -0.485374, -0.874305)",0
55.2333,"(-0.00175133, -0.0451513, -1.61715e-05)","(0.0373703, 0.984662, 0.170425)","(-0.268512, -0.818639, 0.507673)","(0.273491, -0.764614, 0.583582)","(0.291815, 0.42174, 0.858475)","(-0.31749, 0.458225, 0.830199)","(0.0180668, -0.987919, 0.153911)","(-0.0612084, -0.997535, 0.0343173)","(0.0867207, -0.91652, -0.390474)","(-0.00412882, -0.497158, -0.86765)",0
55.2667,"(0.000650203, -0.0403377, -8.55485e-08)","(0.0223399, 0.994759, 0.0997789)","(-0.250355, -0.737051, 0.627756)","(0.333674, -0.669617, 0.663532)","(0.401598, 0.455291, 0.794625)","(-0.304796, 0.5427, 0.782673)","(0.0343664, -0.990921, 0.129978)","(-0.0307535, -0.998908, 0.0351613)","(0.0709768, -0.932956, -0.352924)","(-0.0174588, -0.538204, -0.842634)",0
55.3,"(0.0033518, -0.0352394, 3.37139e-08)","(0.00888774, 0.999107, 0.0413014)","(-0.209959, -0.591256, 0.778674)","(0.367435, -0.536565, 0.759664)","(0.484326, 0.444934, 0.753301)","(-0.283174, 0.561342, 0.77763)","(0.0437268, -0.992928, 0.11037)","(-0.0104386, -0.999944, -0.00191714)","(0.0463384, -0.955233, -0.292205)","(-0.0233871, -0.635011, -0.772149)",0
55.3333,"(0.00720731, -0.0291685, -9.06433e-07)","(0.00474729, 0.999026, 0.0438793)","(-0.144122, -0.441798, 0.885462)","(0.289598, -0.390891, 0.873692)","(0.513769, 0.462716, 0.722451)","(-0.244904, 0.572964, 0.782134)","(0.033435, -0.994928, 0.0948676)","(0.000207906, -0.999632, -0.0271197)","(0.0308136, -0.968761, -0.246075)","(-0.0339595, -0.738671, -0.67321)",0
55.3667,"(0.0118981, -0.0224067, -1.24895e-06)","(-0.0124578, 0.996571, 0.0817946)","(-0.0272441, -0.288212, 0.957179)","(0.168972, -0.235467, 0.957081)","(0.519763, 0.496724, 0.695063)","(-0.186623, 0.548195, 0.815263)","(0.0053814, -0.996794, 0.0798267)","(0.0018336, -0.999611, -0.0278219)","(0.0196325, -0.972755, -0.231004)","(-0.0532519, -0.838135, -0.542857)",0
55.4,"(0.0168032, -0.0171608, 2.47201e-06)","(-0.0348787, 0.991472, 0.125566)","(0.0827566, -0.174626, 0.981151)","(0.0470154, -0.117945, 0.991907)","(0.494721, 0.485735, 0.720634)","(-0.130443, 0.516044, 0.846571)","(-0.0216316, -0.997641, 0.0651497)","(-0.0121282, -0.999611, -0.0251226)","(0.00298066, -0.976064, -0.217465)","(-0.0725798, -0.894475, -0.441188)",0
55.4333,"(0.0213803, -0.013196, 5.45778e-06)","(-0.0555615, 0.987899, 0.144804)","(0.142936, -0.0612158, 0.987837)","(0.00746601, 0.00457127, 0.999962)","(0.471008, 0.403694, 0.784335)","(-0.0779899, 0.474762, 0.876652)","(-0.0387133, -0.99828, 0.0440246)","(-0.0323354, -0.999251, -0.0212625)","(-0.0233662, -0.979941, -0.197912)","(-0.0912214, -0.924692, -0.369626)",0
55.4667,"(0.0249625, -0.0102904, 9.46773e-06)","(-0.0654761, 0.985824, 0.154479)","(0.152877, 0.0119751, 0.988173)","(-0.0104707, 0.0972941, 0.995201)","(0.456593, 0.363214, 0.812157)","(-0.0605328, 0.449636, 0.891159)","(-0.0433546, -0.998798, 0.0228764)","(-0.0589544, -0.998148, -0.0149765)","(-0.0611391, -0.980669, -0.185877)","(-0.115409, -0.932271, -0.342858)",0
55.5,"(0.0275777, -0.00800521, 1.35937e-05)","(-0.0706037, 0.98495, 0.157763)","(0.173421, 0.0327965, 0.984302)","(0.00827868, 0.160388, 0.987019)","(0.454574, 0.421038, 0.784914)","(-0.0697262, 0.473845, 0.877843)","(-0.042101, -0.999101, 0.00497983)","(-0.0713445, -0.997451, 0.00114853)","(-0.0895516, -0.977905, -0.188897)","(-0.141798, -0.932337, -0.332628)",0
55.5333,"(0.0294807, -0.00630856, 1.57903e-05)","(-0.0746859, 0.984891, 0.156241)","(0.198092, -0.00154944, 0.980182)","(0.0533872, 0.111264, 0.992356)","(0.473527, 0.547467, 0.689965)","(-0.106647, 0.53807, 0.836126)","(-0.0243013, -0.999697, -0.00390191)","(-0.0743877, -0.99712, 0.0147992)","(-0.122202, -0.969255, -0.21357)","(-0.160825, -0.929902, -0.330782)",0
55.5667,"(0.0308107, -0.00393841, 2.07172e-05)","(-0.0755162, 0.990715, 0.113057)","(0.227727, -0.156666, 0.961039)","(0.148183, 0.0125208, 0.988881)","(0.442027, 0.664227, 0.602838)","(-0.159481, 0.606638, 0.778817)","(0.00753398, -0.999934, -0.0086441)","(-0.0659205, -0.997602, 0.0211079)","(-0.141676, -0.960027, -0.241404)","(-0.167439, -0.931623, -0.322556)",0
55.6,"(0.0320145, -0.00181056, 1.62798e-05)","(-0.0760136, 0.99577, 0.0516064)","(0.235912, -0.354876, 0.904659)","(0.28571, -0.146673, 0.947025)","(0.38041, 0.747013, 0.545215)","(-0.214676, 0.678064, 0.702954)","(0.0480321, -0.998798, -0.00980105)","(-0.05674, -0.99787, 0.0321903)","(-0.14213, -0.951439, -0.273062)","(-0.167084, -0.931413, -0.323346)",0
55.6333,"(0.0333615, -0.000199199, 8.00905e-06)","(-0.0753458, 0.996816, -0.026112)","(0.202662, -0.577835, 0.790591)","(0.41537, -0.298285, 0.859357)","(0.306202, 0.795849, 0.522365)","(-0.274326, 0.722837, 0.634233)","(0.0830371, -0.996486, -0.0109568)","(-0.0519965, -0.997654, 0.0445301)","(-0.121864, -0.9442, -0.305998)","(-0.162888, -0.92848, -0.333756)",0
55.6667,"(0.0333615, -0.000199199, 8.00905e-06)","(-0.075389, 0.995289, -0.0609586)","(0.140795, -0.689682, 0.710292)","(0.516231, -0.411317, 0.751215)","(0.290406, 0.778793, 0.556009)","(-0.300992, 0.736492, 0.605792)","(0.103789, -0.99454, -0.010871)","(-0.0491316, -0.997091, 0.0582785)","(-0.085658, -0.937592, -0.337022)","(-0.160393, -0.919767, -0.358195)",0
55.7,"(0.0361161, 0.000532293, -8.4355e-06)","(-0.0794827, 0.993998, -0.0751728)","(0.0821863, -0.743978, 0.66313)","(0.58263, -0.432693, 0.687982)","(0.320181, 0.741365, 0.589798)","(-0.34034, 0.702258, 0.625302)","(0.112581, -0.9936, -0.00917364)","(-0.0513848, -0.996774, 0.0616493)","(-0.0523236, -0.930956, -0.361362)","(-0.16327, -0.906943, -0.388326)",0
55.7333,"(0.0361161, 0.000532293, -8.4355e-06)","(-0.091241, 0.994034, -0.0597695)","(0.0778457, -0.74175, 0.666144)","(0.679067, -0.344651, 0.648139)","(0.357632, 0.693575, 0.625343)","(-0.411619, 0.632268, 0.656359)","(0.117393, -0.993068, -0.00598537)","(-0.0574351, -0.99647, 0.0612208)","(-0.0390313, -0.927999, -0.370533)","(-0.165873, -0.897459, -0.408723)",0
55.7667,"(0.0390358, -0.00166249, -2.22469e-05)","(-0.106993, 0.993029, -0.0494559)","(0.100335, -0.740704, 0.664297)","(0.751563, -0.189993, 0.631708)","(0.401353, 0.635498, 0.659589)","(-0.499202, 0.530261, 0.685289)","(0.119364, -0.992847, -0.0025102)","(-0.0635443, -0.995997, 0.0628685)","(-0.0398452, -0.928115, -0.370156)","(-0.169023, -0.886945, -0.429838)",0
55.8,"(0.0390358, -0.00166249, -2.22469e-05)","(-0.123854, 0.99153, -0.039102)","(0.139942, -0.744669, 0.652599)","(0.786852, -0.00391145, 0.61713)","(0.473527, 0.566307, 0.674587)","(-0.585395, 0.41082, 0.698956)","(0.119335, -0.992854, -0.00104853)","(-0.0691525, -0.995322, 0.0674707)","(-0.0573893, -0.927701, -0.368885)","(-0.170194, -0.879838, -0.443755)",0
55.8333,"(0.0408759, -0.00338694, -1.66747e-05)","(-0.132265, 0.990705, -0.0317894)","(0.155747, -0.769312, 0.619598)","(0.782649, 0.135613, 0.607511)","(0.543309, 0.499809, 0.674542)","(-0.659413, 0.291254, 0.693069)","(0.11472, -0.993398, -0.000722208)","(-0.0704922, -0.994657, 0.0754202)","(-0.0694892, -0.927269, -0.367892)","(-0.178098, -0.873574, -0.452933)",0
55.8667,"(0.0408759, -0.00338694, -1.66747e-05)","(-0.134071, 0.990687, -0.0237482)","(0.160946, -0.788783, 0.593226)","(0.762012, 0.220158, 0.608989)","(0.593924, 0.463752, 0.65741)","(-0.711087, 0.232642, 0.6635)","(0.110899, -0.993831, -0.00154976)","(-0.0761424, -0.993873, 0.0801188)","(-0.082101, -0.927607, -0.364425)","(-0.174348, -0.882136, -0.437538)",0
55.9,"(0.0408759, -0.00338694, -1.66747e-05)","(-0.126833, 0.991723, -0.0199906)","(0.146537, -0.791062, 0.593926)","(0.733032, 0.257123, 0.629724)","(0.568, 0.472634, 0.673791)","(-0.755283, 0.265606, 0.599167)","(0.105234, -0.994446, -0.00169374)","(-0.0822959, -0.993398, 0.0799203)","(-0.0854082, -0.929748, -0.358155)","(-0.168154, -0.895309, -0.412487)",0
55.9333,"(0.0408759, -0.00338694, -1.66747e-05)","(-0.120024, 0.992434, -0.0258722)","(0.133401, -0.768086, 0.626298)","(0.688668, 0.246413, 0.681921)","(0.487478, 0.538213, 0.687526)","(-0.720461, 0.425551, 0.547578)","(0.099652, -0.995021, -0.00136097)","(-0.0905344, -0.993077, 0.0748401)","(-0.0823567, -0.93299, -0.350352)","(-0.15698, -0.909103, -0.38586)",0
55.9667,"(0.0408759, -0.00338694, -1.66747e-05)","(-0.112511, 0.992876, -0.0392111)","(0.147714, -0.70172, 0.696971)","(0.636103, 0.239153, 0.733607)","(0.341136, 0.601018, 0.722775)","(-0.604806, 0.585599, 0.539707)","(0.0949407, -0.995483, -0.000941723)","(-0.0984922, -0.993183, 0.0623474)","(-0.0749265, -0.939104, -0.335366)","(-0.147662, -0.920931, -0.360669)",0
56,"(0.0408759, -0.00338694, -1.66747e-05)","(-0.10684, 0.993054, -0.0492913)","(0.155166, -0.619282, 0.769684)","(0.605367, 0.149722, 0.781738)","(0.16672, 0.645115, 0.745675)","(-0.382161, 0.71575, 0.584513)","(0.0935588, -0.995614, -0.000173826)","(-0.105747, -0.993088, 0.0509269)","(-0.0669548, -0.946372, -0.316064)","(-0.138131, -0.93304, -0.332198)",0
56.0333,"(0.0418403, -0.00107504, 9.28589e-06)","(-0.103565, 0.99393, -0.0371172)","(0.150105, -0.50506, 0.849931)","(0.658622, -0.00754857, 0.752436)","(0.0019238, 0.640756, 0.767742)","(-0.124753, 0.796981, 0.59098)","(0.0925744, -0.995704, 0.00172483)","(-0.112584, -0.992775, 0.0415009)","(-0.059336, -0.952435, -0.298908)","(-0.126811, -0.943636, -0.305729)",0
56.0667,"(0.0418403, -0.00107504, 9.28589e-06)","(-0.103179, 0.994619, -0.00932269)","(0.0816581, -0.37674, 0.922713)","(0.678335, -0.233164, 0.696775)","(-0.0852761, 0.653286, 0.752293)","(0.0802179, 0.825049, 0.559338)","(0.0914086, -0.995806, 0.00377657)","(-0.115265, -0.992587, 0.0385353)","(-0.0544004, -0.955261, -0.290718)","(-0.119974, -0.949006, -0.291539)",0
56.1,"(0.0418403, -0.00107504, 9.28589e-06)","(-0.104329, 0.994456, 0.0131207)","(-0.0516233, -0.248235, 0.967323)","(0.674583, -0.40882, 0.614658)","(-0.0423288, 0.685319, 0.727012)","(0.174939, 0.778053, 0.603349)","(0.0902169, -0.995911, 0.00475312)","(-0.116448, -0.992537, 0.0361836)","(-0.0540632, -0.955277, -0.290729)","(-0.114708, -0.950189, -0.289799)",0
56.1333,"(0.0418403, -0.00107504, 9.28589e-06)","(-0.10208, 0.994527, 0.0222602)","(-0.22571, -0.137094, 0.9645)","(0.589978, -0.507263, 0.62818)","(0.0953324, 0.707376, 0.700379)","(0.161558, 0.663521, 0.730505)","(0.0892868, -0.996003, 0.00258561)","(-0.115232, -0.992781, 0.0332723)","(-0.0542421, -0.952701, -0.299031)","(-0.113237, -0.948624, -0.295448)",0
56.1667,"(0.0418403, -0.00107504, 9.28589e-06)","(-0.0999494, 0.994821, 0.0184749)","(-0.416303, -0.00551855, 0.909209)","(0.552093, -0.545427, 0.630637)","(0.294827, 0.725034, 0.622416)","(0.105789, 0.557342, 0.823516)","(0.0863931, -0.996248, -0.00511072)","(-0.113857, -0.993082, 0.0287052)","(-0.0517901, -0.947669, -0.315027)","(-0.113266, -0.943059, -0.312746)",0
56.2,"(0.0418403, -0.00107504, 9.28589e-06)","(-0.100975, 0.994849, 0.00889153)","(-0.609607, 0.272165, 0.744517)","(0.545257, -0.569617, 0.615005)","(0.496458, 0.800003, 0.336933)","(0.0283215, 0.570496, 0.820812)","(0.0836601, -0.996362, -0.0162244)","(-0.112851, -0.993362, 0.0223048)","(-0.0503821, -0.941747, -0.332527)","(-0.113764, -0.937088, -0.330036)",0
56.2333,"(0.0418403, -0.00107504, 9.28589e-06)","(-0.1058, 0.994375, -0.00488378)","(-0.68787, 0.59556, 0.414901)","(0.574801, -0.609192, 0.546341)","(0.612698, 0.782688, -0.109549)","(-0.0899205, 0.616508, 0.782197)","(0.0826021, -0.996158, -0.0290901)","(-0.11219, -0.993567, 0.0154497)","(-0.0541878, -0.937692, -0.343215)","(-0.115955, -0.93163, -0.344413)",0
56.2667,"(0.0440308, -0.00134678, -2.74936e-05)","(-0.115032, 0.993347, -0.00535851)","(-0.615091, 0.786916, 0.0492457)","(0.618548, -0.633748, 0.464502)","(0.586134, 0.62064, -0.520819)","(-0.24857, 0.665555, 0.70374)","(0.0860485, -0.995535, -0.038797)","(-0.111394, -0.993705, 0.0119315)","(-0.0704384, -0.936308, -0.344043)","(-0.121964, -0.927551, -0.353235)",0
56.3,"(0.0440308, -0.00134678, -2.74936e-05)","(-0.125637, 0.992055, 0.00651969)","(-0.510961, 0.851702, -0.116286)","(0.669681, -0.618613, 0.410907)","(0.54097, 0.45323, -0.708473)","(-0.389402, 0.663338, 0.639022)","(0.0908078, -0.994806, -0.0459951)","(-0.108807, -0.994005, 0.0107146)","(-0.0932648, -0.935872, -0.339774)","(-0.131537, -0.92318, -0.361161)",0
56.3333,"(0.0455361, -0.00297916, -3.43341e-05)","(-0.13468, 0.990707, 0.0189772)","(-0.455646, 0.881136, -0.126438)","(0.709054, -0.577517, 0.404619)","(0.521985, 0.350358, -0.777677)","(-0.471073, 0.656015, 0.589689)","(0.0954331, -0.99419, -0.0497778)","(-0.105884, -0.994329, 0.00990526)","(-0.114567, -0.936117, -0.332505)","(-0.141667, -0.920509, -0.364135)",0
56.3667,"(0.0455361, -0.00297916, -3.43341e-05)","(-0.140709, 0.989834, 0.0207054)","(-0.430744, 0.898496, -0.0846495)","(0.720597, -0.546086, 0.427235)","(0.518829, 0.319756, -0.792826)","(-0.489529, 0.649715, 0.581577)","(0.0976952, -0.993905, -0.0510762)","(-0.103419, -0.9946, 0.00869462)","(-0.128678, -0.936517, -0.326157)","(-0.147493, -0.921394, -0.359555)",0
56.4,"(0.0467827, -0.00505438, -4.19507e-05)","(-0.145534, 0.989191, 0.0179414)","(-0.421456, 0.905079, -0.0566335)","(0.705074, -0.54597, 0.452534)","(0.525489, 0.318158, -0.789073)","(-0.472197, 0.652262, 0.592945)","(0.0984781, -0.993835, -0.0509319)","(-0.102757, -0.994678, 0.00746456)","(-0.137558, -0.937908, -0.318445)","(-0.150766, -0.92413, -0.351076)",0
56.4333,"(0.0467827, -0.00505438, -4.19507e-05)","(-0.151235, 0.988437, 0.0109239)","(-0.415633, 0.9085, -0.0433113)","(0.665434, -0.580086, 0.469785)","(0.527027, 0.325166, -0.785181)","(-0.435206, 0.665518, 0.606368)","(0.099059, -0.993829, -0.0499034)","(-0.101629, -0.994795, 0.00739882)","(-0.149366, -0.941129, -0.303257)","(-0.154934, -0.927514, -0.340167)",0
56.4667,"(0.0467827, -0.00505438, -4.19507e-05)","(-0.159353, 0.987208, 0.00527064)","(-0.405829, 0.913693, -0.0216243)","(0.569495, -0.66458, 0.483745)","(0.538127, 0.319841, -0.779821)","(-0.401234, 0.646251, 0.649131)","(0.100182, -0.993777, -0.048703)","(-0.103862, -0.994561, 0.00785521)","(-0.161358, -0.943519, -0.28937)","(-0.16582, -0.92873, -0.331609)",0
56.5,"(0.0485295, -0.00672995, -4.2905e-05)","(-0.160015, 0.987085, 0.00764887)","(-0.414459, 0.909889, 0.0180793)","(0.411914, -0.74021, 0.531429)","(0.634825, 0.358167, -0.684627)","(-0.393285, 0.619684, 0.679204)","(0.106929, -0.993859, -0.0284659)","(-0.10733, -0.994011, 0.0205478)","(-0.17395, -0.941374, -0.28906)","(-0.174338, -0.924259, -0.339635)",0
56.5333,"(0.0485295, -0.00672995, -4.2905e-05)","(-0.153214, 0.987848, 0.0261045)","(-0.422705, 0.905289, 0.0420964)","(0.2352, -0.790207, 0.565909)","(0.718833, 0.407161, -0.56347)","(-0.460407, 0.546981, 0.699169)","(0.116169, -0.993059, 0.0184276)","(-0.110085, -0.993037, 0.0419469)","(-0.181205, -0.936417, -0.300479)","(-0.181499, -0.913771, -0.363429)",0
56.5667,"(0.0485295, -0.00672995, -4.2905e-05)","(-0.133285, 0.989041, 0.0635072)","(-0.422274, 0.897623, 0.126322)","(0.11745, -0.819278, 0.561239)","(0.734958, 0.558995, -0.383876)","(-0.57233, 0.387078, 0.722916)","(0.122182, -0.990588, 0.061703)","(-0.103791, -0.992795, 0.0598815)","(-0.178889, -0.931915, -0.315489)","(-0.188852, -0.90153, -0.38933)",0
56.6,"(0.0482514, -0.00379071, -2.89423e-05)","(-0.107831, 0.989825, 0.0928408)","(-0.429481, 0.884446, 0.182487)","(0.038109, -0.883143, 0.467554)","(0.614196, 0.744072, -0.262906)","(-0.73827, -0.0151748, 0.674335)","(0.105875, -0.992061, 0.0678588)","(-0.0880391, -0.994556, 0.0557529)","(-0.148725, -0.928628, -0.339898)","(-0.201307, -0.888483, -0.412401)",0
56.6333,"(0.0482514, -0.00379071, -2.89423e-05)","(-0.0807582, 0.989844, 0.116991)","(-0.487049, 0.819711, 0.301424)","(0.000412151, -0.958513, 0.28505)","(0.326355, 0.943378, 0.0594127)","(-0.598818, -0.561801, 0.570786)","(0.0900634, -0.993963, 0.0626591)","(-0.0769662, -0.996218, 0.0403176)","(-0.111797, -0.926224, -0.360015)","(-0.207885, -0.883402, -0.419982)",0
56.6667,"(0.0457959, -0.000864613, -1.39649e-05)","(-0.0597477, 0.988833, 0.136523)","(-0.625072, 0.697918, 0.349563)","(0.0406064, -0.99371, 0.104367)","(-0.124729, 0.904691, 0.407403)","(-0.176575, -0.889673, 0.421074)","(0.0767295, -0.995158, 0.0614335)","(-0.0764731, -0.996727, 0.0262255)","(-0.0790151, -0.924263, -0.37349)","(-0.199103, -0.882843, -0.425377)",1
56.7,"(0.0440808, 0.000368953, -9.71123e-06)","(-0.0399853, 0.985079, 0.167395)","(-0.789195, 0.491126, 0.368736)","(0.201364, -0.979189, -0.0253223)","(-0.580328, 0.579122, 0.572571)","(0.300548, -0.859514, 0.413409)","(0.0786533, -0.994571, 0.0681312)","(-0.0861621, -0.996142, 0.0166274)","(-0.0600465, -0.925522, -0.373903)","(-0.170459, -0.89065, -0.421528)",0
56.7333,"(0.0420695, 0.000901246, -7.41941e-06)","(-0.0136578, 0.983734, 0.179109)","(-0.953019, 0.236218, 0.189621)","(0.456026, -0.888557, -0.0500787)","(-0.806617, 0.199803, 0.55628)","(0.55555, -0.707681, 0.436523)","(0.0714835, -0.996384, 0.0459164)","(-0.094162, -0.99554, 0.00571284)","(-0.0287743, -0.925166, -0.378469)","(-0.134707, -0.892215, -0.431052)",0
56.7667,"(0.0420695, 0.000901246, -7.41941e-06)","(0.0140112, 0.984638, 0.174046)","(-0.996, -0.0889364, 0.00863101)","(0.712866, -0.700297, -0.0374958)","(-0.854011, -0.13574, 0.502235)","(0.690761, -0.546725, 0.473224)","(0.0660438, -0.997816, 0.00101847)","(-0.0981147, -0.995146, -0.00759975)","(0.0164343, -0.914217, -0.404893)","(-0.0849416, -0.883664, -0.46035)",0
56.8,"(0.0382224, 0.000995517, -1.48256e-05)","(0.0380684, 0.986218, 0.161011)","(-0.918408, -0.377324, -0.118968)","(0.909697, -0.41496, -0.0161168)","(-0.756093, -0.424767, 0.497892)","(0.795643, -0.338561, 0.502323)","(0.0640218, -0.997549, -0.0282204)","(-0.101647, -0.994657, -0.0180243)","(0.0621116, -0.904948, -0.420964)","(-0.0392943, -0.872928, -0.486264)",0
56.8333,"(0.0382224, 0.000995517, -1.48256e-05)","(0.053169, 0.990034, 0.130405)","(-0.781003, -0.599644, -0.174533)","(0.996279, -0.0841835, 0.0184995)","(-0.680668, -0.641862, 0.353135)","(0.845373, 0.0485058, 0.53197)","(0.0647426, -0.997322, -0.0340159)","(-0.104676, -0.994502, -0.00287077)","(0.0999101, -0.897773, -0.428977)","(-0.00906319, -0.871084, -0.491051)",0
56.8667,"(0.0354007, 0.00323421, -2.80684e-05)","(0.066594, 0.994631, 0.0792123)","(-0.635916, -0.73166, -0.245529)","(0.96703, 0.244925, 0.0697508)","(-0.52386, -0.828414, 0.198244)","(0.7399, 0.452304, 0.497965)","(0.0635904, -0.997908, -0.0116825)","(-0.111992, -0.993423, 0.0238482)","(0.127668, -0.8993, -0.418282)","(-0.0010226, -0.882086, -0.471088)",0
56.9,"(0.0354007, 0.00323421, -2.80684e-05)","(0.0723514, 0.997278, 0.0141854)","(-0.479156, -0.838443, -0.259659)","(0.855135, 0.495965, 0.150876)","(-0.223568, -0.917076, 0.330136)","(0.378559, 0.815916, 0.437006)","(0.0553303, -0.998451, 0.00582624)","(-0.120508, -0.991187, 0.0550044)","(0.145616, -0.908286, -0.392191)","(-0.00555686, -0.906157, -0.422904)",0
56.9333,"(0.0345921, 0.00554636, -4.33384e-05)","(0.0702935, 0.99741, -0.0152445)","(-0.358454, -0.924884, 0.126884)","(0.671537, 0.648887, 0.357748)","(0.278095, -0.756966, 0.591325)","(-0.073769, 0.888268, 0.453364)","(0.0448271, -0.998896, 0.0140173)","(-0.126968, -0.989766, 0.0651327)","(0.154688, -0.918263, -0.364506)","(-0.00538039, -0.923658, -0.38318)",0
56.9667,"(0.0345921, 0.00554636, -4.33384e-05)","(0.0625271, 0.997696, -0.0263296)","(-0.175256, -0.8266, 0.534806)","(0.430836, 0.676862, 0.596857)","(0.637993, -0.258913, 0.72521)","(-0.495059, 0.709906, 0.500949)","(0.019947, -0.999433, 0.0271208)","(-0.125978, -0.989394, 0.0723153)","(0.171776, -0.936553, -0.305551)","(-0.0107505, -0.951491, -0.307489)",0
57,"(0.0345921, 0.00554636, -4.33384e-05)","(0.0532332, 0.99802, -0.0335109)","(-0.0659736, -0.541816, 0.837904)","(0.12295, 0.554647, 0.822952)","(0.82425, 0.0516555, 0.563865)","(-0.673702, 0.50865, 0.536097)","(0.00121436, -0.999234, 0.0391169)","(-0.122166, -0.989182, 0.0812053)","(0.182931, -0.945493, -0.269405)","(-0.0173539, -0.961115, -0.275603)",0
57.0333,"(0.0345921, 0.00554636, -4.33384e-05)","(0.0423642, 0.997966, -0.0476332)","(-0.0945326, -0.32807, 0.939911)","(-0.0878032, 0.422771, 0.901973)","(0.933001, 0.241522, 0.266787)","(-0.753623, 0.418694, 0.506703)","(-0.012294, -0.998082, 0.0606719)","(-0.121141, -0.989216, 0.0823176)","(0.184319, -0.952409, -0.242784)","(-0.0301144, -0.967569, -0.250805)",0
57.0667,"(0.0369361, 0.00569861, -5.56475e-05)","(0.0327914, 0.997597, -0.0610325)","(-0.178412, -0.0699942, 0.981463)","(-0.212889, 0.317424, 0.924078)","(0.969057, 0.245639, 0.0242981)","(-0.800124, 0.401148, 0.445962)","(-0.00442014, -0.997964, 0.0636214)","(-0.123, -0.990235, 0.0656153)","(0.164809, -0.955687, -0.243928)","(-0.0379229, -0.964633, -0.260854)",0
57.1,"(0.0369361, 0.00569861, -5.56475e-05)","(0.0226255, 0.997655, -0.0645905)","(-0.235948, 0.0681512, 0.969373)","(-0.23751, 0.323817, 0.915823)","(0.962739, 0.23373, -0.136025)","(-0.842595, 0.333584, 0.422795)","(0.0153683, -0.998021, 0.0609695)","(-0.124365, -0.991563, 0.036552)","(0.136446, -0.962204, -0.23568)","(-0.0449485, -0.965721, -0.255663)",0
57.1333,"(0.0383145, 0.00327941, -5.07487e-05)","(0.0155574, 0.997695, -0.0660476)","(-0.278242, 0.0607154, 0.95859)","(-0.257529, 0.350657, 0.900399)","(0.972846, 0.2077, -0.102133)","(-0.877041, 0.272197, 0.395864)","(0.0371146, -0.998075, 0.0496865)","(-0.12133, -0.992529, 0.012858)","(0.113194, -0.970116, -0.21462)","(-0.0478339, -0.968049, -0.246157)",0
57.1667,"(0.0383145, 0.00327941, -5.07487e-05)","(0.00715199, 0.997755, -0.0665811)","(-0.259183, 0.0597439, 0.963979)","(-0.245247, 0.364282, 0.898417)","(0.976813, 0.210119, -0.0410598)","(-0.89343, 0.238887, 0.380417)","(0.0540845, -0.997828, 0.0376163)","(-0.115741, -0.993264, 0.00555712)","(0.0946811, -0.975856, -0.196826)","(-0.0494815, -0.969001, -0.242052)",0
57.2,"(0.0383145, 0.00327941, -5.07487e-05)","(0.00115048, 0.997647, -0.0685579)","(-0.221341, 0.0511538, 0.973854)","(-0.240316, 0.293635, 0.925217)","(0.972945, 0.187675, 0.134744)","(-0.88588, 0.228877, 0.403524)","(0.0590635, -0.997885, 0.0271393)","(-0.110696, -0.993726, 0.0159554)","(0.0886314, -0.978689, -0.185236)","(-0.0487163, -0.972372, -0.228296)",0
57.2333,"(0.0388632, 0.0061653, -4.60819e-05)","(-0.00317413, 0.998269, -0.0587262)","(-0.152499, -0.0797577, 0.98508)","(-0.200984, 0.123767, 0.971744)","(0.907224, 0.225566, 0.355056)","(-0.843519, 0.265716, 0.466766)","(0.0637032, -0.997915, 0.0103537)","(-0.108084, -0.993779, 0.026862)","(0.0835029, -0.976957, -0.196425)","(-0.0342145, -0.975602, -0.216863)",0
57.2667,"(0.0387906, 0.00869752, -4.6304e-05)","(-0.00436268, 0.998209, -0.0596621)","(-0.101604, -0.299457, 0.948684)","(-0.176189, -0.195761, 0.964694)","(0.825463, 0.238139, 0.511762)","(-0.817372, 0.275675, 0.505871)","(0.0674758, -0.997719, 0.00184663)","(-0.109843, -0.993292, 0.0361264)","(0.0822202, -0.973596, -0.212956)","(-0.0176653, -0.976831, -0.21328)",0
57.3,"(0.0387906, 0.00869752, -4.6304e-05)","(-0.00664677, 0.998414, -0.0559134)","(-0.0703108, -0.594224, 0.801221)","(-0.133192, -0.536172, 0.833534)","(0.756035, 0.202149, 0.622533)","(-0.789749, 0.239459, 0.564762)","(0.0707064, -0.997494, -0.00250104)","(-0.112176, -0.992883, 0.0400073)","(0.0822357, -0.968291, -0.2359)","(-0.00420696, -0.972502, -0.232856)",0
57.3333,"(0.0387906, 0.00869752, -4.6304e-05)","(-0.0112102, 0.999867, 0.0118114)","(-0.0629831, -0.834047, 0.548086)","(-0.0978892, -0.808236, 0.580665)","(0.742845, -0.0108073, 0.669376)","(-0.771318, 0.0449202, 0.634862)","(0.0720757, -0.997293, -0.0145799)","(-0.115136, -0.992351, 0.0445246)","(0.0898629, -0.95871, -0.269814)","(-0.00356113, -0.961268, -0.275593)",0
57.3667,"(0.0381816, 0.00327965, -4.13837e-05)","(-0.0151979, 0.996145, 0.0863948)","(-0.0802219, -0.973062, 0.216135)","(-0.0373706, -0.957172, 0.287099)","(0.599685, -0.436764, 0.670533)","(-0.589546, -0.360762, 0.722694)","(0.0735799, -0.996959, -0.0256848)","(-0.114821, -0.992247, 0.0475575)","(0.0997182, -0.950957, -0.292808)","(0.00288322, -0.949395, -0.314072)",1
57.4,"(0.0379947, -0.00474013, -3.17999e-05)","(-0.0160256, 0.98077, 0.194506)","(-0.101513, -0.992352, -0.0702273)","(0.00274892, -0.999956, 0.00891316)","(0.325951, -0.786651, 0.524344)","(-0.281251, -0.738945, 0.612257)","(0.0757125, -0.996102, -0.0452626)","(-0.114411, -0.992956, 0.0308011)","(0.107168, -0.931243, -0.348283)","(0.0181297, -0.924825, -0.379961)",0
57.4333,"(0.037844, -0.0156875, -2.23132e-05)","(-0.0150974, 0.966274, 0.257074)","(-0.120261, -0.967337, -0.223152)","(0.0240559, -0.98415, -0.1757)","(0.0553355, -0.938979, 0.339494)","(-0.000364364, -0.905789, 0.423728)","(0.0787943, -0.995569, -0.0513286)","(-0.114675, -0.993306, 0.0138988)","(0.108304, -0.905365, -0.41059)","(0.0337015, -0.887976, -0.458654)",0
57.4667,"(0.0377143, -0.0278022, -1.18055e-05)","(-0.0151671, 0.942585, 0.333623)","(-0.117576, -0.956698, -0.266281)","(-0.00404025, -0.971761, -0.235933)","(-0.0337326, -0.965412, 0.258537)","(0.0788624, -0.943162, 0.322842)","(0.0813934, -0.993892, -0.07453)","(-0.119213, -0.992763, -0.0145078)","(0.103746, -0.866605, -0.48809)","(0.0418215, -0.844348, -0.53416)",0
57.5,"(0.0377701, -0.038913, -3.89351e-07)","(-0.015592, 0.936895, 0.349262)","(-0.124228, -0.962224, -0.242265)","(-0.0283321, -0.974688, -0.221766)","(-0.0062508, -0.97481, 0.22295)","(0.0802445, -0.953022, 0.292077)","(0.0848551, -0.992571, -0.0871954)","(-0.125464, -0.992047, -0.0100849)","(0.0985835, -0.821609, -0.561462)","(0.0434862, -0.790411, -0.611031)",0
57.5333,"(0.0379185, -0.0484232, 1.19833e-05)","(-0.0171261, 0.942973, 0.332428)","(-0.131427, -0.943837, -0.303148)","(-0.046029, -0.963068, -0.265293)","(0.0469863, -0.997625, 0.0503556)","(0.0633085, -0.98578, 0.155657)","(0.0879347, -0.992443, -0.0855826)","(-0.13202, -0.991244, -0.00254709)","(0.0907951, -0.777011, -0.622904)","(0.0380588, -0.746468, -0.664333)",0
57.5667,"(0.0380986, -0.0562676, 1.35771e-05)","(-0.020213, 0.951129, 0.308131)","(-0.104319, -0.887717, -0.448415)","(-0.048934, -0.917842, -0.393917)","(0.117796, -0.954781, -0.272977)","(-0.00340998, -0.988276, -0.152643)","(0.09375, -0.992886, -0.0734035)","(-0.142138, -0.989734, 0.0149674)","(0.0753312, -0.735698, -0.673108)","(0.0214957, -0.69989, -0.713927)",0
57.6,"(0.0382209, -0.0618261, 1.54098e-05)","(-0.024137, 0.953074, 0.301774)","(-0.0619491, -0.79544, -0.602857)","(-0.0509774, -0.843447, -0.534789)","(0.147348, -0.79269, -0.59155)","(-0.0809907, -0.90814, -0.410758)","(0.0984233, -0.991196, -0.0885612)","(-0.150674, -0.988525, 0.0107624)","(0.0615277, -0.733053, -0.677383)","(0.00611578, -0.698761, -0.715329)",0
57.6333,"(0.0382615, -0.065004, 1.48738e-05)","(-0.0240709, 0.954153, 0.29835)","(-0.0342946, -0.743604, -0.66774)","(-0.0525289, -0.797121, -0.60153)","(0.1991, -0.656744, -0.727355)","(-0.150205, -0.817637, -0.555794)","(0.102306, -0.985882, -0.13255)","(-0.15809, -0.987415, 0.00447464)","(0.0515264, -0.741708, -0.668741)","(-0.00115772, -0.723056, -0.690789)",0
57.6667,"(0.0382615, -0.065004, 1.48738e-05)","(-0.0198604, 0.957763, 0.286872)","(-0.0942146, -0.731547, -0.67525)","(-0.0523503, -0.773, -0.632242)","(0.18682, -0.702228, -0.687003)","(-0.0692147, -0.854587, -0.514675)","(0.103864, -0.980832, -0.164864)","(-0.15877, -0.987316, 0.000411675)","(0.0510828, -0.761107, -0.646612)","(0.0128848, -0.781204, -0.624143)",0
57.7,"(0.0380804, -0.0674501, 1.43721e-05)","(-0.013713, 0.968003, 0.250562)","(-0.201138, -0.714637, -0.669953)","(-0.0155536, -0.729934, -0.68334)","(0.140456, -0.801257, -0.581601)","(0.0514223, -0.853673, -0.518264)","(0.105539, -0.979618, -0.170912)","(-0.157474, -0.987519, -0.00289555)","(0.0519805, -0.766994, -0.639545)","(0.0295104, -0.824905, -0.564501)",0
57.7333,"(0.0380804, -0.0674501, 1.43721e-05)","(-0.0107971, 0.976573, 0.214915)","(-0.334809, -0.678877, -0.653474)","(0.0532168, -0.671274, -0.739297)","(0.0159282, -0.890064, -0.455557)","(0.23266, -0.832093, -0.503479)","(0.109121, -0.981189, -0.159249)","(-0.156472, -0.987661, -0.00653006)","(0.0521176, -0.780187, -0.623372)","(0.0451561, -0.847451, -0.528949)",0
57.7667,"(0.0380804, -0.0674501, 1.43721e-05)","(-0.012219, 0.984313, 0.17601)","(-0.456731, -0.678904, -0.574879)","(0.163181, -0.677949, -0.716768)","(-0.0469143, -0.972295, -0.229001)","(0.426411, -0.838814, -0.338474)","(0.114354, -0.982503, -0.147007)","(-0.155053, -0.98745, -0.0300288)","(0.0488637, -0.784022, -0.618807)","(0.046886, -0.829083, -0.557157)",0
57.8,"(0.0380804, -0.0674501, 1.43721e-05)","(-0.0165774, 0.988041, 0.153298)","(-0.567409, -0.736856, -0.367545)","(0.280865, -0.804718, -0.523014)","(-0.164376, -0.971434, 0.171163)","(0.636883, -0.759683, 0.131384)","(0.119875, -0.983468, -0.135724)","(-0.154823, -0.98608, -0.0606268)","(0.0452556, -0.78933, -0.6123)","(0.04364, -0.799103, -0.599609)",0
57.8333,"(0.0375621, -0.0652354, 3.23635e-06)","(-0.0209472, 0.992397, 0.12128)","(-0.602605, -0.795472, -0.0639569)","(0.345901, -0.918924, -0.189555)","(-0.281462, -0.720599, 0.633653)","(0.653678, -0.443684, 0.613066)","(0.121884, -0.984203, -0.128412)","(-0.152777, -0.984245, -0.0889989)","(0.0452414, -0.793888, -0.606379)","(0.0405179, -0.774997, -0.630665)",0
57.8667,"(0.0372558, -0.0606227, 1.51544e-08)","(-0.0192552, 0.995812, 0.0893781)","(-0.562072, -0.809469, 0.169809)","(0.353151, -0.924779, 0.14166)","(-0.490241, -0.304708, 0.816588)","(0.535045, -0.0859981, 0.840435)","(0.120825, -0.984536, -0.126847)","(-0.149344, -0.98418, -0.0953223)","(0.053097, -0.803816, -0.592504)","(0.0387078, -0.768264, -0.638962)",1
57.9,"(0.036886, -0.0526557, 1.96898e-06)","(-0.00906236, 0.997521, 0.0697871)","(-0.520862, -0.817654, 0.245243)","(0.329228, -0.885959, 0.326628)","(-0.562382, 0.0418933, 0.825816)","(0.47739, 0.139192, 0.867597)","(0.120494, -0.985006, -0.123468)","(-0.145125, -0.985849, -0.0839057)","(0.0676677, -0.810533, -0.581771)","(0.0366276, -0.769938, -0.637066)",0
57.9333,"(0.0364526, -0.0419838, 3.69118e-06)","(0.00203259, 0.998405, 0.0564279)","(-0.480669, -0.833789, 0.271576)","(0.305829, -0.844735, 0.439193)","(-0.52275, 0.251968, 0.814399)","(0.386994, 0.313592, 0.867119)","(0.122282, -0.987186, -0.10252)","(-0.141958, -0.988472, -0.0526364)","(0.081454, -0.82556, -0.558405)","(0.0314407, -0.788005, -0.614865)",0
57.9667,"(0.0358639, -0.0291997, 5.67289e-06)","(0.00576424, 0.998382, 0.0565638)","(-0.423602, -0.845425, 0.325296)","(0.279384, -0.819981, 0.499576)","(-0.349941, 0.359449, 0.865065)","(0.275343, 0.430624, 0.859505)","(0.123873, -0.990262, -0.0635346)","(-0.140329, -0.990101, 0.00260562)","(0.0929147, -0.84053, -0.533738)","(0.0227981, -0.807922, -0.588848)",0
58,"(0.0352217, -0.0173768, 6.38228e-06)","(0.00618454, 0.998771, 0.0491703)","(-0.345574, -0.852055, 0.393168)","(0.256929, -0.80984, 0.527396)","(-0.203642, 0.438343, 0.875435)","(0.141984, 0.525857, 0.838639)","(0.12299, -0.992097, -0.0248484)","(-0.139238, -0.988594, 0.0574028)","(0.0989036, -0.863702, -0.494204)","(0.0137275, -0.847769, -0.530188)",0
58.0333,"(0.0346429, -0.00698359, 8.40228e-06)","(0.00584823, 0.999798, 0.019226)","(-0.276767, -0.838054, 0.470176)","(0.241759, -0.781584, 0.575046)","(-0.0510926, 0.541417, 0.8392)","(-0.0182294, 0.607804, 0.793878)","(0.120714, -0.99268, -0.00389764)","(-0.135937, -0.987196, 0.0834574)","(0.105431, -0.877628, -0.467603)","(0.00995917, -0.869974, -0.492997)",0
58.0667,"(0.0340217, 2.00033e-05, 8.16454e-06)","(0.00810766, 0.999684, -0.0237984)","(-0.232566, -0.821193, 0.521109)","(0.210281, -0.757247, 0.618352)","(0.0732564, 0.607658, 0.790813)","(-0.124284, 0.635366, 0.762144)","(0.119003, -0.992891, 0.00261469)","(-0.132508, -0.987749, 0.0824281)","(0.108377, -0.88683, -0.449207)","(0.00980721, -0.885429, -0.464672)",0
58.1,"(0.0333113, 0.00287931, 7.24311e-06)","(0.00549109, 0.997959, -0.0636152)","(-0.205187, -0.788805, 0.579383)","(0.187409, -0.730051, 0.657193)","(0.169607, 0.635357, 0.753363)","(-0.179142, 0.640005, 0.747196)","(0.117756, -0.993, 0.00918926)","(-0.128981, -0.9888, 0.0750954)","(0.112111, -0.891191, -0.439557)","(0.0112422, -0.888456, -0.458825)",0
58.1333,"(0.0333113, 0.00287931, 7.24311e-06)","(0.00299444, 0.997554, -0.0698394)","(-0.207373, -0.765342, 0.609302)","(0.172742, -0.737629, 0.652736)","(0.209162, 0.639026, 0.7402)","(-0.194786, 0.623697, 0.757007)","(0.115644, -0.993132, 0.0177754)","(-0.127639, -0.988896, 0.0761088)","(0.114625, -0.887858, -0.445611)","(0.0104799, -0.886582, -0.462454)",0
58.1667,"(0.0333113, 0.00287931, 7.24311e-06)","(0.00121809, 0.997917, -0.0644956)","(-0.215475, -0.727811, 0.651047)","(0.170931, -0.740407, 0.650062)","(0.233405, 0.650983, 0.722318)","(-0.185936, 0.622834, 0.759938)","(0.109984, -0.99358, 0.0264979)","(-0.126461, -0.988708, 0.0803999)","(0.123071, -0.881614, -0.455642)","(0.0101328, -0.881341, -0.472372)",0
58.2,"(0.0314422, -0.000469792, -9.42254e-07)","(0.000677766, 0.99859, -0.0530792)","(-0.229697, -0.687666, 0.688734)","(0.171709, -0.744902, 0.644699)","(0.257739, 0.645229, 0.719201)","(-0.176754, 0.618669, 0.765511)","(0.0997014, -0.994287, 0.0381216)","(-0.125663, -0.988075, 0.0889762)","(0.136623, -0.86984, -0.474038)","(0.00977821, -0.869491, -0.493852)",0
58.2333,"(0.0309163, -0.00259753, -5.3569e-06)","(0.000527711, 0.998875, -0.0474253)","(-0.234376, -0.655295, 0.718092)","(0.169206, -0.740264, 0.650675)","(0.283494, 0.63394, 0.71955)","(-0.164054, 0.613144, 0.772749)","(0.0890226, -0.994966, 0.0460204)","(-0.122918, -0.987532, 0.0983494)","(0.153604, -0.862344, -0.482462)","(0.00839711, -0.866822, -0.498546)",0
58.2667,"(0.0309163, -0.00259753, -5.3569e-06)","(0.000687012, 0.9991, -0.0424068)","(-0.239518, -0.639307, 0.730696)","(0.167953, -0.740186, 0.651089)","(0.300489, 0.623216, 0.722016)","(-0.157809, 0.60651, 0.779257)","(0.0829, -0.995811, 0.0385748)","(-0.113605, -0.988413, 0.100665)","(0.165456, -0.865624, -0.472566)","(0.00672084, -0.872832, -0.487974)",0
58.3,"(0.0309163, -0.00259753, -5.3569e-06)","(0.00120492, 0.999315, -0.0369779)","(-0.240351, -0.63374, 0.735258)","(0.167965, -0.74298, 0.647895)","(0.311726, 0.608146, 0.730058)","(-0.155742, 0.602449, 0.782816)","(0.083035, -0.996225, 0.0253103)","(-0.0995445, -0.990557, 0.0942764)","(0.167956, -0.875861, -0.452391)","(0.00544561, -0.881661, -0.471851)",0
58.3333,"(0.0299917, -0.00446466, -1.56893e-05)","(0.00142615, 0.999638, -0.0268797)","(-0.236702, -0.634834, 0.735499)","(0.171882, -0.748971, 0.639922)","(0.3181, 0.599928, 0.734097)","(-0.156329, 0.604701, 0.78096)","(0.0885236, -0.995986, 0.0132809)","(-0.0808885, -0.995599, 0.0473292)","(0.162939, -0.898201, -0.408272)","(0.00979439, -0.87678, -0.480792)",0
58.3667,"(0.0299917, -0.00446466, -1.56893e-05)","(0.00126231, 0.999985, -0.00536598)","(-0.225119, -0.638649, 0.735832)","(0.182367, -0.74853, 0.637531)","(0.324111, 0.602006, 0.729754)","(-0.157701, 0.611373, 0.77547)","(0.0940579, -0.995528, 0.0088276)","(-0.0654984, -0.99725, -0.0346779)","(0.156337, -0.917449, -0.36585)","(0.013672, -0.851013, -0.524966)",0
58.4,"(0.0293497, -0.0075436, -1.1942e-05)","(0.0024228, 0.999597, 0.0282689)","(-0.208955, -0.637027, 0.74198)","(0.213559, -0.738704, 0.639303)","(0.326916, 0.603362, 0.727379)","(-0.166119, 0.618434, 0.768078)","(0.10232, -0.994629, 0.0156003)","(-0.0531539, -0.991636, -0.117615)","(0.150293, -0.938445, -0.311019)","(0.0181709, -0.802004, -0.597042)",0
58.4333,"(0.028764, -0.0119346, -8.18609e-06)","(0.00677562, 0.998621, 0.0520537)","(-0.204063, -0.646276, 0.735313)","(0.26135, -0.721057, 0.641695)","(0.328686, 0.60495, 0.725259)","(-0.178334, 0.620683, 0.763512)","(0.107246, -0.994012, 0.0209207)","(-0.0402092, -0.991674, -0.122334)","(0.158107, -0.943391, -0.291576)","(0.0129742, -0.710671, -0.703405)",0
58.4667,"(0.0282037, -0.0171815, -5.49559e-06)","(0.0122734, 0.997926, 0.0631891)","(-0.205922, -0.649335, 0.732093)","(0.327085, -0.691657, 0.643914)","(0.322015, 0.593857, 0.73732)","(-0.17684, 0.62098, 0.763617)","(0.111727, -0.993313, 0.0291083)","(-0.0271251, -0.995845, -0.0869307)","(0.172879, -0.939328, -0.296271)","(0.0032197, -0.584984, -0.811038)",0
58.5,"(0.0277537, -0.0218999, -7.89016e-06)","(0.0166335, 0.998237, 0.056976)","(-0.214348, -0.651247, 0.727964)","(0.401969, -0.670256, 0.623841)","(0.319383, 0.595651, 0.737017)","(-0.118428, 0.647161, 0.753099)","(0.110735, -0.993505, 0.0261728)","(-0.0159907, -0.998729, -0.0477988)","(0.191214, -0.92666, -0.323633)","(-0.00565845, -0.494963, -0.868896)",0
58.5333,"(0.0275893, -0.0262559, -1.01049e-05)","(0.0156901, 0.998557, 0.0513664)","(-0.227404, -0.630012, 0.742545)","(0.465134, -0.667666, 0.581268)","(0.327821, 0.594398, 0.734319)","(0.0181669, 0.669332, 0.742741)","(0.109595, -0.993577, 0.028165)","(-0.0176872, -0.997712, -0.0652584)","(0.199116, -0.926352, -0.319727)","(-0.00577489, -0.492603, -0.870235)",0
58.5667,"(0.0281656, -0.0295146, -1.45938e-05)","(0.0127905, 0.999156, 0.0390287)","(-0.265777, -0.609821, 0.746646)","(0.513011, -0.691233, 0.508937)","(0.349801, 0.593958, 0.724467)","(0.193224, 0.668414, 0.718253)","(0.100757, -0.994558, 0.0265166)","(-0.0311774, -0.996711, -0.0747973)","(0.202337, -0.928245, -0.312123)","(-0.00934227, -0.535305, -0.844607)",0
58.6,"(0.0281656, -0.0295146, -1.45938e-05)","(0.00339081, 0.999367, 0.0354129)","(-0.313887, -0.590425, 0.743555)","(0.53403, -0.710849, 0.457719)","(0.371035, 0.585413, 0.72085)","(0.331165, 0.630129, 0.70233)","(0.0923266, -0.995266, 0.030368)","(-0.0526666, -0.995461, -0.0792648)","(0.186882, -0.937004, -0.295125)","(-0.0365724, -0.580911, -0.813145)",0
58.6333,"(0.0312907, -0.0305226, -2.10169e-05)","(-0.0134238, 0.998847, 0.0460951)","(-0.373762, -0.58338, 0.72109)","(0.560838, -0.715163, 0.417136)","(0.384561, 0.579986, 0.718143)","(0.402178, 0.599, 0.692425)","(0.0831202, -0.996169, 0.0271674)","(-0.0771304, -0.993489, -0.0838467)","(0.154725, -0.942919, -0.294896)","(-0.060826, -0.653484, -0.754492)",0
58.6667,"(0.03352, -0.0303739, -2.06667e-05)","(-0.0365014, 0.996788, 0.071286)","(-0.430832, -0.579429, 0.691842)","(0.584977, -0.715617, 0.3817)","(0.379721, 0.571148, 0.727738)","(0.407898, 0.566543, 0.715995)","(0.0804994, -0.996375, 0.0274935)","(-0.100368, -0.989593, -0.103115)","(0.103896, -0.950645, -0.29237)","(-0.0761468, -0.743285, -0.664627)",0
58.7,"(0.0359524, -0.0291191, -2.10557e-05)","(-0.0567641, 0.993596, 0.0976987)","(-0.501335, -0.576345, 0.64536)","(0.596523, -0.722712, 0.349068)","(0.350688, 0.571675, 0.741758)","(0.38922, 0.536935, 0.748471)","(0.0786116, -0.996644, 0.02283)","(-0.117427, -0.984685, -0.128868)","(0.0582885, -0.952751, -0.298109)","(-0.0747198, -0.808272, -0.584049)",0
58.7333,"(0.038364, -0.0276184, -2.0848e-05)","(-0.070992, 0.989409, 0.126607)","(-0.559126, -0.581324, 0.591135)","(0.578904, -0.741285, 0.339656)","(0.266778, 0.590334, 0.761798)","(0.363604, 0.51279, 0.777713)","(0.0781272, -0.996498, 0.029805)","(-0.127874, -0.981529, -0.142302)","(0.0272457, -0.9546, -0.296643)","(-0.0775931, -0.832389, -0.548734)",0
58.7667,"(0.0405783, -0.0259996, -1.82631e-05)","(-0.0833603, 0.984974, 0.151252)","(-0.595067, -0.588607, 0.547209)","(0.541508, -0.759611, 0.360224)","(0.142316, 0.62066, 0.771056)","(0.363829, 0.510223, 0.779295)","(0.0783144, -0.99621, 0.0378625)","(-0.132927, -0.980136, -0.147188)","(0.00536013, -0.955728, -0.294201)","(-0.0858717, -0.852229, -0.516074)",0
58.8,"(0.0426892, -0.023948, -1.46567e-05)","(-0.0980166, 0.98129, 0.165721)","(-0.601755, -0.608253, 0.517609)","(0.504143, -0.783954, 0.362294)","(0.0253438, 0.640303, 0.767704)","(0.383634, 0.510374, 0.769639)","(0.0825306, -0.995494, 0.046691)","(-0.134565, -0.98101, -0.139682)","(-0.0185118, -0.954485, -0.297684)","(-0.0988555, -0.876321, -0.471475)",0
58.8333,"(0.044584, -0.0212436, -1.16834e-05)","(-0.117395, 0.98069, 0.156417)","(-0.585854, -0.641607, 0.495091)","(0.468252, -0.820526, 0.327838)","(-0.0304584, 0.634123, 0.772632)","(0.409523, 0.511177, 0.755638)","(0.100461, -0.993476, 0.0539717)","(-0.133738, -0.983689, -0.120292)","(-0.071443, -0.945668, -0.317187)","(-0.131179, -0.893346, -0.429796)",0
58.8667,"(0.0461722, -0.0190713, -6.70473e-06)","(-0.136163, 0.980556, 0.141316)","(-0.55208, -0.690506, 0.467343)","(0.408458, -0.864924, 0.291665)","(-0.0416286, 0.610134, 0.791204)","(0.418306, 0.512877, 0.749651)","(0.127971, -0.988882, 0.0757295)","(-0.133826, -0.986027, -0.099208)","(-0.138459, -0.936083, -0.323386)","(-0.176396, -0.892677, -0.414744)",0
58.9,"(0.047681, -0.0174157, -1.00383e-06)","(-0.15399, 0.980967, 0.118285)","(-0.500991, -0.751969, 0.428429)","(0.322582, -0.9111, 0.256589)","(-0.0241328, 0.57347, 0.818871)","(0.415075, 0.520589, 0.746123)","(0.177112, -0.979129, 0.0996847)","(-0.137578, -0.987464, -0.0773806)","(-0.229167, -0.921776, -0.312749)","(-0.221027, -0.884132, -0.411651)",0
58.9333,"(0.047681, -0.0174157, -1.00383e-06)","(-0.166266, 0.981113, 0.0988596)","(-0.423154, -0.816645, 0.392469)","(0.202318, -0.946323, 0.252073)","(-0.0532815, 0.518111, 0.853652)","(0.399449, 0.531933, 0.746651)","(0.238263, -0.96472, 0.11201)","(-0.155193, -0.986153, -0.0584516)","(-0.323527, -0.896507, -0.302664)","(-0.268908, -0.877081, -0.398016)",0
58.9667,"(0.0499401, -0.0151343, 3.45591e-06)","(-0.173961, 0.982107, 0.0721397)","(-0.315578, -0.890369, 0.328107)","(0.121262, -0.954242, 0.273344)","(-0.100333, 0.415563, 0.904014)","(0.351776, 0.549789, 0.757619)","(0.309946, -0.934455, 0.175294)","(-0.170496, -0.984407, -0.0432883)","(-0.380238, -0.886349, -0.264206)","(-0.293357, -0.873033, -0.389557)",0
59,"(0.0499401, -0.0151343, 3.45591e-06)","(-0.181772, 0.982256, 0.0461712)","(-0.206135, -0.942286, 0.26383)","(0.0856512, -0.941103, 0.327093)","(-0.141545, 0.224197, 0.96421)","(0.262487, 0.578868, 0.772018)","(0.334157, -0.917915, 0.213944)","(-0.182766, -0.98239, -0.0388211)","(-0.39126, -0.88308, -0.259008)","(-0.298768, -0.872962, -0.385585)",0
59.0333,"(0.0515212, -0.0167454, 1.37906e-06)","(-0.186722, 0.982243, 0.0182761)","(-0.146147, -0.980959, 0.127907)","(0.117116, -0.918661, 0.377287)","(-0.136181, -0.272179, 0.952562)","(0.148666, 0.597173, 0.788215)","(0.323884, -0.913732, 0.245343)","(-0.178522, -0.982612, -0.0510213)","(-0.35251, -0.905901, -0.234691)","(-0.28531, -0.868539, -0.405264)",0
59.0667,"(0.0515212, -0.0167454, 1.37906e-06)","(-0.18862, 0.982031, -0.00617656)","(-0.145989, -0.988552, 0.0381148)","(0.219181, -0.903872, 0.367389)","(0.0139325, -0.747091, 0.664576)","(0.0707229, 0.597283, 0.798907)","(0.296412, -0.93444, 0.197389)","(-0.171309, -0.983268, -0.0619396)","(-0.316777, -0.917696, -0.239763)","(-0.272208, -0.871276, -0.408388)",0
59.1,"(0.0515212, -0.0167454, 1.37906e-06)","(-0.184423, 0.98265, -0.0196683)","(-0.196041, -0.979639, -0.0433093)","(0.435749, -0.834055, 0.338342)","(0.162035, -0.94256, 0.292103)","(0.0567096, 0.556226, 0.829094)","(0.327733, -0.930124, 0.165712)","(-0.162253, -0.984429, -0.0676322)","(-0.320349, -0.923069, -0.212884)","(-0.265632, -0.877179, -0.399996)",0
59.1333,"(0.0508519, -0.0140643, 1.89054e-06)","(-0.171798, 0.985039, -0.0135583)","(-0.255258, -0.96471, -0.0646322)","(0.675243, -0.66935, 0.309867)","(0.303259, -0.932539, 0.195974)","(0.118808, 0.506979, 0.853731)","(0.390841, -0.909013, 0.144704)","(-0.153465, -0.98401, -0.0904038)","(-0.353025, -0.916339, -0.188937)","(-0.256499, -0.895301, -0.364203)",0
59.1667,"(0.0486444, -0.00965445, 8.77171e-06)","(-0.142617, 0.989541, 0.0216717)","(-0.315831, -0.942534, -0.108994)","(0.845434, -0.462869, 0.266445)","(0.382862, -0.907278, 0.173966)","(0.225343, 0.480299, 0.847664)","(0.480821, -0.864965, 0.14369)","(-0.142769, -0.982224, -0.12187)","(-0.412873, -0.889431, -0.196082)","(-0.250536, -0.910367, -0.329339)",0
59.2,"(0.0457164, -0.00461973, 1.3698e-05)","(-0.0963669, 0.993232, 0.0648383)","(-0.371682, -0.921621, -0.111656)","(0.935911, -0.30884, 0.169376)","(0.425281, -0.899188, 0.10294)","(0.400328, 0.50585, 0.764103)","(0.557966, -0.814859, 0.157094)","(-0.120341, -0.981354, -0.149874)","(-0.448617, -0.86328, -0.231281)","(-0.242385, -0.927259, -0.285377)",0
59.2333,"(0.0421498, 0.000644875, 1.74535e-05)","(-0.0490225, 0.993653, 0.101244)","(-0.442281, -0.896123, -0.0367488)","(0.981827, -0.185378, 0.0406203)","(0.437781, -0.893327, 0.101559)","(0.572608, 0.507704, 0.643705)","(0.660446, -0.726131, 0.191167)","(-0.0863993, -0.986136, -0.141671)","(-0.500482, -0.815095, -0.291783)","(-0.208783, -0.951145, -0.227449)",0
59.2667,"(0.0385139, 0.00526841, 2.07869e-05)","(-0.0142284, 0.992805, 0.118893)","(-0.520379, -0.850479, 0.0767492)","(0.994747, -0.0853489, -0.0565208)","(0.422709, -0.900184, 0.104815)","(0.715315, 0.459625, 0.526374)","(0.757256, -0.616461, 0.215727)","(-0.039982, -0.991801, -0.121378)","(-0.551541, -0.762017, -0.339312)","(-0.16539, -0.975036, -0.14816)",0
59.3,"(0.0350333, 0.00960002, 2.4078e-05)","(0.00473033, 0.991841, 0.127395)","(-0.585611, -0.797071, 0.147438)","(0.995679, -0.0359428, -0.0856205)","(0.401922, -0.896107, 0.188286)","(0.781088, 0.39229, 0.485809)","(0.829164, -0.505457, 0.238746)","(-0.000822266, -0.994954, -0.100328)","(-0.602411, -0.703867, -0.376393)","(-0.123181, -0.989172, -0.0797858)",0
59.3333,"(0.0325381, 0.0123494, 2.27602e-05)","(0.021685, 0.991396, 0.129085)","(-0.63765, -0.754093, 0.157309)","(0.995605, -0.0330599, -0.0876252)","(0.392065, -0.894965, 0.212892)","(0.799975, 0.358309, 0.481306)","(0.849342, -0.450338, 0.275341)","(0.0299807, -0.997424, -0.0651659)","(-0.628192, -0.663065, -0.407088)","(-0.110052, -0.993226, -0.0372993)",0
59.3667,"(0.0305114, 0.0141855, 2.10201e-05)","(0.0349085, 0.990536, 0.13274)","(-0.672722, -0.727265, 0.136126)","(0.993804, -0.0505172, -0.0989996)","(0.395076, -0.888583, 0.233098)","(0.791693, 0.348376, 0.501852)","(0.838311, -0.437088, 0.325867)","(0.0441777, -0.998568, -0.0301861)","(-0.64958, -0.629467, -0.426401)","(-0.109482, -0.993448, -0.0327929)",0
59.4,"(0.0305114, 0.0141855, 2.10201e-05)","(0.0521794, 0.989523, 0.134613)","(-0.708917, -0.695226, 0.118735)","(0.991456, -0.0486993, -0.121009)","(0.392957, -0.885343, 0.248502)","(0.795746, 0.341924, 0.499877)","(0.814744, -0.4586, 0.354792)","(0.0589641, -0.998249, -0.00471768)","(-0.692212, -0.575449, -0.435547)","(-0.117417, -0.991771, -0.0510298)",0
59.4333,"(0.0274997, 0.0143775, 1.57602e-05)","(0.0655366, 0.988853, 0.133697)","(-0.731952, -0.674914, 0.0934728)","(0.98786, -0.0539633, -0.145672)","(0.403436, -0.874876, 0.268012)","(0.787311, 0.344998, 0.510996)","(0.793571, -0.489347, 0.361642)","(0.0694347, -0.997585, -0.00169605)","(-0.735732, -0.523716, -0.429441)","(-0.132149, -0.987885, -0.0813594)",0
59.4667,"(0.0265624, 0.0110781, 1.45675e-05)","(0.0738707, 0.989859, 0.121332)","(-0.735262, -0.666786, 0.121599)","(0.988101, -0.0635133, -0.14008)","(0.467637, -0.800391, 0.375086)","(0.77959, 0.364872, 0.509026)","(0.759197, -0.541732, 0.360757)","(0.0704562, -0.997487, -0.00748414)","(-0.778297, -0.468713, -0.417807)","(-0.145988, -0.982009, -0.119774)",0
59.5,"(0.0258468, 0.00567727, 1.388e-05)","(0.0730671, 0.991715, 0.105652)","(-0.699733, -0.682547, 0.210956)","(0.985009, -0.13212, -0.110912)","(0.60003, -0.597998, 0.531378)","(0.740013, 0.41796, 0.526962)","(0.680726, -0.634073, 0.366829)","(0.0615089, -0.998061, -0.0095616)","(-0.786962, -0.421194, -0.450873)","(-0.158056, -0.974871, -0.156989)",0
59.5333,"(0.0255549, -0.000375509, 1.24756e-05)","(0.0611561, 0.993343, 0.0976169)","(-0.579276, -0.732771, 0.357051)","(0.952502, -0.302962, -0.0308924)","(0.685904, -0.251795, 0.682741)","(0.668418, 0.482132, 0.566362)","(0.549093, -0.756799, 0.354616)","(0.0454283, -0.998926, -0.00914996)","(-0.790433, -0.36272, -0.49361)","(-0.162394, -0.966143, -0.200491)",0
59.5667,"(0.0254667, -0.0070693, 8.42768e-06)","(0.0424782, 0.992578, 0.113946)","(-0.35331, -0.794536, 0.493847)","(0.815879, -0.565703, 0.119675)","(0.683679, 0.138645, 0.716492)","(0.564475, 0.552591, 0.613198)","(0.358481, -0.884926, 0.297316)","(0.0487704, -0.998785, -0.00705621)","(-0.764032, -0.428887, -0.481986)","(-0.162749, -0.958618, -0.233591)",0
59.6,"(0.0247482, -0.0139089, 4.17023e-06)","(0.0234839, 0.99226, 0.121937)","(-0.0582862, -0.843603, 0.533794)","(0.579414, -0.766578, 0.276835)","(0.620416, 0.406718, 0.67057)","(0.40954, 0.599795, 0.687404)","(0.171462, -0.953125, 0.249306)","(0.0460382, -0.998885, -0.0104807)","(-0.746798, -0.588383, -0.309997)","(-0.156779, -0.953857, -0.25608)",1
59.6333,"(0.0235075, -0.019055, 2.67806e-06)","(0.0191023, 0.994794, 0.100104)","(0.3197, -0.857759, 0.402544)","(0.396797, -0.813106, 0.425922)","(0.69481, 0.663908, 0.276525)","(0.222989, 0.598205, 0.769693)","(-0.00937895, -0.983531, 0.180495)","(0.0458277, -0.99863, -0.0252676)","(-0.65394, -0.746686, -0.121746)","(-0.133444, -0.956298, -0.260167)",0
59.6667,"(0.0210177, -0.0216227, 1.68714e-06)","(0.0249259, 0.998107, 0.0562317)","(0.612323, -0.752586, 0.242229)","(0.324482, -0.786976, 0.524766)","(0.806781, 0.56681, -0.166825)","(0.0525302, 0.54185, 0.838832)","(-0.148244, -0.981469, 0.121414)","(0.0375066, -0.998397, -0.0423982)","(-0.583262, -0.811551, -0.034502)","(-0.102565, -0.959219, -0.263399)",0
59.7,"(0.0176712, -0.0231086, 3.14075e-06)","(0.0432512, 0.998728, 0.0259383)","(0.789564, -0.603218, 0.112772)","(0.282152, -0.747889, 0.600876)","(0.807991, 0.325067, -0.491409)","(-0.0172853, 0.47712, 0.878668)","(-0.239394, -0.969776, 0.0471762)","(0.0451949, -0.997227, -0.0591253)","(-0.528413, -0.845134, -0.0807988)","(-0.0669211, -0.96237, -0.263374)",0
59.7333,"(0.0134263, -0.0225631, 7.48667e-06)","(0.052681, 0.998328, 0.0237768)","(0.848957, -0.510978, 0.134807)","(0.288195, -0.709858, 0.642686)","(0.900781, 0.124912, -0.415921)","(0.0426713, 0.458777, 0.887526)","(-0.27472, -0.961517, 0.00384381)","(0.065844, -0.995381, -0.0698725)","(-0.487228, -0.86587, -0.11348)","(-0.0514995, -0.963731, -0.261858)",0
59.7667,"(0.00903049, -0.0199043, 9.59202e-06)","(0.0646775, 0.997725, 0.0190344)","(0.893343, -0.432452, 0.122163)","(0.377099, -0.64221, 0.667355)","(0.905103, 0.0304803, -0.424099)","(0.185671, 0.396637, 0.899002)","(-0.26768, -0.963506, -0.00173263)","(0.095708, -0.992705, -0.0733249)","(-0.465079, -0.877368, -0.118014)","(-0.0461709, -0.972416, -0.228639)",0
59.8,"(0.00441507, -0.0167334, 7.97506e-06)","(0.0706339, 0.997465, 0.00857343)","(0.923747, -0.370432, 0.0973222)","(0.522868, -0.573769, 0.630395)","(0.857766, 0.0364692, -0.512745)","(0.323771, 0.361724, 0.874258)","(-0.254136, -0.967129, 0.00870861)","(0.12603, -0.989266, -0.0739486)","(-0.457759, -0.884117, -0.0937792)","(-0.0439718, -0.979455, -0.196809)",0
59.8333,"(0.000475609, -0.0132169, 5.87399e-06)","(0.0826912, 0.996557, -0.00600146)","(0.962152, -0.264114, 0.0671418)","(0.685998, -0.5083, 0.520613)","(0.749716, 0.230207, -0.620428)","(0.418886, 0.434635, 0.797262)","(-0.237855, -0.971259, 0.00901801)","(0.151821, -0.985342, -0.0777981)","(-0.46118, -0.883775, -0.0790871)","(-0.0316896, -0.984297, -0.173652)",0
59.8667,"(-0.00305716, -0.00941188, 2.00565e-06)","(0.0915464, 0.995745, -0.0105028)","(0.968533, -0.1696, 0.182151)","(0.820333, -0.4808, 0.309652)","(0.75047, 0.433676, -0.498718)","(0.54653, 0.558395, 0.624099)","(-0.234398, -0.972101, 0.00876691)","(0.164588, -0.984218, -0.0650076)","(-0.455337, -0.887472, -0.0711434)","(-0.0104605, -0.986132, -0.165634)",0
59.9,"(-0.00604901, -0.0064151, -1.40355e-06)","(0.0995884, 0.994961, -0.0115966)","(0.943021, -0.101816, 0.316773)","(0.985355, -0.135987, 0.102874)","(0.783233, 0.47766, -0.397978)","(0.629881, 0.643963, 0.434236)","(-0.228199, -0.97361, 0.00289506)","(0.169797, -0.98415, -0.05116)","(-0.45112, -0.887896, -0.0901735)","(0.0221634, -0.987189, -0.158008)",0
59.9333,"(-0.00837074, -0.00440493, -9.48692e-07)","(0.106199, 0.994272, -0.0120361)","(0.88856, -0.0734372, 0.452844)","(0.979548, 0.194345, -0.0521215)","(0.871191, 0.350171, -0.344103)","(0.723787, 0.593703, 0.351638)","(-0.222423, -0.974911, 0.00873053)","(0.169628, -0.985261, -0.0220581)","(-0.450474, -0.886668, -0.104365)","(0.0537785, -0.988508, -0.141277)",0
59.9667,"(-0.0101491, -0.00285987, 4.80702e-07)","(0.114114, 0.993259, -0.0203408)","(0.875779, -0.104567, 0.47125)","(0.870376, 0.486983, -0.0727545)","(0.844401, 0.264078, -0.466101)","(0.73772, 0.579718, 0.345971)","(-0.209471, -0.977746, 0.011606)","(0.173431, -0.984793, -0.0102527)","(-0.453746, -0.884291, -0.110195)","(0.0762315, -0.988244, -0.132524)",0
60,"(-0.0101491, -0.00285987, 4.80702e-07)","(0.122495, 0.992349, -0.0154433)","(0.880772, -0.110804, 0.460395)","(0.880246, 0.468787, -0.0735261)","(0.851858, 0.244186, -0.463368)","(0.735632, 0.54208, 0.406197)","(-0.213682, -0.976807, 0.0137104)","(0.189316, -0.981913, 0.002376)","(-0.440496, -0.891494, -0.105839)","(0.0712453, -0.989258, -0.127639)",0
60.0333,"(-0.0132327, -0.00449945, -2.09105e-06)","(0.128826, 0.991374, 0.0241174)","(0.873314, -0.168835, 0.456966)","(0.89741, 0.429911, 0.0991583)","(0.903121, 0.22234, -0.367339)","(0.687354, 0.507863, 0.519249)","(-0.223581, -0.974409, 0.0231992)","(0.216198, -0.976334, 0.00552011)","(-0.419408, -0.904362, -0.0789004)","(0.0487691, -0.990125, -0.131431)",0
60.0667,"(-0.0142871, -0.00833279, -3.46978e-06)","(0.129403, 0.989204, 0.068781)","(0.855716, -0.241919, 0.457411)","(0.876262, 0.300891, 0.376336)","(0.953766, 0.211622, -0.213418)","(0.6019, 0.396509, 0.693179)","(-0.238468, -0.970507, 0.0353444)","(0.243951, -0.969265, 0.0318415)","(-0.396615, -0.916945, -0.0436725)","(0.0168601, -0.99128, -0.130689)",0
60.1,"(-0.0150283, -0.0149303, -3.99058e-06)","(0.117362, 0.986398, 0.115084)","(0.787748, -0.358558, 0.500888)","(0.711536, 0.162572, 0.683584)","(0.961231, 0.266452, -0.0709803)","(0.398435, 0.286977, 0.871145)","(-0.238796, -0.96963, 0.0528694)","(0.253207, -0.963972, 0.0815063)","(-0.38714, -0.921872, -0.0165646)","(-0.00616174, -0.990296, -0.138836)",0
60.1333,"(-0.0155588, -0.0242685, -2.61725e-06)","(0.100406, 0.987276, 0.123312)","(0.678035, -0.501715, 0.53717)","(0.616609, 0.243854, 0.748551)","(0.916727, 0.399512, -0.000978267)","(-0.0890605, 0.547922, 0.831775)","(-0.231788, -0.971786, 0.0436537)","(0.246651, -0.959827, 0.133775)","(-0.386556, -0.921101, -0.0463424)","(-0.0110561, -0.987549, -0.156923)",0
60.1667,"(-0.0159287, -0.0330278, 2.20253e-06)","(0.0817588, 0.98857, 0.126666)","(0.487757, -0.633462, 0.600682)","(0.618698, 0.390682, 0.681601)","(0.820786, 0.517442, 0.242001)","(-0.805979, 0.526665, 0.270225)","(-0.220723, -0.975244, 0.0134455)","(0.238823, -0.961733, 0.134286)","(-0.391864, -0.913844, -0.106454)","(-0.00704274, -0.976712, -0.214439)",1
60.2,"(-0.0154934, -0.0410793, 9.92403e-06)","(0.0702598, 0.986091, 0.150623)","(0.234695, -0.643641, 0.728454)","(0.557403, 0.474027, 0.681616)","(0.533877, 0.51004, 0.674414)","(-0.906147, 0.414858, 0.0824029)","(-0.209604, -0.977755, -0.00785282)","(0.242544, -0.967227, 0.0751329)","(-0.388709, -0.907868, -0.1571)","(0.0117699, -0.954263, -0.298736)",0
60.2333,"(-0.0146284, -0.0481621, 1.01926e-05)","(0.0546028, 0.983962, 0.169816)","(-0.0180717, -0.603482, 0.797172)","(0.329166, 0.368973, 0.8692)","(0.0879115, 0.385843, 0.918366)","(-0.801588, 0.376447, 0.464482)","(-0.203644, -0.979031, 0.00515292)","(0.240167, -0.970711, 0.00634863)","(-0.371792, -0.906958, -0.197986)","(0.0211626, -0.916048, -0.400509)",0
60.2667,"(-0.0139116, -0.0536985, 6.61098e-06)","(0.0347685, 0.980832, 0.191728)","(-0.198137, -0.592414, 0.780889)","(-0.122876, 0.160931, 0.979287)","(-0.129493, 0.336805, 0.932627)","(-0.66031, 0.448511, 0.602352)","(-0.198011, -0.977784, 0.0687705)","(0.228163, -0.970878, 0.0730571)","(-0.326509, -0.911287, -0.250896)","(0.0275456, -0.876747, -0.480162)",0
60.3,"(-0.0130689, -0.0560231, 4.92327e-06)","(0.0114817, 0.982912, 0.183718)","(-0.308051, -0.571364, 0.760689)","(-0.472384, 0.0316955, 0.880823)","(-0.0891041, 0.497785, 0.862711)","(-0.578799, 0.609452, 0.541812)","(-0.202916, -0.966013, 0.160138)","(0.203803, -0.962072, 0.181335)","(-0.241843, -0.907645, -0.343064)","(0.0209645, -0.845778, -0.533123)",0
60.3333,"(-0.0130689, -0.0560231, 4.92327e-06)","(-0.00502451, 0.982822, 0.184489)","(-0.446588, -0.487041, 0.750567)","(-0.678554, 0.000870079, 0.73455)","(0.0394166, 0.565442, 0.823845)","(-0.476169, 0.725372, 0.497091)","(-0.208151, -0.951477, 0.226637)","(0.177036, -0.953361, 0.244461)","(-0.145541, -0.881, -0.450174)","(0.0249807, -0.809352, -0.586792)",0
60.3667,"(-0.0130689, -0.0560231, 4.92327e-06)","(-0.0162084, 0.981985, 0.188263)","(-0.61447, -0.318458, 0.721811)","(-0.796025, 0.0306917, 0.604485)","(0.157349, 0.608651, 0.77768)","(-0.354557, 0.816634, 0.45541)","(-0.218826, -0.956975, 0.190561)","(0.149945, -0.977101, 0.150964)","(-0.0695124, -0.851202, -0.520215)","(0.0554874, -0.777234, -0.626761)",0
60.4,"(-0.013708, -0.052197, 3.30808e-06)","(-0.0238334, 0.983252, 0.180684)","(-0.750226, -0.264599, 0.605927)","(-0.879151, 0.0352498, 0.475238)","(0.236346, 0.60084, 0.763631)","(-0.253745, 0.873402, 0.41567)","(-0.221079, -0.964963, 0.141315)","(0.114304, -0.992315, 0.0473981)","(-0.0208586, -0.855735, -0.516994)","(0.129575, -0.750338, -0.648231)",0
60.4333,"(-0.0158858, -0.0447899, 8.61491e-06)","(-0.0277042, 0.985343, 0.168318)","(-0.812841, -0.263788, 0.519331)","(-0.912209, 0.00707507, 0.409664)","(0.282705, 0.602819, 0.746115)","(-0.188064, 0.946059, 0.263826)","(-0.207019, -0.973493, 0.097235)","(0.0826262, -0.996511, -0.0117615)","(0.00814744, -0.891667, -0.452619)","(0.225676, -0.761233, -0.607943)",0
60.4667,"(-0.0190393, -0.0360675, 8.26935e-06)","(-0.0184236, 0.98971, 0.141898)","(-0.805313, -0.30555, 0.508045)","(-0.949163, -0.0408468, 0.312123)","(0.272378, 0.60737, 0.746265)","(-0.17313, 0.984899, 0.000245457)","(-0.177853, -0.980875, 0.0790741)","(0.0687875, -0.997271, -0.0268238)","(0.0212393, -0.926792, -0.374973)","(0.310928, -0.792791, -0.52422)",0
60.5,"(-0.0229096, -0.0264976, 6.98441e-06)","(-0.00344072, 0.992939, 0.118573)","(-0.766224, -0.388964, 0.511476)","(-0.965184, -0.121367, 0.231709)","(0.269009, 0.590161, 0.761146)","(-0.178516, 0.970972, -0.159203)","(-0.135335, -0.990204, 0.0343688)","(0.0701158, -0.996751, -0.0396427)","(0.00896811, -0.945762, -0.324737)","(0.359432, -0.825296, -0.43554)",0
60.5333,"(-0.0264724, -0.0185752, 5.88871e-06)","(0.0167091, 0.99529, 0.0954911)","(-0.714736, -0.46885, 0.518973)","(-0.964417, -0.220117, 0.146451)","(0.257024, 0.573332, 0.777965)","(-0.189722, 0.972483, -0.135212)","(-0.095415, -0.995392, -0.00949101)","(0.0783796, -0.995788, -0.0475732)","(-0.000263559, -0.955424, -0.295237)","(0.389602, -0.838714, -0.380487)",0
60.5667,"(-0.0291855, -0.0131209, 6.41453e-06)","(0.0309974, 0.996919, 0.0720489)","(-0.666842, -0.526244, 0.527626)","(-0.934946, -0.317241, 0.158851)","(0.267684, 0.553555, 0.788621)","(-0.192729, 0.980795, 0.0299524)","(-0.0725584, -0.99735, -0.00538488)","(0.0638781, -0.996657, -0.0509434)","(0.00575049, -0.963299, -0.268371)","(0.42066, -0.826826, -0.373368)",0
60.6,"(-0.0310405, -0.0101352, 5.34314e-06)","(0.0432275, 0.997622, 0.0536829)","(-0.64847, -0.49857, 0.575251)","(-0.91084, -0.354405, 0.211583)","(0.283946, 0.562642, 0.776407)","(-0.197726, 0.977483, 0.0736961)","(-0.062839, -0.998022, -0.00200083)","(0.0283439, -0.998406, -0.048808)","(0.0172186, -0.9724, -0.232685)","(0.459004, -0.796481, -0.393616)",0
60.6333,"(-0.0310405, -0.0101352, 5.34314e-06)","(0.0416925, 0.998202, 0.0430567)","(-0.621896, -0.381644, 0.683808)","(-0.899271, -0.243591, 0.363284)","(0.320546, 0.598784, 0.733967)","(-0.226873, 0.957898, 0.175953)","(-0.0640053, -0.997906, 0.00937397)","(-0.00948113, -0.998059, -0.0615447)","(0.0157114, -0.98242, -0.18602)","(0.476156, -0.756822, -0.447767)",0
60.6667,"(-0.032102, -0.0132094, 4.43901e-06)","(0.0415647, 0.995776, 0.0818698)","(-0.57944, -0.168942, 0.797313)","(-0.81506, -0.0492452, 0.57728)","(0.342829, 0.61186, 0.712808)","(-0.281682, 0.914262, 0.291169)","(-0.0624234, -0.996916, 0.0475571)","(-0.0316171, -0.996441, -0.0781406)","(0.00239533, -0.984885, -0.173191)","(0.446433, -0.694942, -0.563696)",0
60.7,"(-0.0319124, -0.0161401, 1.93841e-06)","(0.0422174, 0.990375, 0.131817)","(-0.497217, 0.0759279, 0.864298)","(-0.648974, 0.18497, 0.737983)","(0.332352, 0.64504, 0.688088)","(-0.34604, 0.852479, 0.391836)","(-0.0665679, -0.994342, 0.0827791)","(-0.0530991, -0.997204, -0.0525859)","(-0.00852042, -0.978723, -0.205009)","(0.372817, -0.626092, -0.684847)",0
60.7333,"(-0.0315912, -0.0194104, -4.81191e-06)","(0.0481405, 0.983849, 0.172406)","(-0.408734, 0.36333, 0.837214)","(-0.506126, 0.369893, 0.779112)","(0.275326, 0.715893, 0.641633)","(-0.392124, 0.849601, 0.352729)","(-0.0741536, -0.991273, 0.108989)","(-0.0812475, -0.99659, -0.0143686)","(-0.0107228, -0.965431, -0.26044)","(0.286713, -0.579424, -0.762931)",0
60.7667,"(-0.0307535, -0.0222988, -8.16458e-06)","(0.0460409, 0.983687, 0.173897)","(-0.275201, 0.552436, 0.786816)","(-0.436098, 0.490196, 0.75467)","(0.19241, 0.812538, 0.550236)","(-0.416507, 0.862304, 0.288018)","(-0.081058, -0.991673, 0.100076)","(-0.110587, -0.993856, 0.00463545)","(-0.0096255, -0.955129, -0.296035)","(0.21184, -0.590044, -0.779084)",0
60.8,"(-0.0284875, -0.0227477, -8.62323e-06)","(0.0334147, 0.98413, 0.174275)","(-0.106137, 0.60347, 0.79029)","(-0.401969, 0.530038, 0.746646)","(0.122765, 0.840735, 0.527345)","(-0.405939, 0.865678, 0.292943)","(-0.0828567, -0.992869, 0.0857045)","(-0.122176, -0.991361, -0.0477205)","(-0.0112698, -0.953701, -0.300546)","(0.142726, -0.631849, -0.761837)",0
60.8333,"(-0.0255505, -0.0217072, -7.35044e-06)","(0.0138225, 0.980704, 0.195008)","(0.0126352, 0.484208, 0.874862)","(-0.363628, 0.451899, 0.814593)","(0.114557, 0.792557, 0.59894)","(-0.368791, 0.82089, 0.436042)","(-0.0865525, -0.994164, 0.0643881)","(-0.124715, -0.988746, -0.0826231)","(-0.0413881, -0.960558, -0.274981)","(0.065316, -0.696067, -0.715)",0
60.8667,"(-0.0221296, -0.0192751, -5.83965e-06)","(-0.00854575, 0.978776, 0.204755)","(0.0836613, 0.335088, 0.938465)","(-0.316909, 0.307506, 0.897223)","(0.120861, 0.556461, 0.822036)","(-0.337891, 0.653944, 0.676895)","(-0.0902528, -0.994398, 0.0550245)","(-0.119844, -0.989404, -0.0819559)","(-0.0737147, -0.968243, -0.238899)","(-0.00582116, -0.782385, -0.622768)",0
60.9,"(-0.0184105, -0.0152438, -2.28558e-06)","(-0.0278114, 0.982005, 0.186794)","(0.0961325, 0.219511, 0.970862)","(-0.244243, 0.150037, 0.958037)","(0.137709, 0.254369, 0.957253)","(-0.295429, 0.388955, 0.872603)","(-0.0850492, -0.995209, 0.0482356)","(-0.117992, -0.991869, -0.0476831)","(-0.106544, -0.969568, -0.220423)","(-0.0768031, -0.874787, -0.478381)",0
60.9333,"(-0.0149921, -0.0103114, -1.12366e-06)","(-0.0391292, 0.988223, 0.147936)","(0.103916, 0.123662, 0.986868)","(-0.188616, 0.0127082, 0.981969)","(0.121764, -0.00947243, 0.992514)","(-0.290238, 0.151054, 0.944957)","(-0.0694106, -0.996278, 0.0511101)","(-0.121819, -0.992307, -0.022058)","(-0.0994673, -0.970054, -0.221588)","(-0.112561, -0.934265, -0.338348)",0
60.9667,"(-0.0130074, -0.00568517, -2.70288e-06)","(-0.043864, 0.992568, 0.113512)","(0.0783578, 0.000642362, 0.996925)","(-0.14045, -0.0858822, 0.986356)","(0.152861, -0.0929247, 0.983869)","(-0.326557, 0.00865431, 0.945138)","(-0.0427511, -0.997888, 0.0489028)","(-0.130506, -0.991436, 0.00480943)","(-0.0768244, -0.969135, -0.234254)","(-0.126398, -0.954804, -0.269023)",0
61,"(-0.0116269, -0.0013184, -4.93242e-06)","(-0.0413624, 0.994467, 0.0965608)","(0.0509506, -0.0974248, 0.993938)","(-0.127458, -0.169443, 0.977263)","(0.173126, -0.0997239, 0.979838)","(-0.368952, -0.04929, 0.92814)","(-0.00687194, -0.998189, 0.0597566)","(-0.134876, -0.990411, 0.0299115)","(-0.0420408, -0.968587, -0.245096)","(-0.120267, -0.955445, -0.269557)",0
61.0333,"(-0.0105434, 0.00222033, -5.39497e-06)","(-0.0365456, 0.995562, 0.0867237)","(0.0242372, -0.159131, 0.98696)","(-0.117294, -0.217507, 0.968986)","(0.190608, -0.104845, 0.976051)","(-0.401715, -0.0815197, 0.912129)","(0.041513, -0.995481, 0.0854003)","(-0.134053, -0.989238, 0.0586286)","(-0.00791368, -0.967771, -0.251706)","(-0.109914, -0.946784, -0.302522)",0
61.0667,"(-0.00939807, 0.00424222, -5.89248e-06)","(-0.0295425, 0.996515, 0.0780015)","(0.0482709, -0.175326, 0.983326)","(-0.115412, -0.249795, 0.961396)","(0.196862, -0.0724394, 0.977751)","(-0.418594, -0.0591008, 0.906248)","(0.0929495, -0.986803, 0.132588)","(-0.130753, -0.988884, 0.0708023)","(0.0394375, -0.973612, -0.224778)","(-0.099023, -0.914114, -0.39318)",0
61.1,"(-0.00939807, 0.00424222, -5.89248e-06)","(-0.0232627, 0.997932, 0.0599179)","(0.0832685, -0.151384, 0.984962)","(-0.117635, -0.233635, 0.965182)","(0.213638, -0.0241111, 0.976615)","(-0.403915, 0.00574971, 0.914778)","(0.128904, -0.969435, 0.208757)","(-0.136819, -0.987838, 0.0738647)","(0.0828063, -0.981424, -0.173063)","(-0.112775, -0.903946, -0.412509)",0
61.1333,"(-0.00698044, 0.00481886, -3.92944e-06)","(-0.0192431, 0.998583, 0.0496245)","(0.121312, -0.133418, 0.983607)","(-0.131242, -0.206101, 0.969689)","(0.235662, 0.0468657, 0.970704)","(-0.336809, 0.189356, 0.922336)","(0.137065, -0.957075, 0.255384)","(-0.143803, -0.986883, 0.073371)","(0.118803, -0.982435, -0.143903)","(-0.122736, -0.894053, -0.430819)",0
61.1667,"(-0.00525091, 0.00136884, -2.02633e-06)","(-0.0161646, 0.998845, 0.04525)","(0.147109, -0.111494, 0.982816)","(-0.0999448, -0.164563, 0.98129)","(0.231091, 0.224681, 0.946634)","(-0.264352, 0.393064, 0.880692)","(0.135428, -0.95245, 0.272944)","(-0.151418, -0.985655, 0.0745425)","(0.131279, -0.979545, -0.152506)","(-0.125956, -0.908526, -0.39839)",0
61.2,"(-0.00352116, -0.00298645, -7.53924e-06)","(-0.015305, 0.999452, 0.0293566)","(0.120712, -0.0858764, 0.988966)","(0.0386643, -0.0510463, 0.997948)","(0.24507, 0.485264, 0.839321)","(-0.257497, 0.645141, 0.719366)","(0.137783, -0.957098, 0.254909)","(-0.155088, -0.986582, 0.0510323)","(0.125634, -0.977899, -0.167121)","(-0.103292, -0.903053, -0.416924)",0
61.2333,"(-0.00185175, -0.00861455, -9.73176e-06)","(-0.0118549, 0.999925, -0.00295526)","(-0.297367, 0.21431, 0.9304)","(0.42649, 0.23363, 0.873798)","(0.31154, 0.849701, 0.425384)","(-0.348689, 0.847398, 0.400416)","(0.150465, -0.967001, 0.205596)","(-0.156734, -0.987436, 0.0201422)","(0.120201, -0.984184, -0.130127)","(-0.09253, -0.859655, -0.502425)",1
61.2667,"(-0.000163805, -0.0154027, -6.58003e-06)","(-0.00883526, 0.999929, -0.0079954)","(-0.75288, 0.423714, 0.503625)","(0.721102, 0.413015, 0.556265)","(0.442535, 0.896074, 0.0348457)","(-0.418966, 0.893102, 0.163821)","(0.166788, -0.974813, 0.148057)","(-0.15854, -0.987149, -0.0200647)","(0.116791, -0.987678, -0.10417)","(-0.098872, -0.7963, -0.596767)",0
61.3,"(0.00137308, -0.0212512, -2.62717e-06)","(-0.00682255, 0.997068, 0.0762151)","(-0.88204, 0.434679, 0.181821)","(0.849404, 0.416835, 0.32367)","(0.638659, 0.768048, -0.047082)","(-0.537059, 0.801343, 0.263472)","(0.186317, -0.978485, 0.0886176)","(-0.173186, -0.98343, -0.0535977)","(0.131489, -0.984229, -0.118338)","(-0.102247, -0.697915, -0.708844)",0
61.3333,"(0.00248148, -0.0244229, 3.11807e-06)","(-0.0068775, 0.982552, 0.185862)","(-0.870379, 0.261206, 0.417387)","(0.867732, 0.21046, 0.450275)","(0.786039, 0.473677, 0.397206)","(-0.566612, 0.517441, 0.641253)","(0.203929, -0.975988, 0.0765478)","(-0.194744, -0.97579, -0.0995468)","(0.14031, -0.971142, -0.192862)","(-0.108697, -0.65514, -0.747647)",0
61.3667,"(0.00323856, -0.0269035, 7.0516e-06)","(-0.00302767, 0.961497, 0.2748)","(-0.837089, 0.0601741, 0.543748)","(0.836631, -0.0238181, 0.547248)","(0.698758, 0.089789, 0.709701)","(-0.461625, 0.201766, 0.863825)","(0.212035, -0.972036, 0.10093)","(-0.218902, -0.966151, -0.136509)","(0.140831, -0.952162, -0.271208)","(-0.104537, -0.633428, -0.766708)",0
61.4,"(0.00323856, -0.0269035, 7.0516e-06)","(0.00413286, 0.964601, 0.26368)","(-0.882752, -0.183521, 0.432515)","(0.818221, -0.28916, 0.496891)","(0.533586, -0.255188, 0.806328)","(-0.311294, -0.0389654, 0.949514)","(0.209392, -0.971809, 0.108362)","(-0.224206, -0.96267, -0.15165)","(0.135264, -0.944702, -0.298734)","(-0.106638, -0.65118, -0.751394)",0
61.4333,"(0.00323856, -0.0269035, 7.0516e-06)","(0.0117172, 0.978549, 0.205679)","(-0.900118, -0.414796, 0.133164)","(0.818719, -0.522206, 0.238748)","(0.503055, -0.53403, 0.67952)","(-0.23653, -0.306346, 0.922066)","(0.208847, -0.97114, 0.115196)","(-0.204259, -0.967511, -0.148996)","(0.139133, -0.949058, -0.28272)","(-0.103862, -0.589991, -0.800702)",0
61.4667,"(0.00323856, -0.0269035, 7.0516e-06)","(0.0163437, 0.990149, 0.139064)","(-0.815271, -0.55062, -0.179308)","(0.733776, -0.673119, -0.0921074)","(0.486394, -0.750302, 0.447736)","(-0.215468, -0.655447, 0.723852)","(0.19981, -0.976673, 0.0786513)","(-0.153822, -0.980603, -0.121479)","(0.157833, -0.957016, -0.243328)","(-0.0586632, -0.387544, -0.919983)",0
61.5,"(0.00326754, -0.0243335, -2.7538e-05)","(0.0246927, 0.993797, 0.108431)","(-0.6813, -0.669077, -0.29693)","(0.537586, -0.797096, -0.275024)","(0.441201, -0.856191, 0.268847)","(-0.148577, -0.878971, 0.453139)","(0.181275, -0.982096, 0.0512495)","(-0.0974553, -0.99244, -0.0746068)","(0.187128, -0.954076, -0.233928)","(0.0194711, -0.127026, -0.991708)",0
61.5333,"(0.00326754, -0.0243335, -2.7538e-05)","(0.0332401, 0.993464, 0.109199)","(-0.561341, -0.773388, -0.294564)","(0.297842, -0.911692, -0.283032)","(0.36984, -0.898756, 0.235491)","(-0.0564508, -0.958578, 0.279179)","(0.150627, -0.988554, 0.00852018)","(-0.0560426, -0.998402, -0.00726956)","(0.221374, -0.940171, -0.258984)","(0.0841117, 0.0685412, -0.994096)",0
61.5667,"(0.00380628, -0.0221414, -2.67492e-05)","(0.0388846, 0.991415, 0.124837)","(-0.437134, -0.852049, -0.287969)","(0.0676686, -0.964909, -0.253717)","(0.328473, -0.923396, 0.198611)","(-0.0060362, -0.974737, 0.223273)","(0.11918, -0.992469, -0.0283008)","(-0.0315363, -0.998645, 0.041403)","(0.255382, -0.914447, -0.313952)","(0.0843256, 0.119738, -0.989218)",0
61.6,"(0.00380628, -0.0221414, -2.67492e-05)","(0.0375273, 0.988491, 0.146551)","(-0.335175, -0.886797, -0.318198)","(-0.110979, -0.954965, -0.275182)","(0.367274, -0.929433, 0.0355367)","(-0.083902, -0.984564, 0.153602)","(0.0963775, -0.9932, -0.0653038)","(-0.021586, -0.996765, 0.0774243)","(0.271259, -0.887616, -0.372231)","(0.0514784, 0.124676, -0.990861)",0
61.6333,"(0.00587435, -0.0198757, -2.71088e-05)","(0.0312895, 0.984205, 0.174244)","(-0.247014, -0.892027, -0.378512)","(-0.201511, -0.928056, -0.313216)","(0.412512, -0.888722, -0.200018)","(-0.177396, -0.981004, 0.0784916)","(0.0809822, -0.993217, -0.0834411)","(-0.022792, -0.995549, 0.0914423)","(0.266786, -0.869311, -0.416081)","(0.0215441, 0.0907012, -0.995645)",0
61.6667,"(0.00726019, -0.0177545, -3.00975e-05)","(0.0208196, 0.980718, 0.194314)","(-0.169675, -0.886109, -0.431301)","(-0.25688, -0.906321, -0.335551)","(0.427707, -0.8316, -0.354271)","(-0.235536, -0.9707, 0.047595)","(0.0784996, -0.993558, -0.0817361)","(-0.0394083, -0.993745, 0.10449)","(0.242615, -0.86964, -0.429959)","(0.0153952, -0.039409, -0.999105)",0
61.7,"(0.00860386, -0.0153283, -3.09597e-05)","(0.0120212, 0.979465, 0.201255)","(-0.102062, -0.873246, -0.476471)","(-0.25105, -0.900937, -0.353958)","(0.386201, -0.826648, -0.40927)","(-0.222047, -0.972793, 0.0661037)","(0.0771649, -0.994634, -0.0689144)","(-0.0519232, -0.992774, 0.108187)","(0.217258, -0.873951, -0.434751)","(0.0157579, -0.275158, -0.96127)",0
61.7333,"(0.00860386, -0.0153283, -3.09597e-05)","(0.0087185, 0.982465, 0.186245)","(-0.0605372, -0.88972, -0.452475)","(-0.208806, -0.917806, -0.337687)","(0.357551, -0.922046, -0.148288)","(-0.149406, -0.979597, 0.134418)","(0.081414, -0.994935, -0.058965)","(-0.0530093, -0.99318, 0.103846)","(0.185407, -0.881475, -0.434311)","(0.00844932, -0.558043, -0.829769)",0
61.7667,"(0.00860386, -0.0153283, -3.09597e-05)","(0.0134252, 0.98795, 0.154193)","(-0.0439406, -0.920853, -0.387427)","(-0.136267, -0.951023, -0.277466)","(0.277835, -0.934556, 0.222291)","(-0.0201605, -0.943592, 0.330497)","(0.0873408, -0.994649, -0.0551746)","(-0.0305036, -0.982319, 0.184711)","(0.153974, -0.876507, -0.4561)","(-0.0114543, -0.783375, -0.621444)",0
61.8,"(0.0106202, -0.0191229, -2.58154e-05)","(0.0184063, 0.99275, 0.118784)","(-0.0485715, -0.975871, -0.212877)","(-0.0461154, -0.989768, -0.135025)","(0.20586, -0.766048, 0.608926)","(0.152781, -0.78058, 0.606096)","(0.0933589, -0.993059, -0.0715381)","(-0.0089907, -0.971945, 0.235038)","(0.123832, -0.863719, -0.488523)","(-0.0141686, -0.866715, -0.498602)",0
61.8333,"(0.0112113, -0.0265828, -2.18614e-05)","(0.0231003, 0.994931, 0.0978691)","(-0.0694954, -0.99142, -0.11071)","(0.0472644, -0.995442, 0.0828322)","(0.116619, -0.710819, 0.69364)","(0.265641, -0.479009, 0.836651)","(0.0961893, -0.991824, -0.0838669)","(0.00331226, -0.958083, 0.28647)","(0.111672, -0.840398, -0.53034)","(-0.00207606, -0.891944, -0.452141)",0
61.8667,"(0.0121797, -0.035231, -1.99884e-05)","(0.0233058, 0.995715, 0.089489)","(-0.102788, -0.992868, -0.0603879)","(0.160358, -0.933619, 0.320376)","(-0.0019155, -0.741408, 0.671052)","(0.341797, -0.186145, 0.921154)","(0.0941482, -0.99075, -0.0977262)","(-0.00445917, -0.967207, 0.253951)","(0.100833, -0.80269, -0.587811)","(0.0191378, -0.883255, -0.468502)",0
61.9,"(0.0139924, -0.0430242, -1.83474e-05)","(0.0231535, 0.995556, 0.0912828)","(-0.129529, -0.98558, -0.108879)","(0.326106, -0.794715, 0.511941)","(-0.171627, -0.842183, 0.511148)","(0.332196, 0.077989, 0.939981)","(0.0894033, -0.992584, -0.0823633)","(-0.00995887, -0.96962, 0.244414)","(0.0972238, -0.742319, -0.662955)","(0.00836191, -0.866115, -0.499775)",0
61.9333,"(0.0163329, -0.0478547, -1.42524e-05)","(0.0197123, 0.995085, 0.0970473)","(-0.14198, -0.980225, -0.137844)","(0.511267, -0.626788, 0.587999)","(-0.297465, -0.874112, 0.383983)","(0.272268, 0.313021, 0.909884)","(0.086604, -0.994511, -0.0587107)","(-0.0137072, -0.973992, 0.226166)","(0.089984, -0.676686, -0.730752)","(-0.0172688, -0.855833, -0.516963)",0
61.9667,"(0.019332, -0.0493636, -9.22901e-06)","(0.0170565, 0.995391, 0.0943704)","(-0.120049, -0.975461, -0.184564)","(0.670445, -0.43998, 0.597429)","(-0.39485, -0.874715, 0.28101)","(0.141117, 0.497493, 0.855913)","(0.0859481, -0.991762, 0.094984)","(-0.0179258, -0.984491, 0.174519)","(0.0929802, -0.657881, -0.74736)","(-0.0458777, -0.835021, -0.548302)",0
62,"(0.0226555, -0.0466393, -7.12506e-06)","(0.0114822, 0.996729, 0.079999)","(-0.0936426, -0.974003, -0.206277)","(0.744654, -0.292454, 0.599967)","(-0.480009, -0.833791, 0.272735)","(0.0305672, 0.59411, 0.803803)","(0.069183, -0.964088, 0.256414)","(-0.0265751, -0.991999, 0.123418)","(0.111315, -0.68388, -0.721053)","(-0.0610764, -0.828746, -0.556282)",0
62.0333,"(0.0264329, -0.0411086, -9.11901e-06)","(-0.00257462, 0.998887, 0.0470894)","(-0.0722593, -0.973649, -0.216301)","(0.765814, -0.177353, 0.618122)","(-0.57542, -0.766163, 0.286157)","(-0.0754863, 0.622896, 0.778654)","(0.0493953, -0.94258, 0.330307)","(-0.0440917, -0.995829, 0.0798841)","(0.123556, -0.758596, -0.639739)","(-0.0565673, -0.838337, -0.542209)",0
62.0667,"(0.0300413, -0.0343319, -1.03217e-05)","(-0.0295026, 0.999556, -0.00406463)","(-0.062284, -0.982598, -0.174993)","(0.710803, -0.149703, 0.687275)","(-0.663744, -0.663386, 0.34549)","(-0.126425, 0.632906, 0.763836)","(0.0305408, -0.969373, 0.243685)","(-0.0746086, -0.995586, 0.0569342)","(0.126448, -0.843311, -0.522339)","(-0.0487044, -0.876282, -0.47933)",0
62.1,"(0.0330586, -0.0277839, -1.648e-05)","(-0.0602619, 0.996778, -0.0529248)","(-0.0600978, -0.992341, -0.107927)","(0.601381, -0.180613, 0.77828)","(-0.710528, -0.555397, 0.432069)","(-0.14642, 0.640462, 0.753903)","(0.0381943, -0.99172, 0.122609)","(-0.102619, -0.994013, 0.0375218)","(0.100403, -0.914745, -0.391358)","(-0.0424776, -0.913394, -0.404855)",0
62.1333,"(0.0354077, -0.021897, -2.56166e-05)","(-0.0843916, 0.993148, -0.0808375)","(-0.076707, -0.990318, -0.1157)","(0.473467, -0.255819, 0.842844)","(-0.789168, -0.442722, 0.42569)","(-0.109225, 0.646808, 0.754791)","(0.0545674, -0.99636, 0.0654925)","(-0.116967, -0.992946, 0.0194161)","(0.072154, -0.951196, -0.300033)","(-0.0517407, -0.932813, -0.356626)",0
62.1667,"(0.0369342, -0.0176692, -3.41472e-05)","(-0.0961639, 0.991925, -0.0826826)","(-0.106546, -0.984108, -0.142051)","(0.374764, -0.318355, 0.870748)","(-0.848637, -0.318775, 0.422135)","(-0.0502032, 0.625374, 0.778709)","(0.0733111, -0.996288, 0.0451202)","(-0.114141, -0.993464, -0.00129544)","(0.0423238, -0.965279, -0.25777)","(-0.0620026, -0.941634, -0.330879)",0
62.2,"(0.0374487, -0.0154284, -3.93508e-05)","(-0.0990626, 0.991452, -0.0849062)","(-0.146677, -0.96778, -0.204667)","(0.311525, -0.381374, 0.870348)","(-0.907402, -0.182343, 0.378646)","(-0.00681836, 0.609946, 0.792414)","(0.0853395, -0.995783, 0.0336756)","(-0.106454, -0.994163, -0.017521)","(0.0219563, -0.969523, -0.244013)","(-0.0673447, -0.947939, -0.31125)",0
62.2333,"(0.0374487, -0.0154284, -3.93508e-05)","(-0.0973013, 0.99018, -0.100375)","(-0.176204, -0.96606, -0.188894)","(0.246279, -0.458719, 0.85377)","(-0.905134, -0.0370372, 0.42351)","(0.0296216, 0.616359, 0.786908)","(0.0902667, -0.995535, 0.0275877)","(-0.101218, -0.994438, -0.0291347)","(0.0100782, -0.967988, -0.250793)","(-0.0689229, -0.952603, -0.296306)",0
62.2667,"(0.0374487, -0.0154284, -3.93508e-05)","(-0.0926567, 0.989104, -0.114403)","(-0.210278, -0.961712, -0.175767)","(0.204984, -0.552884, 0.807651)","(-0.892997, 0.154624, 0.422669)","(0.0404376, 0.646271, 0.762036)","(0.0942726, -0.995246, 0.0244624)","(-0.0985254, -0.994855, -0.0235894)","(0.00817301, -0.96347, -0.267691)","(-0.0698237, -0.948369, -0.309389)",0
62.3,"(0.0374487, -0.0154284, -3.93508e-05)","(-0.0881303, 0.989302, -0.116249)","(-0.249365, -0.965546, -0.0744258)","(0.179987, -0.643994, 0.743557)","(-0.775532, 0.310257, 0.54981)","(0.0498655, 0.6478, 0.760177)","(0.0944671, -0.995204, 0.0253859)","(-0.0968664, -0.995154, -0.0168762)","(0.00971975, -0.956793, -0.290608)","(-0.0698376, -0.937138, -0.341898)",0
62.3333,"(0.0367624, -0.0184775, -3.99596e-05)","(-0.0817332, 0.991642, -0.0998296)","(-0.298605, -0.947991, 0.110217)","(0.165572, -0.725372, 0.668148)","(-0.597173, 0.424218, 0.680752)","(0.0562806, 0.610515, 0.790003)","(0.0946292, -0.995172, 0.0260389)","(-0.0856058, -0.996328, 0.00147437)","(0.0220678, -0.947686, -0.318441)","(-0.0802672, -0.907819, -0.411608)",0
62.3667,"(0.0363563, -0.0220045, -3.22471e-05)","(-0.0774587, 0.993943, -0.0779602)","(-0.354784, -0.874114, 0.331743)","(0.154537, -0.786258, 0.598261)","(-0.349483, 0.466327, 0.812651)","(0.0906134, 0.556016, 0.826218)","(0.0947276, -0.995148, 0.0265881)","(-0.0724476, -0.997055, 0.0251534)","(0.0457069, -0.928719, -0.367957)","(-0.0819138, -0.867021, -0.491492)",0
62.4,"(0.035259, -0.025303, -2.4568e-05)","(-0.0705064, 0.996726, -0.0395735)","(-0.399864, -0.775519, 0.488548)","(0.136529, -0.839403, 0.526082)","(-0.175582, 0.525695, 0.832355)","(0.158122, 0.500952, 0.850908)","(0.0926637, -0.995234, 0.0303809)","(-0.0544017, -0.997136, 0.0525378)","(0.0831571, -0.903016, -0.421481)","(-0.0820831, -0.806686, -0.585252)",0
62.4333,"(0.0332327, -0.0276152, -1.78559e-05)","(-0.0559587, 0.998386, -0.00970265)","(-0.462711, -0.677192, 0.57211)","(0.113514, -0.877893, 0.465208)","(-0.0172582, 0.5597, 0.828516)","(0.268338, 0.445733, 0.854001)","(0.093714, -0.995014, 0.0341356)","(-0.0444338, -0.996693, 0.0680276)","(0.118322, -0.879549, -0.460861)","(-0.0514286, -0.772525, -0.632898)",0
62.4667,"(0.0308147, -0.0292743, -1.07944e-05)","(-0.0269755, 0.999583, 0.0103181)","(-0.535996, -0.576811, 0.616439)","(0.0849368, -0.921974, 0.377822)","(0.102566, 0.571087, 0.814457)","(0.380455, 0.380202, 0.843031)","(0.106604, -0.993834, 0.0304855)","(-0.0376046, -0.99643, 0.075588)","(0.146516, -0.865511, -0.478982)","(-0.0143979, -0.743427, -0.668662)",0
62.5,"(0.0280456, -0.0301489, -6.02774e-06)","(0.00426177, 0.999902, 0.0133036)","(-0.571564, -0.483202, 0.663198)","(0.0627426, -0.954458, 0.291674)","(0.17301, 0.558525, 0.811244)","(0.470497, 0.317266, 0.823393)","(0.12337, -0.992077, 0.0237308)","(-0.0381347, -0.996361, 0.0762206)","(0.158821, -0.861837, -0.481677)","(0.0286995, -0.730099, -0.682738)",0
62.5333,"(0.0250625, -0.0290826, -2.199e-06)","(0.0330697, 0.999338, 0.0151884)","(-0.560241, -0.423131, 0.712103)","(0.0529144, -0.973541, 0.222301)","(0.198935, 0.560592, 0.803842)","(0.530708, 0.265772, 0.804807)","(0.136794, -0.990582, 0.00594042)","(-0.0458066, -0.995676, 0.0808135)","(0.163005, -0.841906, -0.514416)","(0.058692, -0.725909, -0.685282)",0
62.5667,"(0.0224324, -0.026625, 6.76594e-07)","(0.0554709, 0.998425, 0.00833487)","(-0.505945, -0.421813, 0.752392)","(0.0581523, -0.980374, 0.188373)","(0.180867, 0.570019, 0.801477)","(0.553523, 0.248815, 0.794797)","(0.137704, -0.990464, -0.00426295)","(-0.0554279, -0.994994, 0.0831575)","(0.161298, -0.830326, -0.533425)","(0.0709877, -0.770958, -0.632917)",0
62.6,"(0.0205456, -0.0236126, 1.19674e-06)","(0.0759931, 0.997057, -0.0101203)","(-0.451827, -0.435875, 0.778374)","(0.068562, -0.97917, 0.191115)","(0.159816, 0.589276, 0.791968)","(0.555378, 0.264288, 0.788484)","(0.135588, -0.990657, -0.0146726)","(-0.0663389, -0.992731, 0.100417)","(0.167594, -0.820352, -0.54675)","(0.0805936, -0.864981, -0.49529)",0
62.6333,"(0.0189466, -0.0206927, 4.75589e-07)","(0.0863969, 0.995677, -0.0340966)","(-0.371956, -0.465021, 0.803371)","(0.0831427, -0.971309, 0.222812)","(0.130519, 0.592608, 0.794846)","(0.52943, 0.303227, 0.792311)","(0.133231, -0.990995, -0.0133977)","(-0.0736373, -0.988109, 0.134974)","(0.171667, -0.831591, -0.528193)","(0.0820408, -0.938605, -0.335097)",0
62.6667,"(0.0176356, -0.0179351, -4.02625e-07)","(0.0872232, 0.994871, -0.0512207)","(-0.263927, -0.486195, 0.833041)","(0.0893731, -0.954739, 0.283701)","(0.107282, 0.573619, 0.812066)","(0.499428, 0.337166, 0.798055)","(0.131367, -0.991253, -0.0126222)","(-0.078817, -0.980355, 0.180807)","(0.17745, -0.837738, -0.516436)","(0.0846706, -0.96785, -0.236849)",0
62.7,"(0.0176356, -0.0179351, -4.02625e-07)","(0.0821282, 0.994724, -0.0614818)","(-0.182846, -0.538046, 0.822845)","(0.0759188, -0.935184, 0.34593)","(0.084251, 0.565774, 0.820245)","(0.444991, 0.384709, 0.808691)","(0.129638, -0.991437, -0.0157138)","(-0.0798035, -0.974913, 0.207791)","(0.17474, -0.845733, -0.504184)","(0.0816833, -0.970529, -0.22672)",0
62.7333,"(0.0176356, -0.0179351, -4.02625e-07)","(0.0784081, 0.994767, -0.065506)","(-0.160543, -0.652086, 0.740952)","(0.0389661, -0.915528, 0.400363)","(0.0742321, 0.551835, 0.830643)","(0.37153, 0.429039, 0.823341)","(0.125105, -0.99175, -0.0279541)","(-0.0791689, -0.973339, 0.215277)","(0.172926, -0.847641, -0.501599)","(0.077396, -0.965405, -0.249004)",0
62.7667,"(0.0176356, -0.0179351, -4.02625e-07)","(0.0745211, 0.995781, -0.0535415)","(-0.161277, -0.783684, 0.599857)","(-0.0223129, -0.910464, 0.412986)","(0.0645254, 0.503776, 0.861421)","(0.288082, 0.432299, 0.854474)","(0.120905, -0.99191, -0.0386951)","(-0.0776405, -0.968007, 0.238609)","(0.168829, -0.833136, -0.52667)","(0.073769, -0.958217, -0.276365)",0
62.8,"(0.0160044, -0.0208374, -8.91703e-06)","(0.0569729, 0.997145, -0.0495572)","(-0.183702, -0.89162, 0.413845)","(-0.0399374, -0.920636, 0.388374)","(0.0990632, 0.319104, 0.942528)","(0.191588, 0.302354, 0.933743)","(0.117769, -0.992405, -0.0355334)","(-0.0793124, -0.952142, 0.295188)","(0.162918, -0.8102, -0.563058)","(0.0682828, -0.951847, -0.298874)",0
62.8333,"(0.016088, -0.0236265, -8.52774e-06)","(0.0340328, 0.998803, -0.0351339)","(-0.188121, -0.93843, 0.289758)","(-0.0300179, -0.951949, 0.304783)","(0.0625456, 0.0114231, 0.997977)","(0.154581, -0.00743915, 0.987952)","(0.117212, -0.992588, -0.0321031)","(-0.0829748, -0.923131, 0.375426)","(0.151292, -0.77827, -0.609432)","(0.0615456, -0.948471, -0.31083)",0
62.8667,"(0.0162342, -0.0259642, -5.65691e-06)","(0.00688779, 0.99986, 0.0152692)","(-0.201574, -0.974257, 0.100949)","(0.0127627, -0.988313, 0.151906)","(-0.036876, -0.475431, 0.87898)","(0.11468, -0.46635, 0.877135)","(0.116134, -0.992562, -0.0365158)","(-0.0872671, -0.908956, 0.407655)","(0.14238, -0.773109, -0.618085)","(0.0655141, -0.947776, -0.312135)",0
62.9,"(0.0162342, -0.0259642, -5.65691e-06)","(-0.00863005, 0.992437, 0.122449)","(-0.177752, -0.979185, -0.0979848)","(0.02753, -0.99935, -0.0232934)","(-0.146647, -0.771808, 0.618714)","(0.099819, -0.784803, 0.611654)","(0.114896, -0.992292, -0.0464224)","(-0.0858829, -0.942688, 0.322434)","(0.140517, -0.802112, -0.580406)","(0.0874678, -0.935926, -0.341164)",0
62.9333,"(0.0162342, -0.0259642, -5.65691e-06)","(-0.0245758, 0.971909, 0.23407)","(-0.144719, -0.952837, -0.266754)","(0.0379474, -0.988481, -0.146513)","(-0.1583, -0.910335, 0.382403)","(0.0542718, -0.915205, 0.399317)","(0.116388, -0.99212, -0.0463859)","(-0.0762194, -0.979985, 0.183904)","(0.143397, -0.853807, -0.500451)","(0.125605, -0.912952, -0.388254)",0
62.9667,"(0.0162342, -0.0259642, -5.65691e-06)","(-0.0332261, 0.956633, 0.289393)","(-0.117898, -0.945501, -0.303527)","(0.042187, -0.984936, -0.167693)","(-0.0499514, -0.927499, 0.370475)","(0.0358415, -0.933941, 0.355626)","(0.118041, -0.992538, -0.030567)","(-0.0891952, -0.993387, 0.072294)","(0.163627, -0.901105, -0.401543)","(0.252709, -0.820242, -0.513168)",0
63,"(0.0162342, -0.0259642, -5.65691e-06)","(-0.0225536, 0.955373, 0.294539)","(-0.0606069, -0.954905, -0.29066)","(0.0822957, -0.987482, -0.134563)","(0.00899055, -0.933048, 0.35964)","(-0.00819585, -0.93977, 0.34171)","(0.13245, -0.990379, -0.0400722)","(-0.11451, -0.992093, 0.0513795)","(0.193636, -0.927319, -0.320287)","(0.423812, -0.63516, -0.645721)",0
63.0333,"(0.0154859, -0.0208293, -1.4274e-05)","(0.00522187, 0.961894, 0.273372)","(-0.0188879, -0.960553, -0.277455)","(0.140595, -0.985101, -0.0990426)","(0.0950658, -0.92009, 0.379996)","(-0.110738, -0.94839, 0.297142)","(0.149187, -0.987443, -0.0519584)","(-0.149159, -0.986094, 0.0732768)","(0.214855, -0.938213, -0.271284)","(0.559144, -0.294702, -0.774925)",0
63.0667,"(0.0145875, -0.0176259, -2.11324e-05)","(0.033891, 0.968291, 0.247516)","(0.0216085, -0.953142, -0.301751)","(0.227293, -0.971299, -0.0701227)","(0.0975331, -0.917755, 0.384986)","(-0.233733, -0.949811, 0.207913)","(0.159998, -0.984047, -0.0777934)","(-0.177393, -0.976772, 0.120204)","(0.215684, -0.943613, -0.251146)","(0.588159, -0.0150149, -0.808606)",0
63.1,"(0.0135344, -0.0148524, -3.12316e-05)","(0.0488008, 0.9746, 0.218569)","(0.0220334, -0.946429, -0.32216)","(0.329703, -0.937858, -0.10825)","(0.120344, -0.935423, 0.332418)","(-0.34586, -0.934269, 0.0867245)","(0.157802, -0.983966, -0.083127)","(-0.196578, -0.968081, 0.155484)","(0.206128, -0.939591, -0.273278)","(0.547859, 0.182975, -0.816315)",0
63.1333,"(0.0126901, -0.0121417, -3.85446e-05)","(0.0595224, 0.980435, 0.187628)","(0.0338433, -0.933864, -0.356024)","(0.436351, -0.887397, -0.14874)","(0.0819911, -0.961385, 0.262711)","(-0.41661, -0.909055, -0.00735153)","(0.148676, -0.98317, -0.106174)","(-0.205108, -0.965795, 0.158654)","(0.209867, -0.937851, -0.27639)","(0.525879, 0.268179, -0.807175)",0
63.1667,"(0.0121187, -0.0101796, -4.41333e-05)","(0.0712786, 0.983893, 0.163934)","(0.0431111, -0.930157, -0.364621)","(0.523636, -0.827078, -0.204324)","(0.051386, -0.978282, 0.200807)","(-0.474884, -0.875832, -0.0860409)","(0.144435, -0.980754, -0.131375)","(-0.19464, -0.973331, 0.121414)","(0.218568, -0.93361, -0.283901)","(0.48926, 0.353877, -0.797117)",0
63.2,"(0.0121187, -0.0101796, -4.41333e-05)","(0.082807, 0.988391, 0.127384)","(0.0556029, -0.934331, -0.352042)","(0.57734, -0.789924, -0.206637)","(0.0306188, -0.983721, 0.177076)","(-0.478189, -0.871088, -0.111988)","(0.141048, -0.978148, -0.152747)","(-0.182523, -0.97907, 0.0900355)","(0.226909, -0.933283, -0.278378)","(0.462324, 0.412927, -0.784696)",0
63.2333,"(0.0119424, -0.00731143, -4.92777e-05)","(0.0876925, 0.989684, 0.113295)","(0.0545619, -0.922231, -0.382771)","(0.585552, -0.773754, -0.241732)","(-0.06476, -0.982766, 0.173142)","(-0.440603, -0.894349, -0.0775187)","(0.137368, -0.978727, -0.15239)","(-0.196224, -0.978103, 0.0693605)","(0.231274, -0.932274, -0.27817)","(0.479596, 0.410118, -0.775752)",0
63.2667,"(0.0119424, -0.00731143, -4.92777e-05)","(0.0892176, 0.988956, 0.118348)","(0.029541, -0.912374, -0.40829)","(0.583153, -0.785656, -0.206585)","(-0.250876, -0.943204, 0.217778)","(-0.410324, -0.908452, 0.0796855)","(0.1344, -0.979131, -0.152442)","(-0.256736, -0.960284, 0.109278)","(0.229211, -0.935466, -0.26901)","(0.566358, 0.288562, -0.771991)",0
63.3,"(0.0119424, -0.00731143, -4.92777e-05)","(0.0864192, 0.986229, 0.141014)","(-0.0247992, -0.917064, -0.397969)","(0.538702, -0.839805, -0.0672823)","(-0.442213, -0.780073, 0.442643)","(-0.430783, -0.771408, 0.468354)","(0.129478, -0.980488, -0.147914)","(-0.316496, -0.936624, 0.150218)","(0.227826, -0.936713, -0.265829)","(0.653003, 0.10471, -0.750082)",0
63.3333,"(0.0149413, -0.00625207, -4.20673e-05)","(0.0846954, 0.984516, 0.153476)","(-0.0840868, -0.977964, -0.191092)","(0.434881, -0.892631, 0.118696)","(-0.497402, -0.481215, 0.72182)","(-0.416808, -0.396262, 0.818076)","(0.115435, -0.985186, -0.126821)","(-0.36462, -0.876319, 0.314829)","(0.227781, -0.931371, -0.284015)","(0.649756, -0.150972, -0.745)",1
63.3667,"(0.0149413, -0.00625207, -4.20673e-05)","(0.0724637, 0.986186, 0.148949)","(-0.123031, -0.988372, 0.0893553)","(0.277886, -0.917189, 0.285559)","(-0.360202, -0.130547, 0.923695)","(-0.339433, 0.0258984, 0.940274)","(0.100068, -0.991649, -0.0813574)","(-0.369912, -0.821679, 0.4336)","(0.237607, -0.916654, -0.321386)","(0.549688, -0.431781, -0.715128)",0
63.4,"(0.0180373, -0.00353457, -3.74312e-05)","(0.050829, 0.989558, 0.134875)","(-0.174214, -0.926791, 0.332728)","(0.132791, -0.908412, 0.396427)","(-0.180926, 0.176624, 0.967507)","(-0.286574, 0.285951, 0.914389)","(0.0903087, -0.994278, -0.0570582)","(-0.360573, -0.747631, 0.557705)","(0.255704, -0.844037, -0.471399)","(0.321831, -0.770615, -0.55007)",0
63.4333,"(0.0192522, -0.000480258, -4.52336e-05)","(0.0287359, 0.991469, 0.127136)","(-0.246226, -0.844174, 0.476175)","(0.0580188, -0.839396, 0.540415)","(-0.00214798, 0.394961, 0.918695)","(-0.242566, 0.467645, 0.849982)","(0.0892169, -0.994201, -0.0600341)","(-0.355831, -0.7518, 0.555141)","(0.249873, -0.784847, -0.567079)","(0.106395, -0.954683, -0.277958)",0
63.4667,"(0.020638, 0.00236914, -4.54624e-05)","(0.0117121, 0.99416, 0.107275)","(-0.303156, -0.704119, 0.642116)","(0.00752688, -0.71293, 0.701195)","(0.113045, 0.538642, 0.834917)","(-0.193731, 0.601376, 0.775123)","(0.0906598, -0.992368, -0.083588)","(-0.33699, -0.738381, 0.58415)","(0.237435, -0.797985, -0.553935)","(-0.072665, -0.99734, 0.00571761)",0
63.5,"(0.0218938, 0.00519912, -4.90075e-05)","(0.00516039, 0.993332, 0.115171)","(-0.303914, -0.452687, 0.838279)","(-0.0427588, -0.494488, 0.868132)","(0.166652, 0.603727, 0.779578)","(-0.169674, 0.668133, 0.724437)","(0.0889339, -0.991051, -0.0995466)","(-0.297453, -0.717415, 0.629951)","(0.211929, -0.889398, -0.405039)","(-0.167172, -0.979691, 0.110718)",0
63.5333,"(0.0229332, 0.00728617, -5.31546e-05)","(-0.00386618, 0.993108, 0.117139)","(-0.259849, -0.202151, 0.944253)","(-0.0971164, -0.277944, 0.955675)","(0.188218, 0.62902, 0.75426)","(-0.159509, 0.70988, 0.686023)","(0.100097, -0.988186, -0.116059)","(-0.253447, -0.661848, 0.705494)","(0.185964, -0.94614, -0.26502)","(-0.232063, -0.935389, 0.266822)",0
63.5667,"(0.0229332, 0.00728617, -5.31546e-05)","(-0.00963109, 0.993363, 0.114617)","(-0.229288, -0.0369345, 0.972658)","(-0.119388, -0.131292, 0.984129)","(0.208029, 0.635727, 0.743354)","(-0.158223, 0.714842, 0.68115)","(0.116224, -0.989982, -0.0801788)","(-0.222417, -0.648732, 0.72779)","(0.160851, -0.958562, -0.23513)","(-0.239294, -0.897487, 0.370479)",0
63.6,"(0.0253384, 0.0111726, -5.18317e-05)","(-0.0150332, 0.99498, 0.0989349)","(-0.202886, 0.0297261, 0.978751)","(-0.0891929, -0.0763693, 0.993082)","(0.217695, 0.602773, 0.767642)","(-0.182801, 0.700578, 0.689764)","(0.128787, -0.990372, -0.0507642)","(-0.218821, -0.614313, 0.758114)","(0.134781, -0.964001, -0.229207)","(-0.207445, -0.847422, 0.488715)",0
63.6333,"(0.0262674, 0.0153901, -5.26427e-05)","(-0.0175513, 0.996772, 0.0783428)","(-0.156734, 0.0603292, 0.985797)","(-0.0513542, -0.0306008, 0.998212)","(0.211061, 0.460696, 0.862098)","(-0.214629, 0.596003, 0.773767)","(0.126943, -0.991598, -0.0248592)","(-0.215257, -0.582407, 0.78388)","(0.126407, -0.966622, -0.222852)","(-0.134618, -0.821137, 0.554627)",0
63.6667,"(0.026991, 0.0208512, -5.11048e-05)","(-0.0160701, 0.998091, 0.0596295)","(-0.130053, 0.0376104, 0.990793)","(-0.00982372, -0.0265726, 0.999599)","(0.195627, 0.251672, 0.947835)","(-0.260229, 0.441179, 0.858861)","(0.118802, -0.991585, -0.0514337)","(-0.199873, -0.536858, 0.819655)","(0.114166, -0.971416, -0.208127)","(-0.0713198, -0.824345, 0.561577)",0
63.7,"(0.0278175, 0.0274992, -5.34354e-05)","(-0.0133741, 0.998978, 0.0431777)","(-0.141089, -0.0326691, 0.989458)","(0.00579298, -0.0891152, 0.996004)","(0.14267, -0.0904786, 0.985626)","(-0.253989, 0.157532, 0.954292)","(0.097053, -0.994704, -0.033843)","(-0.188159, -0.543794, 0.817853)","(0.124252, -0.978385, -0.165301)","(0.0158622, -0.90488, 0.42537)",0
63.7333,"(0.0287057, 0.0326368, -5.39969e-05)","(-0.0130868, 0.999899, -0.00554289)","(-0.191711, -0.318231, 0.928426)","(0.0176669, -0.327891, 0.94455)","(0.10012, -0.32794, 0.939378)","(-0.212733, -0.126346, 0.968907)","(0.0723517, -0.997259, 0.0154559)","(-0.176157, -0.579648, 0.795598)","(0.136838, -0.983391, -0.119241)","(0.0371082, -0.981396, 0.188372)",0
63.7667,"(0.0287057, 0.0326368, -5.39969e-05)","(-0.0151537, 0.999602, -0.0238046)","(-0.252663, -0.68762, 0.68069)","(0.020399, -0.66497, 0.746592)","(0.0384182, -0.584461, 0.810512)","(-0.154052, -0.431476, 0.888874)","(0.0494551, -0.995935, 0.0752808)","(-0.172564, -0.627309, 0.759411)","(0.15559, -0.984048, -0.0862651)","(0.0576093, -0.994771, -0.0843329)",0
63.8,"(0.0302517, 0.0272597, -4.9682e-05)","(-0.0137324, 0.999885, -0.00647246)","(-0.247177, -0.935508, 0.252446)","(0.0138861, -0.927733, 0.372986)","(0.0156014, -0.756935, 0.653304)","(-0.085463, -0.652992, 0.752527)","(0.0491796, -0.994425, 0.0932703)","(-0.178217, -0.771798, 0.610382)","(0.155656, -0.984266, -0.0836184)","(0.101925, -0.936833, -0.334596)",0
63.8333,"(0.0312139, 0.0166184, -4.43772e-05)","(-0.0120351, 0.993697, 0.11145)","(-0.228158, -0.970877, -0.0730908)","(0.00345549, -0.999697, 0.0243799)","(-0.0232063, -0.884601, 0.465771)","(-0.000631187, -0.81267, 0.582724)","(0.0597397, -0.99464, 0.0843935)","(-0.158084, -0.9175, 0.36497)","(0.144555, -0.980451, -0.133491)","(0.14524, -0.819487, -0.554388)",1
63.8667,"(0.0321433, 0.000584722, -3.43374e-05)","(-0.011948, 0.967289, 0.253397)","(-0.185074, -0.946383, -0.264777)","(-0.00659339, -0.987831, -0.155388)","(-0.034968, -0.90961, 0.413989)","(0.0868123, -0.885023, 0.457381)","(0.0737532, -0.995041, 0.0667322)","(-0.117198, -0.990512, 0.0717645)","(0.131743, -0.975662, -0.175294)","(0.189486, -0.697146, -0.691435)",0
63.9,"(0.0332066, -0.0175399, -2.32062e-05)","(-0.0222511, 0.930826, 0.364785)","(-0.139406, -0.925573, -0.351967)","(0.0102529, -0.972376, -0.233196)","(-0.0486463, -0.904806, 0.423036)","(0.1503, -0.91383, 0.377259)","(0.083672, -0.994981, 0.0548762)","(-0.0647257, -0.99652, -0.052521)","(0.116477, -0.962026, -0.246858)","(0.187265, -0.654137, -0.732828)",0
63.9333,"(0.0347904, -0.0326377, -1.44657e-05)","(-0.0385326, 0.910356, 0.412028)","(-0.106817, -0.924472, -0.365979)","(0.0421516, -0.973875, -0.223139)","(-0.0362977, -0.899534, 0.435339)","(0.187619, -0.921878, 0.339029)","(0.0884658, -0.996041, 0.00872706)","(-0.0491537, -0.996243, -0.0712964)","(0.108065, -0.944926, -0.308928)","(0.205045, -0.622064, -0.755641)",0
63.9667,"(0.0369409, -0.0445705, -5.21555e-06)","(-0.0553578, 0.902866, 0.426344)","(-0.0858275, -0.943272, -0.320735)","(0.0826196, -0.975349, -0.204618)","(-0.0193394, -0.926448, 0.375927)","(0.217305, -0.926845, 0.306163)","(0.0880058, -0.995628, -0.0312964)","(-0.0486967, -0.997591, -0.0493963)","(0.105839, -0.926122, -0.362071)","(0.214244, -0.638976, -0.738789)",0
64,"(0.0394828, -0.0527527, -1.53148e-06)","(-0.071382, 0.903957, 0.421623)","(-0.0711766, -0.957687, -0.278871)","(0.119918, -0.978598, -0.167231)","(0.0192429, -0.939554, 0.34186)","(0.220162, -0.93435, 0.280212)","(0.084972, -0.994228, -0.0655017)","(-0.0592182, -0.997719, -0.0324155)","(0.101866, -0.916823, -0.386081)","(0.229184, -0.691487, -0.685069)",0
64.0333,"(0.0419962, -0.0564996, -1.92408e-06)","(-0.085605, 0.906673, 0.413057)","(-0.0599292, -0.966897, -0.248029)","(0.147989, -0.978526, -0.143482)","(0.0799594, -0.942053, 0.325797)","(0.21613, -0.939769, 0.264807)","(0.0838029, -0.994976, -0.0547766)","(-0.056141, -0.995776, -0.072646)","(0.088907, -0.918339, -0.385679)","(0.216414, -0.74457, -0.63149)",0
64.0667,"(0.0440614, -0.056219, -2.37364e-06)","(-0.0986493, 0.914803, 0.391667)","(-0.0456151, -0.963197, -0.264897)","(0.176149, -0.970754, -0.163123)","(0.150883, -0.934461, 0.322518)","(0.194915, -0.945163, 0.26206)","(0.0836243, -0.995584, -0.0426574)","(-0.0529209, -0.994459, -0.0908375)","(0.0668963, -0.916915, -0.393437)","(0.175867, -0.777644, -0.603607)",0
64.1,"(0.0458713, -0.055207, -2.3265e-06)","(-0.103918, 0.921035, 0.37536)","(-0.0303376, -0.941759, -0.334918)","(0.2101, -0.948943, -0.235297)","(0.228603, -0.945242, 0.232935)","(0.162005, -0.961287, 0.222895)","(0.0885304, -0.995901, -0.0185275)","(-0.0543423, -0.992099, -0.113079)","(0.0467535, -0.917327, -0.395379)","(0.142176, -0.808997, -0.570359)",0
64.1333,"(0.0472535, -0.0520412, -3.24797e-06)","(-0.101804, 0.92414, 0.368241)","(0.00264991, -0.914866, -0.403748)","(0.243359, -0.923348, -0.296992)","(0.285213, -0.948899, 0.135067)","(0.111249, -0.971731, 0.208235)","(0.0939512, -0.995577, 0.000107884)","(-0.0599629, -0.994253, -0.0886821)","(0.030613, -0.91699, -0.397734)","(0.120565, -0.831016, -0.543026)",0
64.1667,"(0.0481951, -0.0475603, -1.30332e-06)","(-0.0935672, 0.925092, 0.368034)","(0.036312, -0.861659, -0.506186)","(0.263953, -0.901535, -0.342876)","(0.304277, -0.950948, -0.055793)","(0.064333, -0.992413, 0.104774)","(0.0995466, -0.994932, 0.0141679)","(-0.0649239, -0.994474, -0.0825052)","(0.0175223, -0.917484, -0.397387)","(0.111388, -0.852093, -0.511401)",0
64.2,"(0.0491239, -0.0425261, 5.4222e-06)","(-0.0850959, 0.927247, 0.364652)","(0.0717058, -0.813766, -0.576752)","(0.268199, -0.888951, -0.371262)","(0.295519, -0.94005, -0.170219)","(0.0262869, -0.999153, 0.0316609)","(0.100858, -0.99481, 0.0134208)","(-0.0697905, -0.995158, -0.069214)","(0.00499725, -0.912289, -0.409516)","(0.102499, -0.859284, -0.501124)",0
64.2333,"(0.0501814, -0.037762, 6.0869e-06)","(-0.076665, 0.941898, 0.327033)","(0.0897918, -0.770235, -0.631407)","(0.268989, -0.879305, -0.393025)","(0.276707, -0.925413, -0.258928)","(0.0148954, -0.999159, -0.0382082)","(0.087861, -0.996116, 0.00585571)","(-0.0757974, -0.994934, -0.0660392)","(0.00835997, -0.894358, -0.447274)","(0.0948391, -0.863696, -0.495009)",0
64.2667,"(0.0510741, -0.0320505, 5.93545e-06)","(-0.0718564, 0.95825, 0.276756)","(0.102891, -0.800407, -0.590561)","(0.274906, -0.884715, -0.376439)","(0.273515, -0.946232, -0.172726)","(0.0200962, -0.999756, 0.00922543)","(0.0561136, -0.997573, -0.0412288)","(-0.0800914, -0.995193, -0.0563593)","(0.0324265, -0.853624, -0.51988)","(0.0924086, -0.861914, -0.498563)",0
64.3,"(0.0517167, -0.0260559, 3.2859e-06)","(-0.0671558, 0.97145, 0.22754)","(0.100045, -0.857381, -0.504865)","(0.28391, -0.897517, -0.337428)","(0.275278, -0.957982, -0.0805698)","(0.0310447, -0.996491, 0.077732)","(0.0202442, -0.994299, -0.10469)","(-0.0829151, -0.995415, -0.0476781)","(0.0729844, -0.814445, -0.575632)","(0.0974295, -0.875544, -0.473213)",0
64.3333,"(0.0521781, -0.0197243, 3.73903e-07)","(-0.0616884, 0.976963, 0.2043)","(0.0883046, -0.901408, -0.42387)","(0.2932, -0.90561, -0.306437)","(0.260692, -0.964293, 0.046683)","(0.0279124, -0.991194, 0.129445)","(0.00115295, -0.985274, -0.170979)","(-0.0830202, -0.995916, -0.0354939)","(0.114661, -0.784804, -0.609044)","(0.10692, -0.897781, -0.427268)",0
64.3667,"(0.0524484, -0.0134949, -6.39888e-06)","(-0.0548207, 0.979693, 0.192862)","(0.0757414, -0.92704, -0.367232)","(0.301391, -0.910007, -0.284696)","(0.247365, -0.963145, 0.10565)","(0.0217705, -0.990384, 0.136621)","(-0.000134012, -0.980711, -0.195464)","(-0.0811842, -0.99652, -0.0188891)","(0.151777, -0.782802, -0.603477)","(0.122509, -0.919369, -0.373835)",0
64.4,"(0.0525051, -0.00795747, -8.68575e-06)","(-0.0473976, 0.982222, 0.181639)","(0.0771634, -0.93939, -0.334054)","(0.309352, -0.917763, -0.249022)","(0.208918, -0.959312, 0.189933)","(0.0210244, -0.992462, 0.120737)","(0.0106901, -0.981235, -0.192517)","(-0.0753499, -0.997118, -0.00879149)","(0.192483, -0.794989, -0.575277)","(0.14481, -0.932548, -0.330732)",0
64.4333,"(0.0524676, -0.00442539, -1.01814e-05)","(-0.0410645, 0.982657, 0.180827)","(0.0865361, -0.944089, -0.318133)","(0.31746, -0.925779, -0.205309)","(0.169772, -0.959119, 0.226424)","(0.0199163, -0.997454, 0.0684758)","(0.0212182, -0.984768, -0.172575)","(-0.0629719, -0.998004, -0.00465877)","(0.223373, -0.812065, -0.539124)","(0.165586, -0.934588, -0.314842)",0
64.4667,"(0.0524676, -0.00442539, -1.01814e-05)","(-0.0364919, 0.981478, 0.188066)","(0.0880489, -0.943323, -0.319983)","(0.323851, -0.93189, -0.163409)","(0.142947, -0.954421, 0.262005)","(0.0157247, -0.999249, 0.0354183)","(0.0383209, -0.986685, -0.158062)","(-0.0419217, -0.999093, -0.00747894)","(0.23133, -0.830355, -0.506948)","(0.187766, -0.937448, -0.293146)",0
64.5,"(0.0524676, -0.00442539, -1.01814e-05)","(-0.0324656, 0.980341, 0.194621)","(0.0599455, -0.941403, -0.331913)","(0.328405, -0.934691, -0.136028)","(0.128783, -0.941689, 0.310865)","(0.00591925, -0.999166, 0.0403944)","(0.0532089, -0.988079, -0.144463)","(-0.0195585, -0.999737, -0.011959)","(0.220455, -0.865918, -0.448983)","(0.20282, -0.940248, -0.273491)",0
64.5333,"(0.0524676, -0.00442539, -1.01814e-05)","(-0.0309548, 0.980347, 0.19484)","(0.00645905, -0.945481, -0.325614)","(0.330548, -0.936826, -0.114438)","(0.131551, -0.908437, 0.396783)","(-0.014186, -0.995248, 0.0963307)","(0.0699775, -0.989157, -0.129117)","(-0.00351146, -0.999935, -0.0108575)","(0.202334, -0.904742, -0.374838)","(0.217613, -0.946978, -0.236383)",0
64.5667,"(0.0501864, -0.0038528, -5.33625e-06)","(-0.0287464, 0.981614, 0.188699)","(-0.0508329, -0.948765, -0.311866)","(0.333215, -0.937622, -0.0991575)","(0.126725, -0.86323, 0.488646)","(-0.0645202, -0.985421, 0.157428)","(0.0875725, -0.991393, -0.0973178)","(0.00274436, -0.999956, 0.00896892)","(0.191764, -0.937995, -0.288776)","(0.226725, -0.953863, -0.196825)",0
64.6,"(0.0501864, -0.0038528, -5.33625e-06)","(-0.0266467, 0.984226, 0.174896)","(-0.146988, -0.947623, -0.283559)","(0.342679, -0.936894, -0.0692822)","(0.124448, -0.82447, 0.552053)","(-0.19227, -0.942549, 0.273191)","(0.105284, -0.991831, -0.0720232)","(0.00510345, -0.999554, 0.0294124)","(0.187162, -0.946666, -0.262287)","(0.232223, -0.956802, -0.174937)",0
64.6333,"(0.0481014, -0.00236262, -3.8425e-06)","(-0.0219293, 0.989948, 0.139723)","(-0.31246, -0.925348, -0.214709)","(0.386377, -0.921217, 0.0455172)","(0.111045, -0.771984, 0.625867)","(-0.384359, -0.786332, 0.483684)","(0.114366, -0.992538, -0.0422999)","(-0.014772, -0.998682, 0.0491586)","(0.189193, -0.951249, -0.243579)","(0.257496, -0.95305, -0.159345)",0
64.6667,"(0.0471833, -0.000584781, -1.92248e-06)","(-0.0170419, 0.997515, 0.0683594)","(-0.558924, -0.820741, -0.118276)","(0.403103, -0.863362, 0.303502)","(-0.00202572, -0.695862, 0.718172)","(-0.574956, -0.470167, 0.669604)","(0.112878, -0.993385, 0.0211022)","(-0.0645506, -0.9954, 0.070793)","(0.22013, -0.955474, -0.1965)","(0.249024, -0.961075, -0.119675)",0
64.7,"(0.0471833, -0.000584781, -1.92248e-06)","(-0.00693021, 0.999934, 0.00916891)","(-0.792078, -0.58642, -0.169479)","(0.286205, -0.702853, 0.651217)","(-0.381024, -0.597544, 0.705523)","(-0.679908, -0.0870741, 0.72811)","(0.103469, -0.991466, 0.0793042)","(-0.146203, -0.983991, 0.101914)","(0.235773, -0.963053, -0.130155)","(0.205821, -0.976768, -0.0596768)",1
64.7333,"(0.0459123, 0.0028752, 5.15161e-07)","(0.00370247, 0.999792, -0.0200594)","(-0.914395, -0.331641, -0.232155)","(0.0169387, -0.419274, 0.907702)","(-0.737548, -0.33712, 0.585126)","(-0.737619, 0.160926, 0.65576)","(0.0877057, -0.987074, 0.134133)","(-0.237891, -0.961435, 0.138027)","(0.201544, -0.97723, -0.0663426)","(0.15464, -0.987856, 0.0150529)",0
64.7667,"(0.0459123, 0.0028752, 5.15161e-07)","(0.0255398, 0.999602, 0.0119739)","(-0.938864, -0.0865199, -0.333239)","(-0.263012, -0.134184, 0.955416)","(-0.933953, -0.0224515, 0.356689)","(-0.752145, 0.320493, 0.575814)","(0.0685973, -0.990704, 0.117475)","(-0.31237, -0.936058, 0.161928)","(0.103352, -0.99348, -0.0481267)","(0.137191, -0.989037, 0.0546218)",0
64.8,"(0.0434074, 0.00357047, 2.97963e-06)","(0.0439704, 0.998655, 0.0274718)","(-0.934635, 0.0778293, -0.346986)","(-0.415275, 0.0788853, 0.906269)","(-0.926503, 0.290983, 0.238583)","(-0.723827, 0.43912, 0.53221)","(0.0597444, -0.995821, 0.0690785)","(-0.390067, -0.901568, 0.187145)","(0.0649233, -0.997554, -0.0259046)","(0.0599835, -0.993344, 0.0983388)",0
64.8333,"(0.0434074, 0.00357047, 2.97963e-06)","(0.0622994, 0.997636, 0.0290058)","(-0.88632, 0.263153, -0.381035)","(-0.467108, 0.219067, 0.856633)","(-0.864257, 0.495098, 0.0891013)","(-0.662193, 0.555177, 0.503268)","(0.0598032, -0.998044, -0.0181979)","(-0.453193, -0.859726, 0.235557)","(0.0941114, -0.99527, -0.0241073)","(-0.0601227, -0.984864, 0.162568)",0
64.8667,"(0.04045, 0.0026956, -1.12014e-05)","(0.0693199, 0.997589, -0.00320515)","(-0.833562, 0.39294, -0.388294)","(-0.442693, 0.324784, 0.835786)","(-0.78797, 0.613693, 0.0498513)","(-0.59895, 0.644628, 0.475093)","(0.0697476, -0.992491, -0.100488)","(-0.502863, -0.804648, 0.315705)","(0.175248, -0.983822, -0.0371888)","(-0.196038, -0.950646, 0.240503)",0
64.9,"(0.04045, 0.0026956, -1.12014e-05)","(0.0701561, 0.996722, -0.0402862)","(-0.791179, 0.491036, -0.364582)","(-0.403726, 0.453656, 0.794482)","(-0.729374, 0.673715, 0.118831)","(-0.584568, 0.697452, 0.414537)","(0.0707239, -0.98588, -0.151784)","(-0.51745, -0.763728, 0.38596)","(0.21387, -0.974491, -0.0680257)","(-0.241657, -0.925454, 0.291783)",0
64.9333,"(0.0377311, 0.00344216, -3.77169e-05)","(0.0637645, 0.995432, -0.0710643)","(-0.726471, 0.591667, -0.349529)","(-0.343536, 0.586021, 0.733868)","(-0.65175, 0.74127, 0.160439)","(-0.571852, 0.745985, 0.341309)","(0.0732378, -0.980623, -0.181702)","(-0.52515, -0.734434, 0.429911)","(0.230902, -0.96861, -0.0920817)","(-0.260685, -0.913911, 0.311141)",0
64.9667,"(0.0377311, 0.00344216, -3.77169e-05)","(0.0555886, 0.99364, -0.0979242)","(-0.643274, 0.682623, -0.346734)","(-0.279101, 0.730708, 0.623031)","(-0.551573, 0.820872, 0.148108)","(-0.501281, 0.833606, 0.23199)","(0.0836632, -0.978201, -0.19006)","(-0.53772, -0.734405, 0.414134)","(0.239132, -0.965301, -0.104932)","(-0.251044, -0.924769, 0.28597)",0
65,"(0.0345236, 0.00540274, -5.2446e-05)","(0.0485781, 0.990517, -0.128517)","(-0.570033, 0.743015, -0.350702)","(-0.154075, 0.83137, 0.533934)","(-0.447966, 0.888442, 0.0999852)","(-0.363878, 0.920391, 0.143083)","(0.0994094, -0.977255, -0.187322)","(-0.546225, -0.738045, 0.396141)","(0.246284, -0.962193, -0.116316)","(-0.226698, -0.935039, 0.272601)",0
65.0333,"(0.032615, 0.00620298, -5.43917e-05)","(0.0476137, 0.986597, -0.156078)","(-0.485338, 0.767548, -0.41871)","(-0.0124112, 0.859826, 0.510437)","(-0.3576, 0.933745, 0.0155878)","(-0.199408, 0.970603, 0.134782)","(0.115592, -0.979464, -0.165191)","(-0.547091, -0.752836, 0.365964)","(0.246846, -0.963731, -0.101441)","(-0.186495, -0.950225, 0.249585)",0
65.0667,"(0.0304147, 0.00676875, -5.07242e-05)","(0.0487043, 0.983473, -0.174378)","(-0.390712, 0.778353, -0.491438)","(0.127957, 0.836929, 0.532144)","(-0.28386, 0.956889, -0.0615458)","(-0.061416, 0.980175, 0.188375)","(0.0988568, -0.990774, -0.0927093)","(-0.539489, -0.762205, 0.357764)","(0.179411, -0.983294, -0.0307392)","(-0.104203, -0.967569, 0.230115)",0
65.1,"(0.028462, 0.00776367, -4.67884e-05)","(0.0535141, 0.98337, -0.173549)","(-0.280009, 0.769625, -0.573822)","(0.215427, 0.78642, 0.578909)","(-0.232478, 0.964194, -0.127609)","(0.0289448, 0.961474, 0.273368)","(0.0750082, -0.996743, -0.0296322)","(-0.537694, -0.755488, 0.37433)","(0.120856, -0.991905, 0.0389726)","(-0.0304595, -0.972615, 0.230419)",0
65.1333,"(0.0268628, 0.00896777, -4.39695e-05)","(0.0600034, 0.979873, -0.190389)","(-0.239208, 0.750852, -0.61563)","(0.261356, 0.766806, 0.586261)","(-0.202055, 0.969749, -0.136968)","(0.0756658, 0.954213, 0.289401)","(0.0583117, -0.998118, 0.0189861)","(-0.530749, -0.744718, 0.4046)","(0.0906075, -0.993326, 0.0713728)","(0.00301891, -0.965654, 0.259814)",0
65.1667,"(0.0268628, 0.00896777, -4.39695e-05)","(0.0664171, 0.974434, -0.214633)","(-0.235101, 0.725952, -0.646314)","(0.272644, 0.762834, 0.586301)","(-0.222361, 0.966605, -0.127396)","(0.0586236, 0.962104, 0.266305)","(0.069791, -0.99748, 0.012787)","(-0.535396, -0.720269, 0.441093)","(0.161988, -0.985891, 0.0421659)","(-0.0283213, -0.951097, 0.30759)",0
65.2,"(0.025158, 0.0113459, -4.49254e-05)","(0.0712069, 0.971365, -0.226669)","(-0.261365, 0.722335, -0.64025)","(0.25169, 0.775776, 0.57864)","(-0.255208, 0.961195, -0.104754)","(0.00542714, 0.970168, 0.242373)","(0.0987743, -0.995094, 0.00557559)","(-0.541125, -0.712219, 0.447132)","(0.231767, -0.972764, 0.00383454)","(-0.0737547, -0.945895, 0.31598)",0
65.2333,"(0.025158, 0.0113459, -4.49254e-05)","(0.0745092, 0.97513, -0.208732)","(-0.301764, 0.762036, -0.572922)","(0.200968, 0.792827, 0.575358)","(-0.285561, 0.958299, -0.0108873)","(-0.0823191, 0.975651, 0.203295)","(0.123049, -0.99235, -0.00997347)","(-0.54969, -0.708945, 0.441857)","(0.282553, -0.958309, -0.0425123)","(-0.113069, -0.94853, 0.295815)",0
65.2667,"(0.025158, 0.0113459, -4.49254e-05)","(0.0816107, 0.982886, -0.165149)","(-0.3556, 0.802798, -0.478607)","(0.105976, 0.792549, 0.600529)","(-0.323081, 0.943058, 0.0791234)","(-0.180061, 0.954888, 0.236152)","(0.139946, -0.988104, -0.0637699)","(-0.551474, -0.717224, 0.425987)","(0.306317, -0.946902, -0.0977107)","(-0.160968, -0.948955, 0.271247)",0
65.3,"(0.025158, 0.0113459, -4.49254e-05)","(0.0922134, 0.989462, -0.111634)","(-0.400878, 0.8197, -0.40913)","(-0.0149502, 0.783142, 0.621663)","(-0.366542, 0.916268, 0.161556)","(-0.292441, 0.924801, 0.243352)","(0.143413, -0.981739, -0.124983)","(-0.551829, -0.723371, 0.414993)","(0.330553, -0.933926, -0.136075)","(-0.207519, -0.942695, 0.261271)",0
65.3333,"(0.0236341, 0.00714736, -5.43537e-05)","(0.107915, 0.992591, -0.0558298)","(-0.441834, 0.797695, -0.410446)","(-0.158743, 0.719179, 0.676449)","(-0.440137, 0.888686, 0.128516)","(-0.378091, 0.870302, 0.31563)","(0.151669, -0.972673, -0.175796)","(-0.557813, -0.73561, 0.384347)","(0.357445, -0.919315, -0.164596)","(-0.251696, -0.940335, 0.228953)",0
65.3667,"(0.0225708, 0.0035895, -5.256e-05)","(0.121165, 0.992554, -0.0124576)","(-0.489515, 0.768906, -0.411289)","(-0.277236, 0.673854, 0.684881)","(-0.481694, 0.866714, 0.129527)","(-0.436899, 0.843175, 0.31333)","(0.164895, -0.968735, -0.185369)","(-0.567978, -0.750149, 0.338642)","(0.375179, -0.910924, -0.171636)","(-0.286541, -0.940698, 0.181608)",0
65.4,"(0.0213593, 0.000401497, -4.91122e-05)","(0.13059, 0.99126, 0.0186974)","(-0.533132, 0.758876, -0.374002)","(-0.352371, 0.661136, 0.66237)","(-0.492911, 0.851595, 0.178397)","(-0.457488, 0.828973, 0.321727)","(0.174524, -0.966385, -0.188789)","(-0.580314, -0.762462, 0.28616)","(0.375365, -0.908791, -0.182207)","(-0.313375, -0.939779, 0.136428)",0
65.4333,"(0.0204611, -0.00152723, -4.5863e-05)","(0.134652, 0.990609, 0.0237144)","(-0.54841, 0.771308, -0.323003)","(-0.37363, 0.692573, 0.617043)","(-0.446743, 0.861418, 0.241618)","(-0.447128, 0.857994, 0.252828)","(0.176706, -0.965892, -0.189283)","(-0.585896, -0.770731, 0.250398)","(0.368154, -0.9126, -0.177832)","(-0.318781, -0.940348, 0.118845)",0
65.4667,"(0.0204611, -0.00152723, -4.5863e-05)","(0.134806, 0.99069, 0.0190193)","(-0.527206, 0.79205, -0.307751)","(-0.368159, 0.769792, 0.52142)","(-0.378692, 0.88964, 0.255212)","(-0.422709, 0.8936, 0.150986)","(0.176761, -0.966173, -0.187793)","(-0.585645, -0.776136, 0.233738)","(0.356694, -0.919763, -0.163722)","(-0.308316, -0.943182, 0.123892)",0
65.5,"(0.0204611, -0.00152723, -4.5863e-05)","(0.132953, 0.991041, -0.0126906)","(-0.492177, 0.805511, -0.33002)","(-0.290162, 0.825666, 0.48382)","(-0.323938, 0.923272, 0.206475)","(-0.338639, 0.937378, 0.0815209)","(0.175705, -0.968514, -0.176375)","(-0.580861, -0.781504, 0.227711)","(0.343964, -0.928582, -0.139371)","(-0.285846, -0.949226, 0.131387)",0
65.5333,"(0.0182962, 0.000300455, -4.0848e-05)","(0.129165, 0.989566, -0.063833)","(-0.447739, 0.813603, -0.370918)","(-0.134714, 0.872934, 0.468869)","(-0.292265, 0.945782, 0.141692)","(-0.231606, 0.970231, 0.0707788)","(0.173756, -0.971319, -0.162321)","(-0.575542, -0.776718, 0.255854)","(0.327237, -0.938467, -0.110432)","(-0.243534, -0.954755, 0.170688)",0
65.5667,"(0.0172902, 0.0024591, -4.03198e-05)","(0.125841, 0.98408, -0.125498)","(-0.374137, 0.821297, -0.430689)","(0.0692925, 0.859531, 0.506365)","(-0.263128, 0.9621, 0.0716095)","(-0.0896565, 0.990177, 0.107289)","(0.171357, -0.975934, -0.134871)","(-0.568337, -0.772154, 0.284203)","(0.313266, -0.94734, -0.0664186)","(-0.182161, -0.96175, 0.204584)",0
65.6,"(0.0160336, 0.00425882, -3.88792e-05)","(0.127024, 0.97856, -0.162128)","(-0.286631, 0.808934, -0.513292)","(0.218914, 0.822915, 0.524297)","(-0.220442, 0.975152, -0.0220153)","(0.018871, 0.991625, 0.127767)","(0.171394, -0.983054, -0.0650346)","(-0.555427, -0.775445, 0.300308)","(0.304626, -0.952461, -0.00455791)","(-0.110866, -0.97066, 0.213374)",0
65.6333,"(0.0146435, 0.00572542, -3.74506e-05)","(0.131908, 0.976302, -0.171565)","(-0.21247, 0.78016, -0.588394)","(0.291261, 0.799343, 0.525565)","(-0.192196, 0.973999, -0.119945)","(0.0938311, 0.987587, 0.125964)","(0.16818, -0.985756, -0.000572015)","(-0.538643, -0.790949, 0.290282)","(0.305803, -0.951299, 0.0389136)","(-0.0665371, -0.978541, 0.195015)",0
65.6667,"(0.0146435, 0.00572542, -3.74506e-05)","(0.137875, 0.975912, -0.169077)","(-0.181788, 0.756389, -0.628353)","(0.317919, 0.776738, 0.543696)","(-0.196532, 0.96535, -0.171682)","(0.108459, 0.982888, 0.14889)","(0.165305, -0.985523, 0.0376672)","(-0.521864, -0.80486, 0.282592)","(0.317107, -0.947168, 0.048114)","(-0.0430268, -0.982534, 0.181039)",0
65.7,"(0.012709, 0.00725737, -4.01961e-05)","(0.139259, 0.972207, -0.188205)","(-0.188949, 0.752956, -0.630362)","(0.298549, 0.770922, 0.562626)","(-0.221451, 0.965514, -0.136903)","(0.0683807, 0.983239, 0.169015)","(0.152834, -0.987901, 0.0263138)","(-0.519928, -0.774645, 0.36)","(0.350329, -0.935634, 0.0431161)","(-0.0323333, -0.971849, 0.233376)",0
65.7333,"(0.012709, 0.00725737, -4.01961e-05)","(0.138286, 0.969795, -0.200934)","(-0.21418, 0.776946, -0.592015)","(0.266396, 0.777417, 0.569786)","(-0.248946, 0.968471, 0.00949736)","(0.0206804, 0.984612, 0.173529)","(0.145602, -0.989259, 0.01292)","(-0.524813, -0.735783, 0.428012)","(0.380017, -0.924184, 0.0383469)","(-0.0312836, -0.96476, 0.261266)",0
65.7667,"(0.012709, 0.00725737, -4.01961e-05)","(0.138201, 0.974443, -0.17709)","(-0.274904, 0.805781, -0.524543)","(0.182916, 0.790149, 0.584984)","(-0.288439, 0.94719, 0.140124)","(-0.0493076, 0.981748, 0.183681)","(0.157921, -0.987426, -0.00708772)","(-0.531475, -0.707989, 0.465066)","(0.402247, -0.915495, 0.00811592)","(-0.0397513, -0.969285, 0.242705)",0
65.8,"(0.012709, 0.00725737, -4.01961e-05)","(0.13889, 0.983278, -0.117788)","(-0.342927, 0.811027, -0.473958)","(0.0534651, 0.799672, 0.598052)","(-0.336137, 0.918635, 0.207656)","(-0.12167, 0.973872, 0.191753)","(0.179896, -0.98306, -0.0350776)","(-0.533706, -0.7513, 0.388209)","(0.394274, -0.91792, -0.0443958)","(-0.0770934, -0.983969, 0.160818)",0
65.8333,"(0.0126959, 0.00447712, -4.14661e-05)","(0.139114, 0.988651, -0.0567157)","(-0.431091, 0.783379, -0.447748)","(-0.126189, 0.776108, 0.617845)","(-0.414468, 0.892562, 0.177621)","(-0.240887, 0.94269, 0.230886)","(0.198666, -0.977425, -0.0719139)","(-0.526179, -0.792143, 0.309265)","(0.379992, -0.920016, -0.0957945)","(-0.128216, -0.985362, 0.112348)",0
65.8667,"(0.0126959, 0.00447712, -4.14661e-05)","(0.14314, 0.989288, -0.0286245)","(-0.50091, 0.739109, -0.450341)","(-0.273707, 0.738495, 0.616205)","(-0.491814, 0.858564, 0.144872)","(-0.347508, 0.905631, 0.243044)","(0.201226, -0.975247, -0.0916574)","(-0.514352, -0.823208, 0.240354)","(0.363743, -0.92514, -0.108657)","(-0.186301, -0.9778, 0.0959079)",0
65.9,"(0.0132784, 0.00146323, -3.14566e-05)","(0.148793, 0.988667, -0.0199729)","(-0.555941, 0.704489, -0.441162)","(-0.360267, 0.707541, 0.607942)","(-0.55122, 0.825103, 0.123941)","(-0.425528, 0.872473, 0.240243)","(0.205725, -0.973497, -0.0999086)","(-0.505737, -0.838664, 0.202168)","(0.354912, -0.928182, -0.111874)","(-0.222273, -0.971391, 0.0836343)",0
65.9333,"(0.0132784, 0.00146323, -3.14566e-05)","(0.15204, 0.988196, -0.0187527)","(-0.585949, 0.692787, -0.420368)","(-0.382904, 0.713786, 0.586425)","(-0.567897, 0.811393, 0.138329)","(-0.458923, 0.859957, 0.223301)","(0.210736, -0.972578, -0.0984013)","(-0.501699, -0.84849, 0.168415)","(0.350516, -0.929343, -0.116018)","(-0.2471, -0.966809, 0.0649742)",0
65.9667,"(0.0132784, 0.00146323, -3.14566e-05)","(0.145378, 0.989137, -0.0217536)","(-0.588238, 0.702331, -0.400884)","(-0.353296, 0.76127, 0.543737)","(-0.543259, 0.826164, 0.149406)","(-0.448867, 0.881228, 0.148174)","(0.212, -0.972142, -0.0999754)","(-0.50744, -0.84785, 0.153801)","(0.348565, -0.929522, -0.120378)","(-0.270275, -0.960398, 0.0677342)",0
66,"(0.0146715, -0.000828767, -2.5539e-05)","(0.135191, 0.990584, -0.021583)","(-0.577785, 0.729473, -0.366106)","(-0.267956, 0.821038, 0.504079)","(-0.509029, 0.839543, 0.189885)","(-0.404053, 0.910566, 0.0872446)","(0.210357, -0.971987, -0.10484)","(-0.520172, -0.839845, 0.15518)","(0.343126, -0.931131, -0.123532)","(-0.289843, -0.953137, 0.0867259)",0
66.0333,"(0.0146715, -0.000828767, -2.5539e-05)","(0.120696, 0.992432, -0.0225936)","(-0.539488, 0.769949, -0.34078)","(-0.113722, 0.86599, 0.486959)","(-0.475817, 0.852866, 0.214982)","(-0.29923, 0.950801, 0.0802448)","(0.207256, -0.972354, -0.107579)","(-0.532984, -0.830899, 0.159797)","(0.335011, -0.935003, -0.116352)","(-0.29463, -0.949411, 0.108682)",0
66.0667,"(0.0146715, -0.000828767, -2.5539e-05)","(0.10392, 0.994025, -0.0333975)","(-0.499742, 0.801669, -0.328)","(0.0493903, 0.856035, 0.514552)","(-0.441294, 0.868368, 0.226268)","(-0.178451, 0.970646, 0.16125)","(0.204577, -0.9727, -0.109557)","(-0.538519, -0.825908, 0.166953)","(0.325966, -0.938713, -0.112086)","(-0.285424, -0.949255, 0.132091)",0
66.1,"(0.0146715, -0.000828767, -2.5539e-05)","(0.0888347, 0.99484, -0.0490014)","(-0.462383, 0.808058, -0.365027)","(0.187041, 0.823365, 0.535803)","(-0.354855, 0.92313, 0.148017)","(-0.0306171, 0.966258, 0.255748)","(0.201258, -0.9733, -0.110373)","(-0.543592, -0.821355, 0.172868)","(0.32266, -0.940178, -0.109342)","(-0.262005, -0.95361, 0.14826)",0
66.1333,"(0.0157853, 0.00108974, -2.9149e-05)","(0.080792, 0.994288, -0.0697411)","(-0.430223, 0.806163, -0.406213)","(0.281624, 0.807848, 0.517754)","(-0.222288, 0.971622, 0.0808584)","(0.0894784, 0.958841, 0.269477)","(0.198571, -0.975786, -0.0917162)","(-0.54637, -0.818435, 0.177891)","(0.322243, -0.942954, -0.0836471)","(-0.239139, -0.960176, 0.144483)",0
66.1667,"(0.0157853, 0.00108974, -2.9149e-05)","(0.0814795, 0.992103, -0.095358)","(-0.362371, 0.818133, -0.446481)","(0.374826, 0.795888, 0.475466)","(-0.0915085, 0.995649, 0.0175887)","(0.178393, 0.951513, 0.250595)","(0.194065, -0.979423, -0.0554043)","(-0.54609, -0.815777, 0.19051)","(0.316621, -0.947416, -0.0464082)","(-0.223887, -0.963631, 0.145908)",0
66.2,"(0.0157853, 0.00108974, -2.9149e-05)","(0.0845798, 0.989162, -0.120016)","(-0.270115, 0.848259, -0.455515)","(0.464992, 0.774327, 0.429185)","(-0.0464215, 0.998761, 0.0179069)","(0.234625, 0.948331, 0.213588)","(0.190636, -0.981598, -0.0111155)","(-0.539674, -0.816284, 0.205989)","(0.307585, -0.951504, -0.00555668)","(-0.224277, -0.963407, 0.146786)",0
66.2333,"(0.013651, 0.00209806, -3.52562e-05)","(0.08734, 0.986681, -0.137231)","(-0.204709, 0.86527, -0.457604)","(0.5266, 0.735576, 0.426168)","(-0.0575672, 0.99834, 0.00156013)","(0.2659, 0.938533, 0.220118)","(0.188412, -0.982034, 0.0104817)","(-0.534416, -0.817416, 0.215015)","(0.300603, -0.953749, 3.25996e-05)","(-0.228056, -0.962672, 0.145788)",0
66.2667,"(0.013651, 0.00209806, -3.52562e-05)","(0.0892241, 0.985919, -0.141435)","(-0.211174, 0.857253, -0.469599)","(0.570887, 0.680532, 0.459309)","(-0.0863773, 0.995986, -0.0234719)","(0.274392, 0.930038, 0.244415)","(0.186326, -0.982406, 0.0126472)","(-0.533115, -0.819492, 0.210288)","(0.301978, -0.953239, -0.01203)","(-0.228775, -0.964649, 0.130822)",0
66.3,"(0.013651, 0.00209806, -3.52562e-05)","(0.0890779, 0.985016, -0.147678)","(-0.295401, 0.798291, -0.524851)","(0.587095, 0.612631, 0.529153)","(-0.0869391, 0.990142, -0.109824)","(0.255224, 0.903939, 0.343155)","(0.173511, -0.984825, 0.00368412)","(-0.533194, -0.819427, 0.210342)","(0.307754, -0.951067, -0.0275395)","(-0.227582, -0.963073, 0.143861)",0
66.3333,"(0.013651, 0.00209806, -3.52562e-05)","(0.0894633, 0.983571, -0.156791)","(-0.455066, 0.672228, -0.583972)","(0.585102, 0.545052, 0.600478)","(-0.116302, 0.982202, -0.14749)","(0.262024, 0.857589, 0.442588)","(0.151109, -0.988505, -0.00479749)","(-0.532904, -0.818361, 0.21517)","(0.31001, -0.95014, -0.0335816)","(-0.217379, -0.961545, 0.167859)",0
66.3667,"(0.013651, 0.00209806, -3.52562e-05)","(0.0889814, 0.982471, -0.16381)","(-0.62049, 0.465693, -0.630969)","(0.490979, 0.424237, 0.760896)","(-0.270868, 0.947328, -0.17088)","(0.291723, 0.723361, 0.625817)","(0.124614, -0.992109, -0.0138062)","(-0.526234, -0.821652, 0.219011)","(0.299257, -0.953514, -0.0354583)","(-0.17548, -0.966432, 0.187659)",0
66.4,"(0.013651, 0.00209806, -3.52562e-05)","(0.0881713, 0.980956, -0.173063)","(-0.746704, 0.214365, -0.629667)","(0.360303, 0.269032, 0.893198)","(-0.541206, 0.813709, -0.212069)","(0.335779, 0.562876, 0.755264)","(0.108157, -0.993869, -0.0229543)","(-0.515444, -0.8226, 0.240097)","(0.285037, -0.957091, -0.0522605)","(-0.108777, -0.970729, 0.214131)",0
66.4333,"(0.0165897, 0.0032359, -1.49467e-05)","(0.0771781, 0.980849, -0.178824)","(-0.813419, -0.0762573, -0.576658)","(0.216813, 0.0987496, 0.971206)","(-0.852755, 0.482541, -0.199908)","(0.335249, 0.373293, 0.86502)","(0.0942159, -0.995115, -0.0294724)","(-0.50128, -0.825322, 0.259927)","(0.268294, -0.961008, -0.0669489)","(-0.0280332, -0.972907, 0.229489)",0
66.4667,"(0.0185291, 0.00476102, -1.1178e-05)","(0.0570744, 0.98647, -0.153686)","(-0.812182, -0.346545, -0.469326)","(0.0857863, 0.030963, 0.995832)","(-0.980366, 0.0845673, -0.178131)","(0.327629, 0.313561, 0.891257)","(0.0740381, -0.996328, -0.0430049)","(-0.46105, -0.855168, 0.236898)","(0.259803, -0.96187, -0.085495)","(0.0392735, -0.97967, 0.196735)",0
66.5,"(0.0202293, 0.00585406, -1.66749e-06)","(0.0370775, 0.99361, -0.106601)","(-0.734302, -0.605778, -0.306322)","(-0.26489, -0.203251, 0.942615)","(-0.955809, -0.289194, 0.0528839)","(-0.0913219, 0.225309, 0.969998)","(0.0567349, -0.996878, -0.0549076)","(-0.402114, -0.895396, 0.191232)","(0.24162, -0.966562, -0.0858902)","(0.0932882, -0.9864, 0.135322)",1
66.5333,"(0.0202293, 0.00585406, -1.66749e-06)","(0.0375161, 0.998249, -0.0457336)","(-0.64769, -0.732706, -0.208901)","(-0.615534, -0.268744, 0.740875)","(-0.836907, -0.520412, 0.16958)","(-0.187645, 0.633723, 0.750456)","(0.0475189, -0.996673, -0.0662203)","(-0.32983, -0.935042, 0.130036)","(0.233928, -0.968198, -0.0887149)","(0.140468, -0.988798, 0.0504678)",0
66.5667,"(0.0231622, 0.00598431, 2.06561e-05)","(0.0627952, 0.998026, -0.000917567)","(-0.590946, -0.791069, -0.158088)","(-0.866792, -0.258703, 0.426314)","(-0.678457, -0.696949, 0.232288)","(-0.23641, 0.951285, 0.197907)","(0.0412002, -0.99574, -0.082495)","(-0.283405, -0.956518, 0.0689548)","(0.226827, -0.966728, -0.118265)","(0.204422, -0.978703, -0.0187654)",0
66.6,"(0.0231622, 0.00598431, 2.06561e-05)","(0.0958878, 0.994898, 0.0313473)","(-0.732096, -0.64728, -0.212283)","(-0.961513, -0.0738762, 0.26464)","(-0.904927, -0.317677, 0.283174)","(0.114927, 0.953855, -0.277403)","(0.0313234, -0.995043, -0.0943867)","(-0.223873, -0.974532, -0.0129586)","(0.245159, -0.957845, -0.149769)","(0.26451, -0.959716, -0.0947648)",0
66.6333,"(0.0253248, 0.00696124, 2.58199e-05)","(0.120407, 0.991824, 0.0422783)","(-0.841187, -0.474363, -0.259585)","(-0.987716, -0.113308, 0.107607)","(-0.796978, 0.569886, 0.20014)","(-0.137309, 0.890924, -0.432899)","(0.0337293, -0.99411, -0.102997)","(-0.146759, -0.986859, -0.067607)","(0.248718, -0.953603, -0.169647)","(0.291623, -0.94941, -0.11652)",0
66.6667,"(0.02667, 0.00890006, 2.37518e-05)","(0.132904, 0.990341, 0.0395077)","(-0.836579, -0.448201, -0.315043)","(-0.969658, -0.24131, 0.0391495)","(-0.747183, 0.657408, 0.0976386)","(-0.454647, 0.675399, -0.580631)","(0.0498112, -0.994342, -0.0938221)","(-0.0677288, -0.995197, -0.0706749)","(0.242814, -0.957167, -0.157708)","(0.276388, -0.956793, -0.0903135)",0
66.7,"(0.0279258, 0.0112415, 1.97758e-05)","(0.134824, 0.990472, 0.0280589)","(-0.619243, -0.707231, -0.341119)","(-0.907109, -0.409754, 0.0962023)","(-0.997132, -0.0243905, 0.0716504)","(-0.765175, 0.336099, -0.549132)","(0.0567703, -0.994663, -0.0861517)","(-0.01083, -0.998597, -0.0518369)","(0.221997, -0.968224, -0.115154)","(0.253719, -0.965878, -0.0520236)",0
66.7333,"(0.0294898, 0.0136263, 2.3921e-05)","(0.129999, 0.991337, 0.0187265)","(-0.298299, -0.909321, -0.290092)","(-0.840716, -0.53515, 0.0825247)","(-0.802528, -0.591523, 0.0777744)","(-0.823564, -0.199462, -0.530997)","(0.0468134, -0.995798, -0.0787048)","(0.0230059, -0.99901, -0.0380656)","(0.212133, -0.974445, -0.0738629)","(0.247273, -0.968797, -0.0169884)",0
66.7667,"(0.0309994, 0.0159503, 2.87259e-05)","(0.116462, 0.993195, 0.000584749)","(-0.169646, -0.96306, -0.209129)","(-0.742922, -0.66334, 0.089705)","(-0.691262, -0.71246, 0.120655)","(-0.71894, -0.600396, -0.350213)","(0.031057, -0.996819, -0.0733978)","(0.0523496, -0.998234, -0.0280822)","(0.212706, -0.976594, -0.031935)","(0.250248, -0.968169, 0.00492167)",0
66.8,"(0.0309994, 0.0159503, 2.87259e-05)","(0.10376, 0.994507, -0.0137846)","(-0.21917, -0.964181, -0.149396)","(-0.645791, -0.759333, 0.0797895)","(-0.663543, -0.728264, 0.171296)","(-0.523539, -0.810809, -0.261717)","(0.0269349, -0.99733, -0.067875)","(0.0594206, -0.998001, -0.0215261)","(0.213801, -0.976611, -0.0228092)","(0.245886, -0.969141, 0.0174818)",0
66.8333,"(0.0328381, 0.0168706, 3.59436e-05)","(0.0953636, 0.995132, -0.0248635)","(-0.258152, -0.959867, -0.109602)","(-0.57371, -0.81735, 0.0528798)","(-0.668484, -0.726734, 0.158073)","(-0.352117, -0.876698, -0.327741)","(0.023613, -0.997701, -0.0635303)","(0.0605848, -0.997848, -0.025073)","(0.209412, -0.977535, -0.0239102)","(0.239699, -0.970805, 0.00906587)",0
66.8667,"(0.0328381, 0.0168706, 3.59436e-05)","(0.0918978, 0.995447, -0.0253151)","(-0.216448, -0.971153, -0.100062)","(-0.538073, -0.842676, 0.0193657)","(-0.615702, -0.775666, 0.138759)","(-0.243107, -0.839904, -0.485242)","(0.025637, -0.998106, -0.0559143)","(0.0495861, -0.998235, -0.0326736)","(0.199102, -0.979505, -0.0304653)","(0.2282, -0.973614, -0.000797557)",0
66.9,"(0.0344818, 0.0150774, 2.57799e-05)","(0.0911695, 0.99577, -0.0114541)","(-0.168379, -0.981413, -0.0920653)","(-0.536756, -0.843357, -0.0253504)","(-0.596536, -0.793719, 0.11897)","(-0.195343, -0.782116, -0.591722)","(0.0284463, -0.998303, -0.0508195)","(0.0384565, -0.998143, -0.0472444)","(0.182383, -0.982027, -0.0485841)","(0.226157, -0.97392, -0.0182416)",0
66.9333,"(0.0358534, 0.011676, 1.79326e-05)","(0.0818806, 0.996638, 0.00294759)","(-0.146121, -0.983845, -0.103427)","(-0.497488, -0.865685, -0.0556302)","(-0.581452, -0.806802, 0.104808)","(-0.273838, -0.660633, -0.698983)","(0.033666, -0.998119, -0.0512327)","(0.00732818, -0.997666, -0.0678942)","(0.169893, -0.982245, -0.0795699)","(0.233472, -0.97124, -0.0467425)",0
66.9667,"(0.0373897, 0.00860209, 1.13347e-05)","(0.0609163, 0.997953, 0.0194875)","(0, 0, 0)","(-0.403066, -0.910833, -0.0890038)","(0, 0, 0)","(-0.442748, -0.545177, -0.711869)","(0.0275272, -0.997132, -0.0705045)","(-0.0379703, -0.995147, -0.0907743)","(0.175758, -0.977156, -0.119483)","(0.246756, -0.965241, -0.0861511)",0
67,"(0.0391635, 0.00526686, 2.23978e-06)","(0.0383459, 0.998897, 0.0270912)","(0, 0, 0)","(-0.26813, -0.956314, -0.11649)","(0, 0, 0)","(-0.612938, -0.341924, -0.712316)","(0.011971, -0.995932, -0.0893132)","(-0.0811554, -0.990657, -0.109599)","(0.197358, -0.969352, -0.146307)","(0.253346, -0.959855, -0.12039)",0
67.0333,"(0.0411886, -8.36253e-05, -3.61786e-06)","(0.0193087, 0.998399, 0.0531562)","(0, 0, 0)","(-0.184796, -0.972094, -0.144514)","(0, 0, 0)","(-0.712442, -0.151923, -0.685088)","(-0.00518072, -0.994161, -0.107786)","(-0.113345, -0.986598, -0.117376)","(0.211417, -0.963583, -0.163738)","(0.244856, -0.959232, -0.141137)",0
67.0667,"(0.0427059, -0.00552973, -9.61744e-06)","(0.00596826, 0.996424, 0.0842815)","(0, 0, 0)","(-0.171344, -0.969577, -0.174816)","(0, 0, 0)","(-0.725965, 0.0202824, -0.687432)","(-0.0257569, -0.992896, -0.116164)","(-0.141033, -0.982453, -0.122051)","(0.220862, -0.960119, -0.171441)","(0.245468, -0.958027, -0.148083)",0
67.1,"(0.0436728, -0.0113441, -1.53667e-05)","(-0.00341331, 0.99247, 0.122441)","(0, 0, 0)","(-0.144148, -0.980574, -0.133028)","(0, 0, 0)","(-0.857862, 0.0456454, -0.511849)","(-0.0374674, -0.99136, -0.125703)","(-0.172961, -0.977306, -0.122299)","(0.212118, -0.958474, -0.190612)","(0.261885, -0.953357, -0.150092)",0
67.1333,"(0.0445806, -0.0186726, -2.11003e-05)","(-0.00542353, 0.989251, 0.146127)","(0, 0, 0)","(-0.144735, -0.986341, -0.0786274)","(0, 0, 0)","(-0.917313, -0.177627, -0.356351)","(-0.0487036, -0.989444, -0.136488)","(-0.210705, -0.970244, -0.119291)","(0.207613, -0.954104, -0.21583)","(0.296926, -0.941737, -0.158005)",0
67.1667,"(0.0451588, -0.0259675, -2.32297e-05)","(-0.00548801, 0.986759, 0.162099)","(0, 0, 0)","(-0.12437, -0.992235, -0.00137023)","(0, 0, 0)","(-0.854394, -0.500411, -0.139996)","(-0.0457301, -0.987869, -0.148406)","(-0.255982, -0.960357, -0.110399)","(0.202881, -0.949388, -0.239793)","(0.325048, -0.930189, -0.170564)",0
67.2,"(0.0449369, -0.0321158, -2.46482e-05)","(-0.00559495, 0.984135, 0.177334)","(-0.736723, -0.651121, 0.18243)","(-0.0975895, -0.995218, 0.00407924)","(0.0370465, 0.696263, 0.716831)","(-0.669147, -0.733382, -0.119967)","(-0.030938, -0.986635, -0.15998)","(-0.295071, -0.950131, -0.100916)","(0.207303, -0.946891, -0.245809)","(0.334073, -0.924746, -0.182318)",0
67.2333,"(0.0445998, -0.0357137, -2.09416e-05)","(-0.00242055, 0.982133, 0.188171)","(-0.776567, -0.579756, 0.246632)","(-0.0323032, -0.999359, 0.0154316)","(0.0929549, 0.657737, 0.74749)","(-0.50427, -0.859693, -0.0814838)","(-0.0134704, -0.986128, -0.165437)","(-0.318705, -0.943372, -0.0920672)","(0.213553, -0.946922, -0.240279)","(0.335775, -0.924304, -0.18143)",0
67.2667,"(0.0445998, -0.0357137, -2.09416e-05)","(0.00878507, 0.980857, 0.19453)","(-0.776532, -0.559044, 0.290635)","(0.0567965, -0.998386, 0.000191129)","(0.128282, 0.62588, 0.769297)","(-0.357761, -0.930517, -0.0783874)","(0.00154513, -0.987784, -0.155824)","(-0.319836, -0.945015, -0.0681991)","(0.213757, -0.950888, -0.223874)","(0.346982, -0.924121, -0.160012)",0
67.3,"(0.0445998, -0.0357137, -2.09416e-05)","(0.0162943, 0.982038, 0.187977)","(-0.778649, -0.503297, 0.374697)","(0.128811, -0.991276, -0.0279053)","(0.200015, 0.553228, 0.808661)","(-0.228376, -0.97004, -0.082868)","(-0.000253873, -0.993827, -0.110937)","(-0.319937, -0.946854, -0.0332851)","(0.224329, -0.953824, -0.199742)","(0.363998, -0.922036, -0.131735)",0
67.3333,"(0.0445998, -0.0357137, -2.09416e-05)","(0.0159737, 0.98696, 0.160169)","(-0.774824, -0.492914, 0.395833)","(0.221688, -0.972322, -0.073789)","(0.247673, 0.516812, 0.81949)","(-0.0900483, -0.994648, -0.0506569)","(-0.00348698, -0.998175, -0.0602909)","(-0.325727, -0.945432, 0.00778161)","(0.24231, -0.957167, -0.158482)","(0.376068, -0.921667, -0.0954065)",0
67.3667,"(0.0454458, -0.0301578, 1.07528e-05)","(0.013778, 0.994988, 0.0990421)","(-0.765909, -0.456437, 0.452823)","(0.300761, -0.948881, -0.0957506)","(0.292556, 0.505848, 0.811498)","(0.0612541, -0.997302, -0.0404636)","(-0.0118687, -0.9999, -0.00774073)","(-0.332912, -0.942435, 0.0314037)","(0.266075, -0.957674, -0.109839)","(0.373113, -0.925414, -0.0663025)",0
67.4,"(0.0462917, -0.0264632, 1.57518e-05)","(0.0148986, 0.99917, 0.0379062)","(-0.762605, -0.417322, 0.494243)","(0.39297, -0.913785, -0.102821)","(0.327985, 0.529246, 0.782511)","(0.202837, -0.978704, -0.0315519)","(-0.0149646, -0.999796, 0.0135476)","(-0.326473, -0.944222, 0.0431299)","(0.277067, -0.958058, -0.0732077)","(0.357638, -0.933002, -0.0400228)",0
67.4333,"(0.0468486, -0.0218874, 1.7607e-05)","(0.0166862, 0.999842, -0.0061196)","(-0.736675, -0.375329, 0.562528)","(0.471103, -0.878173, -0.08291)","(0.34484, 0.54881, 0.761507)","(0.365798, -0.93051, -0.0185473)","(-0.0217514, -0.999256, 0.0318541)","(-0.310209, -0.949479, 0.0475273)","(0.286592, -0.956391, -0.0563979)","(0.339828, -0.940194, -0.0234921)",0
67.4667,"(0.0471604, -0.0170069, 1.70277e-05)","(0.0187234, 0.9995, -0.0254753)","(-0.738969, -0.368649, 0.563935)","(0.538955, -0.838343, -0.0819088)","(0.348525, 0.558175, 0.752975)","(0.489556, -0.871688, 0.022243)","(-0.0243161, -0.998753, 0.0436117)","(-0.277509, -0.959345, 0.0514457)","(0.292245, -0.954552, -0.0585085)","(0.318158, -0.947911, -0.0154686)",0
67.5,"(0.047243, -0.0123357, 1.37606e-05)","(0.0184528, 0.998892, -0.043284)","(-0.757506, -0.38415, 0.527839)","(0.568588, -0.817544, -0.0912658)","(0.350526, 0.576003, 0.73848)","(0.601038, -0.798297, 0.0384039)","(-0.0363061, -0.997658, 0.0579662)","(-0.236505, -0.970029, 0.0557641)","(0.29818, -0.951764, -0.0723478)","(0.311305, -0.950221, -0.0130244)",0
67.5333,"(0.0472822, -0.00904676, 1.06049e-05)","(0.0214367, 0.998182, -0.0563374)","(-0.780492, -0.422628, 0.460671)","(0.559474, -0.819721, -0.122661)","(0.363015, 0.605518, 0.708215)","(0.663693, -0.7458, 0.0573926)","(-0.0385387, -0.99723, 0.0636145)","(-0.184698, -0.980996, 0.0594368)","(0.293545, -0.951891, -0.0879499)","(0.299123, -0.954157, -0.010487)",0
67.5667,"(0.047508, -0.00676087, 8.75327e-06)","(0.0222966, 0.998375, -0.0524419)","(-0.77335, -0.448647, 0.447934)","(0.495079, -0.856513, -0.145883)","(0.357964, 0.601363, 0.7143)","(0.680806, -0.721992, 0.123411)","(-0.0735455, -0.995309, 0.0628517)","(-0.153309, -0.986285, 0.0611424)","(0.307859, -0.945473, -0.106316)","(0.295249, -0.95534, -0.0124173)",0
67.6,"(0.047508, -0.00676087, 8.75327e-06)","(0.021305, 0.999689, -0.0129759)","(-0.750781, -0.467965, 0.466194)","(0.355324, -0.923371, -0.145365)","(0.342349, 0.57606, 0.742261)","(0.724472, -0.666985, 0.173988)","(-0.120771, -0.990833, 0.0605299)","(-0.144255, -0.98785, 0.0578168)","(0.319596, -0.939597, -0.122538)","(0.287431, -0.957367, -0.0288458)",0
67.6333,"(0.0480601, -0.0127109, 1.09892e-05)","(0.0160529, 0.998787, 0.0465391)","(-0.722699, -0.475528, 0.501578)","(0.200646, -0.974151, -0.103784)","(0.320647, 0.535227, 0.781484)","(0.648452, -0.72807, 0.222314)","(-0.178482, -0.982311, 0.0566448)","(-0.156682, -0.986906, 0.0383089)","(0.336465, -0.925801, -0.172288)","(0.291321, -0.954145, -0.0688428)",0
67.6667,"(0.0484363, -0.0191802, 1.45895e-05)","(0.0132977, 0.994601, 0.102919)","(-0.719422, -0.482308, 0.499811)","(0.0724977, -0.995572, -0.0598429)","(0.326178, 0.537583, 0.777568)","(0.502308, -0.847385, 0.172118)","(-0.208725, -0.977203, 0.038824)","(-0.162094, -0.986693, 0.0127122)","(0.331188, -0.915868, -0.226936)","(0.293848, -0.949177, -0.112769)",0
67.7,"(0.0487541, -0.0256692, 1.74095e-05)","(0.0128276, 0.991261, 0.131288)","(-0.724115, -0.48095, 0.494311)","(-0.0342807, -0.998639, -0.0393133)","(0.338449, 0.552642, 0.761604)","(0.206325, -0.973423, 0.0993832)","(-0.226447, -0.973958, 0.011309)","(-0.164863, -0.986249, -0.0115388)","(0.326576, -0.902332, -0.281327)","(0.299279, -0.94302, -0.145413)",0
67.7333,"(0.0489742, -0.0328375, 1.87408e-05)","(0.0163427, 0.989904, 0.140793)","(-0.748284, -0.46795, 0.470207)","(-0.144009, -0.988771, -0.0399079)","(0.384412, 0.639462, 0.665819)","(-0.0278716, -0.99961, 0.00163094)","(-0.230828, -0.972934, -0.0108713)","(-0.161346, -0.986325, -0.0336311)","(0.321511, -0.900863, -0.291679)","(0.296817, -0.936631, -0.186071)",0
67.7667,"(0.0489077, -0.0375066, 1.91114e-05)","(0.0169832, 0.988443, 0.15064)","(-0.794785, -0.472647, 0.380686)","(-0.272661, -0.961316, -0.0390889)","(0.42106, 0.745875, 0.516119)","(-0.200829, -0.976675, -0.0759785)","(-0.228256, -0.973391, -0.0202029)","(-0.160281, -0.985185, -0.0610014)","(0.318239, -0.899575, -0.299147)","(0.280593, -0.930853, -0.234053)",0
67.8,"(0.0483077, -0.0394978, 1.92757e-05)","(0.0254116, 0.987635, 0.154701)","(-0.811906, -0.50858, 0.286628)","(-0.346405, -0.937204, -0.0406549)","(0.400017, 0.82196, 0.405424)","(-0.342466, -0.925691, -0.160666)","(-0.196352, -0.98016, -0.0270702)","(-0.155009, -0.983915, -0.0887897)","(0.316478, -0.900443, -0.298402)","(0.259364, -0.924983, -0.277735)",0
67.8333,"(0.0483077, -0.0394978, 1.92757e-05)","(0.0410986, 0.986685, 0.157362)","(-0.759412, -0.587615, 0.279289)","(-0.41707, -0.908147, -0.0363634)","(0.323409, 0.815271, 0.480354)","(-0.488216, -0.839205, -0.239543)","(-0.140008, -0.989612, -0.0326567)","(-0.152451, -0.984451, -0.0872583)","(0.295669, -0.905921, -0.303129)","(0.246902, -0.925034, -0.288707)",0
67.8667,"(0.0449201, -0.0387629, 1.93141e-05)","(0.0639006, 0.986923, 0.147989)","(-0.669247, -0.657268, 0.346565)","(-0.471314, -0.881621, -0.0246424)","(0.231534, 0.753367, 0.615492)","(-0.612358, -0.737909, -0.283739)","(-0.0538215, -0.997415, -0.0476118)","(-0.149377, -0.987358, -0.0530097)","(0.259102, -0.922868, -0.284922)","(0.244675, -0.93587, -0.25354)",0
67.9,"(0.0422859, -0.0373557, 2.13354e-05)","(0.0817624, 0.986974, 0.138557)","(-0.574477, -0.699367, 0.425279)","(-0.546904, -0.837184, 0.00445447)","(0.172609, 0.678693, 0.71385)","(-0.723511, -0.624059, -0.295096)","(0.00754653, -0.998644, -0.0515098)","(-0.149452, -0.988764, 0.00316262)","(0.236472, -0.939071, -0.249453)","(0.232952, -0.950277, -0.206657)",0
67.9333,"(0.0393407, -0.036341, 2.51214e-05)","(0.0993896, 0.987248, 0.124353)","(-0.526282, -0.715013, 0.4602)","(-0.607703, -0.793785, 0.0245453)","(0.143797, 0.656428, 0.740557)","(-0.800496, -0.51704, -0.303111)","(0.0319197, -0.998358, -0.0475551)","(-0.152376, -0.987151, 0.0481023)","(0.248632, -0.944336, -0.215432)","(0.221912, -0.960515, -0.167829)",0
67.9667,"(0.0367076, -0.0362364, 2.87614e-05)","(0.118885, 0.986001, 0.11691)","(-0.486862, -0.726601, 0.484785)","(-0.64921, -0.759924, 0.0322748)","(0.109963, 0.656363, 0.746388)","(-0.84237, -0.403179, -0.357575)","(0.0196305, -0.999267, -0.0328537)","(-0.186512, -0.980283, 0.0652639)","(0.289602, -0.931929, -0.218265)","(0.249887, -0.950149, -0.186478)",0
68,"(0.0367076, -0.0362364, 2.87614e-05)","(0.137807, 0.984245, 0.110774)","(-0.45809, -0.732715, 0.503271)","(-0.663103, -0.748212, 0.0217525)","(0.0796883, 0.667832, 0.740034)","(-0.839213, -0.328958, -0.433022)","(-0.00857749, -0.999453, -0.0319508)","(-0.236513, -0.969905, 0.0578426)","(0.332411, -0.90598, -0.262114)","(0.313403, -0.918722, -0.240267)",0
68.0333,"(0.0334086, -0.0373474, 3.20291e-05)","(0.145976, 0.983357, 0.108167)","(-0.432782, -0.745249, 0.507252)","(-0.644196, -0.764813, 0.00853306)","(0.0533044, 0.679968, 0.731302)","(-0.81264, -0.317482, -0.488694)","(-0.0416465, -0.998244, -0.0421191)","(-0.294109, -0.954588, 0.0475652)","(0.370164, -0.877458, -0.305035)","(0.386222, -0.876669, -0.286851)",0
68.0667,"(0.0334086, -0.0373474, 3.20291e-05)","(0.145239, 0.983069, 0.111714)","(-0.4198, -0.753864, 0.505428)","(-0.615585, -0.787911, -0.0158637)","(0.0428182, 0.687343, 0.725069)","(-0.789494, -0.338048, -0.512272)","(-0.076689, -0.994905, -0.0654384)","(-0.320816, -0.946487, 0.0351998)","(0.394973, -0.860628, -0.321429)","(0.430453, -0.850135, -0.303284)",0
68.1,"(0.0334086, -0.0373474, 3.20291e-05)","(0.135291, 0.98382, 0.11745)","(-0.439568, -0.754409, 0.487491)","(-0.54921, -0.834645, -0.0416728)","(0.0400486, 0.696889, 0.71606)","(-0.746701, -0.456217, -0.484049)","(-0.0913507, -0.990677, -0.101061)","(-0.328199, -0.944472, 0.0160531)","(0.39061, -0.865809, -0.312728)","(0.453953, -0.843775, -0.286303)",0
68.1333,"(0.0334086, -0.0373474, 3.20291e-05)","(0.127118, 0.985293, 0.114188)","(-0.475603, -0.746405, 0.465491)","(-0.439728, -0.894661, -0.0788738)","(0.0470442, 0.69768, 0.714863)","(-0.644687, -0.624209, -0.441296)","(-0.0944421, -0.987043, -0.129714)","(-0.317999, -0.948075, -0.00560281)","(0.374395, -0.876891, -0.30148)","(0.469205, -0.842364, -0.265084)",0
68.1667,"(0.0334086, -0.0373474, 3.20291e-05)","(0.114361, 0.990666, 0.0741765)","(-0.490232, -0.745274, 0.451928)","(-0.264799, -0.958969, -0.101294)","(0.0576271, 0.702069, 0.709773)","(-0.442213, -0.823871, -0.35452)","(-0.0870834, -0.987628, -0.130411)","(-0.279184, -0.959846, -0.0274275)","(0.360593, -0.88442, -0.296267)","(0.443875, -0.861864, -0.245285)",0
68.2,"(0.0359586, -0.0350885, 1.49326e-05)","(0.0998706, 0.994369, 0.0354349)","(-0.477049, -0.736721, 0.479236)","(-0.0783893, -0.989663, -0.120093)","(0.0879591, 0.66063, 0.74554)","(-0.220454, -0.935255, -0.276943)","(-0.0655827, -0.992564, -0.102545)","(-0.236251, -0.970905, -0.0391036)","(0.357379, -0.895427, -0.265501)","(0.399852, -0.889243, -0.222184)",0
68.2333,"(0.0362737, -0.0317893, 1.57164e-05)","(0.0822062, 0.996595, 0.00630545)","(-0.481756, -0.725621, 0.49131)","(0.109165, -0.986302, -0.123657)","(0.129345, 0.615648, 0.777334)","(0.019407, -0.977224, -0.211324)","(-0.0367572, -0.996423, -0.0760984)","(-0.184416, -0.98161, -0.0493313)","(0.351155, -0.907851, -0.229124)","(0.329151, -0.924868, -0.190469)",0
68.2667,"(0.0365136, -0.0277266, 1.57166e-05)","(0.0658682, 0.997827, 0.00186952)","(-0.544043, -0.697615, 0.466209)","(0.252132, -0.959811, -0.123257)","(0.184217, 0.565486, 0.803922)","(0.234698, -0.961238, -0.144702)","(-0.00922473, -0.997814, -0.0654375)","(-0.153704, -0.987417, -0.0371911)","(0.332882, -0.923287, -0.191652)","(0.291486, -0.948745, -0.122145)",0
68.3,"(0.0367334, -0.023483, 1.73648e-05)","(0.056449, 0.998364, -0.00906275)","(-0.620045, -0.669378, 0.40924)","(0.336775, -0.93145, -0.137782)","(0.232393, 0.563398, 0.792828)","(0.43654, -0.895911, -0.0823168)","(0.00396685, -0.997737, -0.0671246)","(-0.121844, -0.992515, -0.00824249)","(0.296769, -0.935698, -0.19078)","(0.277616, -0.958854, -0.0593944)",0
68.3333,"(0.0369241, -0.0202383, 1.70173e-05)","(0.0489759, 0.998793, 0.00360309)","(-0.671789, -0.640008, 0.372946)","(0.319771, -0.92912, -0.185695)","(0.255384, 0.558217, 0.789413)","(0.553685, -0.832715, 0.00430567)","(0.008009, -0.997631, -0.0683261)","(-0.0981984, -0.994958, 0.0203708)","(0.247357, -0.94839, -0.19842)","(0.275554, -0.961029, -0.022209)",0
68.3667,"(0.0369241, -0.0202383, 1.70173e-05)","(0.0418097, 0.998758, 0.027095)","(-0.668524, -0.626496, 0.400722)","(0.274934, -0.935772, -0.220774)","(0.249111, 0.540025, 0.803938)","(0.541668, -0.838681, 0.0566583)","(-0.0349503, -0.99892, -0.0306242)","(-0.083355, -0.995666, 0.0412409)","(0.229577, -0.953753, -0.194033)","(0.276989, -0.960511, -0.0263621)",0
68.4,"(0.0369241, -0.0202383, 1.70173e-05)","(0.0360526, 0.996594, 0.0741709)","(-0.645873, -0.618432, 0.447649)","(0.225918, -0.953039, -0.201688)","(0.225859, 0.522176, 0.822387)","(0.458895, -0.886045, 0.0658813)","(-0.103191, -0.99461, 0.010142)","(-0.072811, -0.996477, 0.041613)","(0.232701, -0.952392, -0.196979)","(0.277697, -0.958051, -0.0708712)",0
68.4333,"(0.0369241, -0.0202383, 1.70173e-05)","(0.0315144, 0.993732, 0.107252)","(-0.622668, -0.611425, 0.488307)","(0.136918, -0.981092, -0.136794)","(0.230208, 0.530047, 0.816122)","(0.284441, -0.958692, -0.0015316)","(-0.167267, -0.98508, 0.0404824)","(-0.0653408, -0.997401, 0.0303511)","(0.232862, -0.952964, -0.193997)","(0.293046, -0.949959, -0.108173)",0
68.4667,"(0.0338764, -0.0205892, 2.02158e-05)","(0.0348125, 0.990311, 0.134432)","(-0.627387, -0.60028, 0.496033)","(0.0040178, -0.997493, -0.070652)","(0.263488, 0.617172, 0.741399)","(0.0456513, -0.99683, -0.0651613)","(-0.184352, -0.982457, 0.028151)","(-0.0460468, -0.998937, 0.00211037)","(0.212417, -0.95559, -0.204269)","(0.291444, -0.942762, -0.162048)",0
68.5,"(0.0319056, -0.0225338, 2.17516e-05)","(0.0421852, 0.989326, 0.139476)","(-0.658188, -0.6035, 0.450085)","(-0.152134, -0.987782, -0.0338082)","(0.298138, 0.709773, 0.638229)","(-0.248142, -0.963027, -0.104902)","(-0.182067, -0.983209, 0.0122963)","(-0.0363161, -0.999137, -0.0201742)","(0.204381, -0.958124, -0.200566)","(0.29222, -0.932564, -0.211972)",0
68.5333,"(0.0293586, -0.0242409, 2.34605e-05)","(0.0595351, 0.988969, 0.135631)","(-0.664492, -0.622159, 0.413966)","(-0.276466, -0.960916, 0.014353)","(0.293107, 0.780365, 0.552376)","(-0.545813, -0.828139, -0.12757)","(-0.168189, -0.985649, -0.0144584)","(-0.0355483, -0.998923, -0.0298046)","(0.208678, -0.952201, -0.223084)","(0.285898, -0.918724, -0.272412)",0
68.5667,"(0.0264087, -0.0251479, 3.03462e-05)","(0.0839519, 0.988616, 0.124864)","(-0.628532, -0.665829, 0.402018)","(-0.40937, -0.911311, 0.0439145)","(0.238962, 0.794829, 0.557803)","(-0.739444, -0.65491, -0.155931)","(-0.152168, -0.987949, -0.0283117)","(-0.0656549, -0.9977, -0.0168592)","(0.212278, -0.942584, -0.257826)","(0.292279, -0.896586, -0.332726)",0
68.6,"(0.0235297, -0.025784, 3.42985e-05)","(0.111878, 0.987679, 0.109427)","(-0.563761, -0.701188, 0.436473)","(-0.53288, -0.843607, 0.0660831)","(0.178817, 0.77914, 0.600804)","(-0.855627, -0.483034, -0.185958)","(-0.131467, -0.990012, -0.0509152)","(-0.147718, -0.987441, 0.0560301)","(0.210925, -0.930523, -0.299397)","(0.368545, -0.821176, -0.435711)",0
68.6333,"(0.020908, -0.026079, 3.52634e-05)","(0.136068, 0.987269, 0.0823712)","(-0.506146, -0.721426, 0.472611)","(-0.600602, -0.797106, 0.0624437)","(0.130685, 0.745457, 0.653617)","(-0.891789, -0.395329, -0.220063)","(-0.108622, -0.99136, -0.0735223)","(-0.260951, -0.956664, 0.129224)","(0.23411, -0.925574, -0.297497)","(0.449837, -0.738215, -0.502678)",0
68.6667,"(0.018856, -0.025534, 2.87614e-05)","(0.147171, 0.987701, 0.0528032)","(-0.479184, -0.728437, 0.489655)","(-0.611569, -0.787072, 0.0806297)","(0.114206, 0.702409, 0.702551)","(-0.885864, -0.395228, -0.242982)","(-0.0817464, -0.990689, -0.108872)","(-0.365147, -0.912246, 0.185673)","(0.262819, -0.922697, -0.282059)","(0.503383, -0.683337, -0.528825)",0
68.7,"(0.018856, -0.025534, 2.87614e-05)","(0.149212, 0.988427, 0.0273534)","(-0.465109, -0.735769, 0.492258)","(-0.579458, -0.810182, 0.0885123)","(0.100506, 0.67412, 0.731752)","(-0.849586, -0.46111, -0.256089)","(-0.0486899, -0.990824, -0.126086)","(-0.419806, -0.890461, 0.17562)","(0.271164, -0.927677, -0.256681)","(0.471736, -0.747062, -0.468364)",0
68.7333,"(0.018856, -0.025534, 2.87614e-05)","(0.145026, 0.989398, 0.00764766)","(-0.502418, -0.739835, 0.44746)","(-0.481968, -0.873844, 0.06406)","(0.10011, 0.687639, 0.719118)","(-0.758446, -0.608499, -0.23343)","(-0.0389086, -0.991404, -0.124913)","(-0.419716, -0.897227, 0.137196)","(0.256897, -0.93317, -0.251389)","(0.410037, -0.830589, -0.376817)",0
68.7667,"(0.018856, -0.025534, 2.87614e-05)","(0.142709, 0.989689, -0.0122684)","(-0.532819, -0.726639, 0.433704)","(-0.33434, -0.942426, -0.00710357)","(0.0980889, 0.679297, 0.727278)","(-0.547342, -0.803732, -0.233306)","(-0.0382933, -0.99271, -0.114279)","(-0.4014, -0.912988, 0.0730125)","(0.23616, -0.947669, -0.214829)","(0.37757, -0.887923, -0.262741)",0
68.8,"(0.018856, -0.025534, 2.87614e-05)","(0.13844, 0.99036, -0.00466621)","(-0.560973, -0.695599, 0.448834)","(-0.0979282, -0.99379, -0.052835)","(0.114989, 0.6313, 0.766967)","(-0.279397, -0.937368, -0.208035)","(-0.0455156, -0.993486, -0.104465)","(-0.365745, -0.93058, 0.015876)","(0.224333, -0.958641, -0.175161)","(0.359728, -0.916867, -0.173062)",0
68.8333,"(0.018856, -0.025534, 2.87614e-05)","(0.129349, 0.99144, 0.0177631)","(-0.54912, -0.669899, 0.499702)","(0.1147, -0.991316, -0.0643159)","(0.127832, 0.5376, 0.833454)","(-0.012145, -0.980981, -0.193721)","(-0.0458262, -0.994377, -0.0954666)","(-0.352226, -0.935864, -0.00975612)","(0.220268, -0.960691, -0.168981)","(0.359935, -0.923116, -0.13529)",0
68.8667,"(0.018856, -0.025534, 2.87614e-05)","(0.12037, 0.991074, 0.0572983)","(-0.559797, -0.656759, 0.505268)","(0.31256, -0.947866, -0.0621053)","(0.140665, 0.484286, 0.863528)","(0.115114, -0.990979, -0.0686276)","(-0.0428688, -0.993472, -0.105712)","(-0.355383, -0.934706, -0.0052619)","(0.244061, -0.940921, -0.234737)","(0.371018, -0.912824, -0.170583)",0
68.9,"(0.018856, -0.025534, 2.87614e-05)","(0.116288, 0.990059, 0.0791221)","(-0.574799, -0.660078, 0.483636)","(0.431207, -0.90216, 0.0129686)","(0.117928, 0.467003, 0.876357)","(0.227934, -0.950178, 0.212619)","(-0.0375364, -0.991788, -0.122264)","(-0.380629, -0.924301, 0.0280856)","(0.280788, -0.915166, -0.289186)","(0.464797, -0.852606, -0.238803)",0
68.9333,"(0.0211164, -0.0280349, 2.06544e-06)","(0.114666, 0.989339, 0.0897721)","(-0.580208, -0.680487, 0.447545)","(0.45294, -0.88589, 0.100225)","(0.068249, 0.467703, 0.881247)","(0.313607, -0.746924, 0.586306)","(-0.038925, -0.9895, -0.139191)","(-0.401764, -0.912579, 0.0760691)","(0.28943, -0.90633, -0.307888)","(0.641262, -0.704479, -0.304125)",0
68.9667,"(0.022725, -0.0294905, -8.2715e-06)","(0.107689, 0.991593, 0.0717329)","(-0.553821, -0.731868, 0.397054)","(0.401589, -0.877948, 0.260639)","(0.00801848, 0.45579, 0.890051)","(0.381131, -0.458082, 0.803057)","(-0.0440188, -0.988745, -0.142989)","(-0.392702, -0.906366, 0.15584)","(0.250638, -0.920722, -0.299083)","(0.792608, -0.504326, -0.342678)",0
69,"(0.0249196, -0.02973, -1.76663e-05)","(0.0893096, 0.995408, 0.0344476)","(-0.486733, -0.802963, 0.344007)","(0.338285, -0.884785, 0.320499)","(-0.049036, 0.422271, 0.905143)","(0.374881, -0.307664, 0.874533)","(-0.0490635, -0.988197, -0.145122)","(-0.357974, -0.904847, 0.230449)","(0.201573, -0.932356, -0.300134)","(0.86849, -0.365093, -0.33531)",0
69.0333,"(0.0280008, -0.0301911, -1.94455e-05)","(0.0666255, 0.99776, -0.00593111)","(-0.406501, -0.867767, 0.285896)","(0.321109, -0.886769, 0.332462)","(-0.0957911, 0.338186, 0.936191)","(0.298165, -0.33283, 0.894607)","(-0.0446734, -0.987831, -0.14898)","(-0.302142, -0.906188, 0.295861)","(0.178617, -0.934652, -0.307445)","(0.881918, -0.326788, -0.33975)",0
69.0667,"(0.0316146, -0.0304942, -2.07028e-05)","(0.0398916, 0.999069, -0.016408)","(-0.306954, -0.921902, 0.236379)","(0.337943, -0.913904, 0.224887)","(-0.139601, 0.162408, 0.976799)","(0.145701, -0.541717, 0.827837)","(-0.0396037, -0.993653, -0.10529)","(-0.210256, -0.92593, 0.313761)","(0.152516, -0.937482, -0.312835)","(0.862297, -0.356496, -0.359659)",0
69.1,"(0.0359552, -0.0314595, -1.5282e-05)","(0.0117463, 0.999914, 0.00576616)","(-0.190866, -0.973091, 0.129093)","(0.324885, -0.938566, 0.11638)","(-0.173874, -0.070532, 0.982239)","(-0.018001, -0.7305, 0.682675)","(-0.0421508, -0.999082, -0.00764413)","(-0.0776452, -0.961576, 0.263331)","(0.127236, -0.936941, -0.325503)","(0.804495, -0.447409, -0.390657)",0
69.1333,"(0.0411285, -0.033184, -9.63691e-06)","(-0.0227568, 0.998601, 0.0477295)","(-0.0695571, -0.997575, -0.00249248)","(0.263502, -0.96385, 0.039496)","(-0.202826, -0.363409, 0.909283)","(-0.11043, -0.857196, 0.50301)","(-0.0605008, -0.99537, 0.0746914)","(0.0791927, -0.984, 0.1596)","(0.0931865, -0.932116, -0.349966)","(0.70107, -0.571117, -0.426997)",0
69.1667,"(0.0470937, -0.0353053, -4.95235e-06)","(-0.0526827, 0.994677, 0.0885576)","(0.0156113, -0.991096, -0.132232)","(0.165546, -0.986055, 0.0170335)","(-0.206818, -0.633777, 0.745354)","(-0.116827, -0.883585, 0.453463)","(-0.0801214, -0.993451, 0.081458)","(0.2026, -0.977512, 0.0585146)","(0.0627042, -0.93115, -0.359205)","(0.588102, -0.683998, -0.431605)",0
69.2,"(0.0535021, -0.0370975, -6.21923e-06)","(-0.0789331, 0.989755, 0.118975)","(0.040967, -0.97555, -0.215927)","(0.0769458, -0.996988, 0.00972603)","(-0.149865, -0.822164, 0.549169)","(-0.0505963, -0.898778, 0.435474)","(-0.0906871, -0.995666, 0.0206119)","(0.26851, -0.963273, 0.00259499)","(0.0201804, -0.931273, -0.363762)","(0.496279, -0.749479, -0.438166)",0
69.2333,"(0.0604087, -0.0388568, -9.30675e-06)","(-0.0984101, 0.984735, 0.14357)","(0.0351531, -0.966465, -0.254382)","(0.0332008, -0.999433, -0.00563692)","(-0.0558514, -0.911097, 0.408391)","(0.00284869, -0.905751, 0.423802)","(-0.0960131, -0.995162, -0.0208126)","(0.286905, -0.957931, -0.00736563)","(-0.0219346, -0.931563, -0.362918)","(0.441065, -0.791052, -0.42391)",0
69.2667,"(0.0669553, -0.0396796, -1.42534e-05)","(-0.120877, 0.978424, 0.167558)","(0.024492, -0.963399, -0.266952)","(0.0321088, -0.999313, -0.0185201)","(0.036747, -0.939906, 0.339449)","(0.0312243, -0.914274, 0.403891)","(-0.112482, -0.993354, -0.0244167)","(0.272971, -0.962016, -0.00346355)","(-0.0475008, -0.926722, -0.372734)","(0.412129, -0.819105, -0.39902)",0
69.3,"(0.0729536, -0.0391534, -1.7175e-05)","(-0.137446, 0.974495, 0.17739)","(0.0152682, -0.96847, -0.248663)","(0.0536683, -0.997685, -0.0417738)","(0.0959526, -0.948679, 0.301333)","(0.0371753, -0.916903, 0.397374)","(-0.136943, -0.990401, -0.0187776)","(0.253833, -0.967247, 0.00163194)","(-0.0778675, -0.920886, -0.381977)","(0.400021, -0.834903, -0.378049)",0
69.3333,"(0.0781661, -0.0372838, -1.96333e-05)","(-0.152182, 0.97234, 0.177188)","(0.0126221, -0.973454, -0.228533)","(0.0884092, -0.994353, -0.0587014)","(0.130968, -0.951016, 0.280028)","(0.0295966, -0.916166, 0.399706)","(-0.156027, -0.987663, -0.0133369)","(0.230093, -0.973169, -7.35957e-06)","(-0.100711, -0.919752, -0.379359)","(0.403605, -0.84172, -0.358623)",0
69.3667,"(0.0825344, -0.0351529, -2.21399e-05)","(-0.159661, 0.972454, 0.16983)","(0.00939863, -0.977667, -0.209952)","(0.119813, -0.990513, -0.0673014)","(0.16206, -0.947406, 0.275968)","(0.0183476, -0.912085, 0.40959)","(-0.160139, -0.986941, -0.0174319)","(0.208875, -0.977942, 0.00129944)","(-0.130438, -0.918666, -0.372879)","(0.41108, -0.843616, -0.345434)",0
69.4,"(0.0862446, -0.032673, -2.45107e-05)","(-0.162681, 0.972609, 0.166034)","(0.0107269, -0.979478, -0.201264)","(0.151687, -0.986112, -0.0676298)","(0.188077, -0.941878, 0.278375)","(-0.00213247, -0.908713, 0.417417)","(-0.157519, -0.98734, -0.0186368)","(0.191383, -0.981506, 0.00440954)","(-0.157061, -0.915582, -0.37019)","(0.412468, -0.845483, -0.339159)",0
69.4333,"(0.0897655, -0.0298419, -2.59421e-05)","(-0.159135, 0.973196, 0.16603)","(0.00301392, -0.97941, -0.201858)","(0.189615, -0.979495, -0.0680912)","(0.21468, -0.936473, 0.277363)","(-0.035763, -0.906381, 0.420945)","(-0.15243, -0.988012, -0.0244224)","(0.180398, -0.98356, 0.00816497)","(-0.187321, -0.910201, -0.369384)","(0.40411, -0.851643, -0.333765)",0
69.4667,"(0.0929538, -0.0272681, -2.63459e-05)","(-0.154385, 0.973004, 0.171545)","(-0.00641471, -0.977874, -0.209096)","(0.238678, -0.968582, -0.0698665)","(0.236653, -0.933034, 0.271005)","(-0.0837952, -0.899545, 0.428715)","(-0.148524, -0.988331, -0.0338075)","(0.171131, -0.985238, 0.00446033)","(-0.21549, -0.905621, -0.36526)","(0.390184, -0.858858, -0.331843)",0
69.5,"(0.0957989, -0.0255436, -2.57406e-05)","(-0.149876, 0.972543, 0.178039)","(-0.019589, -0.976947, -0.212582)","(0.297839, -0.951882, -0.0721953)","(0.26003, -0.927293, 0.269279)","(-0.139714, -0.885389, 0.443358)","(-0.146398, -0.988234, -0.0442812)","(0.164372, -0.98639, -0.00412127)","(-0.238216, -0.905656, -0.350772)","(0.374615, -0.868433, -0.324789)",0
69.5333,"(0.0985903, -0.0241253, -2.46044e-05)","(-0.143084, 0.972695, 0.182735)","(-0.0321063, -0.976931, -0.21113)","(0.352315, -0.933206, -0.0707113)","(0.282659, -0.919658, 0.27264)","(-0.192549, -0.86457, 0.464158)","(-0.147032, -0.987727, -0.0527003)","(0.158793, -0.987253, -0.0108194)","(-0.257412, -0.905938, -0.336178)","(0.357757, -0.877046, -0.320624)",0
69.5667,"(0.101121, -0.0231706, -2.28393e-05)","(-0.134939, 0.974697, 0.178206)","(-0.0532374, -0.977815, -0.202594)","(0.398697, -0.914935, -0.0627229)","(0.310337, -0.907489, 0.283118)","(-0.233151, -0.840109, 0.489753)","(-0.14909, -0.987181, -0.056966)","(0.155624, -0.98775, -0.0114432)","(-0.269837, -0.908423, -0.319304)","(0.339024, -0.886962, -0.313625)",0
69.6,"(0.103472, -0.0227909, -2.11649e-05)","(-0.126094, 0.977225, 0.170679)","(-0.0837545, -0.976647, -0.197853)","(0.43047, -0.900481, -0.0618844)","(0.341572, -0.894621, 0.288067)","(-0.26388, -0.815667, 0.514834)","(-0.153498, -0.986361, -0.0594131)","(0.153769, -0.98805, -0.0106454)","(-0.275422, -0.910456, -0.308566)","(0.319475, -0.895616, -0.309527)",0
69.6333,"(0.105688, -0.0229352, -1.95018e-05)","(-0.120093, 0.979917, 0.159188)","(-0.130785, -0.971694, -0.196741)","(0.454313, -0.888481, -0.0648251)","(0.391672, -0.873009, 0.290601)","(-0.287247, -0.794349, 0.535255)","(-0.158246, -0.985488, -0.0614202)","(0.148334, -0.98884, -0.0138454)","(-0.280788, -0.911921, -0.299264)","(0.30179, -0.902362, -0.307679)",0
69.6667,"(0.108107, -0.0230767, -1.8182e-05)","(-0.112185, 0.981983, 0.152068)","(-0.188557, -0.961791, -0.198505)","(0.474074, -0.877512, -0.0722914)","(0.445685, -0.846311, 0.291758)","(-0.314922, -0.773743, 0.549678)","(-0.163267, -0.984496, -0.0641257)","(0.137745, -0.990206, -0.0227661)","(-0.286375, -0.911776, -0.29437)","(0.288407, -0.905564, -0.311089)",0
69.7,"(0.110609, -0.023173, -1.66769e-05)","(-0.106515, 0.983404, 0.146869)","(-0.254073, -0.947209, -0.195557)","(0.491325, -0.868051, -0.071325)","(0.503488, -0.814759, 0.28752)","(-0.337524, -0.756525, 0.560132)","(-0.167804, -0.983544, -0.0669488)","(0.123376, -0.991932, -0.0291458)","(-0.293707, -0.909901, -0.292943)","(0.275899, -0.906534, -0.319495)",0
69.7333,"(0.113187, -0.0231788, -1.55808e-05)","(-0.101835, 0.98401, 0.146129)","(-0.316384, -0.929874, -0.18771)","(0.517872, -0.852858, -0.0666453)","(0.547777, -0.789054, 0.278089)","(-0.365476, -0.732277, 0.574628)","(-0.172793, -0.982664, -0.0671868)","(0.108099, -0.993667, -0.0306665)","(-0.303554, -0.906087, -0.294724)","(0.256873, -0.902339, -0.346123)",0
69.7667,"(0.115641, -0.023139, -1.41512e-05)","(-0.100887, 0.98459, 0.142845)","(-0.363144, -0.914551, -0.178109)","(0.55046, -0.833402, -0.0493491)","(0.584933, -0.765234, 0.26883)","(-0.397118, -0.695219, 0.59914)","(-0.177808, -0.982365, -0.0578284)","(0.0934697, -0.995219, -0.0283438)","(-0.315631, -0.89972, -0.301466)","(0.234001, -0.888682, -0.394319)",0
69.8,"(0.118003, -0.0230345, -1.39862e-05)","(-0.10068, 0.985637, 0.135584)","(-0.397466, -0.905366, -0.149442)","(0.582229, -0.812848, -0.0169714)","(0.614168, -0.733509, 0.291139)","(-0.42883, -0.645184, 0.63233)","(-0.180632, -0.982874, -0.036484)","(0.0813072, -0.996282, -0.0284914)","(-0.327881, -0.891984, -0.311221)","(0.206192, -0.866473, -0.454653)",0
69.8333,"(0.120126, -0.0230687, -1.46278e-05)","(-0.100664, 0.987061, 0.124806)","(-0.430735, -0.895733, -0.110134)","(0.604229, -0.796395, 0.0257139)","(0.636282, -0.69631, 0.33211)","(-0.453241, -0.585864, 0.671815)","(-0.182169, -0.98319, -0.0123532)","(0.0721898, -0.996995, -0.0281006)","(-0.341387, -0.883843, -0.319808)","(0.184257, -0.845881, -0.500534)",0
69.8667,"(0.120126, -0.0230687, -1.46278e-05)","(-0.100411, 0.98777, 0.119278)","(-0.487934, -0.872483, -0.0263511)","(0.627095, -0.775304, 0.0752048)","(0.649243, -0.651305, 0.392792)","(-0.465753, -0.521776, 0.714719)","(-0.183688, -0.982959, 0.0071286)","(0.0678465, -0.997305, -0.0279084)","(-0.357548, -0.878086, -0.318001)","(0.164338, -0.839412, -0.518054)",0
69.9,"(0.123876, -0.0235145, -1.6593e-05)","(-0.101681, 0.987626, 0.119396)","(-0.548941, -0.831937, 0.080898)","(0.654388, -0.743179, 0.139506)","(0.656969, -0.606792, 0.447431)","(-0.471291, -0.454863, 0.755635)","(-0.186499, -0.982306, 0.0171271)","(0.0637561, -0.997635, -0.0256956)","(-0.373513, -0.873103, -0.313334)","(0.149279, -0.838197, -0.52454)",0
69.9333,"(0.123876, -0.0235145, -1.6593e-05)","(-0.105184, 0.986662, 0.12424)","(-0.59715, -0.769872, 0.225185)","(0.673531, -0.698244, 0.242511)","(0.663619, -0.547135, 0.51015)","(-0.467386, -0.384957, 0.795839)","(-0.188717, -0.981824, 0.0201765)","(0.059155, -0.998024, -0.0211862)","(-0.381221, -0.868101, -0.317916)","(0.132789, -0.839932, -0.526195)",0
69.9667,"(0.126666, -0.0246958, -1.84936e-05)","(-0.112851, 0.985266, 0.12851)","(-0.612808, -0.712484, 0.341809)","(0.672239, -0.655732, 0.343673)","(0.672625, -0.479441, 0.563659)","(-0.454264, -0.323187, 0.830177)","(-0.191237, -0.981365, 0.0187202)","(0.0515378, -0.99857, -0.0141882)","(-0.385732, -0.862403, -0.32783)","(0.119762, -0.836442, -0.53481)",0
70,"(0.126666, -0.0246958, -1.84936e-05)","(-0.121989, 0.983496, 0.133623)","(-0.605917, -0.65855, 0.446293)","(0.661332, -0.61171, 0.43411)","(0.685132, -0.397171, 0.610614)","(-0.437674, -0.254967, 0.862226)","(-0.19553, -0.980599, 0.0138991)","(0.0438745, -0.998378, 0.0362861)","(-0.388294, -0.85712, -0.338488)","(0.108876, -0.83434, -0.540391)",0
70.0333,"(0.128262, -0.0279851, -2.14166e-05)","(-0.134396, 0.982921, 0.125714)","(-0.600158, -0.618366, 0.507379)","(0.651162, -0.583879, 0.484844)","(0.703431, -0.315639, 0.636834)","(-0.419767, -0.179115, 0.889783)","(-0.202388, -0.979261, 0.00938048)","(0.0395462, -0.996071, 0.0792412)","(-0.39076, -0.854079, -0.343302)","(0.105122, -0.82807, -0.550681)",0
70.0667,"(0.128403, -0.03023, -2.39626e-05)","(-0.146025, 0.98371, 0.104838)","(-0.603281, -0.570189, 0.557617)","(0.622061, -0.570499, 0.536256)","(0.726928, -0.235848, 0.644942)","(-0.370255, -0.110895, 0.922287)","(-0.211419, -0.977385, 0.00460667)","(0.0418915, -0.990271, 0.132696)","(-0.388239, -0.850699, -0.354376)","(0.104887, -0.826292, -0.553389)",0
70.1,"(0.128153, -0.0328842, -2.54657e-05)","(-0.154819, 0.984907, 0.0773926)","(-0.620662, -0.525466, 0.581948)","(0.564215, -0.617781, 0.54773)","(0.749568, -0.149483, 0.644828)","(-0.262136, -0.00524435, 0.965017)","(-0.217658, -0.976025, 0.000496304)","(0.0502664, -0.98188, 0.182715)","(-0.382347, -0.845064, -0.373735)","(0.10646, -0.836126, -0.538108)",0
70.1333,"(0.126965, -0.0351823, -2.47203e-05)","(-0.159325, 0.985327, 0.0612018)","(-0.62047, -0.5002, 0.604001)","(0.451472, -0.738432, 0.500891)","(0.751095, -0.0520663, 0.658138)","(-0.0639817, 0.153955, 0.986004)","(-0.221383, -0.975146, -0.0089228)","(0.0666484, -0.972632, 0.222587)","(-0.375785, -0.837964, -0.39573)","(0.109223, -0.845305, -0.523)",0
70.1667,"(0.124816, -0.0369081, -2.21586e-05)","(-0.1529, 0.986811, 0.0531639)","(-0.622644, -0.490314, 0.609841)","(0.333637, -0.859222, 0.387846)","(0.741936, 0.006641, 0.670438)","(0.134179, 0.369944, 0.919313)","(-0.221607, -0.974899, -0.0214997)","(0.0931645, -0.97344, 0.209129)","(-0.371762, -0.831964, -0.411861)","(0.124665, -0.869734, -0.477517)",0
70.2,"(0.121666, -0.0379569, -1.64267e-05)","(-0.141387, 0.98901, 0.0432294)","(-0.602503, -0.525381, 0.600804)","(0.271981, -0.925902, 0.262168)","(0.722079, 0.0122727, 0.691702)","(0.2736, 0.508421, 0.816487)","(-0.221522, -0.974672, -0.0307093)","(0.123813, -0.982765, 0.137267)","(-0.371122, -0.830162, -0.416052)","(0.151178, -0.878815, -0.452582)",0
70.2333,"(0.116754, -0.0385942, -1.12974e-05)","(-0.123325, 0.99189, 0.0307317)","(-0.628598, -0.603512, 0.490549)","(0.316873, -0.924281, 0.21283)","(0.734879, -0.202584, 0.647234)","(0.305457, 0.574897, 0.759072)","(-0.220305, -0.974928, -0.0313099)","(0.149586, -0.98807, 0.0366345)","(-0.377776, -0.83271, -0.40482)","(0.181057, -0.884762, -0.429434)",0
70.2667,"(0.110375, -0.0388804, -3.14666e-06)","(-0.0914244, 0.995649, 0.0180005)","(-0.655946, -0.718895, 0.230053)","(0.451954, -0.843734, 0.289571)","(0.648217, -0.563948, 0.511642)","(0.224293, 0.569217, 0.791002)","(-0.214591, -0.976312, -0.0276613)","(0.1643, -0.986089, -0.0251825)","(-0.389449, -0.83136, -0.396447)","(0.20586, -0.867761, -0.452341)",0
70.3,"(0.103036, -0.0392121, 4.76486e-06)","(-0.0493617, 0.998649, 0.0162277)","(-0.616435, -0.785078, -0.0605022)","(0.547061, -0.708827, 0.445296)","(0.398486, -0.869482, 0.291908)","(0.089551, 0.560395, 0.82337)","(-0.208333, -0.977648, -0.0283018)","(0.178028, -0.981533, -0.0699854)","(-0.394645, -0.832969, -0.387838)","(0.22721, -0.85418, -0.46771)",0
70.3333,"(0.0952714, -0.0381675, 1.10023e-05)","(-0.0030559, 0.999431, 0.0336052)","(-0.515509, -0.831177, -0.208316)","(0.604033, -0.548766, 0.577927)","(0.128831, -0.970967, 0.201559)","(-0.0780437, 0.514397, 0.853994)","(-0.199347, -0.979631, -0.0241571)","(0.200147, -0.976991, -0.0736936)","(-0.379262, -0.840149, -0.387698)","(0.251165, -0.844415, -0.473158)",0
70.3667,"(0.087569, -0.0368243, 1.58374e-05)","(0.0315744, 0.99783, 0.057779)","(-0.401611, -0.890755, -0.212756)","(0.613315, -0.459683, 0.64229)","(-0.0446658, -0.975911, 0.213549)","(-0.191445, 0.432539, 0.881055)","(-0.186646, -0.982388, -0.00872296)","(0.223058, -0.972174, -0.0715751)","(-0.354293, -0.864082, -0.357544)","(0.279386, -0.850217, -0.446177)",0
70.4,"(0.0803635, -0.0349221, 1.92467e-05)","(0.0529189, 0.995972, 0.0723893)","(-0.316338, -0.931608, -0.178987)","(0.636166, -0.374792, 0.674406)","(-0.143311, -0.961746, 0.233465)","(-0.281602, 0.290388, 0.914536)","(-0.169112, -0.985542, 0.0104193)","(0.234549, -0.969788, -0.0670629)","(-0.325623, -0.884221, -0.334847)","(0.310178, -0.860262, -0.404646)",0
70.4333,"(0.0737519, -0.0319285, 1.82658e-05)","(0.0698463, 0.995181, 0.0688223)","(-0.240198, -0.954291, -0.177859)","(0.655785, -0.298448, 0.693451)","(-0.171825, -0.955131, 0.24125)","(-0.390922, 0.108052, 0.914059)","(-0.155303, -0.987576, 0.0239734)","(0.232973, -0.971548, -0.0426367)","(-0.304275, -0.902592, -0.304539)","(0.346074, -0.876918, -0.333539)",0
70.4667,"(0.0681804, -0.0285723, 1.38818e-05)","(0.0807903, 0.993483, 0.0803987)","(-0.191956, -0.971415, -0.139661)","(0.65548, -0.262228, 0.708225)","(-0.160105, -0.937756, 0.308188)","(-0.496746, -0.0894852, 0.863271)","(-0.149908, -0.988439, 0.0227218)","(0.226605, -0.973917, -0.0116788)","(-0.266798, -0.917274, -0.295681)","(0.371537, -0.881686, -0.290843)",0
70.5,"(0.0633947, -0.0263486, 8.78445e-06)","(0.0899793, 0.990924, 0.0998631)","(-0.143725, -0.989575, -0.00917608)","(0.636165, -0.270858, 0.722447)","(-0.111041, -0.883859, 0.454382)","(-0.590083, -0.263692, 0.763065)","(-0.145145, -0.989024, 0.0276617)","(0.224534, -0.974085, 0.0272388)","(-0.222065, -0.932304, -0.285476)","(0.388118, -0.879501, -0.275397)",0
70.5333,"(0.0592939, -0.025012, 2.00814e-06)","(0.0929016, 0.989095, 0.114283)","(-0.110519, -0.981906, 0.153773)","(0.559515, -0.372279, 0.740507)","(-0.074521, -0.759054, 0.646749)","(-0.639451, -0.349644, 0.684727)","(-0.139258, -0.989641, 0.034893)","(0.222087, -0.973131, 0.0607793)","(-0.177201, -0.942417, -0.283636)","(0.392752, -0.870634, -0.296215)",0
70.5667,"(0.0560816, -0.0246691, -1.97976e-06)","(0.0894071, 0.988931, 0.118417)","(-0.0828943, -0.940906, 0.328366)","(0.426398, -0.465237, 0.775719)","(-0.0334973, -0.588999, 0.807439)","(-0.673649, -0.357695, 0.646724)","(-0.130756, -0.990373, 0.0454325)","(0.220868, -0.972012, 0.0800683)","(-0.147079, -0.94256, -0.299913)","(0.398448, -0.860267, -0.318088)",0
70.6,"(0.0537168, -0.0256448, -8.55308e-06)","(0.088257, 0.990046, 0.109632)","(-0.0521968, -0.965827, 0.253878)","(0.241175, -0.585162, 0.774222)","(-0.0274951, -0.621571, 0.782875)","(-0.711559, -0.336209, 0.616966)","(-0.125122, -0.991229, 0.0425393)","(0.218955, -0.971677, 0.0888923)","(-0.130699, -0.939451, -0.31678)","(0.409784, -0.847201, -0.338123)",0
70.6333,"(0.0522517, -0.0271296, -1.07806e-05)","(0.0895072, 0.991382, 0.0956578)","(-0.0109855, -0.980228, 0.197569)","(0.0268003, -0.652995, 0.756888)","(0.174913, -0.581818, 0.794288)","(-0.811549, -0.32404, 0.486196)","(-0.120041, -0.992066, 0.037356)","(0.218912, -0.971222, 0.0938412)","(-0.124056, -0.934794, -0.332822)","(0.423697, -0.833634, -0.354308)",0
70.6667,"(0.0522517, -0.0271296, -1.07806e-05)","(0.0937078, 0.99298, 0.0721822)","(-0.021922, -0.989497, 0.142878)","(-0.214865, -0.721521, 0.65821)","(0.417135, -0.519361, 0.74583)","(-0.88252, -0.305281, 0.357718)","(-0.128662, -0.991219, 0.0305214)","(0.217617, -0.971035, 0.0986562)","(-0.118194, -0.936119, -0.331228)","(0.438438, -0.82119, -0.365266)",0
70.7,"(0.0518116, -0.0303148, -1.41951e-05)","(0.0941154, 0.994224, 0.051576)","(-0.0122862, -0.966984, 0.25454)","(-0.411119, -0.718655, 0.560818)","(0.487229, -0.302093, 0.819358)","(-0.936195, -0.220498, 0.273716)","(-0.149307, -0.988562, 0.0212579)","(0.215381, -0.971615, 0.0978572)","(-0.108884, -0.942443, -0.316142)","(0.445577, -0.81565, -0.369022)",0
70.7333,"(0.0518116, -0.0303148, -1.41951e-05)","(0.0864518, 0.995794, 0.0303291)","(-0.0148352, -0.95916, 0.282476)","(-0.526554, -0.68704, 0.500716)","(0.359334, -0.316852, 0.877772)","(-0.94218, -0.015196, 0.334762)","(-0.172325, -0.985007, 0.00803826)","(0.212271, -0.973687, 0.0829085)","(-0.096233, -0.949706, -0.297991)","(0.445562, -0.812711, -0.375465)",0
70.7667,"(0.0543321, -0.0317591, -1.55592e-05)","(0.0736671, 0.997227, 0.0105957)","(0.0296468, -0.986388, 0.16174)","(-0.558899, -0.64664, 0.519123)","(0.183755, -0.431141, 0.883375)","(-0.881645, 0.262635, 0.392078)","(-0.186067, -0.982536, 0.0012142)","(0.21013, -0.975851, 0.0596685)","(-0.0927146, -0.956221, -0.27757)","(0.439771, -0.811237, -0.385352)",0
70.8,"(0.0572751, -0.0320085, -1.70436e-05)","(0.0606502, 0.998151, -0.00389881)","(0.019915, -0.998275, 0.0552303)","(-0.588769, -0.606665, 0.534142)","(0.124669, -0.393362, 0.910892)","(-0.727095, 0.553415, 0.406282)","(-0.19019, -0.981747, -0.000802759)","(0.208528, -0.977368, 0.0356097)","(-0.100744, -0.955896, -0.275887)","(0.42424, -0.810871, -0.403123)",0
70.8333,"(0.0613279, -0.0321397, -1.71763e-05)","(0.0474974, 0.998858, -0.00519171)","(-0.00699102, -0.999577, 0.0282283)","(-0.62806, -0.559126, 0.54122)","(0.110427, -0.186245, 0.976278)","(-0.535176, 0.732017, 0.42159)","(-0.197328, -0.980337, -5.31623e-05)","(0.199957, -0.979785, 0.00622523)","(-0.121185, -0.951269, -0.283551)","(0.400133, -0.80718, -0.433997)",0
70.8667,"(0.0662667, -0.0324484, -1.20439e-05)","(0.0326639, 0.998917, 0.0331416)","(0.00053003, -0.985387, 0.17033)","(-0.607603, -0.455126, 0.650906)","(0.104458, -0.0678727, 0.992211)","(-0.357004, 0.741368, 0.568262)","(-0.209581, -0.97777, 0.00640539)","(0.185764, -0.982388, -0.0201263)","(-0.154133, -0.940184, -0.303805)","(0.366667, -0.804368, -0.467491)",0
70.9,"(0.0719775, -0.0322809, -2.5576e-06)","(0.00925533, 0.997188, 0.0743621)","(0.0413607, -0.969812, 0.240319)","(-0.546862, -0.36799, 0.752015)","(0.143772, -0.30757, 0.940601)","(-0.187729, 0.653677, 0.733119)","(-0.229255, -0.973108, 0.0224123)","(0.158714, -0.985268, -0.0636929)","(-0.181452, -0.935959, -0.301754)","(0.33938, -0.797133, -0.499399)",0
70.9333,"(0.0776401, -0.0322362, 4.34169e-06)","(-0.0137075, 0.99229, 0.123178)","(0.082352, -0.958902, 0.271524)","(-0.4494, -0.297943, 0.842182)","(0.121632, -0.682765, 0.720443)","(-0.0268712, 0.488085, 0.872382)","(-0.24619, -0.968472, 0.0381096)","(0.128323, -0.9876, -0.0904422)","(-0.216343, -0.929291, -0.299355)","(0.314998, -0.79731, -0.514853)",0
70.9667,"(0.0825789, -0.0325397, 8.8565e-06)","(-0.033511, 0.991871, 0.122759)","(0.0478068, -0.985998, 0.159757)","(-0.417875, -0.360444, 0.833943)","(0.0313798, -0.884896, 0.46473)","(0.130492, 0.450656, 0.883109)","(-0.26092, -0.964376, 0.0435917)","(0.105505, -0.988069, -0.112195)","(-0.24152, -0.924987, -0.293371)","(0.303774, -0.796301, -0.523093)",0
71,"(0.0861038, -0.0325058, 1.21805e-05)","(-0.0518918, 0.991386, 0.120252)","(-0.0216466, -0.998131, 0.0571501)","(-0.366022, -0.4393, 0.820392)","(-0.082893, -0.920984, 0.38068)","(0.241721, 0.403186, 0.882617)","(-0.275632, -0.959849, 0.0521334)","(0.0964907, -0.989024, -0.1119)","(-0.268168, -0.911943, -0.310558)","(0.29868, -0.795517, -0.527203)",0
71.0333,"(0.0882546, -0.0322281, 1.19581e-05)","(-0.0634914, 0.99355, 0.0939583)","(-0.0984295, -0.994719, -0.0290666)","(-0.305821, -0.55715, 0.772048)","(-0.18984, -0.8924, 0.409369)","(0.283674, 0.388751, 0.876585)","(-0.286113, -0.956342, 0.0595772)","(0.0999196, -0.988273, -0.115465)","(-0.281215, -0.905075, -0.318995)","(0.301487, -0.797751, -0.522206)",0
71.0667,"(0.0882546, -0.0322281, 1.19581e-05)","(-0.0774829, 0.994551, 0.0697516)","(-0.14785, -0.986136, 0.0753433)","(-0.145835, -0.645129, 0.750027)","(-0.215893, -0.679729, 0.70097)","(0.233513, 0.412106, 0.880704)","(-0.28911, -0.955061, 0.0653723)","(0.105382, -0.988155, -0.111553)","(-0.290506, -0.898899, -0.328004)","(0.301844, -0.807471, -0.506835)",0
71.1,"(0.0882546, -0.0322281, 1.19581e-05)","(-0.0827685, 0.994664, 0.0615827)","(-0.234313, -0.931225, 0.279135)","(0.0647865, -0.641274, 0.764572)","(-0.196062, -0.326648, 0.924587)","(0.139445, 0.443, 0.885611)","(-0.277323, -0.958971, 0.0588758)","(0.120251, -0.988821, -0.0881628)","(-0.299653, -0.896548, -0.326205)","(0.29677, -0.828179, -0.475444)",0
71.1333,"(0.0882546, -0.0322281, 1.19581e-05)","(-0.0860025, 0.993722, 0.0715593)","(-0.342959, -0.807759, 0.479484)","(0.330548, -0.475597, 0.815197)","(-0.0932374, 0.0909724, 0.991479)","(0.0190588, 0.45798, 0.888758)","(-0.264379, -0.963182, 0.0488236)","(0.139925, -0.987925, -0.0665204)","(-0.302681, -0.888738, -0.34428)","(0.284701, -0.839926, -0.462028)",0
71.1667,"(0.0882546, -0.0322281, 1.19581e-05)","(-0.0784297, 0.991417, 0.104604)","(-0.467104, -0.639894, 0.610204)","(0.539408, -0.173853, 0.823902)","(-0.0276792, 0.304457, 0.952124)","(-0.136617, 0.468526, 0.872822)","(-0.247932, -0.968274, 0.0312416)","(0.16744, -0.984673, -0.0488153)","(-0.307597, -0.877137, -0.368802)","(0.260892, -0.844168, -0.468312)",0
71.2,"(0.0840752, -0.0301103, 2.02258e-05)","(-0.0653894, 0.987699, 0.142037)","(-0.635404, -0.426494, 0.643712)","(0.651147, 0.150882, 0.743803)","(0.0686038, 0.512252, 0.856091)","(-0.309959, 0.525013, 0.792646)","(-0.227844, -0.973634, 0.0111298)","(0.193061, -0.980213, -0.0437014)","(-0.30826, -0.865586, -0.394634)","(0.248877, -0.835198, -0.490412)",0
71.2333,"(0.0807476, -0.0286394, 2.18657e-05)","(-0.0502167, 0.983629, 0.17307)","(-0.769259, -0.15656, 0.619459)","(0.654116, 0.382554, 0.652521)","(0.132168, 0.620029, 0.773366)","(-0.431562, 0.616239, 0.65879)","(-0.203966, -0.978975, -0.00241134)","(0.214214, -0.976732, -0.0103459)","(-0.303577, -0.861279, -0.407479)","(0.253213, -0.824323, -0.506335)",0
71.2667,"(0.0767367, -0.0266544, 2.07189e-05)","(-0.0343518, 0.98282, 0.181344)","(-0.84965, 0.107182, 0.516339)","(0.607168, 0.562471, 0.561225)","(0.153136, 0.727152, 0.669178)","(-0.460191, 0.732239, 0.502046)","(-0.175455, -0.98447, -0.0057931)","(0.223675, -0.974437, 0.0210409)","(-0.288132, -0.862767, -0.415467)","(0.272906, -0.814769, -0.51154)",0
71.3,"(0.0719795, -0.0245168, 1.54695e-05)","(-0.0210791, 0.986851, 0.160253)","(-0.846028, 0.30948, 0.434118)","(0.538536, 0.689203, 0.484745)","(0.114068, 0.795009, 0.595776)","(-0.417253, 0.817679, 0.396612)","(-0.155905, -0.987768, -0.00266547)","(0.221307, -0.974113, 0.0461236)","(-0.258802, -0.867974, -0.423843)","(0.291404, -0.808273, -0.511644)",0
71.3333,"(0.0675848, -0.0219637, 1.01197e-05)","(-0.00907063, 0.99135, 0.130931)","(-0.821228, 0.464313, 0.331659)","(0.470794, 0.796749, 0.378872)","(0.0501213, 0.865935, 0.497639)","(-0.353084, 0.880535, 0.316211)","(-0.138448, -0.99037, -0.000342062)","(0.213141, -0.975789, 0.0490532)","(-0.215606, -0.87274, -0.437994)","(0.309086, -0.806151, -0.504565)",0
71.3667,"(0.0637144, -0.0200311, 6.60475e-06)","(-0.000334274, 0.9942, 0.107542)","(-0.785217, 0.578069, 0.221969)","(0.400355, 0.851901, 0.33761)","(-0.0134167, 0.904291, 0.426707)","(-0.276198, 0.911814, 0.303826)","(-0.122557, -0.992461, 0.00100396)","(0.204973, -0.977355, 0.052571)","(-0.164616, -0.88131, -0.442938)","(0.334718, -0.809662, -0.48209)",0
71.4,"(0.0601435, -0.0184566, 3.8333e-06)","(0.0059826, 0.9952, 0.0976755)","(-0.742541, 0.654587, 0.141945)","(0.358501, 0.88315, 0.302528)","(-0.0722912, 0.922617, 0.378884)","(-0.193538, 0.938785, 0.285001)","(-0.101677, -0.99481, 0.00388828)","(0.199928, -0.978654, 0.0476049)","(-0.130965, -0.894072, -0.428349)","(0.35737, -0.822052, -0.443302)",0
71.4333,"(0.0568893, -0.0170809, 1.24418e-06)","(0.0101526, 0.992944, 0.118147)","(-0.697006, 0.710191, 0.0990552)","(0.332272, 0.901847, 0.276166)","(-0.168063, 0.909522, 0.380164)","(-0.0911694, 0.954157, 0.285082)","(-0.0823498, -0.99658, 0.00683925)","(0.197722, -0.979823, 0.0292125)","(-0.113601, -0.910195, -0.398296)","(0.371853, -0.839164, -0.396899)",0
71.4667,"(0.0542199, -0.0158387, 6.51489e-07)","(0.011817, 0.989275, 0.145585)","(-0.659295, 0.745449, 0.098165)","(0.324166, 0.91241, 0.249848)","(-0.275311, 0.881118, 0.384493)","(0.00241242, 0.960465, 0.278391)","(-0.0735607, -0.99723, 0.0109803)","(0.194731, -0.980782, 0.0121348)","(-0.105386, -0.926729, -0.360648)","(0.3748, -0.859254, -0.348149)",0
71.5,"(0.0518997, -0.0152351, 2.23901e-06)","(0.0132293, 0.985221, 0.170775)","(-0.624766, 0.775656, 0.0895796)","(0.312491, 0.923367, 0.223031)","(-0.371298, 0.85194, 0.369237)","(0.059519, 0.964161, 0.258556)","(-0.0696009, -0.997568, 0.00368424)","(0.193623, -0.98107, -0.00337799)","(-0.0941216, -0.936051, -0.339043)","(0.377941, -0.870329, -0.315732)",0
71.5333,"(0.0499321, -0.0147552, 2.56601e-06)","(0.0136764, 0.98359, 0.179899)","(-0.601664, 0.792609, 0.0988482)","(0.305371, 0.927923, 0.213794)","(-0.419297, 0.837969, 0.349282)","(0.0676421, 0.970639, 0.230833)","(-0.0694178, -0.997575, -0.00495271)","(0.193307, -0.981044, -0.0136204)","(-0.082928, -0.942949, -0.322444)","(0.380335, -0.876331, -0.295618)",0
71.5667,"(0.0499321, -0.0147552, 2.56601e-06)","(0.0136483, 0.98358, 0.179954)","(-0.572298, 0.816114, 0.0802031)","(0.294141, 0.935746, 0.194576)","(-0.438814, 0.840155, 0.31872)","(0.0553112, 0.978574, 0.198326)","(-0.068873, -0.997505, -0.0155132)","(0.191383, -0.981241, -0.0231992)","(-0.0726598, -0.946016, -0.315871)","(0.385208, -0.876695, -0.288132)",0
71.6,"(0.04771, -0.0143937, 8.09983e-07)","(0.0122862, 0.983857, 0.178537)","(-0.557147, 0.827069, 0.0744669)","(0.27207, 0.943688, 0.188232)","(-0.43612, 0.851409, 0.291379)","(0.0349291, 0.978968, 0.201002)","(-0.0719197, -0.997373, -0.00858627)","(0.187543, -0.98199, -0.0228946)","(-0.0629729, -0.94985, -0.306299)","(0.386469, -0.878916, -0.27955)",0
71.6333,"(0.04771, -0.0143937, 8.09983e-07)","(0.0101934, 0.985593, 0.168828)","(-0.544001, 0.837098, 0.0577106)","(0.244007, 0.951128, 0.189249)","(-0.395384, 0.880373, 0.261945)","(-0.0063842, 0.982394, 0.18671)","(-0.0733956, -0.997303, -0.000596587)","(0.184521, -0.98258, -0.0221054)","(-0.055696, -0.9522, -0.300357)","(0.387622, -0.880735, -0.272131)",0
71.6667,"(0.0465389, -0.0161223, -2.71178e-07)","(0.00869473, 0.987537, 0.157144)","(-0.540153, 0.84034, 0.0454184)","(0.211531, 0.958025, 0.1935)","(-0.287537, 0.930831, 0.225558)","(-0.0935842, 0.985804, 0.139403)","(-0.0754958, -0.997103, -0.00923055)","(0.184823, -0.982514, -0.0225331)","(-0.0486006, -0.952719, -0.299941)","(0.386015, -0.881495, -0.271954)",0
71.7,"(0.0459883, -0.0180792, 2.06025e-06)","(0.00868215, 0.989904, 0.141473)","(-0.537885, 0.842772, 0.0203518)","(0.197327, 0.963499, 0.18092)","(-0.0958975, 0.984324, 0.148019)","(-0.184974, 0.980969, 0.0590346)","(-0.0766106, -0.996541, -0.0321927)","(0.189951, -0.9815, -0.024022)","(-0.0427941, -0.94774, -0.316162)","(0.38614, -0.878835, -0.280256)",0
71.7333,"(0.0452485, -0.0204821, 5.03005e-06)","(0.0112474, 0.991493, 0.129673)","(-0.534284, 0.845235, 0.0108913)","(0.189254, 0.972571, 0.135235)","(0.117851, 0.992714, 0.025091)","(-0.269969, 0.961121, -0.0579931)","(-0.0786152, -0.99476, -0.0653645)","(0.196095, -0.979515, -0.0458005)","(-0.0402537, -0.944438, -0.326215)","(0.388679, -0.877486, -0.280975)",0
71.7667,"(0.0442827, -0.023581, 1.00556e-05)","(0.0149524, 0.991986, 0.125462)","(-0.538225, 0.842718, 0.0118213)","(0.190821, 0.978126, 0.0828033)","(0.26312, 0.959456, -0.101052)","(-0.332174, 0.928589, -0.165479)","(-0.082368, -0.992619, -0.0890067)","(0.201109, -0.97719, -0.0682258)","(-0.0442006, -0.941899, -0.332976)","(0.393163, -0.876603, -0.27747)",0
71.8,"(0.0434414, -0.026758, 1.36876e-05)","(0.0217135, 0.991471, 0.12851)","(-0.541511, 0.840694, 0.000520707)","(0.1827, 0.982474, 0.0369471)","(0.33684, 0.927838, -0.160172)","(-0.378978, 0.881866, -0.280513)","(-0.0854023, -0.989825, -0.113809)","(0.209102, -0.97385, -0.0888411)","(-0.0490953, -0.938837, -0.340844)","(0.396783, -0.873447, -0.282229)",0
71.8333,"(0.0426485, -0.0291745, 1.48104e-05)","(0.0288139, 0.990344, 0.135603)","(-0.559354, 0.828749, -0.0172588)","(0.170688, 0.985056, 0.0230255)","(0.354222, 0.920931, -0.162521)","(-0.437301, 0.836477, -0.330264)","(-0.0887981, -0.988077, -0.12577)","(0.217407, -0.971853, -0.0907496)","(-0.0532092, -0.934841, -0.351058)","(0.398413, -0.863964, -0.307951)",0
71.8667,"(0.0426485, -0.0291745, 1.48104e-05)","(0.0373612, 0.989638, 0.138643)","(-0.577261, 0.814349, -0.0600507)","(0.158806, 0.987154, 0.0175486)","(0.377442, 0.907845, -0.182636)","(-0.466089, 0.796626, -0.384901)","(-0.0899812, -0.986754, -0.134979)","(0.230532, -0.968885, -0.0900952)","(-0.0530479, -0.931502, -0.359846)","(0.407241, -0.852146, -0.328636)",0
71.9,"(0.04122, -0.0324351, 1.46913e-05)","(0.0430391, 0.989354, 0.139016)","(-0.592522, 0.801351, -0.0821829)","(0.162508, 0.986585, 0.0155001)","(0.394628, 0.895008, -0.207917)","(-0.495643, 0.757541, -0.424817)","(-0.0908967, -0.986569, -0.13572)","(0.238488, -0.966947, -0.0901989)","(-0.0499963, -0.934042, -0.353646)","(0.419315, -0.844223, -0.33386)",0
71.9333,"(0.04122, -0.0324351, 1.46913e-05)","(0.0476136, 0.989181, 0.138762)","(-0.594094, 0.796627, -0.111523)","(0.178744, 0.98378, 0.0150555)","(0.422255, 0.87848, -0.223546)","(-0.504907, 0.731791, -0.457767)","(-0.090439, -0.986772, -0.13454)","(0.251009, -0.964064, -0.087037)","(-0.046783, -0.938227, -0.342843)","(0.428984, -0.843239, -0.323914)",0
71.9667,"(0.04122, -0.0324351, 1.46913e-05)","(0.0492693, 0.987873, 0.147241)","(-0.599922, 0.79471, -0.0923553)","(0.196546, 0.97962, 0.0414115)","(0.441766, 0.872159, -0.210194)","(-0.521873, 0.714099, -0.466595)","(-0.089456, -0.987679, -0.128408)","(0.261274, -0.962043, -0.0788056)","(-0.0433716, -0.940967, -0.335708)","(0.43501, -0.844695, -0.311859)",0
72,"(0.0382684, -0.0333032, 1.18261e-05)","(0.0516551, 0.984759, 0.166074)","(-0.607988, 0.792421, -0.0491831)","(0.20861, 0.973347, 0.0952731)","(0.470364, 0.869197, -0.152493)","(-0.556368, 0.711073, -0.429918)","(-0.0902403, -0.988344, -0.122611)","(0.2711, -0.960892, -0.0564939)","(-0.0392461, -0.942977, -0.330536)","(0.440035, -0.848108, -0.295095)",0
72.0333,"(0.0361848, -0.0330481, 1.17456e-05)","(0.0548792, 0.981763, 0.182017)","(-0.61813, 0.78607, -0.00322397)","(0.22124, 0.965525, 0.137162)","(0.496495, 0.861146, -0.109178)","(-0.585667, 0.706153, -0.397921)","(-0.0899166, -0.98858, -0.12093)","(0.277018, -0.960595, -0.0227864)","(-0.0271268, -0.942167, -0.334043)","(0.448302, -0.851029, -0.273452)",0
72.0667,"(0.0333457, -0.0326601, 1.0536e-05)","(0.0610597, 0.981169, 0.183249)","(-0.623183, 0.781872, -0.0178579)","(0.243872, 0.960371, 0.134959)","(0.510502, 0.8528, -0.110094)","(-0.602381, 0.70119, -0.381405)","(-0.0801869, -0.989671, -0.118834)","(0.28445, -0.958628, 0.010983)","(-0.013336, -0.941677, -0.336253)","(0.454108, -0.854187, -0.253281)",0
72.1,"(0.0297325, -0.0320057, 9.74214e-06)","(0.0713801, 0.984001, 0.163238)","(-0.631562, 0.77044, -0.0869059)","(0.278457, 0.957437, 0.0760023)","(0.500564, 0.846447, -0.181557)","(-0.589068, 0.699199, -0.405117)","(-0.0546616, -0.992465, -0.109661)","(0.298533, -0.953648, 0.0378496)","(0.000761046, -0.939428, -0.342746)","(0.452014, -0.856331, -0.249761)",0
72.1333,"(0.0258279, -0.031346, 8.32378e-06)","(0.0830766, 0.985957, 0.144868)","(-0.649289, 0.749494, -0.129163)","(0.357471, 0.92625, 0.119479)","(0.433815, 0.895248, -0.101666)","(-0.57634, 0.779376, -0.245773)","(-0.020297, -0.996737, -0.0781198)","(0.316447, -0.945349, 0.0785868)","(0.0111253, -0.927339, -0.374057)","(0.438275, -0.853341, -0.282355)",0
72.1667,"(0.0220159, -0.0308154, 7.53467e-06)","(0.0928213, 0.98672, 0.133297)","(-0.693049, 0.712767, -0.107919)","(0.474356, 0.858446, 0.195083)","(0.264896, 0.958481, 0.105568)","(-0.463257, 0.886219, -0.00298618)","(0.0113893, -0.999226, -0.0376454)","(0.329994, -0.937965, 0.106426)","(0.0226259, -0.911142, -0.411472)","(0.422533, -0.844051, -0.330218)",0
72.2,"(0.0188261, -0.0313113, 6.35525e-06)","(0.0957502, 0.986852, 0.130211)","(-0.773148, 0.631932, -0.053885)","(0.613123, 0.735579, 0.288105)","(-0.0202723, 0.937031, 0.348657)","(-0.204729, 0.951226, 0.230772)","(0.0323568, -0.999475, -0.00182841)","(0.334593, -0.934452, 0.121849)","(0.0337073, -0.892896, -0.449)","(0.412689, -0.82861, -0.378278)",0
72.2333,"(0.0167053, -0.0320319, 4.31589e-06)","(0.0921702, 0.986572, 0.134838)","(-0.868306, 0.493667, -0.048339)","(0.752205, 0.595151, 0.282812)","(-0.375059, 0.808148, 0.454123)","(0.143008, 0.937561, 0.317062)","(0.0453779, -0.998928, -0.00910813)","(0.345584, -0.931915, 0.11003)","(0.0452566, -0.842356, -0.537017)","(0.401967, -0.808936, -0.429005)",0
72.2667,"(0.0167053, -0.0320319, 4.31589e-06)","(0.0808806, 0.986372, 0.143281)","(-0.956287, 0.281446, -0.0793997)","(0.86638, 0.441671, 0.233052)","(-0.669347, 0.550278, 0.499169)","(0.483178, 0.787794, 0.381995)","(0.050557, -0.997563, -0.0480824)","(0.354982, -0.92802, 0.112994)","(0.0503323, -0.775595, -0.629221)","(0.360782, -0.796576, -0.485081)",0
72.3,"(0.0167053, -0.0320319, 4.31589e-06)","(0.0659835, 0.984189, 0.164372)","(-0.986526, 0.0487261, -0.156178)","(0.950222, 0.260393, 0.171095)","(-0.856931, 0.21842, 0.466864)","(0.73603, 0.496038, 0.460659)","(0.0508352, -0.992624, -0.110063)","(0.353114, -0.929219, 0.108913)","(0.0562988, -0.710427, -0.701515)","(0.291099, -0.784395, -0.54771)",0
72.3333,"(0.0167053, -0.0320319, 4.31589e-06)","(0.0547764, 0.981138, 0.185384)","(-0.968608, -0.126649, -0.213913)","(0.987156, 0.125836, 0.0984328)","(-0.918361, -0.00202513, 0.395739)","(0.833747, 0.265306, 0.484229)","(0.0481395, -0.988142, -0.145803)","(0.331235, -0.935585, 0.122325)","(0.0572876, -0.701362, -0.7105)","(0.227216, -0.783096, -0.578908)",0
72.3667,"(0.0152604, -0.0287027, -2.24323e-06)","(0.048787, 0.976048, 0.212014)","(-0.927873, -0.289201, -0.235405)","(0.996407, -0.0694257, 0.0485051)","(-0.919915, -0.200491, 0.336987)","(0.864171, 0.0402636, 0.501585)","(0.0462107, -0.985677, -0.162192)","(0.291019, -0.948664, 0.123869)","(0.0643341, -0.711635, -0.699598)","(0.198614, -0.782092, -0.590664)",0
72.4,"(0.0153486, -0.0248962, 7.40288e-07)","(0.0405942, 0.973986, 0.222943)","(-0.873574, -0.435565, -0.217144)","(0.961196, -0.274487, -0.0275653)","(-0.861702, -0.383808, 0.331905)","(0.824346, -0.128971, 0.551198)","(0.0394231, -0.989486, -0.139152)","(0.23012, -0.968541, 0.0947219)","(0.0711462, -0.709223, -0.701385)","(0.180366, -0.79156, -0.583867)",0
72.4333,"(0.0155562, -0.019414, 3.17763e-06)","(0.0290872, 0.969615, 0.242902)","(-0.747329, -0.633002, -0.202009)","(0.822505, -0.556473, -0.117573)","(-0.765666, -0.542885, 0.345009)","(0.772917, -0.341573, 0.534722)","(0.0270724, -0.991861, -0.124415)","(0.14344, -0.988592, 0.0459474)","(0.0821385, -0.721575, -0.687447)","(0.158458, -0.810967, -0.563226)",0
72.4667,"(0.0159664, -0.0128822, 4.6552e-06)","(0.0138447, 0.967344, 0.253089)","(-0.573342, -0.787202, -0.227138)","(0.583729, -0.782857, -0.215396)","(-0.611112, -0.690533, 0.386919)","(0.653071, -0.547968, 0.522714)","(0.0128926, -0.994792, -0.101109)","(0.0360546, -0.999033, 0.0251664)","(0.0887277, -0.745028, -0.661106)","(0.116953, -0.847834, -0.517204)",0
72.5,"(0.0169115, -0.00746953, 1.6193e-06)","(0.00157167, 0.965405, 0.260751)","(-0.383519, -0.889362, -0.248895)","(0.291828, -0.922825, -0.251456)","(-0.39436, -0.824141, 0.406536)","(0.454231, -0.753039, 0.476032)","(0.00472479, -0.99522, -0.0975393)","(-0.0537935, -0.996691, 0.0609439)","(0.0910294, -0.782201, -0.616341)","(0.0896958, -0.890797, -0.445461)",0
72.5333,"(0.0180428, -0.00339576, -2.00349e-06)","(-0.0106087, 0.971799, 0.235572)","(-0.236655, -0.936666, -0.258168)","(0.0555513, -0.962629, -0.265067)","(-0.109246, -0.908168, 0.404099)","(0.174174, -0.885022, 0.43174)","(0.0026865, -0.996849, -0.0792828)","(-0.11961, -0.987608, 0.101604)","(0.0895869, -0.799223, -0.59432)","(0.0594445, -0.913807, -0.401776)",0
72.5667,"(0.019276, 0.000180972, -6.13225e-06)","(-0.0174817, 0.979618, 0.200108)","(-0.171954, -0.955169, -0.241007)","(-0.0395649, -0.967386, -0.2502)","(0.0311496, -0.928392, 0.370294)","(0.0399622, -0.912773, 0.406507)","(0.00254036, -0.997803, -0.0661982)","(-0.146542, -0.981668, 0.121879)","(0.0879736, -0.794763, -0.60051)","(0.0404848, -0.917585, -0.395473)",0
72.6,"(0.019276, 0.000180972, -6.13225e-06)","(-0.0192161, 0.984597, 0.173781)","(-0.161027, -0.958238, -0.236328)","(-0.0364288, -0.970603, -0.237914)","(-0.0122882, -0.929069, 0.369701)","(0.104006, -0.907088, 0.40789)","(0.00442206, -0.99884, -0.0479493)","(-0.158944, -0.978968, 0.127902)","(0.0820876, -0.774972, -0.626641)","(0.0173472, -0.909167, -0.416069)",0
72.6333,"(0.0220922, 0.00139779, -9.47353e-06)","(-0.0174561, 0.983305, 0.181128)","(-0.199295, -0.952974, -0.228304)","(0.0402647, -0.969288, -0.24261)","(-0.233164, -0.887139, 0.398271)","(0.335107, -0.81901, 0.465754)","(0.00630065, -0.999275, -0.0375446)","(-0.16179, -0.979054, 0.123599)","(0.0762377, -0.758756, -0.646898)","(0.00691597, -0.91032, -0.413847)",0
72.6667,"(0.0220922, 0.00139779, -9.47353e-06)","(-0.0178169, 0.980212, 0.197147)","(-0.277175, -0.935012, -0.221195)","(0.133831, -0.957693, -0.25478)","(-0.482262, -0.721217, 0.497262)","(0.573758, -0.664928, 0.478197)","(0.00859118, -0.999012, -0.0435955)","(-0.163213, -0.979801, 0.115551)","(0.0696562, -0.738139, -0.671044)","(-0.00304557, -0.920474, -0.390792)",0
72.7,"(0.0247135, 0.000930715, -7.45575e-06)","(-0.0186046, 0.979633, 0.199933)","(-0.361269, -0.924277, -0.123274)","(0.263952, -0.9391, -0.220046)","(-0.63177, -0.383907, 0.67341)","(0.73731, -0.307881, 0.601319)","(0.0170879, -0.997427, -0.0696234)","(-0.163476, -0.980035, 0.113172)","(0.0625876, -0.70492, -0.70652)","(-0.0227025, -0.937207, -0.348033)",0
72.7333,"(0.0260214, -0.000757933, -5.83042e-06)","(-0.0202207, 0.981257, 0.191638)","(-0.427079, -0.89921, 0.0949972)","(0.387141, -0.919757, 0.0645629)","(-0.559577, 0.027107, 0.828335)","(0.696344, 0.0641884, 0.714832)","(0.0272151, -0.993255, -0.112707)","(-0.167126, -0.972702, 0.160995)","(0.058106, -0.666558, -0.743185)","(-0.0449083, -0.940153, -0.33778)",0
72.7667,"(0.0275536, -0.00313895, -4.62914e-06)","(-0.0211015, 0.985166, 0.170303)","(-0.487955, -0.791672, 0.367635)","(0.483711, -0.790295, 0.376108)","(-0.264226, 0.374098, 0.888952)","(0.383918, 0.439603, 0.812007)","(0.041999, -0.991209, -0.125461)","(-0.168148, -0.966083, 0.195986)","(0.0629942, -0.645965, -0.760763)","(-0.0676368, -0.921625, -0.382142)",1
72.8,"(0.0287014, -0.00556245, -2.91695e-06)","(-0.0266467, 0.98807, 0.151681)","(-0.5305, -0.565219, 0.631742)","(0.53318, -0.51781, 0.669023)","(0.125335, 0.517532, 0.846435)","(-0.0348463, 0.542401, 0.839397)","(0.0478119, -0.992169, -0.115391)","(-0.166705, -0.965058, 0.202167)","(0.0745815, -0.680677, -0.728778)","(-0.0686807, -0.890606, -0.44956)",0
72.8333,"(0.0297761, -0.00792215, 3.38234e-06)","(-0.0320842, 0.990947, 0.13036)","(-0.517975, -0.307214, 0.798324)","(0.536819, -0.301498, 0.787988)","(0.509559, 0.426147, 0.747494)","(-0.451107, 0.47324, 0.756668)","(0.054895, -0.99793, -0.0335099)","(-0.16126, -0.973298, 0.163358)","(0.0802228, -0.747876, -0.658974)","(-0.0598049, -0.873646, -0.482874)",0
72.8667,"(0.0297761, -0.00792215, 3.38234e-06)","(-0.0357764, 0.991393, 0.125933)","(-0.464154, -0.099897, 0.880103)","(0.5069, -0.0835766, 0.857944)","(0.680721, 0.326859, 0.655578)","(-0.650659, 0.362415, 0.667306)","(0.0581046, -0.997997, 0.0250352)","(-0.156552, -0.98068, 0.117294)","(0.0718942, -0.802378, -0.59247)","(-0.0453386, -0.878172, -0.476192)",0
72.9,"(0.0315919, -0.0101632, 8.74925e-06)","(-0.0369533, 0.993432, 0.108295)","(-0.543476, 0.0579702, 0.837421)","(0.55883, -0.00227594, 0.829279)","(0.785672, 0.366795, 0.498178)","(-0.730904, 0.402642, 0.551052)","(0.0648319, -0.995959, 0.0621479)","(-0.151444, -0.985073, 0.0818291)","(0.0589821, -0.83713, -0.543815)","(-0.0332665, -0.881995, -0.470083)",0
72.9333,"(0.0315919, -0.0101632, 8.74925e-06)","(-0.0383819, 0.996112, 0.0793005)","(-0.735432, 0.157723, 0.658986)","(0.70897, 0.0553702, 0.703061)","(0.737712, 0.52916, 0.419251)","(-0.701987, 0.522671, 0.483766)","(0.0702069, -0.997049, 0.0310631)","(-0.145847, -0.988377, 0.0428897)","(0.0485324, -0.860102, -0.507808)","(-0.0266713, -0.887239, -0.460537)",0
72.9667,"(0.0315919, -0.0101632, 8.74925e-06)","(-0.0408133, 0.997656, 0.0549306)","(-0.868773, 0.17894, 0.461751)","(0.828708, 0.046978, 0.557706)","(0.659686, 0.646692, 0.382889)","(-0.651247, 0.610918, 0.450174)","(0.0763285, -0.997051, 0.00795205)","(-0.141676, -0.989631, 0.0236199)","(0.040375, -0.885227, -0.463404)","(-0.0229294, -0.890795, -0.453827)",0
73,"(0.0315919, -0.0101632, 8.74925e-06)","(-0.0425853, 0.997493, 0.0565129)","(-0.913625, 0.125954, 0.386555)","(0.868246, 0.00945006, 0.496044)","(0.545813, 0.670415, 0.502625)","(-0.602561, 0.61388, 0.509972)","(0.0792914, -0.996825, -0.00729586)","(-0.139659, -0.990079, 0.0154865)","(0.0362417, -0.89567, -0.443241)","(-0.0202029, -0.891745, -0.452088)",0
73.0333,"(0.0315919, -0.0101632, 8.74925e-06)","(-0.0480582, 0.996755, 0.0645692)","(-0.894628, 0.122536, 0.42968)","(0.866435, -0.0248022, 0.498674)","(0.57659, 0.614465, 0.538495)","(-0.59377, 0.585692, 0.551727)","(0.080586, -0.996646, -0.0142515)","(-0.138684, -0.990232, 0.0144054)","(0.0331382, -0.897718, -0.439323)","(-0.0186309, -0.888013, -0.459441)",0
73.0667,"(0.0336371, -0.00996802, -1.5555e-06)","(-0.0545454, 0.99454, 0.0889608)","(-0.768143, 0.122381, 0.628473)","(0.773936, -0.0292169, 0.632589)","(0.651909, 0.513724, 0.557765)","(-0.651326, 0.49042, 0.579019)","(0.0802524, -0.996529, -0.0221278)","(-0.138223, -0.990268, 0.0162487)","(0.0316713, -0.894401, -0.446143)","(-0.0184286, -0.883203, -0.468628)",0
73.1,"(0.0336371, -0.00996802, -1.5555e-06)","(-0.0629882, 0.992622, 0.103601)","(-0.612777, 0.145635, 0.776721)","(0.638604, 0.0256646, 0.769107)","(0.724534, 0.428886, 0.539544)","(-0.686534, 0.433647, 0.583627)","(0.0796995, -0.996509, -0.024847)","(-0.135887, -0.990482, 0.0219252)","(0.027896, -0.907956, -0.418136)","(-0.0218957, -0.898178, -0.439087)",0
73.1333,"(0.0336371, -0.00996802, -1.5555e-06)","(-0.0726064, 0.993806, 0.0841326)","(-0.652531, 0.332046, 0.681138)","(0.626926, 0.14726, 0.765035)","(0.79441, 0.547567, 0.262836)","(-0.718598, 0.541188, 0.436729)","(0.0785582, -0.996411, -0.0315203)","(-0.132227, -0.990854, 0.0269145)","(0.0255736, -0.917059, -0.397932)","(-0.0265577, -0.91035, -0.412985)",0
73.1667,"(0.0346899, -0.00756027, -1.47178e-05)","(-0.0788304, 0.995678, 0.0490953)","(-0.736813, 0.516346, 0.436456)","(0.699584, 0.294851, 0.65088)","(0.756738, 0.650815, 0.0615476)","(-0.670617, 0.675499, 0.306552)","(0.0760763, -0.996419, -0.0368964)","(-0.128237, -0.991088, 0.0360594)","(0.0254078, -0.924999, -0.37912)","(-0.0342256, -0.917164, -0.397037)",0
73.2,"(0.0346899, -0.00756027, -1.47178e-05)","(-0.0785767, 0.996767, 0.016781)","(-0.776955, 0.613723, 0.140305)","(0.797027, 0.36876, 0.478293)","(0.595707, 0.801831, -0.0468987)","(-0.531432, 0.811835, 0.241877)","(0.074496, -0.996391, -0.0406933)","(-0.125835, -0.990622, 0.0532281)","(0.0276418, -0.918369, -0.394759)","(-0.0410894, -0.906159, -0.420936)",0
73.2333,"(0.0346158, -0.00423572, -2.53236e-05)","(-0.0703624, 0.997463, 0.0107889)","(-0.798296, 0.582707, 0.152234)","(0.839281, 0.370932, 0.397513)","(0.392744, 0.892022, 0.223716)","(-0.338103, 0.858917, 0.384641)","(0.0732258, -0.996647, -0.0364982)","(-0.123115, -0.989866, 0.0707728)","(0.0284491, -0.914463, -0.403668)","(-0.0529831, -0.894061, -0.444801)",0
73.2667,"(0.0346158, -0.00423572, -2.53236e-05)","(-0.0618651, 0.998072, -0.00499981)","(-0.838289, 0.542015, 0.0590869)","(0.90449, 0.316231, 0.286173)","(0.117779, 0.939297, 0.322256)","(-0.0765318, 0.881179, 0.466548)","(0.0720224, -0.996889, -0.032033)","(-0.121223, -0.989376, 0.0802492)","(0.0287396, -0.912121, -0.408913)","(-0.061123, -0.887397, -0.456936)",0
73.3,"(0.0342043, -0.00147493, -2.33296e-05)","(-0.0549953, 0.998403, -0.0129251)","(-0.867796, 0.492745, 0.0642817)","(0.939294, 0.277179, 0.202235)","(-0.0918684, 0.925987, 0.366208)","(0.120319, 0.856524, 0.501887)","(0.069015, -0.997159, -0.0301977)","(-0.120423, -0.989552, 0.0792798)","(0.0300408, -0.911021, -0.411264)","(-0.0685989, -0.885752, -0.459061)",0
73.3333,"(0.0342043, -0.00147493, -2.33296e-05)","(-0.0504561, 0.998711, -0.0055636)","(-0.889692, 0.451473, 0.0679767)","(0.95071, 0.252949, 0.179352)","(-0.238248, 0.859897, 0.451459)","(0.286588, 0.811747, 0.508855)","(0.0652762, -0.997223, -0.0358496)","(-0.122444, -0.988223, 0.0917704)","(0.0337307, -0.898042, -0.438616)","(-0.0701833, -0.887925, -0.454602)",0
73.3667,"(0.0342043, -0.00147493, -2.33296e-05)","(-0.0461555, 0.998787, 0.017144)","(-0.913132, 0.401596, 0.0700737)","(0.956116, 0.23641, 0.173068)","(-0.367198, 0.763766, 0.530874)","(0.400199, 0.777389, 0.48529)","(0.0622912, -0.996927, -0.0474967)","(-0.124872, -0.984627, 0.122135)","(0.0373879, -0.876402, -0.480126)","(-0.0717734, -0.890643, -0.449004)",0
73.4,"(0.0342043, -0.00147493, -2.33296e-05)","(-0.0407436, 0.997648, 0.0551244)","(-0.941493, 0.336024, 0.0260568)","(0.971324, 0.198222, 0.131294)","(-0.487955, 0.631406, 0.602683)","(0.491258, 0.728351, 0.477672)","(0.060917, -0.996129, -0.0633781)","(-0.126977, -0.97983, 0.154305)","(0.040245, -0.851458, -0.522876)","(-0.0719856, -0.894406, -0.441424)",0
73.4333,"(0.0342043, -0.00147493, -2.33296e-05)","(-0.0347607, 0.994242, 0.101363)","(-0.970537, 0.240275, -0.0180486)","(0.988103, 0.129634, 0.082747)","(-0.615732, 0.514569, 0.596735)","(0.561774, 0.662675, 0.495249)","(0.0615697, -0.995268, -0.0751765)","(-0.128558, -0.976476, 0.17311)","(0.0410567, -0.839799, -0.541343)","(-0.071709, -0.898146, -0.433811)",0
73.4667,"(0.0342043, -0.00147493, -2.33296e-05)","(-0.0297154, 0.988635, 0.147369)","(-0.985984, 0.149355, -0.0743512)","(0.997733, 0.0557852, 0.0376532)","(-0.727558, 0.388475, 0.565461)","(0.640301, 0.566423, 0.518826)","(0.0617967, -0.994893, -0.0798052)","(-0.129647, -0.976229, 0.173688)","(0.0415386, -0.834946, -0.548762)","(-0.0716799, -0.901359, -0.427099)",0
73.5,"(0.0326537, -0.00350281, -9.10814e-06)","(-0.0264613, 0.984954, 0.170777)","(-0.989612, 0.0820743, -0.118035)","(0.999473, -0.0132019, 0.0296509)","(-0.814382, 0.270566, 0.513397)","(0.718639, 0.45578, 0.525187)","(0.0613527, -0.994926, -0.0797435)","(-0.131398, -0.977178, 0.166908)","(0.03915, -0.832606, -0.55248)","(-0.0734869, -0.906115, -0.416599)",0
73.5333,"(0.0326537, -0.00350281, -9.10814e-06)","(-0.024298, 0.983254, 0.180613)","(-0.990005, 0.0227012, -0.139195)","(0.997408, -0.0668714, 0.0265511)","(-0.864222, 0.153043, 0.479268)","(0.778359, 0.334168, 0.531496)","(0.0604276, -0.994994, -0.0795974)","(-0.133421, -0.978652, 0.156332)","(0.0367538, -0.826957, -0.561063)","(-0.0752208, -0.909339, -0.409199)",0
73.5667,"(0.0319837, -0.00718273, -7.70139e-06)","(-0.0225902, 0.981953, 0.187772)","(-0.987223, -0.0490493, -0.151605)","(0.992747, -0.119952, 0.00803552)","(-0.890875, 0.0418361, 0.452319)","(0.823773, 0.197306, 0.531478)","(0.0600564, -0.994981, -0.0800436)","(-0.13569, -0.980199, 0.144217)","(0.0334642, -0.81649, -0.576389)","(-0.0759611, -0.911819, -0.403506)",0
73.6,"(0.0319837, -0.00718273, -7.70139e-06)","(-0.0220482, 0.978483, 0.205147)","(-0.978328, -0.1374, -0.154906)","(0.983207, -0.18168, -0.0172125)","(-0.892261, -0.0535275, 0.448336)","(0.849162, 0.0801097, 0.522021)","(0.0601837, -0.993804, -0.0934436)","(-0.137031, -0.985652, 0.0985503)","(0.0327332, -0.813233, -0.581017)","(-0.0748804, -0.903676, -0.421618)",0
73.6333,"(0.0314777, -0.0107719, -7.01483e-06)","(-0.0218063, 0.974793, 0.222044)","(-0.963767, -0.214874, -0.158058)","(0.968979, -0.244038, -0.0390516)","(-0.885116, -0.145822, 0.441934)","(0.861504, -0.0214372, 0.507297)","(0.0613578, -0.992257, -0.107985)","(-0.135548, -0.98971, 0.0458433)","(0.0322242, -0.815354, -0.578065)","(-0.0729138, -0.892998, -0.444115)",0
73.6667,"(0.0314777, -0.0107719, -7.01483e-06)","(-0.0239787, 0.972097, 0.233351)","(-0.945135, -0.286769, -0.156473)","(0.947869, -0.31427, -0.0527065)","(-0.868509, -0.236662, 0.435526)","(0.860021, -0.108334, 0.498627)","(0.0626638, -0.990768, -0.120214)","(-0.132237, -0.991107, -0.0148692)","(0.0318953, -0.825635, -0.563302)","(-0.0710877, -0.873639, -0.481353)",0
73.7,"(0.0312398, -0.0130698, -7.86503e-06)","(-0.0290813, 0.971138, 0.23674)","(-0.921268, -0.355781, -0.157117)","(0.921136, -0.383927, -0.0641052)","(-0.842636, -0.332347, 0.423687)","(0.848286, -0.186236, 0.495709)","(0.0639294, -0.99074, -0.119778)","(-0.128601, -0.990627, -0.0460363)","(0.0309731, -0.830817, -0.555684)","(-0.0695544, -0.866319, -0.494625)",0
73.7333,"(0.0312398, -0.0130698, -7.86503e-06)","(-0.0361992, 0.970689, 0.237598)","(-0.890761, -0.425949, -0.15847)","(0.882212, -0.457174, -0.112669)","(-0.811378, -0.416331, 0.410285)","(0.834553, -0.252067, 0.489881)","(0.0638848, -0.990962, -0.117952)","(-0.12741, -0.989327, -0.0706987)","(0.0294679, -0.835315, -0.548981)","(-0.0681854, -0.863292, -0.500078)",0
73.7667,"(0.0312398, -0.0130698, -7.86503e-06)","(-0.0437394, 0.970078, 0.238822)","(-0.855168, -0.493574, -0.158344)","(0.823732, -0.544955, -0.156493)","(-0.781484, -0.479768, 0.39888)","(0.816652, -0.315992, 0.482937)","(0.0637015, -0.991005, -0.117692)","(-0.127347, -0.9883, -0.0839385)","(0.0283393, -0.844847, -0.534257)","(-0.0675404, -0.871195, -0.486269)",0
73.8,"(0.0312398, -0.0130698, -7.86503e-06)","(-0.0483248, 0.969823, 0.238975)","(-0.815763, -0.555624, -0.160662)","(0.762065, -0.618339, -0.192129)","(-0.752345, -0.526626, 0.39578)","(0.794062, -0.384391, 0.47086)","(0.0696677, -0.991243, -0.112175)","(-0.127879, -0.987778, -0.0891131)","(0.0264764, -0.866052, -0.499252)","(-0.0682253, -0.873736, -0.481592)",0
73.8333,"(0.0312398, -0.0130698, -7.86503e-06)","(-0.0504879, 0.967832, 0.246481)","(-0.76492, -0.620358, -0.173356)","(0.695648, -0.692736, -0.19024)","(-0.724633, -0.567226, 0.391359)","(0.769751, -0.446495, 0.456207)","(0.0775603, -0.991472, -0.104726)","(-0.127762, -0.987924, -0.0876589)","(0.0265881, -0.890112, -0.454966)","(-0.0699384, -0.876918, -0.475525)",0
73.8667,"(0.0312398, -0.0130698, -7.86503e-06)","(-0.0482464, 0.966355, 0.252648)","(-0.704154, -0.685191, -0.186229)","(0.636474, -0.7486, -0.185738)","(-0.697827, -0.606395, 0.381213)","(0.744693, -0.500277, 0.441764)","(0.0856115, -0.991719, -0.0957259)","(-0.127381, -0.988316, -0.0836955)","(0.0300106, -0.909263, -0.415139)","(-0.0714074, -0.878319, -0.472712)",0
73.9,"(0.0312398, -0.0130698, -7.86503e-06)","(-0.0426634, 0.962297, 0.268633)","(-0.640738, -0.740053, -0.204392)","(0.572928, -0.798387, -0.185287)","(-0.670795, -0.644698, 0.366604)","(0.718717, -0.55193, 0.422871)","(0.0883176, -0.992009, -0.0901033)","(-0.126952, -0.98926, -0.0724447)","(0.0389573, -0.91493, -0.401729)","(-0.07109, -0.880117, -0.469404)",0
73.9333,"(0.0312398, -0.0130698, -7.86503e-06)","(-0.0340105, 0.957733, 0.285642)","(-0.587871, -0.778369, -0.220338)","(0.517647, -0.836361, -0.180395)","(-0.644455, -0.677799, 0.35393)","(0.684984, -0.605734, 0.404826)","(0.0899529, -0.992303, -0.085103)","(-0.12677, -0.990008, -0.06176)","(0.0494661, -0.914111, -0.402435)","(-0.0686225, -0.879003, -0.471852)",0
73.9667,"(0.0313161, -0.0152709, 4.92863e-07)","(-0.0274296, 0.952129, 0.304462)","(-0.545868, -0.804347, -0.234639)","(0.457651, -0.87156, -0.175892)","(-0.615759, -0.707299, 0.34723)","(0.653128, -0.649736, 0.388932)","(0.0914805, -0.992422, -0.0820303)","(-0.127366, -0.990407, -0.0535852)","(0.0556709, -0.905614, -0.420434)","(-0.0655582, -0.876019, -0.477801)",0
74,"(0.0313161, -0.0152709, 4.92863e-07)","(-0.0246093, 0.9475, 0.318808)","(-0.507574, -0.827676, -0.239419)","(0.392661, -0.90304, -0.174176)","(-0.585698, -0.735015, 0.34163)","(0.624167, -0.681482, 0.382096)","(0.0924962, -0.992389, -0.0812935)","(-0.128935, -0.990368, -0.0504717)","(0.0569793, -0.894311, -0.443804)","(-0.0616237, -0.87426, -0.48153)",0
74.0333,"(0.0313161, -0.0152709, 4.92863e-07)","(-0.0253365, 0.944993, 0.326108)","(-0.465783, -0.852094, -0.238709)","(0.322335, -0.931038, -0.171082)","(-0.555019, -0.760339, 0.3374)","(0.589742, -0.708411, 0.38776)","(0.0938581, -0.992299, -0.0808277)","(-0.132197, -0.990044, -0.0483414)","(0.0536846, -0.881674, -0.468794)","(-0.055604, -0.872464, -0.485505)",0
74.0667,"(0.03042, -0.017126, 4.15436e-06)","(-0.0265039, 0.943601, 0.330023)","(-0.416284, -0.877824, -0.236923)","(0.265036, -0.949853, -0.165937)","(-0.527382, -0.779829, 0.337246)","(0.559737, -0.728199, 0.395501)","(0.0959462, -0.992316, -0.0781204)","(-0.135223, -0.989826, -0.0442532)","(0.0505357, -0.873473, -0.484242)","(-0.0474159, -0.870954, -0.489072)",0
74.1,"(0.03042, -0.017126, 4.15436e-06)","(-0.030784, 0.943311, 0.33048)","(-0.365587, -0.90033, -0.236117)","(0.218126, -0.963135, -0.157454)","(-0.490579, -0.802082, 0.340582)","(0.528935, -0.748272, 0.400396)","(0.0967546, -0.992743, -0.0714192)","(-0.138479, -0.989618, -0.0384698)","(0.0466305, -0.869129, -0.492382)","(-0.0394437, -0.869173, -0.492933)",0
74.1333,"(0.03042, -0.017126, 4.15436e-06)","(-0.0358723, 0.941414, 0.33534)","(-0.315617, -0.918895, -0.236682)","(0.18717, -0.969695, -0.157034)","(-0.448332, -0.827678, 0.337561)","(0.509106, -0.764882, 0.394672)","(0.0961896, -0.993239, -0.0649869)","(-0.14055, -0.989554, -0.0320744)","(0.043949, -0.86873, -0.493333)","(-0.0350859, -0.86734, -0.496479)",0
74.1667,"(0.03042, -0.017126, 4.15436e-06)","(-0.0408126, 0.939876, 0.33907)","(-0.278374, -0.930752, -0.237082)","(0.167584, -0.971962, -0.16494)","(-0.402823, -0.855398, 0.325618)","(0.486596, -0.78798, 0.377241)","(0.0938565, -0.993992, -0.0563063)","(-0.142375, -0.98948, -0.0256727)","(0.0410943, -0.871451, -0.488757)","(-0.0334922, -0.866718, -0.497673)",0
74.2,"(0.03042, -0.017126, 4.15436e-06)","(-0.0427077, 0.938693, 0.342098)","(-0.245264, -0.939089, -0.240744)","(0.154703, -0.971453, -0.17985)","(-0.366652, -0.878522, 0.30621)","(0.462193, -0.811621, 0.35728)","(0.0907403, -0.994625, -0.0498776)","(-0.143213, -0.98951, -0.0189501)","(0.0386115, -0.876835, -0.479239)","(-0.0329589, -0.867505, -0.496335)",0
74.2333,"(0.03042, -0.017126, 4.15436e-06)","(-0.043875, 0.942957, 0.33001)","(-0.220899, -0.943097, -0.248539)","(0.142568, -0.970254, -0.195657)","(-0.340565, -0.893204, 0.293601)","(0.434848, -0.832704, 0.342798)","(0.0864788, -0.995433, -0.0404184)","(-0.14349, -0.989574, -0.012429)","(0.0350161, -0.882713, -0.468605)","(-0.0333404, -0.870042, -0.491849)",0
74.2667,"(0.0299587, -0.0149917, 4.81626e-06)","(-0.0448943, 0.948939, 0.31225)","(-0.200575, -0.945966, -0.25479)","(0.128561, -0.97041, -0.204393)","(-0.314386, -0.903955, 0.289872)","(0.403501, -0.849359, 0.340258)","(0.0819601, -0.996093, -0.0328867)","(-0.14363, -0.989619, -0.00494037)","(0.0315382, -0.887573, -0.459587)","(-0.0343995, -0.871956, -0.488375)",0
74.3,"(0.0299587, -0.0149917, 4.81626e-06)","(-0.0456426, 0.955681, 0.290843)","(-0.188334, -0.948321, -0.255377)","(0.109283, -0.972362, -0.206324)","(-0.287174, -0.912232, 0.29217)","(0.370707, -0.863269, 0.342553)","(0.0777523, -0.996641, -0.0257127)","(-0.143768, -0.989604, 0.00369759)","(0.0285983, -0.889516, -0.456009)","(-0.0364281, -0.872123, -0.487928)",0
74.3333,"(0.0299587, -0.0149917, 4.81626e-06)","(-0.0464486, 0.959263, 0.278671)","(-0.181869, -0.951246, -0.249109)","(0.0874883, -0.975342, -0.202616)","(-0.24898, -0.922635, 0.294541)","(0.341538, -0.874465, 0.344476)","(0.0738933, -0.997051, -0.0207205)","(-0.144514, -0.989403, 0.0140635)","(0.0261134, -0.889867, -0.455473)","(-0.0395467, -0.871056, -0.48959)",0
74.3667,"(0.0299587, -0.0149917, 4.81626e-06)","(-0.0466233, 0.962077, 0.268763)","(-0.178152, -0.953616, -0.242647)","(0.0657268, -0.978245, -0.196765)","(-0.200488, -0.934231, 0.294987)","(0.319143, -0.882347, 0.34585)","(0.0709563, -0.997338, -0.0167742)","(-0.145445, -0.989029, 0.0258409)","(0.0247176, -0.891078, -0.453176)","(-0.0421514, -0.870988, -0.489492)",0
74.4,"(0.0299273, -0.0127165, 5.91925e-06)","(-0.0461969, 0.963616, 0.263268)","(-0.172233, -0.956214, -0.236625)","(0.049052, -0.980351, -0.191066)","(-0.149203, -0.944018, 0.294225)","(0.301605, -0.888122, 0.346805)","(0.0696751, -0.997473, -0.0138796)","(-0.146145, -0.988584, 0.0366573)","(0.0242038, -0.89218, -0.451032)","(-0.0432784, -0.870745, -0.489827)",0
74.4333,"(0.0299273, -0.0127165, 5.91925e-06)","(-0.0448908, 0.964548, 0.260062)","(-0.165889, -0.958494, -0.231886)","(0.0354926, -0.981983, -0.185605)","(-0.100291, -0.951063, 0.292268)","(0.283145, -0.893429, 0.34873)","(0.0698013, -0.997477, -0.0129625)","(-0.146171, -0.988307, 0.0434054)","(0.0263203, -0.892282, -0.450711)","(-0.0414833, -0.870463, -0.490483)",0
74.4667,"(0.0299273, -0.0127165, 5.91925e-06)","(-0.0432413, 0.964846, 0.259233)","(-0.159855, -0.960563, -0.227521)","(0.0266552, -0.983108, -0.181077)","(-0.0581599, -0.955073, 0.290607)","(0.257277, -0.901058, 0.349145)","(0.0714445, -0.997348, -0.01386)","(-0.145719, -0.988292, 0.0452141)","(0.0291694, -0.891197, -0.452677)","(-0.0375545, -0.86972, -0.492115)",0
74.5,"(0.0299273, -0.0127165, 5.91925e-06)","(-0.0409543, 0.966396, 0.253774)","(-0.15835, -0.962434, -0.220561)","(0.0231392, -0.984454, -0.174114)","(-0.0202367, -0.955922, 0.292924)","(0.224441, -0.908546, 0.352377)","(0.074773, -0.99709, -0.0148602)","(-0.144954, -0.988434, 0.0445683)","(0.0318445, -0.890794, -0.45329)","(-0.0331115, -0.87058, -0.490912)",0
74.5333,"(0.0299273, -0.0127165, 5.91925e-06)","(-0.0384487, 0.969307, 0.242829)","(-0.157952, -0.964696, -0.210744)","(0.0219025, -0.986258, -0.163754)","(0.0126483, -0.954141, 0.299091)","(0.18685, -0.915208, 0.357044)","(0.07908, -0.996747, -0.0155383)","(-0.144066, -0.988586, 0.0440665)","(0.0326133, -0.890788, -0.453247)","(-0.0292507, -0.871653, -0.48925)",0
74.5667,"(0.0299273, -0.0127165, 5.91925e-06)","(-0.0363123, 0.972148, 0.231538)","(-0.160445, -0.966447, -0.200592)","(0.0205358, -0.987855, -0.154015)","(0.0397932, -0.95085, 0.307084)","(0.153645, -0.919834, 0.36097)","(0.0826825, -0.996437, -0.0166279)","(-0.143198, -0.988718, 0.0439372)","(0.0331399, -0.891223, -0.452352)","(-0.0264737, -0.87281, -0.487342)",0
74.6,"(0.0299273, -0.0127165, 5.91925e-06)","(-0.0350849, 0.97401, 0.22377)","(-0.161235, -0.967687, -0.193868)","(0.0177757, -0.988872, -0.147702)","(0.0623771, -0.947519, 0.313556)","(0.128459, -0.923169, 0.362294)","(0.0845604, -0.996245, -0.0185948)","(-0.142641, -0.988814, 0.043586)","(0.0346461, -0.89204, -0.450627)","(-0.0241072, -0.873778, -0.485727)",0
74.6333,"(0.0299273, -0.0127165, 5.91925e-06)","(-0.033953, 0.974542, 0.221619)","(-0.163965, -0.967844, -0.190771)","(0.0154031, -0.989123, -0.146284)","(0.0758187, -0.945615, 0.316328)","(0.113525, -0.925727, 0.360751)","(0.0853192, -0.99614, -0.0206335)","(-0.141916, -0.988936, 0.0431861)","(0.0373456, -0.893113, -0.448278)","(-0.0222318, -0.875285, -0.483096)",0
74.6667,"(0.0299273, -0.0127165, 5.91925e-06)","(-0.0324448, 0.974553, 0.221795)","(-0.167019, -0.967485, -0.189942)","(0.0131871, -0.989229, -0.145779)","(0.0881325, -0.945122, 0.314608)","(0.104212, -0.927445, 0.359145)","(0.0856576, -0.996067, -0.0226773)","(-0.141018, -0.989097, 0.0424329)","(0.0405204, -0.894084, -0.446062)","(-0.0210043, -0.876638, -0.480691)",0
74.7,"(0.0299273, -0.0127165, 5.91925e-06)","(-0.0304089, 0.974318, 0.223114)","(-0.169545, -0.967116, -0.18958)","(0.0107819, -0.989433, -0.144586)","(0.0956335, -0.945696, 0.310666)","(0.0992005, -0.929064, 0.35637)","(0.0861195, -0.995994, -0.0240526)","(-0.139792, -0.989297, 0.0418322)","(0.0433709, -0.894754, -0.444449)","(-0.020296, -0.877796, -0.478605)",0
74.7333,"(0.0301141, -0.0105202, 6.54403e-06)","(-0.0285944, 0.974051, 0.224516)","(-0.168523, -0.967296, -0.189572)","(0.00825011, -0.98989, -0.141597)","(0.103904, -0.945916, 0.307321)","(0.0944717, -0.931295, 0.351803)","(0.0868627, -0.995886, -0.0257961)","(-0.13869, -0.989482, 0.0411121)","(0.0459092, -0.895352, -0.442986)","(-0.0199067, -0.878195, -0.477888)",0
74.7667,"(0.0301141, -0.0105202, 6.54403e-06)","(-0.0272146, 0.973676, 0.226307)","(-0.166182, -0.967728, -0.189436)","(0.00641975, -0.990287, -0.138889)","(0.106389, -0.946313, 0.305243)","(0.0909543, -0.933753, 0.346169)","(0.0876649, -0.995772, -0.0274304)","(-0.137911, -0.989613, 0.0405734)","(0.0473204, -0.895854, -0.441821)","(-0.0197525, -0.878339, -0.477631)",0
74.8,"(0.0301141, -0.0105202, 6.54403e-06)","(-0.0262885, 0.972903, 0.229714)","(-0.164331, -0.967837, -0.190492)","(0.00524941, -0.990252, -0.13919)","(0.105697, -0.947225, 0.302645)","(0.0888345, -0.935776, 0.341222)","(0.0882714, -0.995671, -0.0291111)","(-0.137546, -0.989704, 0.039592)","(0.0478047, -0.896081, -0.441308)","(-0.0197178, -0.878306, -0.477692)",0
74.8333,"(0.0301141, -0.0105202, 6.54403e-06)","(-0.0255363, 0.971656, 0.235014)","(-0.163484, -0.967666, -0.192081)","(0.00433966, -0.989725, -0.142917)","(0.103163, -0.94875, 0.298715)","(0.0895354, -0.937852, 0.335287)","(0.0887304, -0.995572, -0.0310229)","(-0.13742, -0.989765, 0.0384858)","(0.0473307, -0.895991, -0.441543)","(-0.0196738, -0.87832, -0.477669)",0
74.8667,"(0.0301141, -0.0105202, 6.54403e-06)","(-0.0248785, 0.969963, 0.241975)","(-0.16265, -0.967113, -0.195542)","(0.00344647, -0.988865, -0.148776)","(0.0989818, -0.950513, 0.294497)","(0.0909397, -0.940275, 0.328044)","(0.0890609, -0.995481, -0.0329468)","(-0.137404, -0.989809, 0.0374028)","(0.046849, -0.8955, -0.442589)","(-0.0196287, -0.878361, -0.477595)",0
74.9,"(0.0301141, -0.0105202, 6.54403e-06)","(-0.02427, 0.968271, 0.248722)","(-0.161781, -0.966575, -0.198897)","(0.00260809, -0.988263, -0.15274)","(0.0947551, -0.951678, 0.292114)","(0.0920571, -0.942982, 0.31986)","(0.0893169, -0.995397, -0.0347385)","(-0.137502, -0.989812, 0.0369597)","(0.0464419, -0.895009, -0.443624)","(-0.0196064, -0.878425, -0.477479)",0
74.9333,"(0.0301141, -0.0105202, 6.54403e-06)","(-0.0238332, 0.967053, 0.253458)","(-0.161112, -0.966148, -0.201496)","(0.00215997, -0.988069, -0.153995)","(0.0906651, -0.952311, 0.291347)","(0.0916335, -0.944948, 0.314127)","(0.0892835, -0.995366, -0.0357023)","(-0.137769, -0.989744, 0.0377753)","(0.0460104, -0.893856, -0.445987)","(-0.0198004, -0.877673, -0.478851)",0
74.9667,"(0.0301141, -0.0105202, 6.54403e-06)","(-0.0235547, 0.966227, 0.256614)","(-0.160697, -0.965877, -0.20312)","(0.00182612, -0.988212, -0.153083)","(0.0869746, -0.952527, 0.291767)","(0.0902665, -0.946244, 0.310604)","(0.0891017, -0.995385, -0.0356393)","(-0.138319, -0.989562, 0.0404436)","(0.044665, -0.891847, -0.450126)","(-0.0209615, -0.875423, -0.482902)",0
75,"(0.0301141, -0.0105202, 6.54403e-06)","(-0.0234437, 0.965693, 0.258627)","(-0.160023, -0.965703, -0.204475)","(0.00179756, -0.988352, -0.152176)","(0.0834856, -0.952641, 0.292411)","(0.088782, -0.947055, 0.308552)","(0.0888126, -0.995438, -0.0348523)","(-0.138909, -0.989351, 0.0434514)","(0.0429828, -0.888399, -0.457055)","(-0.0224461, -0.872205, -0.488626)",0
75.0333,"(0.0301141, -0.0105202, 6.54403e-06)","(-0.0233952, 0.965018, 0.261139)","(-0.159205, -0.965446, -0.20632)","(0.00181838, -0.988328, -0.152331)","(0.0807522, -0.952564, 0.293428)","(0.0881935, -0.947741, 0.306608)","(0.0881153, -0.995535, -0.0338603)","(-0.139693, -0.989153, 0.0454121)","(0.0413536, -0.885176, -0.463414)","(-0.0243472, -0.86928, -0.49372)",0
75.0667,"(0.0321763, -0.00933797, 9.97455e-06)","(-0.0234136, 0.964385, 0.263464)","(-0.158516, -0.965212, -0.207938)","(0.00206961, -0.988208, -0.153102)","(0.0787632, -0.95249, 0.294208)","(0.0882224, -0.948012, 0.30576)","(0.0870436, -0.995651, -0.033205)","(-0.140463, -0.989035, 0.0455953)","(0.0399315, -0.882909, -0.467843)","(-0.0265146, -0.867551, -0.496642)",0
75.1,"(0.0321763, -0.00933797, 9.97455e-06)","(-0.0235047, 0.963956, 0.26502)","(-0.158086, -0.965065, -0.208945)","(0.00239331, -0.988095, -0.153826)","(0.0776762, -0.952367, 0.294895)","(0.0877802, -0.947798, 0.306552)","(0.0858759, -0.99576, -0.0329645)","(-0.141314, -0.98893, 0.0452454)","(0.0385159, -0.882156, -0.469379)","(-0.0291192, -0.866322, -0.498636)",0
75.1333,"(0.0321763, -0.00933797, 9.97455e-06)","(-0.0236874, 0.963999, 0.264847)","(-0.157688, -0.965265, -0.208323)","(0.00282843, -0.988214, -0.15305)","(0.0770085, -0.952253, 0.295439)","(0.0868345, -0.947371, 0.308136)","(0.0849091, -0.995803, -0.0341507)","(-0.142027, -0.988865, 0.0444272)","(0.0370673, -0.882522, -0.468808)","(-0.0317575, -0.865322, -0.50021)",0
75.1667,"(0.0321763, -0.00933797, 9.97455e-06)","(-0.0238718, 0.964645, 0.26247)","(-0.157281, -0.965779, -0.206235)","(0.00315846, -0.988518, -0.151068)","(0.0767222, -0.951854, 0.296797)","(0.0858684, -0.946479, 0.311134)","(0.0840872, -0.995802, -0.0361533)","(-0.14272, -0.988824, 0.0431063)","(0.0361681, -0.883545, -0.466947)","(-0.0337554, -0.864765, -0.501041)",0
75.2,"(0.0321763, -0.00933797, 9.97455e-06)","(-0.0239832, 0.965066, 0.260908)","(-0.157102, -0.966121, -0.204764)","(0.00334835, -0.988755, -0.149508)","(0.0766186, -0.9516, 0.297637)","(0.0853688, -0.94603, 0.312633)","(0.0836484, -0.99578, -0.0377444)","(-0.143073, -0.988813, 0.042183)","(0.0357763, -0.884393, -0.46537)","(-0.0346344, -0.864673, -0.50114)",0
